{
  "type": "corpus",
  "project": "ribo/babylon0",
  "source": "http://oracc.org/ribo/babylon0",
  "license": "This data is released under the CC0 license",
  "license-url": "https://creativecommons.org/publicdomain/zero/1.0/",
  "more-info": "http://oracc.org/doc/opendata/",
  "UTC-timestamp": "2019-01-12T08:23:35",
  "members": {
    "Q000525": "corpusjson/Q000525.json",
    "Q000530": "corpusjson/Q000530.json",
    "Q000532": "corpusjson/Q000532.json",
    "Q000614": "corpusjson/Q000614.json",
    "Q002180": "corpusjson/Q002180.json",
    "Q002181": "corpusjson/Q002181.json",
    "Q002182": "corpusjson/Q002182.json",
    "Q002183": "corpusjson/Q002183.json",
    "Q002184": "corpusjson/Q002184.json",
    "Q002185": "corpusjson/Q002185.json",
    "Q002186": "corpusjson/Q002186.json",
    "Q002187": "corpusjson/Q002187.json",
    "Q002188": "corpusjson/Q002188.json",
    "Q002189": "corpusjson/Q002189.json",
    "Q002191": "corpusjson/Q002191.json",
    "Q002192": "corpusjson/Q002192.json",
    "Q002193": "corpusjson/Q002193.json",
    "Q002194": "corpusjson/Q002194.json",
    "Q002195": "corpusjson/Q002195.json",
    "Q002196": "corpusjson/Q002196.json",
    "Q002197": "corpusjson/Q002197.json",
    "Q002198": "corpusjson/Q002198.json",
    "Q002199": "corpusjson/Q002199.json",
    "Q002219": "corpusjson/Q002219.json",
    "Q002220": "corpusjson/Q002220.json",
    "Q002221": "corpusjson/Q002221.json",
    "Q002222": "corpusjson/Q002222.json",
    "Q002223": "corpusjson/Q002223.json",
    "Q002224": "corpusjson/Q002224.json",
    "Q002226": "corpusjson/Q002226.json",
    "Q002231": "corpusjson/Q002231.json",
    "Q002232": "corpusjson/Q002232.json",
    "Q002233": "corpusjson/Q002233.json",
    "Q002237": "corpusjson/Q002237.json",
    "Q006383": "corpusjson/Q006383.json",
    "Q006384": "corpusjson/Q006384.json",
    "Q006385": "corpusjson/Q006385.json",
    "Q006386": "corpusjson/Q006386.json",
    "Q006389": "corpusjson/Q006389.json",
    "Q006390": "corpusjson/Q006390.json",
    "Q006391": "corpusjson/Q006391.json",
    "Q007310": "corpusjson/Q007310.json",
    "Q007314": "corpusjson/Q007314.json",
    "Q007315": "corpusjson/Q007315.json",
    "Q007316": "corpusjson/Q007316.json",
    "Q007317": "corpusjson/Q007317.json",
    "Q007318": "corpusjson/Q007318.json",
    "Q007319": "corpusjson/Q007319.json",
    "Q007321": "corpusjson/Q007321.json",
    "Q007322": "corpusjson/Q007322.json",
    "Q007323": "corpusjson/Q007323.json",
    "Q007328": "corpusjson/Q007328.json",
    "Q007330": "corpusjson/Q007330.json",
    "Q007331": "corpusjson/Q007331.json",
    "Q007332": "corpusjson/Q007332.json",
    "Q007333": "corpusjson/Q007333.json",
    "Q007334": "corpusjson/Q007334.json",
    "Q007335": "corpusjson/Q007335.json",
    "Q007336": "corpusjson/Q007336.json",
    "Q007337": "corpusjson/Q007337.json",
    "Q007338": "corpusjson/Q007338.json",
    "Q007339": "corpusjson/Q007339.json",
    "Q007340": "corpusjson/Q007340.json",
    "Q007341": "corpusjson/Q007341.json",
    "Q007342": "corpusjson/Q007342.json",
    "Q007343": "corpusjson/Q007343.json",
    "Q007344": "corpusjson/Q007344.json",
    "Q007345": "corpusjson/Q007345.json",
    "Q007346": "corpusjson/Q007346.json",
    "Q007347": "corpusjson/Q007347.json",
    "Q007348": "corpusjson/Q007348.json",
    "Q007349": "corpusjson/Q007349.json",
    "Q007350": "corpusjson/Q007350.json",
    "Q007351": "corpusjson/Q007351.json",
    "Q007352": "corpusjson/Q007352.json",
    "Q007353": "corpusjson/Q007353.json",
    "Q007354": "corpusjson/Q007354.json",
    "Q007355": "corpusjson/Q007355.json",
    "Q007356": "corpusjson/Q007356.json",
    "Q007357": "corpusjson/Q007357.json",
    "Q007358": "corpusjson/Q007358.json",
    "Q007359": "corpusjson/Q007359.json",
    "Q007360": "corpusjson/Q007360.json",
    "Q007361": "corpusjson/Q007361.json",
    "Q007362": "corpusjson/Q007362.json",
    "Q007363": "corpusjson/Q007363.json",
    "Q007364": "corpusjson/Q007364.json",
    "Q007365": "corpusjson/Q007365.json",
    "Q007366": "corpusjson/Q007366.json",
    "Q007367": "corpusjson/Q007367.json",
    "Q007368": "corpusjson/Q007368.json",
    "Q007369": "corpusjson/Q007369.json",
    "Q007370": "corpusjson/Q007370.json",
    "Q007371": "corpusjson/Q007371.json",
    "Q007372": "corpusjson/Q007372.json",
    "Q007373": "corpusjson/Q007373.json",
    "Q007374": "corpusjson/Q007374.json",
    "Q007375": "corpusjson/Q007375.json",
    "Q007376": "corpusjson/Q007376.json",
    "Q007377": "corpusjson/Q007377.json",
    "Q007378": "corpusjson/Q007378.json",
    "Q007379": "corpusjson/Q007379.json",
    "Q007380": "corpusjson/Q007380.json",
    "Q007381": "corpusjson/Q007381.json",
    "Q007383": "corpusjson/Q007383.json",
    "Q007384": "corpusjson/Q007384.json",
    "Q007385": "corpusjson/Q007385.json",
    "Q007386": "corpusjson/Q007386.json",
    "Q007387": "corpusjson/Q007387.json",
    "Q007388": "corpusjson/Q007388.json",
    "Q007389": "corpusjson/Q007389.json",
    "Q007390": "corpusjson/Q007390.json",
    "Q007391": "corpusjson/Q007391.json",
    "Q007392": "corpusjson/Q007392.json",
    "Q007393": "corpusjson/Q007393.json",
    "Q007394": "corpusjson/Q007394.json",
    "Q007395": "corpusjson/Q007395.json",
    "Q007396": "corpusjson/Q007396.json",
    "Q007397": "corpusjson/Q007397.json",
    "Q007398": "corpusjson/Q007398.json",
    "Q007399": "corpusjson/Q007399.json",
    "Q007400": "corpusjson/Q007400.json",
    "Q007401": "corpusjson/Q007401.json",
    "Q007402": "corpusjson/Q007402.json",
    "Q007403": "corpusjson/Q007403.json",
    "Q007404": "corpusjson/Q007404.json",
    "Q007405": "corpusjson/Q007405.json",
    "Q007406": "corpusjson/Q007406.json",
    "Q007407": "corpusjson/Q007407.json",
    "Q007408": "corpusjson/Q007408.json",
    "Q007409": "corpusjson/Q007409.json",
    "Q007410": "corpusjson/Q007410.json",
    "Q007411": "corpusjson/Q007411.json",
    "Q007412": "corpusjson/Q007412.json",
    "Q007413": "corpusjson/Q007413.json",
    "Q007414": "corpusjson/Q007414.json",
    "Q007415": "corpusjson/Q007415.json",
    "Q007416": "corpusjson/Q007416.json",
    "Q007417": "corpusjson/Q007417.json",
    "Q007418": "corpusjson/Q007418.json",
    "Q007419": "corpusjson/Q007419.json",
    "Q007420": "corpusjson/Q007420.json",
    "Q007641": "corpusjson/Q007641.json",
    "Q007642": "corpusjson/Q007642.json",
    "Q007643": "corpusjson/Q007643.json",
    "Q007644": "corpusjson/Q007644.json",
    "Q007645": "corpusjson/Q007645.json",
    "Q007646": "corpusjson/Q007646.json",
    "Q007647": "corpusjson/Q007647.json",
    "Q007648": "corpusjson/Q007648.json",
    "Q007649": "corpusjson/Q007649.json",
    "Q007650": "corpusjson/Q007650.json",
    "Q007651": "corpusjson/Q007651.json",
    "Q007652": "corpusjson/Q007652.json",
    "Q007653": "corpusjson/Q007653.json",
    "Q007654": "corpusjson/Q007654.json",
    "Q007655": "corpusjson/Q007655.json",
    "Q007656": "corpusjson/Q007656.json",
    "Q007657": "corpusjson/Q007657.json",
    "Q007658": "corpusjson/Q007658.json",
    "Q007661": "corpusjson/Q007661.json",
    "Q007669": "corpusjson/Q007669.json",
    "X001971": "corpusjson/X001971.json"
  }
}
