{
  "type": "glossary",
  "project": "ribo/babylon0",
  "source": "http://oracc.org/ribo/babylon0",
  "license": "This data is released under the CC0 license",
  "license-url": "https://creativecommons.org/publicdomain/zero/1.0/",
  "more-info": "http://oracc.org/doc/opendata/",
  "UTC-timestamp": "2019-01-12T08:23:54",
  "lang": "qpn-x-object",
  "entries": [
    {
      "headword": "In qibīt Šamaš Hammu-rapi māhirī ai irši[By the decree of the god Šamaš, may Hammu-rapi have no rivals]ON",
      "id": "qpn-x-object.x0000000",
      "icount": "1",
      "ipct": "100",
      "xis": "qpn.r000001",
      "dc_title": "ribo/babylon0/qpn-x-object/In qibīt Šamaš Hammu-rapi māhirī ai irši[By the decree of the god Šamaš, may Hammu-rapi have no rivals]",
      "cf": "In qibīt Šamaš Hammu-rapi māhirī ai irši",
      "gw": "By the decree of the god Šamaš, may Hammu-rapi have no rivals",
      "pos": "ON",
      "compound": [
        {
          "type": "cpd",
          "primary": "1",
          "partsig": "ina[in]PRP",
          "ref": "",
          "cf": "ina",
          "gw": "in",
          "mng": "in",
          "pos": "PRP",
          "epos": "PRP"
        },
        {
          "type": "cpd",
          "partsig": "qibītu[speech]N",
          "ref": "",
          "cf": "qibītu",
          "gw": "speech",
          "mng": "command",
          "pos": "N",
          "epos": "N"
        },
        {
          "type": "cpd",
          "partsig": "Šamaš[1]DN",
          "ref": "",
          "cf": "Šamaš",
          "gw": "1",
          "mng": "1",
          "pos": "DN",
          "epos": "DN"
        },
        {
          "type": "cpd",
          "partsig": "Hammu-rapi[king of Babylon]RN",
          "ref": "",
          "cf": "Hammu-rapi",
          "gw": "king of Babylon",
          "mng": "king of Babylon",
          "pos": "RN",
          "epos": "RN"
        },
        {
          "type": "cpd",
          "partsig": "māhiru[opponent]N",
          "ref": "",
          "cf": "māhiru",
          "gw": "opponent",
          "mng": "opponent",
          "pos": "N",
          "epos": "N"
        },
        {
          "type": "cpd",
          "partsig": "ai[not]MOD",
          "ref": "",
          "cf": "ai",
          "gw": "not",
          "mng": "not",
          "pos": "MOD",
          "epos": "MOD"
        },
        {
          "type": "cpd",
          "partsig": "rašû[acquire]V",
          "ref": "",
          "cf": "rašû",
          "gw": "acquire",
          "mng": "acquire",
          "pos": "V",
          "epos": "V"
        }
      ],
      "forms": [
        {
          "type": "form",
          "id": "qpn-x-object.x0000001",
          "n": "in qi₂-bi-it {d}UTU ha-am-mu-ra-pi₂ ma-hi-ri a ir-ši",
          "icount": "1",
          "ipct": "100",
          "xis": "qpn.r000001"
        }
      ],
      "norms": [
        {
          "id": "qpn-x-object.x0000002",
          "icount": "1",
          "ipct": "100",
          "xis": "qpn.r000001",
          "n": "irši",
          "forms": [
            {
              "type": "normform",
              "id": "qpn-x-object.x0000003",
              "ref": "qpn-x-object.x0000001",
              "icount": "1",
              "ipct": "100",
              "xis": "qpn.r000001"
            }
          ]
        }
      ],
      "senses": [
        {
          "type": "sense",
          "id": "qpn-x-object.x0000004",
          "n": "In qibīt Šamaš Hammu-rapi māhirī ai irši[By the decree of the god Šamaš, may Hammu-rapi have no rivals//By the decree of the god Šamaš, may Hammu-rapi have no rivals]ON'ON",
          "icount": "1",
          "ipct": "100",
          "xis": "qpn.r000001",
          "num": "1.",
          "pos": "ON",
          "mng": "By the decree of the god Šamaš, may Hammu-rapi have no rivals",
          "forms": [
            {
              "type": "form",
              "id": "qpn-x-object.x0000005",
              "n": "in qi₂-bi-it {d}UTU ha-am-mu-ra-pi₂ ma-hi-ri a ir-ši",
              "ref": "qpn-x-object.x0000001",
              "icount": "1",
              "ipct": "100",
              "xis": "qpn.r000001"
            }
          ],
          "norms": [
            {
              "id": "qpn-x-object.x0000006",
              "n": "in qibīt Šamaš Ḫammu-rapi māhirī ai irši",
              "icount": "1",
              "ipct": "100",
              "xis": "qpn.r000001"
            }
          ],
          "sigs": [
            {
              "type": "sig",
              "id": "qpn-x-object.x0000007",
              "sig": "{In qibīt Šamaš Hammu-rapi māhirī ai irši[By the decree of the god Šamaš, may Hammu-rapi have no rivals//By the decree of the god Šamaš, may Hammu-rapi have no rivals]ON'ON}::@ribo/babylon0%akk:in=ina[in//in]PRP'PRP$in++@ribo/babylon0%akk:qi₂-bi-it=qibītu[speech//command]N'N$qibīt++@ribo/babylon0%akk:{d}UTU=Šamaš[1//1]DN'DN$Šamaš++@ribo/babylon0%akk:ha-am-mu-ra-pi₂=Hammu-rapi[king of Babylon//king of Babylon]RN'RN$Ḫammu-rapi++@ribo/babylon0%akk:ma-hi-ri=māhiru[opponent//opponent]N'N$māhirī++@ribo/babylon0%akk:a=ai[not//not]MOD'MOD$ai++@ribo/babylon0%akk:ir-ši=rašû[acquire//acquire]V'V$irši",
              "icount": "1",
              "ipct": "100",
              "xis": "qpn.r000001"
            }
          ]
        }
      ],
      "periods": [
        {
          "p": "Old Babylonian",
          "icount": "1",
          "ipct": "100",
          "xis": "qpn.r000001.p.s000"
        }
      ]
    },
    {
      "headword": "Ubanuila[1]ON",
      "id": "qpn-x-object.x0000008",
      "icount": "1",
      "ipct": "100",
      "xis": "qpn.r000002",
      "dc_title": "ribo/babylon0/qpn-x-object/Ubanuila[1]",
      "cf": "Ubanuila",
      "gw": "1",
      "pos": "ON",
      "forms": [
        {
          "type": "form",
          "id": "qpn-x-object.x0000009",
          "n": "{d}u₄-ba-nu-il₂-la",
          "icount": "1",
          "ipct": "100",
          "xis": "qpn.r000002"
        }
      ],
      "norms": [
        {
          "id": "qpn-x-object.x0000010",
          "icount": "1",
          "ipct": "100",
          "xis": "qpn.r000002",
          "n": "Ubanuila",
          "forms": [
            {
              "type": "normform",
              "id": "qpn-x-object.x0000011",
              "ref": "qpn-x-object.x0000009",
              "icount": "1",
              "ipct": "100",
              "xis": "qpn.r000002"
            }
          ]
        }
      ],
      "bases": [
        {
          "type": "base",
          "id": "qpn-x-object.x0000012",
          "n": "{d}u₄-ba-nu-il₂-la",
          "icount": "1",
          "ipct": "100",
          "xis": "qpn.r000002"
        }
      ],
      "morphs": [
        {
          "type": "morph",
          "id": "qpn-x-object.x0000013",
          "n": "~",
          "icount": "1",
          "ipct": "100",
          "xis": "qpn.r000002"
        }
      ],
      "senses": [
        {
          "type": "sense",
          "id": "qpn-x-object.x0000014",
          "n": "Ubanuila[1//1]ON'ON",
          "icount": "1",
          "ipct": "100",
          "xis": "qpn.r000002",
          "num": "1.",
          "pos": "ON",
          "mng": "1",
          "forms": [
            {
              "type": "form",
              "id": "qpn-x-object.x0000015",
              "n": "{d}u₄-ba-nu-il₂-la",
              "ref": "qpn-x-object.x0000009",
              "icount": "1",
              "ipct": "100",
              "xis": "qpn.r000002"
            }
          ],
          "norms": [
            {
              "id": "qpn-x-object.x0000016",
              "n": "Ubanuila",
              "icount": "1",
              "ipct": "100",
              "xis": "qpn.r000002"
            }
          ],
          "bases": [
            {
              "type": "base",
              "id": "qpn-x-object.x0000017",
              "n": "{d}u₄-ba-nu-il₂-la",
              "icount": "1",
              "ipct": "100",
              "xis": "qpn.r000002"
            }
          ],
          "morphs": [
            {
              "type": "morph",
              "id": "qpn-x-object.x0000018",
              "n": "~",
              "icount": "1",
              "ipct": "100",
              "xis": "qpn.r000002"
            }
          ],
          "sigs": [
            {
              "type": "sig",
              "id": "qpn-x-object.x0000019",
              "sig": "@ribo/babylon0%sux:{d}u₄-ba-nu-il₂-la=Ubanuila[1//1]ON'ON$Ubanuila/{d}u₄-ba-nu-il₂-la#~",
              "icount": "1",
              "ipct": "100",
              "xis": "qpn.r000002"
            }
          ]
        }
      ],
      "periods": [
        {
          "p": "Old Babylonian",
          "icount": "1",
          "ipct": "100",
          "xis": "qpn.r000002.p.s000"
        }
      ]
    },
    {
      "headword": "Uṣur-matatim[1]ON",
      "id": "qpn-x-object.x0000020",
      "icount": "1",
      "ipct": "100",
      "xis": "qpn.r000003",
      "dc_title": "ribo/babylon0/qpn-x-object/Uṣur-matatim[1]",
      "cf": "Uṣur-matatim",
      "gw": "1",
      "pos": "ON",
      "forms": [
        {
          "type": "form",
          "id": "qpn-x-object.x0000021",
          "n": "u₂-ṣur-ma-ta-tim",
          "icount": "1",
          "ipct": "100",
          "xis": "qpn.r000003"
        }
      ],
      "norms": [
        {
          "id": "qpn-x-object.x0000022",
          "icount": "1",
          "ipct": "100",
          "xis": "qpn.r000003",
          "n": "Uṣur-mātātim",
          "forms": [
            {
              "type": "normform",
              "id": "qpn-x-object.x0000023",
              "ref": "qpn-x-object.x0000021",
              "icount": "1",
              "ipct": "100",
              "xis": "qpn.r000003"
            }
          ]
        }
      ],
      "senses": [
        {
          "type": "sense",
          "id": "qpn-x-object.x0000024",
          "n": "Uṣur-matatim[1//1]ON'ON",
          "icount": "1",
          "ipct": "100",
          "xis": "qpn.r000003",
          "num": "1.",
          "pos": "ON",
          "mng": "1",
          "forms": [
            {
              "type": "form",
              "id": "qpn-x-object.x0000025",
              "n": "u₂-ṣur-ma-ta-tim",
              "ref": "qpn-x-object.x0000021",
              "icount": "1",
              "ipct": "100",
              "xis": "qpn.r000003"
            }
          ],
          "norms": [
            {
              "id": "qpn-x-object.x0000026",
              "n": "Uṣur-mātātim",
              "icount": "1",
              "ipct": "100",
              "xis": "qpn.r000003"
            }
          ],
          "sigs": [
            {
              "type": "sig",
              "id": "qpn-x-object.x0000027",
              "sig": "@ribo/babylon0%akk:u₂-ṣur-ma-ta-tim=Uṣur-matatim[1//1]ON'ON$Uṣur-mātātim",
              "icount": "1",
              "ipct": "100",
              "xis": "qpn.r000003"
            }
          ]
        }
      ],
      "periods": [
        {
          "p": "Old Babylonian",
          "icount": "1",
          "ipct": "100",
          "xis": "qpn.r000003.p.s000"
        }
      ]
    }
  ],
  "instances": {
    "qpn.r000001": [
      "ribo/babylon0:Q002181.50.1+Q002181.50.2+Q002181.50.3+Q002181.51.1+Q002181.52.1+Q002181.52.2+Q002181.52.3"
    ],
    "qpn.r000002": [
      "ribo/babylon0:Q007420.1.4"
    ],
    "qpn.r000003": [
      "ribo/babylon0:Q006390.39.1"
    ],
    "qpn.r000001.p.s000": [
      "ribo/babylon0:Q002181.50.1+Q002181.50.2+Q002181.50.3+Q002181.51.1+Q002181.52.1+Q002181.52.2+Q002181.52.3"
    ],
    "qpn.r000002.p.s000": [
      "ribo/babylon0:Q007420.1.4"
    ],
    "qpn.r000003.p.s000": [
      "ribo/babylon0:Q006390.39.1"
    ]
  },
  "summaries": {
    "qpn-x-object.x0000000": "<p class=\"summary\" id=\"qpn-x-object.x0000000\"><span class=\"summary\"><span class=\"summary-headword\"><a href=\"javascript:p3Article('/ribo/babylon0/cbd/qpn-x-object/qpn-x-object.x0000000.html')\"><span class=\"cf\">In qibīt Šamaš Hammu-rapi māhirī ai irši</span> [<span class=\"gw\">BY THE DECREE OF THE GOD ŠAMAš, MAY HAMMU-RAPI HAVE NO RIVALS</span>] <span class=\"cf\">ON</span></a> (1x) </span>Old Babylonian  \"By the decree of the god Šamaš, may Hammu-rapi have no rivals\"</span></p>",
    "qpn-x-object.x0000008": "<p class=\"summary\" id=\"qpn-x-object.x0000008\"><span class=\"summary\"><span class=\"summary-headword\"><a href=\"javascript:p3Article('/ribo/babylon0/cbd/qpn-x-object/qpn-x-object.x0000008.html')\"><span class=\"cf\">Ubanuila</span> [<span class=\"gw\">1</span>] <span class=\"cf\">ON</span></a> (1x) </span>Old Babylonian  wr. <span class=\"wr\"><span class=\"w \" id=\"\"><sup>d</sup><span x=\"3\" class=\"sux\">u₄</span>-<span x=\"3\" class=\"sux\">ba</span>-<span x=\"3\" class=\"sux\">nu</span>-<span x=\"3\" class=\"sux\">íl</span>-<span x=\"3\" class=\"sux\">la</span></span></span> \"1\"</span></p>",
    "qpn-x-object.x0000020": "<p class=\"summary\" id=\"qpn-x-object.x0000020\"><span class=\"summary\"><span class=\"summary-headword\"><a href=\"javascript:p3Article('/ribo/babylon0/cbd/qpn-x-object/qpn-x-object.x0000020.html')\"><span class=\"cf\">Uṣur-matatim</span> [<span class=\"gw\">1</span>] <span class=\"cf\">ON</span></a> (1x) </span>Old Babylonian  \"1\"</span></p>"
  }
}
