{
  "type": "index",
  "project": "ribo/babylon0",
  "source": "http://oracc.org/ribo/babylon0",
  "license": "This data is released under the CC0 license",
  "license-url": "https://creativecommons.org/publicdomain/zero/1.0/",
  "more-info": "http://oracc.org/doc/opendata/",
  "UTC-timestamp": "2019-01-12T08:23:56",
  "name": "cbd/qpn-x-ethnic",
  "keys": [
    {
      "key": "a",
      "count": "13",
      "instances": [
        "qpn-x-ethnic.x000014",
        "qpn-x-ethnic.x000014",
        "qpn-x-ethnic.x000014",
        "qpn-x-ethnic.x000014",
        "qpn-x-ethnic.x000014",
        "qpn-x-ethnic.x000014",
        "qpn-x-ethnic.x000014",
        "qpn-x-ethnic.x000014",
        "qpn-x-ethnic.x000014",
        "qpn-x-ethnic.x000014",
        "qpn-x-ethnic.x000014",
        "qpn-x-ethnic.x000014",
        "qpn-x-ethnic.x000014"
      ]
    },
    {
      "key": "i",
      "count": "6",
      "instances": [
        "qpn-x-ethnic.x000000",
        "qpn-x-ethnic.x000000",
        "qpn-x-ethnic.x000014",
        "qpn-x-ethnic.x000014",
        "qpn-x-ethnic.x000014",
        "qpn-x-ethnic.x000014"
      ]
    },
    {
      "key": "Akkadu[Akkadian]",
      "count": "1",
      "instances": [
        "qpn-x-ethnic.x000000"
      ]
    },
    {
      "key": "ak",
      "count": "5",
      "instances": [
        "qpn-x-ethnic.x000000",
        "qpn-x-ethnic.x000000",
        "qpn-x-ethnic.x000000",
        "qpn-x-ethnic.x000000",
        "qpn-x-ethnic.x000014"
      ]
    },
    {
      "key": "du",
      "count": "2",
      "instances": [
        "qpn-x-ethnic.x000000",
        "qpn-x-ethnic.x000000"
      ]
    },
    {
      "key": "di",
      "count": "2",
      "instances": [
        "qpn-x-ethnic.x000000",
        "qpn-x-ethnic.x000000"
      ]
    },
    {
      "key": "en",
      "count": "2",
      "instances": [
        "qpn-x-ethnic.x000014",
        "qpn-x-ethnic.x000014"
      ]
    },
    {
      "key": "ka",
      "count": "8",
      "instances": [
        "qpn-x-ethnic.x000000",
        "qpn-x-ethnic.x000000",
        "qpn-x-ethnic.x000000",
        "qpn-x-ethnic.x000000",
        "qpn-x-ethnic.x000072",
        "qpn-x-ethnic.x000072",
        "qpn-x-ethnic.x000072",
        "qpn-x-ethnic.x000072"
      ]
    },
    {
      "key": "ki",
      "count": "8",
      "instances": [
        "qpn-x-ethnic.x000014",
        "qpn-x-ethnic.x000014",
        "qpn-x-ethnic.x000014",
        "qpn-x-ethnic.x000014",
        "qpn-x-ethnic.x000072",
        "qpn-x-ethnic.x000072",
        "qpn-x-ethnic.x000072",
        "qpn-x-ethnic.x000072"
      ]
    },
    {
      "key": "amorite",
      "count": "2",
      "instances": [
        "qpn-x-ethnic.x000014",
        "qpn-x-ethnic.x000014"
      ]
    },
    {
      "key": "me",
      "count": "2",
      "instances": [
        "qpn-x-ethnic.x000014",
        "qpn-x-ethnic.x000014"
      ]
    },
    {
      "key": "mu",
      "count": "8",
      "instances": [
        "qpn-x-ethnic.x000014",
        "qpn-x-ethnic.x000014",
        "qpn-x-ethnic.x000014",
        "qpn-x-ethnic.x000014",
        "qpn-x-ethnic.x000014",
        "qpn-x-ethnic.x000014",
        "qpn-x-ethnic.x000014",
        "qpn-x-ethnic.x000014"
      ]
    },
    {
      "key": "ru",
      "count": "4",
      "instances": [
        "qpn-x-ethnic.x000014",
        "qpn-x-ethnic.x000014",
        "qpn-x-ethnic.x000014",
        "qpn-x-ethnic.x000014"
      ]
    },
    {
      "key": "ri",
      "count": "4",
      "instances": [
        "qpn-x-ethnic.x000014",
        "qpn-x-ethnic.x000014",
        "qpn-x-ethnic.x000014",
        "qpn-x-ethnic.x000014"
      ]
    },
    {
      "key": "ur",
      "count": "4",
      "instances": [
        "qpn-x-ethnic.x000014",
        "qpn-x-ethnic.x000014",
        "qpn-x-ethnic.x000014",
        "qpn-x-ethnic.x000014"
      ]
    },
    {
      "key": "tu",
      "count": "12",
      "instances": [
        "qpn-x-ethnic.x000014",
        "qpn-x-ethnic.x000014",
        "qpn-x-ethnic.x000014",
        "qpn-x-ethnic.x000014",
        "qpn-x-ethnic.x000014",
        "qpn-x-ethnic.x000014",
        "qpn-x-ethnic.x000014",
        "qpn-x-ethnic.x000014",
        "qpn-x-ethnic.x000014",
        "qpn-x-ethnic.x000014",
        "qpn-x-ethnic.x000014",
        "qpn-x-ethnic.x000014"
      ]
    },
    {
      "key": "akkadu",
      "count": "2",
      "instances": [
        "qpn-x-ethnic.x000000",
        "qpn-x-ethnic.x000000"
      ]
    },
    {
      "key": "akkadi",
      "count": "1",
      "instances": [
        "qpn-x-ethnic.x000000"
      ]
    },
    {
      "key": "Amurru[Amorite]",
      "count": "1",
      "instances": [
        "qpn-x-ethnic.x000014"
      ]
    },
    {
      "key": "akkadian",
      "count": "2",
      "instances": [
        "qpn-x-ethnic.x000000",
        "qpn-x-ethnic.x000000"
      ]
    },
    {
      "key": "lu₂",
      "count": "8",
      "instances": [
        "qpn-x-ethnic.x000000",
        "qpn-x-ethnic.x000000",
        "qpn-x-ethnic.x000000",
        "qpn-x-ethnic.x000000",
        "qpn-x-ethnic.x000014",
        "qpn-x-ethnic.x000014",
        "qpn-x-ethnic.x000014",
        "qpn-x-ethnic.x000014"
      ]
    },
    {
      "key": "kaššu",
      "count": "2",
      "instances": [
        "qpn-x-ethnic.x000072",
        "qpn-x-ethnic.x000072"
      ]
    },
    {
      "key": "šu",
      "count": "4",
      "instances": [
        "qpn-x-ethnic.x000072",
        "qpn-x-ethnic.x000072",
        "qpn-x-ethnic.x000072",
        "qpn-x-ethnic.x000072"
      ]
    },
    {
      "key": "u₂",
      "count": "10",
      "instances": [
        "qpn-x-ethnic.x000000",
        "qpn-x-ethnic.x000000",
        "qpn-x-ethnic.x000014",
        "qpn-x-ethnic.x000014",
        "qpn-x-ethnic.x000014",
        "qpn-x-ethnic.x000014",
        "qpn-x-ethnic.x000072",
        "qpn-x-ethnic.x000072",
        "qpn-x-ethnic.x000072",
        "qpn-x-ethnic.x000072"
      ]
    },
    {
      "key": "mar",
      "count": "12",
      "instances": [
        "qpn-x-ethnic.x000014",
        "qpn-x-ethnic.x000014",
        "qpn-x-ethnic.x000014",
        "qpn-x-ethnic.x000014",
        "qpn-x-ethnic.x000014",
        "qpn-x-ethnic.x000014",
        "qpn-x-ethnic.x000014",
        "qpn-x-ethnic.x000014",
        "qpn-x-ethnic.x000014",
        "qpn-x-ethnic.x000014",
        "qpn-x-ethnic.x000014",
        "qpn-x-ethnic.x000014"
      ]
    },
    {
      "key": "Kaššu[Kassite]",
      "count": "1",
      "instances": [
        "qpn-x-ethnic.x000072"
      ]
    },
    {
      "key": "aš",
      "count": "4",
      "instances": [
        "qpn-x-ethnic.x000072",
        "qpn-x-ethnic.x000072",
        "qpn-x-ethnic.x000072",
        "qpn-x-ethnic.x000072"
      ]
    },
    {
      "key": "kassite",
      "count": "2",
      "instances": [
        "qpn-x-ethnic.x000072",
        "qpn-x-ethnic.x000072"
      ]
    },
    {
      "key": "amurru",
      "count": "6",
      "instances": [
        "qpn-x-ethnic.x000014",
        "qpn-x-ethnic.x000014",
        "qpn-x-ethnic.x000014",
        "qpn-x-ethnic.x000014",
        "qpn-x-ethnic.x000014",
        "qpn-x-ethnic.x000014"
      ]
    },
    {
      "key": "amurri",
      "count": "1",
      "instances": [
        "qpn-x-ethnic.x000014"
      ]
    },
    {
      "key": "akmen",
      "count": "1",
      "instances": [
        "qpn-x-ethnic.x000014"
      ]
    },
    {
      "key": "#",
      "count": "16",
      "instances": [
        "qpn-x-ethnic.x000000",
        "qpn-x-ethnic.x000000",
        "qpn-x-ethnic.x000000",
        "qpn-x-ethnic.x000000",
        "qpn-x-ethnic.x000014",
        "qpn-x-ethnic.x000014",
        "qpn-x-ethnic.x000014",
        "qpn-x-ethnic.x000014",
        "qpn-x-ethnic.x000014",
        "qpn-x-ethnic.x000014",
        "qpn-x-ethnic.x000014",
        "qpn-x-ethnic.x000014",
        "qpn-x-ethnic.x000072",
        "qpn-x-ethnic.x000072",
        "qpn-x-ethnic.x000072",
        "qpn-x-ethnic.x000072"
      ]
    }
  ],
  "map": {
    "Akkadian": "akkadian",
    "Akkadu": "akkadu",
    "Akkadî": "akkadi",
    "Akkadû": "akkadu",
    "Amorite": "amorite",
    "Amurru": "amurru",
    "Amurrî": "amurri",
    "Amurrû": "amurru",
    "Kassite": "kassite",
    "Kaššu": "kaššu",
    "ak.men": "akmen"
  }
}
