{
  "type": "index",
  "project": "ribo/babylon0",
  "source": "http://oracc.org/ribo/babylon0",
  "license": "This data is released under the CC0 license",
  "license-url": "https://creativecommons.org/publicdomain/zero/1.0/",
  "more-info": "http://oracc.org/doc/opendata/",
  "UTC-timestamp": "2019-01-12T08:23:56",
  "name": "cbd/qpn-x-waters",
  "keys": [
    {
      "key": "a",
      "count": "8",
      "instances": [
        "qpn-x-waters.x000000",
        "qpn-x-waters.x000000",
        "qpn-x-waters.x000000",
        "qpn-x-waters.x000000",
        "qpn-x-waters.x000000",
        "qpn-x-waters.x000000",
        "qpn-x-waters.x000000",
        "qpn-x-waters.x000000"
      ]
    },
    {
      "key": "d",
      "count": "8",
      "instances": [
        "qpn-x-waters.x000000",
        "qpn-x-waters.x000000",
        "qpn-x-waters.x000000",
        "qpn-x-waters.x000000",
        "qpn-x-waters.x000216",
        "qpn-x-waters.x000216",
        "qpn-x-waters.x000216",
        "qpn-x-waters.x000216"
      ]
    },
    {
      "key": "i",
      "count": "12",
      "instances": [
        "qpn-x-waters.x000114",
        "qpn-x-waters.x000114",
        "qpn-x-waters.x000114",
        "qpn-x-waters.x000114",
        "qpn-x-waters.x000132",
        "qpn-x-waters.x000132",
        "qpn-x-waters.x000132",
        "qpn-x-waters.x000132",
        "qpn-x-waters.x000132",
        "qpn-x-waters.x000132",
        "qpn-x-waters.x000132",
        "qpn-x-waters.x000132"
      ]
    },
    {
      "key": "Hammu-rapi-heŋal[1]",
      "count": "1",
      "instances": [
        "qpn-x-waters.x000012"
      ]
    },
    {
      "key": "naqab",
      "count": "2",
      "instances": [
        "qpn-x-waters.x000132",
        "qpn-x-waters.x000132"
      ]
    },
    {
      "key": "purattu",
      "count": "3",
      "instances": [
        "qpn-x-waters.x000062",
        "qpn-x-waters.x000062",
        "qpn-x-waters.x000062"
      ]
    },
    {
      "key": "buranun",
      "count": "2",
      "instances": [
        "qpn-x-waters.x000062",
        "qpn-x-waters.x000062"
      ]
    },
    {
      "key": "kum",
      "count": "4",
      "instances": [
        "qpn-x-waters.x000156",
        "qpn-x-waters.x000156",
        "qpn-x-waters.x000156",
        "qpn-x-waters.x000156"
      ]
    },
    {
      "key": "pi₂",
      "count": "10",
      "instances": [
        "qpn-x-waters.x000012",
        "qpn-x-waters.x000012",
        "qpn-x-waters.x000012",
        "qpn-x-waters.x000012",
        "qpn-x-waters.x000024",
        "qpn-x-waters.x000024",
        "qpn-x-waters.x000024",
        "qpn-x-waters.x000024",
        "qpn-x-waters.x000024",
        "qpn-x-waters.x000024"
      ]
    },
    {
      "key": "tigris",
      "count": "2",
      "instances": [
        "qpn-x-waters.x000042",
        "qpn-x-waters.x000042"
      ]
    },
    {
      "key": "Tilimda-Enlila[1]",
      "count": "1",
      "instances": [
        "qpn-x-waters.x000216"
      ]
    },
    {
      "key": "rapi",
      "count": "5",
      "instances": [
        "qpn-x-waters.x000012",
        "qpn-x-waters.x000012",
        "qpn-x-waters.x000024",
        "qpn-x-waters.x000024",
        "qpn-x-waters.x000024"
      ]
    },
    {
      "key": "ab",
      "count": "12",
      "instances": [
        "qpn-x-waters.x000132",
        "qpn-x-waters.x000132",
        "qpn-x-waters.x000132",
        "qpn-x-waters.x000132",
        "qpn-x-waters.x000132",
        "qpn-x-waters.x000132",
        "qpn-x-waters.x000132",
        "qpn-x-waters.x000132",
        "qpn-x-waters.x000132",
        "qpn-x-waters.x000132",
        "qpn-x-waters.x000132",
        "qpn-x-waters.x000132"
      ]
    },
    {
      "key": "an",
      "count": "10",
      "instances": [
        "qpn-x-waters.x000248",
        "qpn-x-waters.x000248",
        "qpn-x-waters.x000248",
        "qpn-x-waters.x000248",
        "qpn-x-waters.x000248",
        "qpn-x-waters.x000248",
        "qpn-x-waters.x000248",
        "qpn-x-waters.x000248",
        "qpn-x-waters.x000248",
        "qpn-x-waters.x000248"
      ]
    },
    {
      "key": "da",
      "count": "8",
      "instances": [
        "qpn-x-waters.x000186",
        "qpn-x-waters.x000186",
        "qpn-x-waters.x000186",
        "qpn-x-waters.x000186",
        "qpn-x-waters.x000216",
        "qpn-x-waters.x000216",
        "qpn-x-waters.x000216",
        "qpn-x-waters.x000216"
      ]
    },
    {
      "key": "en",
      "count": "4",
      "instances": [
        "qpn-x-waters.x000216",
        "qpn-x-waters.x000216",
        "qpn-x-waters.x000216",
        "qpn-x-waters.x000216"
      ]
    },
    {
      "key": "ba",
      "count": "10",
      "instances": [
        "qpn-x-waters.x000248",
        "qpn-x-waters.x000248",
        "qpn-x-waters.x000248",
        "qpn-x-waters.x000248",
        "qpn-x-waters.x000248",
        "qpn-x-waters.x000248",
        "qpn-x-waters.x000248",
        "qpn-x-waters.x000248",
        "qpn-x-waters.x000248",
        "qpn-x-waters.x000248"
      ]
    },
    {
      "key": "ha",
      "count": "10",
      "instances": [
        "qpn-x-waters.x000012",
        "qpn-x-waters.x000012",
        "qpn-x-waters.x000012",
        "qpn-x-waters.x000012",
        "qpn-x-waters.x000024",
        "qpn-x-waters.x000024",
        "qpn-x-waters.x000024",
        "qpn-x-waters.x000024",
        "qpn-x-waters.x000024",
        "qpn-x-waters.x000024"
      ]
    },
    {
      "key": "hu",
      "count": "10",
      "instances": [
        "qpn-x-waters.x000024",
        "qpn-x-waters.x000024",
        "qpn-x-waters.x000024",
        "qpn-x-waters.x000024",
        "qpn-x-waters.x000024",
        "qpn-x-waters.x000024",
        "qpn-x-waters.x000132",
        "qpn-x-waters.x000132",
        "qpn-x-waters.x000132",
        "qpn-x-waters.x000132"
      ]
    },
    {
      "key": "ku",
      "count": "8",
      "instances": [
        "qpn-x-waters.x000156",
        "qpn-x-waters.x000156",
        "qpn-x-waters.x000156",
        "qpn-x-waters.x000156",
        "qpn-x-waters.x000156",
        "qpn-x-waters.x000156",
        "qpn-x-waters.x000156",
        "qpn-x-waters.x000156"
      ]
    },
    {
      "key": "ka",
      "count": "6",
      "instances": [
        "qpn-x-waters.x000228",
        "qpn-x-waters.x000228",
        "qpn-x-waters.x000248",
        "qpn-x-waters.x000248",
        "qpn-x-waters.x000248",
        "qpn-x-waters.x000248"
      ]
    },
    {
      "key": "ki",
      "count": "4",
      "instances": [
        "qpn-x-waters.x000062",
        "qpn-x-waters.x000062",
        "qpn-x-waters.x000062",
        "qpn-x-waters.x000062"
      ]
    },
    {
      "key": "lu",
      "count": "12",
      "instances": [
        "qpn-x-waters.x000114",
        "qpn-x-waters.x000114",
        "qpn-x-waters.x000114",
        "qpn-x-waters.x000114",
        "qpn-x-waters.x000132",
        "qpn-x-waters.x000132",
        "qpn-x-waters.x000132",
        "qpn-x-waters.x000132",
        "qpn-x-waters.x000132",
        "qpn-x-waters.x000132",
        "qpn-x-waters.x000132",
        "qpn-x-waters.x000132"
      ]
    },
    {
      "key": "Sumundar[1]",
      "count": "1",
      "instances": [
        "qpn-x-waters.x000186"
      ]
    },
    {
      "key": "Silakku[1]",
      "count": "1",
      "instances": [
        "qpn-x-waters.x000156"
      ]
    },
    {
      "key": "ni",
      "count": "10",
      "instances": [
        "qpn-x-waters.x000024",
        "qpn-x-waters.x000024",
        "qpn-x-waters.x000024",
        "qpn-x-waters.x000024",
        "qpn-x-waters.x000024",
        "qpn-x-waters.x000024",
        "qpn-x-waters.x000132",
        "qpn-x-waters.x000132",
        "qpn-x-waters.x000132",
        "qpn-x-waters.x000132"
      ]
    },
    {
      "key": "ma",
      "count": "6",
      "instances": [
        "qpn-x-waters.x000156",
        "qpn-x-waters.x000156",
        "qpn-x-waters.x000156",
        "qpn-x-waters.x000156",
        "qpn-x-waters.x000156",
        "qpn-x-waters.x000156"
      ]
    },
    {
      "key": "ri",
      "count": "4",
      "instances": [
        "qpn-x-waters.x000186",
        "qpn-x-waters.x000186",
        "qpn-x-waters.x000186",
        "qpn-x-waters.x000186"
      ]
    },
    {
      "key": "ra",
      "count": "10",
      "instances": [
        "qpn-x-waters.x000012",
        "qpn-x-waters.x000012",
        "qpn-x-waters.x000012",
        "qpn-x-waters.x000012",
        "qpn-x-waters.x000024",
        "qpn-x-waters.x000024",
        "qpn-x-waters.x000024",
        "qpn-x-waters.x000024",
        "qpn-x-waters.x000024",
        "qpn-x-waters.x000024"
      ]
    },
    {
      "key": "su",
      "count": "12",
      "instances": [
        "qpn-x-waters.x000114",
        "qpn-x-waters.x000114",
        "qpn-x-waters.x000114",
        "qpn-x-waters.x000114",
        "qpn-x-waters.x000132",
        "qpn-x-waters.x000132",
        "qpn-x-waters.x000132",
        "qpn-x-waters.x000132",
        "qpn-x-waters.x000132",
        "qpn-x-waters.x000132",
        "qpn-x-waters.x000132",
        "qpn-x-waters.x000132"
      ]
    },
    {
      "key": "sa",
      "count": "12",
      "instances": [
        "qpn-x-waters.x000114",
        "qpn-x-waters.x000114",
        "qpn-x-waters.x000114",
        "qpn-x-waters.x000114",
        "qpn-x-waters.x000132",
        "qpn-x-waters.x000132",
        "qpn-x-waters.x000132",
        "qpn-x-waters.x000132",
        "qpn-x-waters.x000132",
        "qpn-x-waters.x000132",
        "qpn-x-waters.x000132",
        "qpn-x-waters.x000132"
      ]
    },
    {
      "key": "Ṭaban[1]",
      "count": "1",
      "instances": [
        "qpn-x-waters.x000248"
      ]
    },
    {
      "key": "lim",
      "count": "4",
      "instances": [
        "qpn-x-waters.x000216",
        "qpn-x-waters.x000216",
        "qpn-x-waters.x000216",
        "qpn-x-waters.x000216"
      ]
    },
    {
      "key": "ta",
      "count": "15",
      "instances": [
        "qpn-x-waters.x000042",
        "qpn-x-waters.x000042",
        "qpn-x-waters.x000042",
        "qpn-x-waters.x000062",
        "qpn-x-waters.x000062",
        "qpn-x-waters.x000062",
        "qpn-x-waters.x000062",
        "qpn-x-waters.x000156",
        "qpn-x-waters.x000156",
        "qpn-x-waters.x000156",
        "qpn-x-waters.x000156",
        "qpn-x-waters.x000228",
        "qpn-x-waters.x000228",
        "qpn-x-waters.x000248",
        "qpn-x-waters.x000248"
      ]
    },
    {
      "key": "ti",
      "count": "4",
      "instances": [
        "qpn-x-waters.x000216",
        "qpn-x-waters.x000216",
        "qpn-x-waters.x000216",
        "qpn-x-waters.x000216"
      ]
    },
    {
      "key": "buranunna",
      "count": "2",
      "instances": [
        "qpn-x-waters.x000062",
        "qpn-x-waters.x000062"
      ]
    },
    {
      "key": "Samsu-iluna-naqab-nuhši[1]",
      "count": "1",
      "instances": [
        "qpn-x-waters.x000132"
      ]
    },
    {
      "key": "nuhuš",
      "count": "3",
      "instances": [
        "qpn-x-waters.x000024",
        "qpn-x-waters.x000024",
        "qpn-x-waters.x000024"
      ]
    },
    {
      "key": "niši",
      "count": "3",
      "instances": [
        "qpn-x-waters.x000024",
        "qpn-x-waters.x000024",
        "qpn-x-waters.x000024"
      ]
    },
    {
      "key": "aka",
      "count": "1",
      "instances": [
        "qpn-x-waters.x000248"
      ]
    },
    {
      "key": "aya",
      "count": "2",
      "instances": [
        "qpn-x-waters.x000000",
        "qpn-x-waters.x000000"
      ]
    },
    {
      "key": "ḫammu",
      "count": "1",
      "instances": [
        "qpn-x-waters.x000024"
      ]
    },
    {
      "key": "turul",
      "count": "3",
      "instances": [
        "qpn-x-waters.x000228",
        "qpn-x-waters.x000228",
        "qpn-x-waters.x000228"
      ]
    },
    {
      "key": "heŋal",
      "count": "4",
      "instances": [
        "qpn-x-waters.x000000",
        "qpn-x-waters.x000000",
        "qpn-x-waters.x000012",
        "qpn-x-waters.x000012"
      ]
    },
    {
      "key": "sumundar",
      "count": "2",
      "instances": [
        "qpn-x-waters.x000186",
        "qpn-x-waters.x000186"
      ]
    },
    {
      "key": "uh₂",
      "count": "8",
      "instances": [
        "qpn-x-waters.x000132",
        "qpn-x-waters.x000132",
        "qpn-x-waters.x000132",
        "qpn-x-waters.x000132",
        "qpn-x-waters.x000132",
        "qpn-x-waters.x000132",
        "qpn-x-waters.x000132",
        "qpn-x-waters.x000132"
      ]
    },
    {
      "key": "Samsu-iluna-hengal[1]",
      "count": "1",
      "instances": [
        "qpn-x-waters.x000114"
      ]
    },
    {
      "key": "Idiqlat[Tigris]",
      "count": "1",
      "instances": [
        "qpn-x-waters.x000042"
      ]
    },
    {
      "key": "lil₂",
      "count": "4",
      "instances": [
        "qpn-x-waters.x000216",
        "qpn-x-waters.x000216",
        "qpn-x-waters.x000216",
        "qpn-x-waters.x000216"
      ]
    },
    {
      "key": "uš",
      "count": "10",
      "instances": [
        "qpn-x-waters.x000024",
        "qpn-x-waters.x000024",
        "qpn-x-waters.x000024",
        "qpn-x-waters.x000024",
        "qpn-x-waters.x000024",
        "qpn-x-waters.x000024",
        "qpn-x-waters.x000132",
        "qpn-x-waters.x000132",
        "qpn-x-waters.x000132",
        "qpn-x-waters.x000132"
      ]
    },
    {
      "key": "purattim",
      "count": "1",
      "instances": [
        "qpn-x-waters.x000062"
      ]
    },
    {
      "key": "purattam",
      "count": "1",
      "instances": [
        "qpn-x-waters.x000062"
      ]
    },
    {
      "key": "silakku",
      "count": "3",
      "instances": [
        "qpn-x-waters.x000156",
        "qpn-x-waters.x000156",
        "qpn-x-waters.x000156"
      ]
    },
    {
      "key": "Turul[1]",
      "count": "1",
      "instances": [
        "qpn-x-waters.x000228"
      ]
    },
    {
      "key": "šu",
      "count": "12",
      "instances": [
        "qpn-x-waters.x000186",
        "qpn-x-waters.x000186",
        "qpn-x-waters.x000186",
        "qpn-x-waters.x000186",
        "qpn-x-waters.x000186",
        "qpn-x-waters.x000186",
        "qpn-x-waters.x000186",
        "qpn-x-waters.x000186",
        "qpn-x-waters.x000186",
        "qpn-x-waters.x000186",
        "qpn-x-waters.x000186",
        "qpn-x-waters.x000186"
      ]
    },
    {
      "key": "dur",
      "count": "6",
      "instances": [
        "qpn-x-waters.x000228",
        "qpn-x-waters.x000228",
        "qpn-x-waters.x000228",
        "qpn-x-waters.x000228",
        "qpn-x-waters.x000228",
        "qpn-x-waters.x000228"
      ]
    },
    {
      "key": "Purattu[Euphrates]",
      "count": "1",
      "instances": [
        "qpn-x-waters.x000062"
      ]
    },
    {
      "key": "akta",
      "count": "2",
      "instances": [
        "qpn-x-waters.x000062",
        "qpn-x-waters.x000156"
      ]
    },
    {
      "key": "Aya-heŋal[1]",
      "count": "1",
      "instances": [
        "qpn-x-waters.x000000"
      ]
    },
    {
      "key": "dar",
      "count": "12",
      "instances": [
        "qpn-x-waters.x000186",
        "qpn-x-waters.x000186",
        "qpn-x-waters.x000186",
        "qpn-x-waters.x000186",
        "qpn-x-waters.x000186",
        "qpn-x-waters.x000186",
        "qpn-x-waters.x000186",
        "qpn-x-waters.x000186",
        "qpn-x-waters.x000186",
        "qpn-x-waters.x000186",
        "qpn-x-waters.x000186",
        "qpn-x-waters.x000186"
      ]
    },
    {
      "key": "idiqlat",
      "count": "3",
      "instances": [
        "qpn-x-waters.x000042",
        "qpn-x-waters.x000042",
        "qpn-x-waters.x000042"
      ]
    },
    {
      "key": "ul₃",
      "count": "6",
      "instances": [
        "qpn-x-waters.x000228",
        "qpn-x-waters.x000228",
        "qpn-x-waters.x000228",
        "qpn-x-waters.x000228",
        "qpn-x-waters.x000228",
        "qpn-x-waters.x000228"
      ]
    },
    {
      "key": "samsu",
      "count": "4",
      "instances": [
        "qpn-x-waters.x000114",
        "qpn-x-waters.x000114",
        "qpn-x-waters.x000132",
        "qpn-x-waters.x000132"
      ]
    },
    {
      "key": "ṭa",
      "count": "4",
      "instances": [
        "qpn-x-waters.x000248",
        "qpn-x-waters.x000248",
        "qpn-x-waters.x000248",
        "qpn-x-waters.x000248"
      ]
    },
    {
      "key": "idigna",
      "count": "6",
      "instances": [
        "qpn-x-waters.x000042",
        "qpn-x-waters.x000042",
        "qpn-x-waters.x000042",
        "qpn-x-waters.x000042",
        "qpn-x-waters.x000042",
        "qpn-x-waters.x000042"
      ]
    },
    {
      "key": "iluna",
      "count": "4",
      "instances": [
        "qpn-x-waters.x000114",
        "qpn-x-waters.x000114",
        "qpn-x-waters.x000132",
        "qpn-x-waters.x000132"
      ]
    },
    {
      "key": "qa₂",
      "count": "12",
      "instances": [
        "qpn-x-waters.x000132",
        "qpn-x-waters.x000132",
        "qpn-x-waters.x000132",
        "qpn-x-waters.x000132",
        "qpn-x-waters.x000132",
        "qpn-x-waters.x000132",
        "qpn-x-waters.x000132",
        "qpn-x-waters.x000132",
        "qpn-x-waters.x000132",
        "qpn-x-waters.x000132",
        "qpn-x-waters.x000132",
        "qpn-x-waters.x000132"
      ]
    },
    {
      "key": "ṭaban",
      "count": "4",
      "instances": [
        "qpn-x-waters.x000248",
        "qpn-x-waters.x000248",
        "qpn-x-waters.x000248",
        "qpn-x-waters.x000248"
      ]
    },
    {
      "key": "ṣi₂",
      "count": "8",
      "instances": [
        "qpn-x-waters.x000156",
        "qpn-x-waters.x000156",
        "qpn-x-waters.x000156",
        "qpn-x-waters.x000156",
        "qpn-x-waters.x000156",
        "qpn-x-waters.x000156",
        "qpn-x-waters.x000156",
        "qpn-x-waters.x000156"
      ]
    },
    {
      "key": "numun",
      "count": "4",
      "instances": [
        "qpn-x-waters.x000186",
        "qpn-x-waters.x000186",
        "qpn-x-waters.x000186",
        "qpn-x-waters.x000186"
      ]
    },
    {
      "key": "Hammu-rapi-nuhuš-niši[1]",
      "count": "1",
      "instances": [
        "qpn-x-waters.x000024"
      ]
    },
    {
      "key": "euphrates",
      "count": "2",
      "instances": [
        "qpn-x-waters.x000062",
        "qpn-x-waters.x000062"
      ]
    },
    {
      "key": "si₂",
      "count": "4",
      "instances": [
        "qpn-x-waters.x000156",
        "qpn-x-waters.x000156",
        "qpn-x-waters.x000156",
        "qpn-x-waters.x000156"
      ]
    },
    {
      "key": "šumun",
      "count": "4",
      "instances": [
        "qpn-x-waters.x000186",
        "qpn-x-waters.x000186",
        "qpn-x-waters.x000186",
        "qpn-x-waters.x000186"
      ]
    },
    {
      "key": "tilimda",
      "count": "2",
      "instances": [
        "qpn-x-waters.x000216",
        "qpn-x-waters.x000216"
      ]
    },
    {
      "key": "ṭa₃",
      "count": "6",
      "instances": [
        "qpn-x-waters.x000248",
        "qpn-x-waters.x000248",
        "qpn-x-waters.x000248",
        "qpn-x-waters.x000248",
        "qpn-x-waters.x000248",
        "qpn-x-waters.x000248"
      ]
    },
    {
      "key": "hengal",
      "count": "2",
      "instances": [
        "qpn-x-waters.x000114",
        "qpn-x-waters.x000114"
      ]
    },
    {
      "key": "akakta",
      "count": "2",
      "instances": [
        "qpn-x-waters.x000228",
        "qpn-x-waters.x000248"
      ]
    },
    {
      "key": "nuhši",
      "count": "2",
      "instances": [
        "qpn-x-waters.x000132",
        "qpn-x-waters.x000132"
      ]
    },
    {
      "key": "hammu",
      "count": "4",
      "instances": [
        "qpn-x-waters.x000012",
        "qpn-x-waters.x000012",
        "qpn-x-waters.x000024",
        "qpn-x-waters.x000024"
      ]
    },
    {
      "key": "enlila",
      "count": "2",
      "instances": [
        "qpn-x-waters.x000216",
        "qpn-x-waters.x000216"
      ]
    },
    {
      "key": "1",
      "count": "20",
      "instances": [
        "qpn-x-waters.x000000",
        "qpn-x-waters.x000000",
        "qpn-x-waters.x000012",
        "qpn-x-waters.x000012",
        "qpn-x-waters.x000024",
        "qpn-x-waters.x000024",
        "qpn-x-waters.x000114",
        "qpn-x-waters.x000114",
        "qpn-x-waters.x000132",
        "qpn-x-waters.x000132",
        "qpn-x-waters.x000156",
        "qpn-x-waters.x000156",
        "qpn-x-waters.x000186",
        "qpn-x-waters.x000186",
        "qpn-x-waters.x000216",
        "qpn-x-waters.x000216",
        "qpn-x-waters.x000228",
        "qpn-x-waters.x000228",
        "qpn-x-waters.x000248",
        "qpn-x-waters.x000248"
      ]
    },
    {
      "key": "#",
      "count": "126",
      "instances": [
        "qpn-x-waters.x000000",
        "qpn-x-waters.x000000",
        "qpn-x-waters.x000000",
        "qpn-x-waters.x000000",
        "qpn-x-waters.x000000",
        "qpn-x-waters.x000000",
        "qpn-x-waters.x000000",
        "qpn-x-waters.x000000",
        "qpn-x-waters.x000012",
        "qpn-x-waters.x000012",
        "qpn-x-waters.x000012",
        "qpn-x-waters.x000012",
        "qpn-x-waters.x000024",
        "qpn-x-waters.x000024",
        "qpn-x-waters.x000024",
        "qpn-x-waters.x000024",
        "qpn-x-waters.x000024",
        "qpn-x-waters.x000024",
        "qpn-x-waters.x000042",
        "qpn-x-waters.x000042",
        "qpn-x-waters.x000042",
        "qpn-x-waters.x000042",
        "qpn-x-waters.x000042",
        "qpn-x-waters.x000042",
        "qpn-x-waters.x000062",
        "qpn-x-waters.x000062",
        "qpn-x-waters.x000062",
        "qpn-x-waters.x000062",
        "qpn-x-waters.x000062",
        "qpn-x-waters.x000062",
        "qpn-x-waters.x000062",
        "qpn-x-waters.x000062",
        "qpn-x-waters.x000062",
        "qpn-x-waters.x000062",
        "qpn-x-waters.x000062",
        "qpn-x-waters.x000062",
        "qpn-x-waters.x000062",
        "qpn-x-waters.x000062",
        "qpn-x-waters.x000062",
        "qpn-x-waters.x000062",
        "qpn-x-waters.x000062",
        "qpn-x-waters.x000062",
        "qpn-x-waters.x000062",
        "qpn-x-waters.x000062",
        "qpn-x-waters.x000062",
        "qpn-x-waters.x000062",
        "qpn-x-waters.x000062",
        "qpn-x-waters.x000062",
        "qpn-x-waters.x000062",
        "qpn-x-waters.x000062",
        "qpn-x-waters.x000062",
        "qpn-x-waters.x000062",
        "qpn-x-waters.x000062",
        "qpn-x-waters.x000062",
        "qpn-x-waters.x000114",
        "qpn-x-waters.x000114",
        "qpn-x-waters.x000114",
        "qpn-x-waters.x000114",
        "qpn-x-waters.x000114",
        "qpn-x-waters.x000114",
        "qpn-x-waters.x000114",
        "qpn-x-waters.x000114",
        "qpn-x-waters.x000132",
        "qpn-x-waters.x000132",
        "qpn-x-waters.x000132",
        "qpn-x-waters.x000132",
        "qpn-x-waters.x000132",
        "qpn-x-waters.x000132",
        "qpn-x-waters.x000132",
        "qpn-x-waters.x000132",
        "qpn-x-waters.x000132",
        "qpn-x-waters.x000132",
        "qpn-x-waters.x000132",
        "qpn-x-waters.x000132",
        "qpn-x-waters.x000156",
        "qpn-x-waters.x000156",
        "qpn-x-waters.x000156",
        "qpn-x-waters.x000156",
        "qpn-x-waters.x000156",
        "qpn-x-waters.x000156",
        "qpn-x-waters.x000156",
        "qpn-x-waters.x000156",
        "qpn-x-waters.x000156",
        "qpn-x-waters.x000156",
        "qpn-x-waters.x000156",
        "qpn-x-waters.x000156",
        "qpn-x-waters.x000186",
        "qpn-x-waters.x000186",
        "qpn-x-waters.x000186",
        "qpn-x-waters.x000186",
        "qpn-x-waters.x000186",
        "qpn-x-waters.x000186",
        "qpn-x-waters.x000186",
        "qpn-x-waters.x000186",
        "qpn-x-waters.x000186",
        "qpn-x-waters.x000186",
        "qpn-x-waters.x000186",
        "qpn-x-waters.x000186",
        "qpn-x-waters.x000186",
        "qpn-x-waters.x000186",
        "qpn-x-waters.x000186",
        "qpn-x-waters.x000186",
        "qpn-x-waters.x000216",
        "qpn-x-waters.x000216",
        "qpn-x-waters.x000216",
        "qpn-x-waters.x000216",
        "qpn-x-waters.x000216",
        "qpn-x-waters.x000216",
        "qpn-x-waters.x000216",
        "qpn-x-waters.x000216",
        "qpn-x-waters.x000228",
        "qpn-x-waters.x000228",
        "qpn-x-waters.x000228",
        "qpn-x-waters.x000228",
        "qpn-x-waters.x000228",
        "qpn-x-waters.x000228",
        "qpn-x-waters.x000248",
        "qpn-x-waters.x000248",
        "qpn-x-waters.x000248",
        "qpn-x-waters.x000248",
        "qpn-x-waters.x000248",
        "qpn-x-waters.x000248",
        "qpn-x-waters.x000248",
        "qpn-x-waters.x000248",
        "qpn-x-waters.x000248",
        "qpn-x-waters.x000248"
      ]
    },
    {
      "key": "i₇",
      "count": "108",
      "instances": [
        "qpn-x-waters.x000000",
        "qpn-x-waters.x000000",
        "qpn-x-waters.x000000",
        "qpn-x-waters.x000000",
        "qpn-x-waters.x000012",
        "qpn-x-waters.x000012",
        "qpn-x-waters.x000012",
        "qpn-x-waters.x000012",
        "qpn-x-waters.x000024",
        "qpn-x-waters.x000024",
        "qpn-x-waters.x000024",
        "qpn-x-waters.x000024",
        "qpn-x-waters.x000024",
        "qpn-x-waters.x000024",
        "qpn-x-waters.x000042",
        "qpn-x-waters.x000042",
        "qpn-x-waters.x000042",
        "qpn-x-waters.x000042",
        "qpn-x-waters.x000042",
        "qpn-x-waters.x000042",
        "qpn-x-waters.x000062",
        "qpn-x-waters.x000062",
        "qpn-x-waters.x000062",
        "qpn-x-waters.x000062",
        "qpn-x-waters.x000062",
        "qpn-x-waters.x000062",
        "qpn-x-waters.x000062",
        "qpn-x-waters.x000062",
        "qpn-x-waters.x000062",
        "qpn-x-waters.x000062",
        "qpn-x-waters.x000062",
        "qpn-x-waters.x000062",
        "qpn-x-waters.x000062",
        "qpn-x-waters.x000062",
        "qpn-x-waters.x000062",
        "qpn-x-waters.x000062",
        "qpn-x-waters.x000062",
        "qpn-x-waters.x000062",
        "qpn-x-waters.x000062",
        "qpn-x-waters.x000062",
        "qpn-x-waters.x000114",
        "qpn-x-waters.x000114",
        "qpn-x-waters.x000114",
        "qpn-x-waters.x000114",
        "qpn-x-waters.x000114",
        "qpn-x-waters.x000114",
        "qpn-x-waters.x000114",
        "qpn-x-waters.x000114",
        "qpn-x-waters.x000132",
        "qpn-x-waters.x000132",
        "qpn-x-waters.x000132",
        "qpn-x-waters.x000132",
        "qpn-x-waters.x000132",
        "qpn-x-waters.x000132",
        "qpn-x-waters.x000132",
        "qpn-x-waters.x000132",
        "qpn-x-waters.x000132",
        "qpn-x-waters.x000132",
        "qpn-x-waters.x000132",
        "qpn-x-waters.x000132",
        "qpn-x-waters.x000156",
        "qpn-x-waters.x000156",
        "qpn-x-waters.x000156",
        "qpn-x-waters.x000156",
        "qpn-x-waters.x000156",
        "qpn-x-waters.x000156",
        "qpn-x-waters.x000156",
        "qpn-x-waters.x000156",
        "qpn-x-waters.x000156",
        "qpn-x-waters.x000156",
        "qpn-x-waters.x000156",
        "qpn-x-waters.x000156",
        "qpn-x-waters.x000186",
        "qpn-x-waters.x000186",
        "qpn-x-waters.x000186",
        "qpn-x-waters.x000186",
        "qpn-x-waters.x000186",
        "qpn-x-waters.x000186",
        "qpn-x-waters.x000186",
        "qpn-x-waters.x000186",
        "qpn-x-waters.x000186",
        "qpn-x-waters.x000186",
        "qpn-x-waters.x000186",
        "qpn-x-waters.x000186",
        "qpn-x-waters.x000186",
        "qpn-x-waters.x000186",
        "qpn-x-waters.x000186",
        "qpn-x-waters.x000186",
        "qpn-x-waters.x000216",
        "qpn-x-waters.x000216",
        "qpn-x-waters.x000216",
        "qpn-x-waters.x000216",
        "qpn-x-waters.x000228",
        "qpn-x-waters.x000228",
        "qpn-x-waters.x000228",
        "qpn-x-waters.x000228",
        "qpn-x-waters.x000228",
        "qpn-x-waters.x000228",
        "qpn-x-waters.x000248",
        "qpn-x-waters.x000248",
        "qpn-x-waters.x000248",
        "qpn-x-waters.x000248",
        "qpn-x-waters.x000248",
        "qpn-x-waters.x000248",
        "qpn-x-waters.x000248",
        "qpn-x-waters.x000248",
        "qpn-x-waters.x000248",
        "qpn-x-waters.x000248"
      ]
    },
    {
      "key": "he₂",
      "count": "16",
      "instances": [
        "qpn-x-waters.x000000",
        "qpn-x-waters.x000000",
        "qpn-x-waters.x000000",
        "qpn-x-waters.x000000",
        "qpn-x-waters.x000012",
        "qpn-x-waters.x000012",
        "qpn-x-waters.x000012",
        "qpn-x-waters.x000012",
        "qpn-x-waters.x000114",
        "qpn-x-waters.x000114",
        "qpn-x-waters.x000114",
        "qpn-x-waters.x000114",
        "qpn-x-waters.x000114",
        "qpn-x-waters.x000114",
        "qpn-x-waters.x000114",
        "qpn-x-waters.x000114"
      ]
    },
    {
      "key": "ŋal₂",
      "count": "16",
      "instances": [
        "qpn-x-waters.x000000",
        "qpn-x-waters.x000000",
        "qpn-x-waters.x000000",
        "qpn-x-waters.x000000",
        "qpn-x-waters.x000012",
        "qpn-x-waters.x000012",
        "qpn-x-waters.x000012",
        "qpn-x-waters.x000012",
        "qpn-x-waters.x000114",
        "qpn-x-waters.x000114",
        "qpn-x-waters.x000114",
        "qpn-x-waters.x000114",
        "qpn-x-waters.x000114",
        "qpn-x-waters.x000114",
        "qpn-x-waters.x000114",
        "qpn-x-waters.x000114"
      ]
    },
    {
      "key": "am",
      "count": "22",
      "instances": [
        "qpn-x-waters.x000012",
        "qpn-x-waters.x000012",
        "qpn-x-waters.x000012",
        "qpn-x-waters.x000012",
        "qpn-x-waters.x000024",
        "qpn-x-waters.x000024",
        "qpn-x-waters.x000024",
        "qpn-x-waters.x000024",
        "qpn-x-waters.x000024",
        "qpn-x-waters.x000024",
        "qpn-x-waters.x000114",
        "qpn-x-waters.x000114",
        "qpn-x-waters.x000114",
        "qpn-x-waters.x000114",
        "qpn-x-waters.x000132",
        "qpn-x-waters.x000132",
        "qpn-x-waters.x000132",
        "qpn-x-waters.x000132",
        "qpn-x-waters.x000132",
        "qpn-x-waters.x000132",
        "qpn-x-waters.x000132",
        "qpn-x-waters.x000132"
      ]
    },
    {
      "key": "mu",
      "count": "18",
      "instances": [
        "qpn-x-waters.x000012",
        "qpn-x-waters.x000012",
        "qpn-x-waters.x000012",
        "qpn-x-waters.x000012",
        "qpn-x-waters.x000024",
        "qpn-x-waters.x000024",
        "qpn-x-waters.x000024",
        "qpn-x-waters.x000024",
        "qpn-x-waters.x000024",
        "qpn-x-waters.x000024",
        "qpn-x-waters.x000186",
        "qpn-x-waters.x000186",
        "qpn-x-waters.x000186",
        "qpn-x-waters.x000186",
        "qpn-x-waters.x000186",
        "qpn-x-waters.x000186",
        "qpn-x-waters.x000186",
        "qpn-x-waters.x000186"
      ]
    },
    {
      "key": "nu",
      "count": "18",
      "instances": [
        "qpn-x-waters.x000024",
        "qpn-x-waters.x000024",
        "qpn-x-waters.x000024",
        "qpn-x-waters.x000024",
        "qpn-x-waters.x000024",
        "qpn-x-waters.x000024",
        "qpn-x-waters.x000132",
        "qpn-x-waters.x000132",
        "qpn-x-waters.x000132",
        "qpn-x-waters.x000132",
        "qpn-x-waters.x000132",
        "qpn-x-waters.x000132",
        "qpn-x-waters.x000132",
        "qpn-x-waters.x000132",
        "qpn-x-waters.x000132",
        "qpn-x-waters.x000132",
        "qpn-x-waters.x000132",
        "qpn-x-waters.x000132"
      ]
    },
    {
      "key": "ši",
      "count": "18",
      "instances": [
        "qpn-x-waters.x000024",
        "qpn-x-waters.x000024",
        "qpn-x-waters.x000024",
        "qpn-x-waters.x000024",
        "qpn-x-waters.x000024",
        "qpn-x-waters.x000024",
        "qpn-x-waters.x000132",
        "qpn-x-waters.x000132",
        "qpn-x-waters.x000132",
        "qpn-x-waters.x000132",
        "qpn-x-waters.x000132",
        "qpn-x-waters.x000132",
        "qpn-x-waters.x000132",
        "qpn-x-waters.x000132",
        "qpn-x-waters.x000132",
        "qpn-x-waters.x000132",
        "qpn-x-waters.x000132",
        "qpn-x-waters.x000132"
      ]
    },
    {
      "key": "buranuna",
      "count": "18",
      "instances": [
        "qpn-x-waters.x000062",
        "qpn-x-waters.x000062",
        "qpn-x-waters.x000062",
        "qpn-x-waters.x000062",
        "qpn-x-waters.x000062",
        "qpn-x-waters.x000062",
        "qpn-x-waters.x000062",
        "qpn-x-waters.x000062",
        "qpn-x-waters.x000062",
        "qpn-x-waters.x000062",
        "qpn-x-waters.x000062",
        "qpn-x-waters.x000062",
        "qpn-x-waters.x000062",
        "qpn-x-waters.x000062",
        "qpn-x-waters.x000062",
        "qpn-x-waters.x000062",
        "qpn-x-waters.x000062",
        "qpn-x-waters.x000062"
      ]
    },
    {
      "key": "na",
      "count": "32",
      "instances": [
        "qpn-x-waters.x000062",
        "qpn-x-waters.x000062",
        "qpn-x-waters.x000062",
        "qpn-x-waters.x000062",
        "qpn-x-waters.x000062",
        "qpn-x-waters.x000062",
        "qpn-x-waters.x000114",
        "qpn-x-waters.x000114",
        "qpn-x-waters.x000114",
        "qpn-x-waters.x000114",
        "qpn-x-waters.x000132",
        "qpn-x-waters.x000132",
        "qpn-x-waters.x000132",
        "qpn-x-waters.x000132",
        "qpn-x-waters.x000132",
        "qpn-x-waters.x000132",
        "qpn-x-waters.x000132",
        "qpn-x-waters.x000132",
        "qpn-x-waters.x000132",
        "qpn-x-waters.x000132",
        "qpn-x-waters.x000132",
        "qpn-x-waters.x000132",
        "qpn-x-waters.x000132",
        "qpn-x-waters.x000132",
        "qpn-x-waters.x000132",
        "qpn-x-waters.x000132",
        "qpn-x-waters.x000132",
        "qpn-x-waters.x000132",
        "qpn-x-waters.x000132",
        "qpn-x-waters.x000132",
        "qpn-x-waters.x000248",
        "qpn-x-waters.x000248"
      ]
    },
    {
      "key": "la₂",
      "count": "16",
      "instances": [
        "qpn-x-waters.x000156",
        "qpn-x-waters.x000156",
        "qpn-x-waters.x000156",
        "qpn-x-waters.x000156",
        "qpn-x-waters.x000156",
        "qpn-x-waters.x000156",
        "qpn-x-waters.x000156",
        "qpn-x-waters.x000156",
        "qpn-x-waters.x000156",
        "qpn-x-waters.x000156",
        "qpn-x-waters.x000156",
        "qpn-x-waters.x000156",
        "qpn-x-waters.x000216",
        "qpn-x-waters.x000216",
        "qpn-x-waters.x000216",
        "qpn-x-waters.x000216"
      ]
    }
  ],
  "map": {
    "+na": "na",
    "Aya": "aya",
    "BURANUN": "buranun",
    "BURANUN.NA": "buranunna",
    "Enlila": "enlila",
    "Euphrates": "euphrates",
    "Hammu": "hammu",
    "Idiqlat": "idiqlat",
    "Purattam": "purattam",
    "Purattim": "purattim",
    "Purattu": "purattu",
    "Samsu": "samsu",
    "Silakku": "silakku",
    "Sumundar": "sumundar",
    "Tigris": "tigris",
    "Tilimda": "tilimda",
    "Turul": "turul",
    "ak.a": "aka",
    "ak.ak.ta": "akakta",
    "ak.ta": "akta",
    "m·a": "ma",
    "nišī": "niši",
    "Ḫammu": "ḫammu",
    "Ṭaban": "ṭaban"
  }
}
