{
  "type": "index",
  "project": "ribo/babylon0",
  "source": "http://oracc.org/ribo/babylon0",
  "license": "This data is released under the CC0 license",
  "license-url": "https://creativecommons.org/publicdomain/zero/1.0/",
  "more-info": "http://oracc.org/doc/opendata/",
  "UTC-timestamp": "2019-01-12T08:23:56",
  "name": "cbd/qpn-x-object",
  "keys": [
    {
      "key": "#",
      "count": "7",
      "instances": [
        "qpn-x-object.x000000",
        "qpn-x-object.x000000",
        "qpn-x-object.x000000",
        "qpn-x-object.x000008",
        "qpn-x-object.x000008",
        "qpn-x-object.x000008",
        "qpn-x-object.x000008"
      ]
    },
    {
      "key": "1",
      "count": "6",
      "instances": [
        "qpn-x-object.x000000",
        "qpn-x-object.x000000",
        "qpn-x-object.x000008",
        "qpn-x-object.x000008",
        "qpn-x-object.x000020",
        "qpn-x-object.x000020"
      ]
    },
    {
      "key": "a",
      "count": "2",
      "instances": [
        "qpn-x-object.x000000",
        "qpn-x-object.x000000"
      ]
    },
    {
      "key": "d",
      "count": "6",
      "instances": [
        "qpn-x-object.x000000",
        "qpn-x-object.x000000",
        "qpn-x-object.x000008",
        "qpn-x-object.x000008",
        "qpn-x-object.x000008",
        "qpn-x-object.x000008"
      ]
    },
    {
      "key": "utu",
      "count": "2",
      "instances": [
        "qpn-x-object.x000000",
        "qpn-x-object.x000000"
      ]
    },
    {
      "key": "rašu",
      "count": "1",
      "instances": [
        "qpn-x-object.x000000"
      ]
    },
    {
      "key": "acquire",
      "count": "2",
      "instances": [
        "qpn-x-object.x000000",
        "qpn-x-object.x000000"
      ]
    },
    {
      "key": "command",
      "count": "1",
      "instances": [
        "qpn-x-object.x000000"
      ]
    },
    {
      "key": "pi₂",
      "count": "2",
      "instances": [
        "qpn-x-object.x000000",
        "qpn-x-object.x000000"
      ]
    },
    {
      "key": "qibītu[speech]",
      "count": "1",
      "instances": [
        "qpn-x-object.x000000"
      ]
    },
    {
      "key": "rapi",
      "count": "5",
      "instances": [
        "qpn-x-object.x000000",
        "qpn-x-object.x000000",
        "qpn-x-object.x000000",
        "qpn-x-object.x000000",
        "qpn-x-object.x000000"
      ]
    },
    {
      "key": "am",
      "count": "2",
      "instances": [
        "qpn-x-object.x000000",
        "qpn-x-object.x000000"
      ]
    },
    {
      "key": "ai",
      "count": "3",
      "instances": [
        "qpn-x-object.x000000",
        "qpn-x-object.x000000",
        "qpn-x-object.x000000"
      ]
    },
    {
      "key": "bi",
      "count": "2",
      "instances": [
        "qpn-x-object.x000000",
        "qpn-x-object.x000000"
      ]
    },
    {
      "key": "ba",
      "count": "4",
      "instances": [
        "qpn-x-object.x000008",
        "qpn-x-object.x000008",
        "qpn-x-object.x000008",
        "qpn-x-object.x000008"
      ]
    },
    {
      "key": "by",
      "count": "2",
      "instances": [
        "qpn-x-object.x000000",
        "qpn-x-object.x000000"
      ]
    },
    {
      "key": "hi",
      "count": "2",
      "instances": [
        "qpn-x-object.x000000",
        "qpn-x-object.x000000"
      ]
    },
    {
      "key": "ha",
      "count": "2",
      "instances": [
        "qpn-x-object.x000000",
        "qpn-x-object.x000000"
      ]
    },
    {
      "key": "la",
      "count": "4",
      "instances": [
        "qpn-x-object.x000008",
        "qpn-x-object.x000008",
        "qpn-x-object.x000008",
        "qpn-x-object.x000008"
      ]
    },
    {
      "key": "in",
      "count": "6",
      "instances": [
        "qpn-x-object.x000000",
        "qpn-x-object.x000000",
        "qpn-x-object.x000000",
        "qpn-x-object.x000000",
        "qpn-x-object.x000000",
        "qpn-x-object.x000000"
      ]
    },
    {
      "key": "it",
      "count": "2",
      "instances": [
        "qpn-x-object.x000000",
        "qpn-x-object.x000000"
      ]
    },
    {
      "key": "ir",
      "count": "2",
      "instances": [
        "qpn-x-object.x000000",
        "qpn-x-object.x000000"
      ]
    },
    {
      "key": "no",
      "count": "2",
      "instances": [
        "qpn-x-object.x000000",
        "qpn-x-object.x000000"
      ]
    },
    {
      "key": "nu",
      "count": "4",
      "instances": [
        "qpn-x-object.x000008",
        "qpn-x-object.x000008",
        "qpn-x-object.x000008",
        "qpn-x-object.x000008"
      ]
    },
    {
      "key": "of",
      "count": "4",
      "instances": [
        "qpn-x-object.x000000",
        "qpn-x-object.x000000",
        "qpn-x-object.x000000",
        "qpn-x-object.x000000"
      ]
    },
    {
      "key": "ma",
      "count": "4",
      "instances": [
        "qpn-x-object.x000000",
        "qpn-x-object.x000000",
        "qpn-x-object.x000020",
        "qpn-x-object.x000020"
      ]
    },
    {
      "key": "mu",
      "count": "2",
      "instances": [
        "qpn-x-object.x000000",
        "qpn-x-object.x000000"
      ]
    },
    {
      "key": "tim",
      "count": "2",
      "instances": [
        "qpn-x-object.x000020",
        "qpn-x-object.x000020"
      ]
    },
    {
      "key": "ri",
      "count": "2",
      "instances": [
        "qpn-x-object.x000000",
        "qpn-x-object.x000000"
      ]
    },
    {
      "key": "ra",
      "count": "2",
      "instances": [
        "qpn-x-object.x000000",
        "qpn-x-object.x000000"
      ]
    },
    {
      "key": "the",
      "count": "4",
      "instances": [
        "qpn-x-object.x000000",
        "qpn-x-object.x000000",
        "qpn-x-object.x000000",
        "qpn-x-object.x000000"
      ]
    },
    {
      "key": "ta",
      "count": "2",
      "instances": [
        "qpn-x-object.x000020",
        "qpn-x-object.x000020"
      ]
    },
    {
      "key": "ṣur",
      "count": "2",
      "instances": [
        "qpn-x-object.x000020",
        "qpn-x-object.x000020"
      ]
    },
    {
      "key": "have",
      "count": "2",
      "instances": [
        "qpn-x-object.x000000",
        "qpn-x-object.x000000"
      ]
    },
    {
      "key": "ina",
      "count": "1",
      "instances": [
        "qpn-x-object.x000000"
      ]
    },
    {
      "key": "matatim",
      "count": "2",
      "instances": [
        "qpn-x-object.x000020",
        "qpn-x-object.x000020"
      ]
    },
    {
      "key": "babylon",
      "count": "2",
      "instances": [
        "qpn-x-object.x000000",
        "qpn-x-object.x000000"
      ]
    },
    {
      "key": "ina[in]",
      "count": "1",
      "instances": [
        "qpn-x-object.x000000"
      ]
    },
    {
      "key": "opponent",
      "count": "2",
      "instances": [
        "qpn-x-object.x000000",
        "qpn-x-object.x000000"
      ]
    },
    {
      "key": "il₂",
      "count": "4",
      "instances": [
        "qpn-x-object.x000008",
        "qpn-x-object.x000008",
        "qpn-x-object.x000008",
        "qpn-x-object.x000008"
      ]
    },
    {
      "key": "Ubanuila[1]",
      "count": "1",
      "instances": [
        "qpn-x-object.x000008"
      ]
    },
    {
      "key": "Hammu-rapi[king of Babylon]",
      "count": "1",
      "instances": [
        "qpn-x-object.x000000"
      ]
    },
    {
      "key": "ḫammu",
      "count": "1",
      "instances": [
        "qpn-x-object.x000000"
      ]
    },
    {
      "key": "not",
      "count": "2",
      "instances": [
        "qpn-x-object.x000000",
        "qpn-x-object.x000000"
      ]
    },
    {
      "key": "rašû[acquire]",
      "count": "1",
      "instances": [
        "qpn-x-object.x000000"
      ]
    },
    {
      "key": "ubanuila",
      "count": "2",
      "instances": [
        "qpn-x-object.x000008",
        "qpn-x-object.x000008"
      ]
    },
    {
      "key": "ši",
      "count": "2",
      "instances": [
        "qpn-x-object.x000000",
        "qpn-x-object.x000000"
      ]
    },
    {
      "key": "u₂",
      "count": "2",
      "instances": [
        "qpn-x-object.x000020",
        "qpn-x-object.x000020"
      ]
    },
    {
      "key": "u₄",
      "count": "4",
      "instances": [
        "qpn-x-object.x000008",
        "qpn-x-object.x000008",
        "qpn-x-object.x000008",
        "qpn-x-object.x000008"
      ]
    },
    {
      "key": "may",
      "count": "2",
      "instances": [
        "qpn-x-object.x000000",
        "qpn-x-object.x000000"
      ]
    },
    {
      "key": "qi₂",
      "count": "2",
      "instances": [
        "qpn-x-object.x000000",
        "qpn-x-object.x000000"
      ]
    },
    {
      "key": "rivals",
      "count": "2",
      "instances": [
        "qpn-x-object.x000000",
        "qpn-x-object.x000000"
      ]
    },
    {
      "key": "ai[not]",
      "count": "1",
      "instances": [
        "qpn-x-object.x000000"
      ]
    },
    {
      "key": "decree",
      "count": "2",
      "instances": [
        "qpn-x-object.x000000",
        "qpn-x-object.x000000"
      ]
    },
    {
      "key": "Uṣur-matatim[1]",
      "count": "1",
      "instances": [
        "qpn-x-object.x000020"
      ]
    },
    {
      "key": "mahiru",
      "count": "1",
      "instances": [
        "qpn-x-object.x000000"
      ]
    },
    {
      "key": "mahiri",
      "count": "2",
      "instances": [
        "qpn-x-object.x000000",
        "qpn-x-object.x000000"
      ]
    },
    {
      "key": "uṣur",
      "count": "2",
      "instances": [
        "qpn-x-object.x000020",
        "qpn-x-object.x000020"
      ]
    },
    {
      "key": "god",
      "count": "2",
      "instances": [
        "qpn-x-object.x000000",
        "qpn-x-object.x000000"
      ]
    },
    {
      "key": "In qibīt Šamaš Hammu-rapi māhirī ai irši[By the decree of the god Šamaš, may Hammu-rapi have no rivals]",
      "count": "1",
      "instances": [
        "qpn-x-object.x000000"
      ]
    },
    {
      "key": "Šamaš[1]",
      "count": "1",
      "instances": [
        "qpn-x-object.x000000"
      ]
    },
    {
      "key": "māhiru[opponent]",
      "count": "1",
      "instances": [
        "qpn-x-object.x000000"
      ]
    },
    {
      "key": "irši",
      "count": "2",
      "instances": [
        "qpn-x-object.x000000",
        "qpn-x-object.x000000"
      ]
    },
    {
      "key": "qibitu",
      "count": "1",
      "instances": [
        "qpn-x-object.x000000"
      ]
    },
    {
      "key": "šamaš",
      "count": "5",
      "instances": [
        "qpn-x-object.x000000",
        "qpn-x-object.x000000",
        "qpn-x-object.x000000",
        "qpn-x-object.x000000",
        "qpn-x-object.x000000"
      ]
    },
    {
      "key": "king",
      "count": "2",
      "instances": [
        "qpn-x-object.x000000",
        "qpn-x-object.x000000"
      ]
    },
    {
      "key": "hammu",
      "count": "4",
      "instances": [
        "qpn-x-object.x000000",
        "qpn-x-object.x000000",
        "qpn-x-object.x000000",
        "qpn-x-object.x000000"
      ]
    },
    {
      "key": "speech",
      "count": "1",
      "instances": [
        "qpn-x-object.x000000"
      ]
    },
    {
      "key": "qibit",
      "count": "2",
      "instances": [
        "qpn-x-object.x000000",
        "qpn-x-object.x000000"
      ]
    }
  ],
  "map": {
    "Babylon": "babylon",
    "By": "by",
    "Hammu": "hammu",
    "In": "in",
    "UTU": "utu",
    "Ubanuila": "ubanuila",
    "Uṣur": "uṣur",
    "māhiru": "mahiru",
    "māhirī": "mahiri",
    "mātātim": "matatim",
    "qibīt": "qibit",
    "qibītu": "qibitu",
    "rašû": "rašu",
    "Šamaš": "šamaš",
    "Ḫammu": "ḫammu"
  }
}
