{
  "type": "cdl",
  "project": "ribo/babylon0",
  "source": "http://oracc.org/ribo/babylon0",
  "license": "This data is released under the CC0 license",
  "license-url": "https://creativecommons.org/publicdomain/zero/1.0/",
  "more-info": "http://oracc.org/doc/opendata/",
  "UTC-timestamp": "2019-01-12T08:23:03",
  "textid": "Q002237",
  "cdl": [
    {
      "node": "c",
      "type": "text",
      "id": "Q002237.U0",
      "cdl": [
        {
          "node": "d",
          "type": "object",
          "ref": ""
        },
        {
          "node": "d",
          "type": "surface",
          "ref": ""
        },
        {
          "node": "c",
          "type": "discourse",
          "subtype": "body",
          "id": "Q002237.U1",
          "cdl": [
            {
              "node": "c",
              "type": "sentence",
              "implicit": "yes",
              "id": "Q002237.U2",
              "label": "1 - 28",
              "cdl": [
                {
                  "node": "d",
                  "type": "line-start",
                  "ref": "Q002237.1",
                  "n": "1",
                  "label": "1"
                },
                {
                  "node": "l",
                  "frag": "{d}utu",
                  "id": "Q002237.l00315",
                  "ref": "Q002237.1.1",
                  "inst": "Utu[1]DN",
                  "sig": "@ribo/babylon0%sux:{d}utu=Utu[1//1]DN'DN$Utu/{d}utu#~",
                  "f": {
                    "lang": "sux",
                    "form": "{d}utu",
                    "gdl": [
                      {
                        "det": "semantic",
                        "pos": "pre",
                        "seq": [
                          {
                            "v": "d",
                            "gdl_utf8": "𒀭",
                            "id": "Q002237.1.1.0"
                          }
                        ]
                      },
                      {
                        "v": "utu",
                        "gdl_utf8": "𒌓",
                        "id": "Q002237.1.1.1"
                      }
                    ],
                    "cf": "Utu",
                    "gw": "1",
                    "sense": "1",
                    "norm0": "Utu",
                    "pos": "DN",
                    "epos": "DN",
                    "base": "{d}utu",
                    "morph": "~"
                  }
                },
                {
                  "node": "d",
                  "type": "line-start",
                  "ref": "Q002237.2",
                  "n": "2",
                  "label": "2"
                },
                {
                  "node": "l",
                  "frag": "en",
                  "id": "Q002237.l00316",
                  "ref": "Q002237.2.1",
                  "inst": "en[lord]N",
                  "sig": "@ribo/babylon0%sux:en=en[lord//lord]N'N$en/en#~",
                  "f": {
                    "lang": "sux",
                    "form": "en",
                    "delim": "",
                    "gdl": [
                      {
                        "v": "en",
                        "gdl_utf8": "𒂗",
                        "id": "Q002237.2.1.0"
                      }
                    ],
                    "cf": "en",
                    "gw": "lord",
                    "sense": "lord",
                    "norm0": "en",
                    "pos": "N",
                    "epos": "N",
                    "base": "en",
                    "morph": "~"
                  }
                },
                {
                  "node": "l",
                  "frag": "gal",
                  "id": "Q002237.l00317",
                  "ref": "Q002237.2.2",
                  "inst": "gal[(to be) big, great]V/i",
                  "sig": "@ribo/babylon0%sux:gal=gal[big//(to be) big, great]V/i'V/i$gal/gal#~",
                  "f": {
                    "lang": "sux",
                    "form": "gal",
                    "gdl": [
                      {
                        "v": "gal",
                        "gdl_utf8": "𒃲",
                        "id": "Q002237.2.2.0"
                      }
                    ],
                    "cf": "gal",
                    "gw": "big",
                    "sense": "(to be) big, great",
                    "norm0": "gal",
                    "pos": "V/i",
                    "epos": "V/i",
                    "base": "gal",
                    "morph": "~"
                  }
                },
                {
                  "node": "d",
                  "type": "line-start",
                  "ref": "Q002237.3",
                  "n": "3",
                  "label": "3"
                },
                {
                  "node": "l",
                  "frag": "diŋir-re-e-ne-er",
                  "id": "Q002237.l00318",
                  "ref": "Q002237.3.1",
                  "inst": "diŋir[deity, god, goddess]N",
                  "sig": "@ribo/babylon0%sux:diŋir-re-e-ne-er=diŋir[deity//deity, god, goddess]N'N$diŋir,ene.ra/diŋir+-re=r+e#~,ene.ra",
                  "f": {
                    "lang": "sux",
                    "form": "diŋir-re-e-ne-er",
                    "gdl": [
                      {
                        "v": "diŋir",
                        "gdl_utf8": "𒀭",
                        "id": "Q002237.3.1.0",
                        "delim": "-"
                      },
                      {
                        "v": "re",
                        "gdl_utf8": "𒊑",
                        "id": "Q002237.3.1.1",
                        "delim": "-"
                      },
                      {
                        "v": "e",
                        "gdl_utf8": "𒂊",
                        "id": "Q002237.3.1.2",
                        "delim": "-"
                      },
                      {
                        "v": "ne",
                        "gdl_utf8": "𒉈",
                        "id": "Q002237.3.1.3",
                        "delim": "-"
                      },
                      {
                        "v": "er",
                        "gdl_utf8": "𒅕",
                        "id": "Q002237.3.1.4"
                      }
                    ],
                    "cf": "diŋir",
                    "gw": "deity",
                    "sense": "deity, god, goddess",
                    "norm0": "diŋir,ene.ra",
                    "pos": "N",
                    "epos": "N",
                    "base": "diŋir",
                    "cont": "-re=r+e",
                    "morph": "~,ene.ra"
                  }
                },
                {
                  "node": "d",
                  "type": "line-start",
                  "ref": "Q002237.4",
                  "n": "4",
                  "label": "4"
                },
                {
                  "node": "l",
                  "frag": "lugal",
                  "id": "Q002237.l00319",
                  "ref": "Q002237.4.1",
                  "inst": "lugal[king]N",
                  "sig": "@ribo/babylon0%sux:lugal=lugal[king//king]N'N$lugal/lugal#~",
                  "f": {
                    "lang": "sux",
                    "form": "lugal",
                    "delim": "",
                    "gdl": [
                      {
                        "v": "lugal",
                        "gdl_utf8": "𒈗",
                        "id": "Q002237.4.1.0"
                      }
                    ],
                    "cf": "lugal",
                    "gw": "king",
                    "sense": "king",
                    "norm0": "lugal",
                    "pos": "N",
                    "epos": "N",
                    "base": "lugal",
                    "morph": "~"
                  }
                },
                {
                  "node": "l",
                  "frag": "e₂-di-ku₅-ta",
                  "id": "Q002237.l0031a",
                  "ref": "Q002237.4.2",
                  "inst": "Edikuda[]TN/e₂-di-ku₅-ta#~",
                  "sig": "@ribo/babylon0%sux:e₂-di-ku₅-ta=Edikuda[1//1]TN'TN$Edikuda/e₂-di-ku₅-ta#~",
                  "f": {
                    "lang": "sux",
                    "form": "e₂-di-ku₅-ta",
                    "gdl": [
                      {
                        "v": "e₂",
                        "gdl_utf8": "𒂍",
                        "id": "Q002237.4.2.0",
                        "delim": "-"
                      },
                      {
                        "v": "di",
                        "gdl_utf8": "𒁲",
                        "id": "Q002237.4.2.1",
                        "delim": "-"
                      },
                      {
                        "v": "ku₅",
                        "gdl_utf8": "𒋻",
                        "id": "Q002237.4.2.2",
                        "delim": "-"
                      },
                      {
                        "v": "ta",
                        "gdl_utf8": "𒋫",
                        "id": "Q002237.4.2.3"
                      }
                    ],
                    "cf": "Edikuda",
                    "gw": "1",
                    "sense": "1",
                    "norm0": "Edikuda",
                    "pos": "TN",
                    "epos": "TN",
                    "base": "e₂-di-ku₅-ta",
                    "morph": "~"
                  }
                },
                {
                  "node": "d",
                  "type": "line-start",
                  "ref": "Q002237.5",
                  "n": "5",
                  "label": "5"
                },
                {
                  "node": "l",
                  "frag": "nam-til₃-la",
                  "id": "Q002237.l0031b",
                  "ref": "Q002237.5.1",
                  "inst": "namtil[life]N",
                  "sig": "@ribo/babylon0%sux:nam-til₃-la=namtil[life//life]N'N$namtil,ak/nam-til₃+-la=l.a#~,ak",
                  "f": {
                    "lang": "sux",
                    "form": "nam-til₃-la",
                    "gdl": [
                      {
                        "v": "nam",
                        "gdl_utf8": "𒉆",
                        "id": "Q002237.5.1.0",
                        "delim": "-"
                      },
                      {
                        "v": "til₃",
                        "gdl_utf8": "𒋾",
                        "id": "Q002237.5.1.1",
                        "delim": "-"
                      },
                      {
                        "v": "la",
                        "gdl_utf8": "𒆷",
                        "id": "Q002237.5.1.2"
                      }
                    ],
                    "cf": "namtil",
                    "gw": "life",
                    "sense": "life",
                    "norm0": "namtil,ak",
                    "pos": "N",
                    "epos": "N",
                    "base": "nam-til₃",
                    "cont": "-la=l.a",
                    "morph": "~,ak"
                  }
                },
                {
                  "node": "d",
                  "type": "line-start",
                  "ref": "Q002237.6",
                  "n": "6",
                  "label": "6"
                },
                {
                  "node": "l",
                  "frag": "am-mi-ṣa-du-qa₂-a",
                  "id": "Q002237.l0031c",
                  "ref": "Q002237.6.1",
                  "inst": "Ammi-ṣaduqa[king of Babylon]RN/am-mi-ṣa-du-qa₂#~,a",
                  "sig": "@ribo/babylon0%sux:am-mi-ṣa-du-qa₂-a=Ammi-ṣaduqa[king of Babylon//king of Babylon]RN'RN$Ammi-ṣaduqa,a/am-mi-ṣa-du-qa₂#~,a",
                  "f": {
                    "lang": "sux",
                    "form": "am-mi-ṣa-du-qa₂-a",
                    "gdl": [
                      {
                        "v": "am",
                        "gdl_utf8": "𒄠",
                        "id": "Q002237.6.1.0",
                        "delim": "-"
                      },
                      {
                        "v": "mi",
                        "gdl_utf8": "𒈪",
                        "id": "Q002237.6.1.1",
                        "delim": "-"
                      },
                      {
                        "v": "ṣa",
                        "gdl_utf8": "𒍝",
                        "id": "Q002237.6.1.2",
                        "delim": "-"
                      },
                      {
                        "v": "du",
                        "gdl_utf8": "𒁺",
                        "id": "Q002237.6.1.3",
                        "delim": "-"
                      },
                      {
                        "v": "qa₂",
                        "gdl_utf8": "𒂵",
                        "id": "Q002237.6.1.4",
                        "delim": "-"
                      },
                      {
                        "v": "a",
                        "gdl_utf8": "𒀀",
                        "id": "Q002237.6.1.5"
                      }
                    ],
                    "cf": "Ammi-ṣaduqa",
                    "gw": "king of Babylon",
                    "sense": "king of Babylon",
                    "norm0": "Ammi-ṣaduqa,a",
                    "pos": "RN",
                    "epos": "RN",
                    "base": "am-mi-ṣa-du-qa₂",
                    "morph": "~,a"
                  }
                },
                {
                  "node": "d",
                  "type": "line-start",
                  "ref": "Q002237.7",
                  "n": "7",
                  "label": "7"
                },
                {
                  "node": "l",
                  "frag": "lugal",
                  "id": "Q002237.l0031d",
                  "ref": "Q002237.7.1",
                  "inst": "lugal[king]N",
                  "sig": "@ribo/babylon0%sux:lugal=lugal[king//king]N'N$lugal/lugal#~",
                  "f": {
                    "lang": "sux",
                    "form": "lugal",
                    "delim": "",
                    "gdl": [
                      {
                        "v": "lugal",
                        "gdl_utf8": "𒈗",
                        "id": "Q002237.7.1.0"
                      }
                    ],
                    "cf": "lugal",
                    "gw": "king",
                    "sense": "king",
                    "norm0": "lugal",
                    "pos": "N",
                    "epos": "N",
                    "base": "lugal",
                    "morph": "~"
                  }
                },
                {
                  "node": "l",
                  "frag": "kala-ga",
                  "id": "Q002237.l0031e",
                  "ref": "Q002237.7.2",
                  "inst": "kalag[strong//(to be) strong, powerful, mighty]V/i'V/i",
                  "sig": "@ribo/babylon0%sux:kala-ga=kalag[strong//(to be) strong, powerful, mighty]V/i'V/i$kalag;a/kala-g·a#~;a",
                  "f": {
                    "lang": "sux",
                    "form": "kala-ga",
                    "gdl": [
                      {
                        "v": "kala",
                        "gdl_utf8": "𒆗",
                        "id": "Q002237.7.2.0",
                        "delim": "-"
                      },
                      {
                        "v": "ga",
                        "gdl_utf8": "𒂵",
                        "id": "Q002237.7.2.1"
                      }
                    ],
                    "cf": "kalag",
                    "gw": "strong",
                    "sense": "(to be) strong, powerful, mighty",
                    "norm0": "kalag;a",
                    "pos": "V/i",
                    "epos": "V/i",
                    "base": "kala-g·a",
                    "morph": "~;a"
                  }
                },
                {
                  "node": "d",
                  "type": "line-start",
                  "ref": "Q002237.8",
                  "n": "8",
                  "label": "8"
                },
                {
                  "node": "l",
                  "frag": "lugal",
                  "id": "Q002237.l0031f",
                  "ref": "Q002237.8.1",
                  "inst": "lugal[king]N",
                  "sig": "@ribo/babylon0%sux:lugal=lugal[king//king]N'N$lugal/lugal#~",
                  "f": {
                    "lang": "sux",
                    "form": "lugal",
                    "delim": "",
                    "gdl": [
                      {
                        "v": "lugal",
                        "gdl_utf8": "𒈗",
                        "id": "Q002237.8.1.0"
                      }
                    ],
                    "cf": "lugal",
                    "gw": "king",
                    "sense": "king",
                    "norm0": "lugal",
                    "pos": "N",
                    "epos": "N",
                    "base": "lugal",
                    "morph": "~"
                  }
                },
                {
                  "node": "l",
                  "frag": "babilim₂{ki}",
                  "id": "Q002237.l00320",
                  "ref": "Q002237.8.2",
                  "inst": "Babili[Babylon]SN",
                  "sig": "@ribo/babylon0%sux:babilim₂{ki}=Babili[Babylon//Babylon]SN'SN$Babilim/babilim₂{ki}#Babilim",
                  "f": {
                    "lang": "sux",
                    "form": "babilim₂{ki}",
                    "gdl": [
                      {
                        "v": "babilim₂",
                        "gdl_utf8": "𒆍𒀭𒊏",
                        "id": "Q002237.8.2.0"
                      },
                      {
                        "det": "semantic",
                        "pos": "post",
                        "seq": [
                          {
                            "v": "ki",
                            "gdl_utf8": "𒆠",
                            "id": "Q002237.8.2.1"
                          }
                        ]
                      }
                    ],
                    "cf": "Babili",
                    "gw": "Babylon",
                    "sense": "Babylon",
                    "norm": "Babilim",
                    "pos": "SN",
                    "epos": "SN",
                    "base": "babilim₂{ki}",
                    "morph": "Babilim"
                  }
                },
                {
                  "node": "d",
                  "type": "line-start",
                  "ref": "Q002237.9",
                  "n": "9",
                  "label": "9"
                },
                {
                  "node": "l",
                  "frag": "lugal-a-ni-ir",
                  "id": "Q002237.l00321",
                  "ref": "Q002237.9.1",
                  "inst": "lugal[king]N",
                  "sig": "@ribo/babylon0%sux:lugal-a-ni-ir=lugal[king//king]N'N$lugal,ani.ra/lugal#~,ani.ra",
                  "f": {
                    "lang": "sux",
                    "form": "lugal-a-ni-ir",
                    "gdl": [
                      {
                        "v": "lugal",
                        "gdl_utf8": "𒈗",
                        "id": "Q002237.9.1.0",
                        "delim": "-"
                      },
                      {
                        "v": "a",
                        "gdl_utf8": "𒀀",
                        "id": "Q002237.9.1.1",
                        "delim": "-"
                      },
                      {
                        "v": "ni",
                        "gdl_utf8": "𒉌",
                        "id": "Q002237.9.1.2",
                        "delim": "-"
                      },
                      {
                        "v": "ir",
                        "gdl_utf8": "𒅕",
                        "id": "Q002237.9.1.3"
                      }
                    ],
                    "cf": "lugal",
                    "gw": "king",
                    "sense": "king",
                    "norm0": "lugal,ani.ra",
                    "pos": "N",
                    "epos": "N",
                    "base": "lugal",
                    "morph": "~,ani.ra"
                  }
                },
                {
                  "node": "d",
                  "type": "line-start",
                  "ref": "Q002237.10",
                  "n": "10",
                  "label": "10"
                },
                {
                  "node": "l",
                  "frag": "gi-mil-{d}amar-utu",
                  "id": "Q002237.l00322",
                  "ref": "Q002237.10.1",
                  "inst": "Gimil-Marduk[]PN",
                  "sig": "@ribo/babylon0%sux:gi-mil-{d}amar-utu=Gimil-Marduk[1//1]PN'PN$Gimil-Marduk/gi-mil-{d}amar-utu#~",
                  "f": {
                    "lang": "sux",
                    "form": "gi-mil-{d}amar-utu",
                    "delim": "",
                    "gdl": [
                      {
                        "v": "gi",
                        "gdl_utf8": "𒄀",
                        "id": "Q002237.10.1.0",
                        "delim": "-"
                      },
                      {
                        "v": "mil",
                        "gdl_utf8": "𒅖",
                        "id": "Q002237.10.1.1",
                        "delim": "-"
                      },
                      {
                        "det": "semantic",
                        "pos": "pre",
                        "seq": [
                          {
                            "v": "d",
                            "gdl_utf8": "𒀭",
                            "id": "Q002237.10.1.2"
                          }
                        ]
                      },
                      {
                        "v": "amar",
                        "gdl_utf8": "𒀫",
                        "id": "Q002237.10.1.3",
                        "delim": "-"
                      },
                      {
                        "v": "utu",
                        "gdl_utf8": "𒌓",
                        "id": "Q002237.10.1.4"
                      }
                    ],
                    "cf": "Gimil-Marduk",
                    "gw": "1",
                    "sense": "1",
                    "norm0": "Gimil-Marduk",
                    "pos": "PN",
                    "epos": "PN",
                    "base": "gi-mil-{d}amar-utu",
                    "morph": "~"
                  }
                },
                {
                  "node": "l",
                  "frag": "di-ku₅",
                  "id": "Q002237.l00323",
                  "ref": "Q002237.10.2",
                  "inst": "dikud[judge]N",
                  "sig": "@ribo/babylon0%sux:di-ku₅=dikud[judge//judge]N'N$dikud/di-ku₅#~",
                  "f": {
                    "lang": "sux",
                    "form": "di-ku₅",
                    "gdl": [
                      {
                        "v": "di",
                        "gdl_utf8": "𒁲",
                        "id": "Q002237.10.2.0",
                        "delim": "-"
                      },
                      {
                        "v": "ku₅",
                        "gdl_utf8": "𒋻",
                        "id": "Q002237.10.2.1"
                      }
                    ],
                    "cf": "dikud",
                    "gw": "judge",
                    "sense": "judge",
                    "norm0": "dikud",
                    "pos": "N",
                    "epos": "N",
                    "base": "di-ku₅",
                    "morph": "~"
                  }
                },
                {
                  "node": "d",
                  "type": "line-start",
                  "ref": "Q002237.11",
                  "n": "11",
                  "label": "11"
                },
                {
                  "node": "l",
                  "frag": "dumu",
                  "id": "Q002237.l00324",
                  "ref": "Q002237.11.1",
                  "inst": "dumu[child, son, daughter]N",
                  "sig": "@ribo/babylon0%sux:dumu=dumu[child//child, son, daughter]N'N$dumu/dumu#~",
                  "f": {
                    "lang": "sux",
                    "form": "dumu",
                    "delim": "",
                    "gdl": [
                      {
                        "v": "dumu",
                        "gdl_utf8": "𒌉",
                        "id": "Q002237.11.1.0"
                      }
                    ],
                    "cf": "dumu",
                    "gw": "child",
                    "sense": "child, son, daughter",
                    "norm0": "dumu",
                    "pos": "N",
                    "epos": "N",
                    "base": "dumu",
                    "morph": "~"
                  }
                },
                {
                  "node": "l",
                  "frag": "ṣil₂-li₂-{d}utu",
                  "id": "Q002237.l00325",
                  "ref": "Q002237.11.2",
                  "inst": "Ṣilli-Šamaš[]PN",
                  "sig": "@ribo/babylon0%sux:ṣil₂-li₂-{d}utu=Ṣilli-Šamaš[1//1]PN'PN$Ṣilli-Šamaš/ṣil₂-li₂-{d}utu#~",
                  "f": {
                    "lang": "sux",
                    "form": "ṣil₂-li₂-{d}utu",
                    "gdl": [
                      {
                        "v": "ṣil₂",
                        "gdl_utf8": "𒈪",
                        "id": "Q002237.11.2.0",
                        "delim": "-"
                      },
                      {
                        "v": "li₂",
                        "gdl_utf8": "𒉌",
                        "id": "Q002237.11.2.1",
                        "delim": "-"
                      },
                      {
                        "det": "semantic",
                        "pos": "pre",
                        "seq": [
                          {
                            "v": "d",
                            "gdl_utf8": "𒀭",
                            "id": "Q002237.11.2.2"
                          }
                        ]
                      },
                      {
                        "v": "utu",
                        "gdl_utf8": "𒌓",
                        "id": "Q002237.11.2.3"
                      }
                    ],
                    "cf": "Ṣilli-Šamaš",
                    "gw": "1",
                    "sense": "1",
                    "norm0": "Ṣilli-Šamaš",
                    "pos": "PN",
                    "epos": "PN",
                    "base": "ṣil₂-li₂-{d}utu",
                    "morph": "~"
                  }
                },
                {
                  "node": "d",
                  "type": "line-start",
                  "ref": "Q002237.12",
                  "n": "12",
                  "label": "12"
                },
                {
                  "node": "l",
                  "frag": "u₄",
                  "id": "Q002237.l00326",
                  "ref": "Q002237.12.1",
                  "inst": "ud[day]N",
                  "sig": "@ribo/babylon0%sux:u₄=ud[sun//day]N'N$ud/u₄#~",
                  "f": {
                    "lang": "sux",
                    "form": "u₄",
                    "delim": "",
                    "gdl": [
                      {
                        "v": "u₄",
                        "gdl_utf8": "𒌓",
                        "id": "Q002237.12.1.0"
                      }
                    ],
                    "cf": "ud",
                    "gw": "sun",
                    "sense": "day",
                    "norm0": "ud",
                    "pos": "N",
                    "epos": "N",
                    "base": "u₄",
                    "morph": "~"
                  }
                },
                {
                  "node": "l",
                  "frag": "{d}utu",
                  "id": "Q002237.l00327",
                  "ref": "Q002237.12.2",
                  "inst": "Utu[1]DN",
                  "sig": "@ribo/babylon0%sux:{d}utu=Utu[1//1]DN'DN$Utu/{d}utu#~",
                  "f": {
                    "lang": "sux",
                    "form": "{d}utu",
                    "delim": "",
                    "gdl": [
                      {
                        "det": "semantic",
                        "pos": "pre",
                        "seq": [
                          {
                            "v": "d",
                            "gdl_utf8": "𒀭",
                            "id": "Q002237.12.2.0"
                          }
                        ]
                      },
                      {
                        "v": "utu",
                        "gdl_utf8": "𒌓",
                        "id": "Q002237.12.2.1"
                      }
                    ],
                    "cf": "Utu",
                    "gw": "1",
                    "sense": "1",
                    "norm0": "Utu",
                    "pos": "DN",
                    "epos": "DN",
                    "base": "{d}utu",
                    "morph": "~"
                  }
                },
                {
                  "node": "l",
                  "frag": "lugal-a-ni",
                  "id": "Q002237.l00328",
                  "ref": "Q002237.12.3",
                  "inst": "lugal[king]N",
                  "sig": "@ribo/babylon0%sux:lugal-a-ni=lugal[king//king]N'N$lugal,ani/lugal#~,ani",
                  "f": {
                    "lang": "sux",
                    "form": "lugal-a-ni",
                    "gdl": [
                      {
                        "v": "lugal",
                        "gdl_utf8": "𒈗",
                        "id": "Q002237.12.3.0",
                        "delim": "-"
                      },
                      {
                        "v": "a",
                        "gdl_utf8": "𒀀",
                        "id": "Q002237.12.3.1",
                        "delim": "-"
                      },
                      {
                        "v": "ni",
                        "gdl_utf8": "𒉌",
                        "id": "Q002237.12.3.2"
                      }
                    ],
                    "cf": "lugal",
                    "gw": "king",
                    "sense": "king",
                    "norm0": "lugal,ani",
                    "pos": "N",
                    "epos": "N",
                    "base": "lugal",
                    "morph": "~,ani"
                  }
                },
                {
                  "node": "d",
                  "type": "line-start",
                  "ref": "Q002237.13",
                  "n": "13",
                  "label": "13"
                },
                {
                  "node": "l",
                  "frag": "enim",
                  "id": "Q002237.l00329",
                  "ref": "Q002237.13.1",
                  "inst": "inim[word]N",
                  "sig": "@ribo/babylon0%sux:enim=inim[word//word]N'N$inim/enim#~",
                  "f": {
                    "lang": "sux",
                    "form": "enim",
                    "delim": "",
                    "gdl": [
                      {
                        "v": "enim",
                        "gdl_utf8": "𒅗",
                        "id": "Q002237.13.1.0"
                      }
                    ],
                    "cf": "inim",
                    "gw": "word",
                    "sense": "word",
                    "norm0": "inim",
                    "pos": "N",
                    "epos": "N",
                    "base": "enim",
                    "morph": "~"
                  }
                },
                {
                  "node": "l",
                  "frag": "in-na-an-du₁₁-ga-ni",
                  "id": "Q002237.l0032a",
                  "ref": "Q002237.13.2",
                  "inst": "dug[to speak, talk, say]V/t",
                  "sig": "@ribo/babylon0%sux:in-na-an-du₁₁-ga-ni=dug[speak//to speak, talk, say]V/t'V/t$V.na.n:dug;a,ani/du₁₁-g·a#V.na.n:~;a,ani",
                  "f": {
                    "lang": "sux",
                    "form": "in-na-an-du₁₁-ga-ni",
                    "gdl": [
                      {
                        "v": "in",
                        "gdl_utf8": "𒅔",
                        "id": "Q002237.13.2.0",
                        "delim": "-"
                      },
                      {
                        "v": "na",
                        "gdl_utf8": "𒈾",
                        "id": "Q002237.13.2.1",
                        "delim": "-"
                      },
                      {
                        "v": "an",
                        "gdl_utf8": "𒀭",
                        "id": "Q002237.13.2.2",
                        "delim": "-"
                      },
                      {
                        "v": "du₁₁",
                        "gdl_utf8": "𒅗",
                        "id": "Q002237.13.2.3",
                        "delim": "-"
                      },
                      {
                        "v": "ga",
                        "gdl_utf8": "𒂵",
                        "id": "Q002237.13.2.4",
                        "delim": "-"
                      },
                      {
                        "v": "ni",
                        "gdl_utf8": "𒉌",
                        "id": "Q002237.13.2.5"
                      }
                    ],
                    "cf": "dug",
                    "gw": "speak",
                    "sense": "to speak, talk, say",
                    "norm0": "V.na.n:dug;a,ani",
                    "pos": "V/t",
                    "epos": "V/t",
                    "base": "du₁₁-g·a",
                    "morph": "V.na.n:~;a,ani"
                  }
                },
                {
                  "node": "d",
                  "type": "line-start",
                  "ref": "Q002237.14",
                  "n": "14",
                  "label": "14"
                },
                {
                  "node": "l",
                  "frag": "an-da-ŋen-na-ta",
                  "id": "Q002237.l0032b",
                  "ref": "Q002237.14.1",
                  "inst": "ŋen[go//to go]V/i'V/i/ŋen#V.n.da:~;a,ta",
                  "sig": "@ribo/babylon0%sux:an-da-ŋen-na-ta=ŋen[go//to go]V/i'V/i$V.n.da:ŋen;a,ta/ŋen#V.n.da:~;a,ta",
                  "f": {
                    "lang": "sux",
                    "form": "an-da-ŋen-na-ta",
                    "gdl": [
                      {
                        "v": "an",
                        "gdl_utf8": "𒀭",
                        "id": "Q002237.14.1.0",
                        "delim": "-"
                      },
                      {
                        "v": "da",
                        "gdl_utf8": "𒁕",
                        "id": "Q002237.14.1.1",
                        "delim": "-"
                      },
                      {
                        "v": "ŋen",
                        "gdl_utf8": "𒁺",
                        "id": "Q002237.14.1.2",
                        "delim": "-"
                      },
                      {
                        "v": "na",
                        "gdl_utf8": "𒈾",
                        "id": "Q002237.14.1.3",
                        "delim": "-"
                      },
                      {
                        "v": "ta",
                        "gdl_utf8": "𒋫",
                        "id": "Q002237.14.1.4"
                      }
                    ],
                    "cf": "ŋen",
                    "gw": "go",
                    "sense": "to go",
                    "norm0": "V.n.da:ŋen;a,ta",
                    "pos": "V/i",
                    "epos": "V/i",
                    "base": "ŋen",
                    "morph": "V.n.da:~;a,ta"
                  }
                },
                {
                  "node": "d",
                  "type": "line-start",
                  "ref": "Q002237.15",
                  "n": "15",
                  "label": "15"
                },
                {
                  "node": "l",
                  "frag": "⸢ša₃⸣-la₂",
                  "id": "Q002237.l0032c",
                  "ref": "Q002237.15.1",
                  "inst": "šala[pity]N",
                  "sig": "@ribo/babylon0%sux:ša₃-la₂=šala[pity//pity]N'N$šala/ša₃-la₂#~",
                  "f": {
                    "lang": "sux",
                    "form": "ša₃-la₂",
                    "delim": "",
                    "gdl": [
                      {
                        "v": "ša₃",
                        "gdl_utf8": "𒊮",
                        "id": "Q002237.15.1.0",
                        "break": "damaged",
                        "ho": "1",
                        "delim": "-",
                        "hc": "1"
                      },
                      {
                        "v": "la₂",
                        "gdl_utf8": "𒇲",
                        "id": "Q002237.15.1.1"
                      }
                    ],
                    "cf": "šala",
                    "gw": "pity",
                    "sense": "pity",
                    "norm0": "šala",
                    "pos": "N",
                    "epos": "N",
                    "base": "ša₃-la₂",
                    "morph": "~"
                  }
                },
                {
                  "node": "l",
                  "frag": "in-ši-in-sug₄-am₃",
                  "id": "Q002237.l0032d",
                  "ref": "Q002237.15.2",
                  "inst": "sug[full//(to be) full]V/i'V/i/sug₄#V.n.ši.n:~;am",
                  "sig": "@ribo/babylon0%sux:in-ši-in-sug₄-am₃=sug[full//(to be) full]V/i'V/i$V.n.ši.n:sug;am/sug₄#V.n.ši.n:~;am",
                  "f": {
                    "lang": "sux",
                    "form": "in-ši-in-sug₄-am₃",
                    "gdl": [
                      {
                        "v": "in",
                        "gdl_utf8": "𒅔",
                        "id": "Q002237.15.2.0",
                        "delim": "-"
                      },
                      {
                        "v": "ši",
                        "gdl_utf8": "𒅆",
                        "id": "Q002237.15.2.1",
                        "delim": "-"
                      },
                      {
                        "v": "in",
                        "gdl_utf8": "𒅔",
                        "id": "Q002237.15.2.2",
                        "delim": "-"
                      },
                      {
                        "v": "sug₄",
                        "gdl_utf8": "𒋤",
                        "id": "Q002237.15.2.3",
                        "delim": "-"
                      },
                      {
                        "v": "am₃",
                        "gdl_utf8": "𒀀𒀭",
                        "id": "Q002237.15.2.4"
                      }
                    ],
                    "cf": "sug",
                    "gw": "full",
                    "sense": "(to be) full",
                    "norm0": "V.n.ši.n:sug;am",
                    "pos": "V/i",
                    "epos": "V/i",
                    "base": "sug₄",
                    "morph": "V.n.ši.n:~;am"
                  }
                },
                {
                  "node": "d",
                  "type": "line-start",
                  "ref": "Q002237.16",
                  "n": "16",
                  "label": "16"
                },
                {
                  "node": "l",
                  "frag": "zi",
                  "id": "Q002237.l0032e",
                  "ref": "Q002237.16.1",
                  "inst": "zi[life]N/zi#~",
                  "sig": "@ribo/babylon0%sux:zi=zi[life//life]N'N$zi/zi#~",
                  "f": {
                    "lang": "sux",
                    "form": "zi",
                    "delim": "",
                    "gdl": [
                      {
                        "v": "zi",
                        "gdl_utf8": "𒍣",
                        "id": "Q002237.16.1.0"
                      }
                    ],
                    "cf": "zi",
                    "gw": "life",
                    "sense": "life",
                    "norm0": "zi",
                    "pos": "N",
                    "epos": "N",
                    "base": "zi",
                    "morph": "~"
                  }
                },
                {
                  "node": "l",
                  "frag": "nam-til₃-la",
                  "id": "Q002237.l0032f",
                  "ref": "Q002237.16.2",
                  "inst": "namtil[life]N",
                  "sig": "@ribo/babylon0%sux:nam-til₃-la=namtil[life//life]N'N$namtil,ak/nam-til₃+-la=l.a#~,ak",
                  "f": {
                    "lang": "sux",
                    "form": "nam-til₃-la",
                    "gdl": [
                      {
                        "v": "nam",
                        "gdl_utf8": "𒉆",
                        "id": "Q002237.16.2.0",
                        "delim": "-"
                      },
                      {
                        "v": "til₃",
                        "gdl_utf8": "𒋾",
                        "id": "Q002237.16.2.1",
                        "delim": "-"
                      },
                      {
                        "v": "la",
                        "gdl_utf8": "𒆷",
                        "id": "Q002237.16.2.2"
                      }
                    ],
                    "cf": "namtil",
                    "gw": "life",
                    "sense": "life",
                    "norm0": "namtil,ak",
                    "pos": "N",
                    "epos": "N",
                    "base": "nam-til₃",
                    "cont": "-la=l.a",
                    "morph": "~,ak"
                  }
                },
                {
                  "node": "d",
                  "type": "line-start",
                  "ref": "Q002237.17",
                  "n": "17",
                  "label": "17"
                },
                {
                  "node": "l",
                  "frag": "in-na-an-ba-a",
                  "id": "Q002237.l00330",
                  "ref": "Q002237.17.1",
                  "inst": "ba[allot//to present]V/t",
                  "sig": "@ribo/babylon0%sux:in-na-an-ba-a=ba[allot//to present]V/t'V/t$V.na.n:ba;a/ba#V.na.n:~;a",
                  "f": {
                    "lang": "sux",
                    "form": "in-na-an-ba-a",
                    "gdl": [
                      {
                        "v": "in",
                        "gdl_utf8": "𒅔",
                        "id": "Q002237.17.1.0",
                        "delim": "-"
                      },
                      {
                        "v": "na",
                        "gdl_utf8": "𒈾",
                        "id": "Q002237.17.1.1",
                        "delim": "-"
                      },
                      {
                        "v": "an",
                        "gdl_utf8": "𒀭",
                        "id": "Q002237.17.1.2",
                        "delim": "-"
                      },
                      {
                        "v": "ba",
                        "gdl_utf8": "𒁀",
                        "id": "Q002237.17.1.3",
                        "delim": "-"
                      },
                      {
                        "v": "a",
                        "gdl_utf8": "𒀀",
                        "id": "Q002237.17.1.4"
                      }
                    ],
                    "cf": "ba",
                    "gw": "allot",
                    "sense": "to present",
                    "norm0": "V.na.n:ba;a",
                    "pos": "V/t",
                    "epos": "V/t",
                    "base": "ba",
                    "morph": "V.na.n:~;a"
                  }
                },
                {
                  "node": "d",
                  "type": "line-start",
                  "ref": "Q002237.18",
                  "n": "18",
                  "label": "18"
                },
                {
                  "node": "l",
                  "frag": "{uruda}alan",
                  "id": "Q002237.l00331",
                  "ref": "Q002237.18.1",
                  "inst": "alan[statue]N/{uruda}alan#~",
                  "sig": "@ribo/babylon0%sux:{uruda}alan=alan[statue//statue]N'N$alan/{uruda}alan#~",
                  "f": {
                    "lang": "sux",
                    "form": "{uruda}alan",
                    "delim": "",
                    "gdl": [
                      {
                        "det": "semantic",
                        "pos": "pre",
                        "seq": [
                          {
                            "v": "uruda",
                            "gdl_utf8": "𒍏",
                            "id": "Q002237.18.1.0"
                          }
                        ]
                      },
                      {
                        "v": "alan",
                        "gdl_utf8": "𒀩",
                        "id": "Q002237.18.1.1"
                      }
                    ],
                    "cf": "alan",
                    "gw": "statue",
                    "sense": "statue",
                    "norm0": "alan",
                    "pos": "N",
                    "epos": "N",
                    "base": "{uruda}alan",
                    "morph": "~"
                  }
                },
                {
                  "node": "l",
                  "frag": "ša₃-ne-ša₄",
                  "id": "Q002237.l00332",
                  "ref": "Q002237.18.2",
                  "inst": "šaneša[supplication, compassion]N",
                  "sig": "@ribo/babylon0%sux:ša₃-ne-ša₄=šaneša[supplication//supplication, compassion]N'N$šaneša/ša₃-ne-ša₄#~",
                  "f": {
                    "lang": "sux",
                    "form": "ša₃-ne-ša₄",
                    "gdl": [
                      {
                        "v": "ša₃",
                        "gdl_utf8": "𒊮",
                        "id": "Q002237.18.2.0",
                        "delim": "-"
                      },
                      {
                        "v": "ne",
                        "gdl_utf8": "𒉈",
                        "id": "Q002237.18.2.1",
                        "delim": "-"
                      },
                      {
                        "v": "ša₄",
                        "gdl_utf8": "𒁺",
                        "id": "Q002237.18.2.2"
                      }
                    ],
                    "cf": "šaneša",
                    "gw": "supplication",
                    "sense": "supplication, compassion",
                    "norm0": "šaneša",
                    "pos": "N",
                    "epos": "N",
                    "base": "ša₃-ne-ša₄",
                    "morph": "~"
                  }
                },
                {
                  "node": "d",
                  "type": "line-start",
                  "ref": "Q002237.19",
                  "n": "19",
                  "label": "19"
                },
                {
                  "node": "l",
                  "frag": "du₁₀",
                  "id": "Q002237.l00333",
                  "ref": "Q002237.19.1",
                  "inst": "dub[knee]N/du₁₀#~",
                  "sig": "@ribo/babylon0%sux:du₁₀=dub[knee//knee]N'N$dub/du₁₀#~",
                  "f": {
                    "lang": "sux",
                    "form": "du₁₀",
                    "delim": "",
                    "gdl": [
                      {
                        "v": "du₁₀",
                        "gdl_utf8": "𒄭",
                        "id": "Q002237.19.1.0"
                      }
                    ],
                    "cf": "dub",
                    "gw": "knee",
                    "sense": "knee",
                    "norm0": "dub",
                    "pos": "N",
                    "epos": "N",
                    "base": "du₁₀",
                    "morph": "~"
                  }
                },
                {
                  "node": "l",
                  "frag": "bi₂-in-gurum-ma",
                  "id": "Q002237.l00334",
                  "ref": "Q002237.19.2",
                  "inst": "gurum[bend//to bend, curve, wrap around]V/t'V/t",
                  "sig": "@ribo/babylon0%sux:bi₂-in-gurum-ma=gurum[bend//to bend]V/t'V/t$ba.i.n:gurum;a/gurum+-ma=m.a#ba.i.n:~;a",
                  "f": {
                    "lang": "sux",
                    "form": "bi₂-in-gurum-ma",
                    "gdl": [
                      {
                        "v": "bi₂",
                        "gdl_utf8": "𒉈",
                        "id": "Q002237.19.2.0",
                        "delim": "-"
                      },
                      {
                        "v": "in",
                        "gdl_utf8": "𒅔",
                        "id": "Q002237.19.2.1",
                        "delim": "-"
                      },
                      {
                        "v": "gurum",
                        "gdl_utf8": "𒃵",
                        "id": "Q002237.19.2.2",
                        "delim": "-"
                      },
                      {
                        "v": "ma",
                        "gdl_utf8": "𒈠",
                        "id": "Q002237.19.2.3"
                      }
                    ],
                    "cf": "gurum",
                    "gw": "bend",
                    "sense": "to bend",
                    "norm0": "ba.i.n:gurum;a",
                    "pos": "V/t",
                    "epos": "V/t",
                    "base": "gurum",
                    "cont": "-ma=m.a",
                    "morph": "ba.i.n:~;a"
                  }
                },
                {
                  "node": "d",
                  "type": "line-start",
                  "ref": "Q002237.20",
                  "n": "20",
                  "label": "20"
                },
                {
                  "node": "l",
                  "frag": "muš₃-me-bi",
                  "id": "Q002237.l00335",
                  "ref": "Q002237.20.1",
                  "inst": "mušme[face//face, appearance]N'N/muš₃-me#~",
                  "sig": "@ribo/babylon0%sux:muš₃-me-bi=mušme[face//face, appearance]N'N$mušme/muš₃-me#~",
                  "f": {
                    "lang": "sux",
                    "form": "muš₃-me-bi",
                    "delim": "",
                    "gdl": [
                      {
                        "v": "muš₃",
                        "gdl_utf8": "𒈹",
                        "id": "Q002237.20.1.0",
                        "delim": "-"
                      },
                      {
                        "v": "me",
                        "gdl_utf8": "𒈨",
                        "id": "Q002237.20.1.1",
                        "delim": "-"
                      },
                      {
                        "v": "bi",
                        "gdl_utf8": "𒁉",
                        "id": "Q002237.20.1.2"
                      }
                    ],
                    "cf": "mušme",
                    "gw": "face",
                    "sense": "face, appearance",
                    "norm0": "mušme",
                    "pos": "N",
                    "epos": "N",
                    "base": "muš₃-me",
                    "morph": "~"
                  }
                },
                {
                  "node": "l",
                  "frag": "ku₃-babbar",
                  "id": "Q002237.l00336",
                  "ref": "Q002237.20.2",
                  "inst": "kugbabbar[silver]N/ku₃-babbar#~",
                  "sig": "@ribo/babylon0%sux:ku₃-babbar=kugbabbar[silver//silver]N'N$kugbabbar/ku₃-babbar#~",
                  "f": {
                    "lang": "sux",
                    "form": "ku₃-babbar",
                    "delim": "",
                    "gdl": [
                      {
                        "v": "ku₃",
                        "gdl_utf8": "𒆬",
                        "id": "Q002237.20.2.0",
                        "delim": "-"
                      },
                      {
                        "v": "babbar",
                        "gdl_utf8": "𒌓",
                        "id": "Q002237.20.2.1"
                      }
                    ],
                    "cf": "kugbabbar",
                    "gw": "silver",
                    "sense": "silver",
                    "norm0": "kugbabbar",
                    "pos": "N",
                    "epos": "N",
                    "base": "ku₃-babbar",
                    "morph": "~"
                  }
                },
                {
                  "node": "l",
                  "frag": "ŋar-ra",
                  "id": "Q002237.l00337",
                  "ref": "Q002237.20.3",
                  "inst": "ŋar[place//to inlay, encrust, mount with]V/t'V/t",
                  "sig": "@ribo/babylon0%sux:ŋar-ra=ŋar[place//to inlay, encrust, mount with]V/t'V/t$ŋar;a/ŋar+-ra=r.a#~;a",
                  "f": {
                    "lang": "sux",
                    "form": "ŋar-ra",
                    "gdl": [
                      {
                        "v": "ŋar",
                        "gdl_utf8": "𒃻",
                        "id": "Q002237.20.3.0",
                        "delim": "-"
                      },
                      {
                        "v": "ra",
                        "gdl_utf8": "𒊏",
                        "id": "Q002237.20.3.1"
                      }
                    ],
                    "cf": "ŋar",
                    "gw": "place",
                    "sense": "to inlay, encrust, mount with",
                    "norm0": "ŋar;a",
                    "pos": "V/t",
                    "epos": "V/t",
                    "base": "ŋar",
                    "cont": "-ra=r.a",
                    "morph": "~;a"
                  }
                },
                {
                  "node": "d",
                  "type": "line-start",
                  "ref": "Q002237.21",
                  "n": "21",
                  "label": "21"
                },
                {
                  "node": "l",
                  "frag": "šudu₃",
                  "id": "Q002237.l00338",
                  "ref": "Q002237.21.1",
                  "inst": "šud[prayer//prayer, dedication]N'N/šudu₃#~",
                  "sig": "@ribo/babylon0%sux:šudu₃=šud[prayer//prayer, dedication]N'N$šud/šudu₃#~",
                  "f": {
                    "lang": "sux",
                    "form": "šudu₃",
                    "delim": "",
                    "gdl": [
                      {
                        "v": "šudu₃",
                        "gdl_utf8": "𒆃",
                        "id": "Q002237.21.1.0"
                      }
                    ],
                    "cf": "šud",
                    "gw": "prayer",
                    "sense": "prayer, dedication",
                    "norm0": "šud",
                    "pos": "N",
                    "epos": "N",
                    "base": "šudu₃",
                    "morph": "~"
                  }
                },
                {
                  "node": "l",
                  "frag": "⸢in⸣-na-an-[ne₂]-⸢a⸣-ni",
                  "id": "Q002237.l00339",
                  "ref": "Q002237.21.2",
                  "inst": "e[perfect plural and imperfect stem of dug⟦to speak⟧]V/t/n°e₂#V.na.n:~;a,ani",
                  "sig": "@ribo/babylon0%sux:in-na-an-ne₂-a-ni=e[speak//perfect plural and imperfect stem of dug⟦to speak⟧]V/t'V/t$V.na.n:e;a,ani/n°e₂#V.na.n:~;a,ani",
                  "f": {
                    "lang": "sux",
                    "form": "in-na-an-ne₂-a-ni",
                    "gdl": [
                      {
                        "v": "in",
                        "gdl_utf8": "𒅔",
                        "id": "Q002237.21.2.0",
                        "break": "damaged",
                        "ho": "1",
                        "delim": "-",
                        "hc": "1"
                      },
                      {
                        "v": "na",
                        "gdl_utf8": "𒈾",
                        "id": "Q002237.21.2.1",
                        "delim": "-"
                      },
                      {
                        "v": "an",
                        "gdl_utf8": "𒀭",
                        "id": "Q002237.21.2.2",
                        "delim": "-"
                      },
                      {
                        "v": "ne₂",
                        "gdl_utf8": "𒉌",
                        "id": "Q002237.21.2.3",
                        "breakStart": "1",
                        "o": "]",
                        "break": "missing",
                        "breakEnd": "Q002237.21.2.3",
                        "delim": "-"
                      },
                      {
                        "v": "a",
                        "gdl_utf8": "𒀀",
                        "id": "Q002237.21.2.4",
                        "break": "damaged",
                        "ho": "1",
                        "delim": "-",
                        "hc": "1"
                      },
                      {
                        "v": "ni",
                        "gdl_utf8": "𒉌",
                        "id": "Q002237.21.2.5"
                      }
                    ],
                    "cf": "e",
                    "gw": "speak",
                    "sense": "perfect plural and imperfect stem of dug⟦to speak⟧",
                    "norm0": "V.na.n:e;a,ani",
                    "pos": "V/t",
                    "epos": "V/t",
                    "base": "n°e₂",
                    "morph": "V.na.n:~;a,ani"
                  }
                },
                {
                  "node": "d",
                  "type": "line-start",
                  "ref": "Q002237.22",
                  "n": "22",
                  "label": "22"
                },
                {
                  "node": "l",
                  "frag": "in-⸢na⸣-[ni]-in-dim₂",
                  "id": "Q002237.l0033a",
                  "ref": "Q002237.22.1",
                  "inst": "dim[create//to create, make, manufacture]V/t'V/t",
                  "sig": "@ribo/babylon0%sux:in-na-ni-in-dim₂=dim[create//to create, make, manufacture]V/t'V/t$V.na.ni.n:dim/dim₂#V.na.ni.n:~",
                  "f": {
                    "lang": "sux",
                    "form": "in-na-ni-in-dim₂",
                    "gdl": [
                      {
                        "v": "in",
                        "gdl_utf8": "𒅔",
                        "id": "Q002237.22.1.0",
                        "delim": "-"
                      },
                      {
                        "v": "na",
                        "gdl_utf8": "𒈾",
                        "id": "Q002237.22.1.1",
                        "break": "damaged",
                        "ho": "1",
                        "delim": "-",
                        "hc": "1"
                      },
                      {
                        "v": "ni",
                        "gdl_utf8": "𒉌",
                        "id": "Q002237.22.1.2",
                        "breakStart": "1",
                        "o": "]",
                        "break": "missing",
                        "breakEnd": "Q002237.22.1.2",
                        "delim": "-"
                      },
                      {
                        "v": "in",
                        "gdl_utf8": "𒅔",
                        "id": "Q002237.22.1.3",
                        "delim": "-"
                      },
                      {
                        "v": "dim₂",
                        "gdl_utf8": "𒁶",
                        "id": "Q002237.22.1.4"
                      }
                    ],
                    "cf": "dim",
                    "gw": "create",
                    "sense": "to create, make, manufacture",
                    "norm0": "V.na.ni.n:dim",
                    "pos": "V/t",
                    "epos": "V/t",
                    "base": "dim₂",
                    "morph": "V.na.ni.n:~"
                  }
                },
                {
                  "node": "d",
                  "type": "line-start",
                  "ref": "Q002237.23",
                  "n": "23",
                  "label": "23"
                },
                {
                  "node": "l",
                  "frag": "{uruda}⸢alan⸣",
                  "id": "Q002237.l0033b",
                  "ref": "Q002237.23.1",
                  "inst": "alan[statue]N",
                  "sig": "@ribo/babylon0%sux:{uruda}alan=alan[statue//statue]N'N$alan/{uruda}alan#~",
                  "f": {
                    "lang": "sux",
                    "form": "{uruda}alan",
                    "delim": "",
                    "gdl": [
                      {
                        "det": "semantic",
                        "pos": "pre",
                        "seq": [
                          {
                            "v": "uruda",
                            "gdl_utf8": "𒍏",
                            "id": "Q002237.23.1.0"
                          }
                        ]
                      },
                      {
                        "v": "alan",
                        "gdl_utf8": "𒀩",
                        "id": "Q002237.23.1.1",
                        "break": "damaged",
                        "ho": "1",
                        "hc": "1"
                      }
                    ],
                    "cf": "alan",
                    "gw": "statue",
                    "sense": "statue",
                    "norm0": "alan",
                    "pos": "N",
                    "epos": "N",
                    "base": "{uruda}alan",
                    "morph": "~"
                  }
                },
                {
                  "node": "l",
                  "frag": "ne-e",
                  "id": "Q002237.l0033c",
                  "ref": "Q002237.23.2",
                  "inst": "nen[this]DP",
                  "sig": "@ribo/babylon0%sux:ne-e=nen[this//this]DP'DP$nen/ne-e#~",
                  "f": {
                    "lang": "sux",
                    "form": "ne-e",
                    "gdl": [
                      {
                        "v": "ne",
                        "gdl_utf8": "𒉈",
                        "id": "Q002237.23.2.0",
                        "delim": "-"
                      },
                      {
                        "v": "e",
                        "gdl_utf8": "𒂊",
                        "id": "Q002237.23.2.1"
                      }
                    ],
                    "cf": "nen",
                    "gw": "this",
                    "sense": "this",
                    "norm0": "nen",
                    "pos": "DP",
                    "epos": "DP",
                    "base": "ne-e",
                    "morph": "~"
                  }
                },
                {
                  "node": "d",
                  "type": "line-start",
                  "ref": "Q002237.24",
                  "n": "24",
                  "label": "24"
                },
                {
                  "node": "l",
                  "frag": "igi",
                  "id": "Q002237.l0033d",
                  "ref": "Q002237.24.1",
                  "inst": "igi[front]N",
                  "sig": "@ribo/babylon0%sux:igi=igi[face//front]N'N$igi/igi#~",
                  "f": {
                    "lang": "sux",
                    "form": "igi",
                    "delim": "",
                    "gdl": [
                      {
                        "v": "igi",
                        "gdl_utf8": "𒅆",
                        "id": "Q002237.24.1.0"
                      }
                    ],
                    "cf": "igi",
                    "gw": "face",
                    "sense": "front",
                    "norm0": "igi",
                    "pos": "N",
                    "epos": "N",
                    "base": "igi",
                    "morph": "~"
                  }
                },
                {
                  "node": "l",
                  "frag": "{d}utu",
                  "id": "Q002237.l0033e",
                  "ref": "Q002237.24.2",
                  "inst": "Utu[1]DN",
                  "sig": "@ribo/babylon0%sux:{d}utu=Utu[1//1]DN'DN$Utu/{d}utu#~",
                  "f": {
                    "lang": "sux",
                    "form": "{d}utu",
                    "gdl": [
                      {
                        "det": "semantic",
                        "pos": "pre",
                        "seq": [
                          {
                            "v": "d",
                            "gdl_utf8": "𒀭",
                            "id": "Q002237.24.2.0"
                          }
                        ]
                      },
                      {
                        "v": "utu",
                        "gdl_utf8": "𒌓",
                        "id": "Q002237.24.2.1"
                      }
                    ],
                    "cf": "Utu",
                    "gw": "1",
                    "sense": "1",
                    "norm0": "Utu",
                    "pos": "DN",
                    "epos": "DN",
                    "base": "{d}utu",
                    "morph": "~"
                  }
                },
                {
                  "node": "d",
                  "type": "line-start",
                  "ref": "Q002237.25",
                  "n": "25",
                  "label": "25"
                },
                {
                  "node": "l",
                  "frag": "e₂-di-ku₅-da-ta",
                  "id": "Q002237.l0033f",
                  "ref": "Q002237.25.1",
                  "inst": "Edikuda[]TN/e₂-di-ku₅-da#~,ta",
                  "sig": "@ribo/babylon0%sux:e₂-di-ku₅-da-ta=Edikuda[1//1]TN'TN$Edikuda,ta/e₂-di-ku₅-da#~,ta",
                  "f": {
                    "lang": "sux",
                    "form": "e₂-di-ku₅-da-ta",
                    "gdl": [
                      {
                        "v": "e₂",
                        "gdl_utf8": "𒂍",
                        "id": "Q002237.25.1.0",
                        "delim": "-"
                      },
                      {
                        "v": "di",
                        "gdl_utf8": "𒁲",
                        "id": "Q002237.25.1.1",
                        "delim": "-"
                      },
                      {
                        "v": "ku₅",
                        "gdl_utf8": "𒋻",
                        "id": "Q002237.25.1.2",
                        "delim": "-"
                      },
                      {
                        "v": "da",
                        "gdl_utf8": "𒁕",
                        "id": "Q002237.25.1.3",
                        "delim": "-"
                      },
                      {
                        "v": "ta",
                        "gdl_utf8": "𒋫",
                        "id": "Q002237.25.1.4"
                      }
                    ],
                    "cf": "Edikuda",
                    "gw": "1",
                    "sense": "1",
                    "norm0": "Edikuda,ta",
                    "pos": "TN",
                    "epos": "TN",
                    "base": "e₂-di-ku₅-da",
                    "morph": "~,ta"
                  }
                },
                {
                  "node": "d",
                  "type": "line-start",
                  "ref": "Q002237.26",
                  "n": "26",
                  "label": "26"
                },
                {
                  "node": "l",
                  "frag": "du₁₁-ga-ni",
                  "id": "Q002237.l00340",
                  "ref": "Q002237.26.1",
                  "inst": "duga[command]N",
                  "sig": "@ribo/babylon0%sux:du₁₁-ga-ni=duga[command//command]N'N$duga,ani/du₁₁-ga#~,ani",
                  "f": {
                    "lang": "sux",
                    "form": "du₁₁-ga-ni",
                    "gdl": [
                      {
                        "v": "du₁₁",
                        "gdl_utf8": "𒅗",
                        "id": "Q002237.26.1.0",
                        "delim": "-"
                      },
                      {
                        "v": "ga",
                        "gdl_utf8": "𒂵",
                        "id": "Q002237.26.1.1",
                        "delim": "-"
                      },
                      {
                        "v": "ni",
                        "gdl_utf8": "𒉌",
                        "id": "Q002237.26.1.2"
                      }
                    ],
                    "cf": "duga",
                    "gw": "command",
                    "sense": "command",
                    "norm0": "duga,ani",
                    "pos": "N",
                    "epos": "N",
                    "base": "du₁₁-ga",
                    "morph": "~,ani"
                  }
                },
                {
                  "node": "d",
                  "type": "line-start",
                  "ref": "Q002237.27",
                  "n": "27",
                  "label": "27"
                },
                {
                  "node": "l",
                  "frag": "in-ši-in-še-ga",
                  "id": "Q002237.l00341",
                  "ref": "Q002237.27.1",
                  "inst": "šeg[to agree, be in agreement]V/t",
                  "sig": "@ribo/babylon0%sux:in-ši-in-še-ga=šeg[agree//to agree, be in agreement]V/t'V/t$V.n.ši.n:šeg;a/še-g·a#V.n.ši.n:~;a",
                  "f": {
                    "lang": "sux",
                    "form": "in-ši-in-še-ga",
                    "gdl": [
                      {
                        "v": "in",
                        "gdl_utf8": "𒅔",
                        "id": "Q002237.27.1.0",
                        "delim": "-"
                      },
                      {
                        "v": "ši",
                        "gdl_utf8": "𒅆",
                        "id": "Q002237.27.1.1",
                        "delim": "-"
                      },
                      {
                        "v": "in",
                        "gdl_utf8": "𒅔",
                        "id": "Q002237.27.1.2",
                        "delim": "-"
                      },
                      {
                        "v": "še",
                        "gdl_utf8": "𒊺",
                        "id": "Q002237.27.1.3",
                        "delim": "-"
                      },
                      {
                        "v": "ga",
                        "gdl_utf8": "𒂵",
                        "id": "Q002237.27.1.4"
                      }
                    ],
                    "cf": "šeg",
                    "gw": "agree",
                    "sense": "to agree, be in agreement",
                    "norm0": "V.n.ši.n:šeg;a",
                    "pos": "V/t",
                    "epos": "V/t",
                    "base": "še-g·a",
                    "morph": "V.n.ši.n:~;a"
                  }
                },
                {
                  "node": "d",
                  "type": "line-start",
                  "ref": "Q002237.28",
                  "n": "28",
                  "label": "28"
                },
                {
                  "node": "l",
                  "frag": "mu-ni-[gub]",
                  "id": "Q002237.l00342",
                  "ref": "Q002237.28.1",
                  "inst": "gub[stand//to stand]V/i'V/t",
                  "sig": "@ribo/babylon0%sux:mu-ni-gub=gub[stand//to stand]V/i'V/t$mu.ni:gub/gub#mu.ni:~",
                  "f": {
                    "lang": "sux",
                    "form": "mu-ni-gub",
                    "gdl": [
                      {
                        "v": "mu",
                        "gdl_utf8": "𒈬",
                        "id": "Q002237.28.1.0",
                        "delim": "-"
                      },
                      {
                        "v": "ni",
                        "gdl_utf8": "𒉌",
                        "id": "Q002237.28.1.1",
                        "delim": "-"
                      },
                      {
                        "v": "gub",
                        "gdl_utf8": "𒁺",
                        "id": "Q002237.28.1.2",
                        "breakStart": "1",
                        "o": "]",
                        "break": "missing",
                        "breakEnd": "Q002237.28.1.2"
                      }
                    ],
                    "cf": "gub",
                    "gw": "stand",
                    "sense": "to stand",
                    "norm0": "mu.ni:gub",
                    "pos": "V/i",
                    "epos": "V/t",
                    "base": "gub",
                    "morph": "mu.ni:~"
                  }
                }
              ]
            }
          ]
        }
      ]
    }
  ]
}
