{
  "type": "cdl",
  "project": "ribo/babylon0",
  "source": "http://oracc.org/ribo/babylon0",
  "license": "This data is released under the CC0 license",
  "license-url": "https://creativecommons.org/publicdomain/zero/1.0/",
  "more-info": "http://oracc.org/doc/opendata/",
  "UTC-timestamp": "2019-01-12T08:23:01",
  "textid": "Q002219",
  "cdl": [
    {
      "node": "c",
      "type": "text",
      "id": "Q002219.U0",
      "cdl": [
        {
          "node": "d",
          "type": "object",
          "ref": ""
        },
        {
          "node": "d",
          "type": "surface",
          "ref": ""
        },
        {
          "node": "d",
          "type": "nonx",
          "ref": "Q002219.1",
          "strict": "0",
          "state": "other"
        },
        {
          "node": "c",
          "type": "discourse",
          "subtype": "body",
          "id": "Q002219.U1",
          "cdl": [
            {
              "node": "c",
              "type": "sentence",
              "implicit": "yes",
              "id": "Q002219.U2",
              "label": "1' - 9'",
              "cdl": [
                {
                  "node": "d",
                  "type": "line-start",
                  "ref": "Q002219.2",
                  "n": "1'",
                  "label": "1'"
                },
                {
                  "node": "l",
                  "frag": "⸢lugal⸣",
                  "id": "Q002219.l02b5a",
                  "ref": "Q002219.2.1",
                  "inst": "%sux:lugal=",
                  "f": {
                    "lang": "sux",
                    "form": "lugal",
                    "delim": "",
                    "gdl": [
                      {
                        "v": "lugal",
                        "gdl_utf8": "𒈗",
                        "id": "Q002219.2.1.0",
                        "break": "damaged",
                        "ho": "1",
                        "hc": "1"
                      }
                    ]
                  }
                },
                {
                  "node": "l",
                  "frag": "gu₂",
                  "id": "Q002219.l02b5b",
                  "ref": "Q002219.2.2",
                  "inst": "%sux:gu₂=",
                  "f": {
                    "lang": "sux",
                    "form": "gu₂",
                    "delim": "",
                    "gdl": [
                      {
                        "v": "gu₂",
                        "gdl_utf8": "𒄘",
                        "id": "Q002219.2.2.0"
                      }
                    ]
                  }
                },
                {
                  "node": "l",
                  "frag": "du₃-a",
                  "id": "Q002219.l02b5c",
                  "ref": "Q002219.2.3",
                  "inst": "%sux:du₃-a=",
                  "f": {
                    "lang": "sux",
                    "form": "du₃-a",
                    "delim": "",
                    "gdl": [
                      {
                        "v": "du₃",
                        "gdl_utf8": "𒆕",
                        "id": "Q002219.2.3.0",
                        "delim": "-"
                      },
                      {
                        "v": "a",
                        "gdl_utf8": "𒀀",
                        "id": "Q002219.2.3.1"
                      }
                    ]
                  }
                },
                {
                  "node": "l",
                  "frag": "[...]",
                  "id": "Q002219.l02b5d",
                  "ref": "Q002219.2.4",
                  "inst": "%sux:x=",
                  "f": {
                    "lang": "sux",
                    "form": "x",
                    "gdl": [
                      {
                        "x": "ellipsis",
                        "id": "Q002219.2.4.0",
                        "breakStart": "1",
                        "break": "missing",
                        "o": "]",
                        "breakEnd": "Q002219.2.4.0"
                      }
                    ]
                  }
                },
                {
                  "node": "d",
                  "type": "line-start",
                  "ref": "Q002219.3",
                  "n": "1'a",
                  "label": "1'a"
                },
                {
                  "node": "l",
                  "frag": "šar-[...]",
                  "id": "Q002219.l02b5e",
                  "ref": "Q002219.3.1",
                  "inst": "%akk:šar-x=",
                  "f": {
                    "lang": "akk",
                    "form": "šar-x",
                    "gdl": [
                      {
                        "v": "šar",
                        "gdl_utf8": "𒊬",
                        "id": "Q002219.3.1.0",
                        "delim": "-"
                      },
                      {
                        "x": "ellipsis",
                        "id": "Q002219.3.1.1",
                        "breakStart": "1",
                        "break": "missing",
                        "o": "]",
                        "breakEnd": "Q002219.3.1.1"
                      }
                    ]
                  }
                },
                {
                  "node": "d",
                  "type": "line-start",
                  "ref": "Q002219.4",
                  "n": "2'",
                  "label": "2'"
                },
                {
                  "node": "l",
                  "frag": "bad₃",
                  "id": "Q002219.l02b5f",
                  "ref": "Q002219.4.1",
                  "inst": "%sux:bad₃=",
                  "f": {
                    "lang": "sux",
                    "form": "bad₃",
                    "delim": "",
                    "gdl": [
                      {
                        "v": "bad₃",
                        "gdl_utf8": "𒂦",
                        "id": "Q002219.4.1.0"
                      }
                    ]
                  }
                },
                {
                  "node": "l",
                  "frag": "lu₂-kur₂",
                  "id": "Q002219.l02b60",
                  "ref": "Q002219.4.2",
                  "inst": "%sux:lu₂-kur₂=",
                  "f": {
                    "lang": "sux",
                    "form": "lu₂-kur₂",
                    "delim": "",
                    "gdl": [
                      {
                        "v": "lu₂",
                        "gdl_utf8": "𒇽",
                        "id": "Q002219.4.2.0",
                        "delim": "-"
                      },
                      {
                        "v": "kur₂",
                        "gdl_utf8": "𒉽",
                        "id": "Q002219.4.2.1"
                      }
                    ]
                  }
                },
                {
                  "node": "l",
                  "frag": "⸢mu⸣",
                  "id": "Q002219.l02b61",
                  "ref": "Q002219.4.3",
                  "inst": "%sux:mu=",
                  "f": {
                    "lang": "sux",
                    "form": "mu",
                    "delim": "",
                    "gdl": [
                      {
                        "v": "mu",
                        "gdl_utf8": "𒈬",
                        "id": "Q002219.4.3.0",
                        "break": "damaged",
                        "ho": "1",
                        "hc": "1"
                      }
                    ]
                  }
                },
                {
                  "node": "l",
                  "frag": "[...]",
                  "id": "Q002219.l02b62",
                  "ref": "Q002219.4.4",
                  "inst": "%sux:x=",
                  "f": {
                    "lang": "sux",
                    "form": "x",
                    "gdl": [
                      {
                        "x": "ellipsis",
                        "id": "Q002219.4.4.0",
                        "breakStart": "1",
                        "break": "missing",
                        "o": "]",
                        "breakEnd": "Q002219.4.4.0"
                      }
                    ]
                  }
                },
                {
                  "node": "d",
                  "type": "line-start",
                  "ref": "Q002219.5",
                  "n": "3'",
                  "label": "3'"
                },
                {
                  "node": "l",
                  "frag": "niŋ₂-AK",
                  "id": "Q002219.l02b63",
                  "ref": "Q002219.5.1",
                  "inst": "%sux:niŋ₂-AK=",
                  "f": {
                    "lang": "sux",
                    "form": "niŋ₂-AK",
                    "delim": "",
                    "gdl": [
                      {
                        "v": "niŋ₂",
                        "gdl_utf8": "𒃻",
                        "id": "Q002219.5.1.0",
                        "delim": "-"
                      },
                      {
                        "s": "AK",
                        "gdl_utf8": "𒀝",
                        "id": "Q002219.5.1.1"
                      }
                    ]
                  }
                },
                {
                  "node": "l",
                  "frag": "gal-gal",
                  "id": "Q002219.l02b64",
                  "ref": "Q002219.5.2",
                  "inst": "%sux:gal-gal=",
                  "f": {
                    "lang": "sux",
                    "form": "gal-gal",
                    "delim": "",
                    "gdl": [
                      {
                        "v": "gal",
                        "gdl_utf8": "𒃲",
                        "id": "Q002219.5.2.0",
                        "delim": "-"
                      },
                      {
                        "v": "gal",
                        "gdl_utf8": "𒃲",
                        "id": "Q002219.5.2.1"
                      }
                    ]
                  }
                },
                {
                  "node": "l",
                  "frag": "[...]",
                  "id": "Q002219.l02b65",
                  "ref": "Q002219.5.3",
                  "inst": "%sux:x=",
                  "f": {
                    "lang": "sux",
                    "form": "x",
                    "gdl": [
                      {
                        "x": "ellipsis",
                        "id": "Q002219.5.3.0",
                        "breakStart": "1",
                        "break": "missing",
                        "o": "]",
                        "breakEnd": "Q002219.5.3.0"
                      }
                    ]
                  }
                },
                {
                  "node": "d",
                  "type": "line-start",
                  "ref": "Q002219.6",
                  "n": "4'",
                  "label": "4'"
                },
                {
                  "node": "l",
                  "frag": "nam-a₂-ŋal₂",
                  "id": "Q002219.l02b66",
                  "ref": "Q002219.6.1",
                  "inst": "%sux:nam-a₂-ŋal₂=",
                  "f": {
                    "lang": "sux",
                    "form": "nam-a₂-ŋal₂",
                    "delim": "",
                    "gdl": [
                      {
                        "v": "nam",
                        "gdl_utf8": "𒉆",
                        "id": "Q002219.6.1.0",
                        "delim": "-"
                      },
                      {
                        "v": "a₂",
                        "gdl_utf8": "𒀉",
                        "id": "Q002219.6.1.1",
                        "delim": "-"
                      },
                      {
                        "v": "ŋal₂",
                        "gdl_utf8": "𒅅",
                        "id": "Q002219.6.1.2"
                      }
                    ]
                  }
                },
                {
                  "node": "l",
                  "frag": "x",
                  "id": "Q002219.l02b67",
                  "ref": "Q002219.6.2",
                  "inst": "%sux:x=",
                  "f": {
                    "lang": "sux",
                    "form": "x",
                    "delim": "",
                    "gdl": [
                      {
                        "v": "x",
                        "gdl_utf8": "x",
                        "id": "Q002219.6.2.0"
                      }
                    ]
                  }
                },
                {
                  "node": "l",
                  "frag": "[...]",
                  "id": "Q002219.l02b68",
                  "ref": "Q002219.6.3",
                  "inst": "%sux:x=",
                  "f": {
                    "lang": "sux",
                    "form": "x",
                    "gdl": [
                      {
                        "x": "ellipsis",
                        "id": "Q002219.6.3.0",
                        "breakStart": "1",
                        "break": "missing",
                        "o": "]",
                        "breakEnd": "Q002219.6.3.0"
                      }
                    ]
                  }
                },
                {
                  "node": "d",
                  "type": "line-start",
                  "ref": "Q002219.7",
                  "n": "5'",
                  "label": "5'"
                },
                {
                  "node": "l",
                  "frag": "ha-am-mu-ra-pi₂",
                  "id": "Q002219.l02b69",
                  "ref": "Q002219.7.1",
                  "inst": "%sux:ha-am-mu-ra-pi₂=",
                  "f": {
                    "lang": "sux",
                    "form": "ha-am-mu-ra-pi₂",
                    "delim": "",
                    "gdl": [
                      {
                        "v": "ha",
                        "gdl_utf8": "𒄩",
                        "id": "Q002219.7.1.0",
                        "delim": "-"
                      },
                      {
                        "v": "am",
                        "gdl_utf8": "𒄠",
                        "id": "Q002219.7.1.1",
                        "delim": "-"
                      },
                      {
                        "v": "mu",
                        "gdl_utf8": "𒈬",
                        "id": "Q002219.7.1.2",
                        "delim": "-"
                      },
                      {
                        "v": "ra",
                        "gdl_utf8": "𒊏",
                        "id": "Q002219.7.1.3",
                        "delim": "-"
                      },
                      {
                        "v": "pi₂",
                        "gdl_utf8": "𒁉",
                        "id": "Q002219.7.1.4"
                      }
                    ]
                  }
                },
                {
                  "node": "l",
                  "frag": "[...]",
                  "id": "Q002219.l02b6a",
                  "ref": "Q002219.7.2",
                  "inst": "%sux:x=",
                  "f": {
                    "lang": "sux",
                    "form": "x",
                    "gdl": [
                      {
                        "x": "ellipsis",
                        "id": "Q002219.7.2.0",
                        "breakStart": "1",
                        "break": "missing",
                        "o": "]",
                        "breakEnd": "Q002219.7.2.0"
                      }
                    ]
                  }
                },
                {
                  "node": "d",
                  "type": "line-start",
                  "ref": "Q002219.8",
                  "n": "6'",
                  "label": "6'"
                },
                {
                  "node": "l",
                  "frag": "ša₃-bala-bala",
                  "id": "Q002219.l02b6b",
                  "ref": "Q002219.8.1",
                  "inst": "%sux:ša₃-bala-bala=",
                  "f": {
                    "lang": "sux",
                    "form": "ša₃-bala-bala",
                    "delim": "",
                    "gdl": [
                      {
                        "v": "ša₃",
                        "gdl_utf8": "𒊮",
                        "id": "Q002219.8.1.0",
                        "delim": "-"
                      },
                      {
                        "v": "bala",
                        "gdl_utf8": "𒁄",
                        "id": "Q002219.8.1.1",
                        "delim": "-"
                      },
                      {
                        "v": "bala",
                        "gdl_utf8": "𒁄",
                        "id": "Q002219.8.1.2"
                      }
                    ]
                  }
                },
                {
                  "node": "l",
                  "frag": "[...]",
                  "id": "Q002219.l02b6c",
                  "ref": "Q002219.8.2",
                  "inst": "%sux:x=",
                  "f": {
                    "lang": "sux",
                    "form": "x",
                    "gdl": [
                      {
                        "x": "ellipsis",
                        "id": "Q002219.8.2.0",
                        "breakStart": "1",
                        "break": "missing",
                        "o": "]",
                        "breakEnd": "Q002219.8.2.0"
                      }
                    ]
                  }
                },
                {
                  "node": "d",
                  "type": "line-start",
                  "ref": "Q002219.9",
                  "n": "6'a",
                  "label": "6'a"
                },
                {
                  "node": "l",
                  "frag": "ana",
                  "id": "Q002219.l02b6d",
                  "ref": "Q002219.9.1",
                  "inst": "%akk:ana=",
                  "f": {
                    "lang": "akk",
                    "form": "ana",
                    "delim": "",
                    "gdl": [
                      {
                        "v": "ana",
                        "gdl_utf8": "𒁹",
                        "id": "Q002219.9.1.0"
                      }
                    ]
                  }
                },
                {
                  "node": "l",
                  "frag": "li-ip-[li-pi₂",
                  "id": "Q002219.l02b6e",
                  "ref": "Q002219.9.2",
                  "inst": "%akk:li-ip-li-pi₂=",
                  "f": {
                    "lang": "akk",
                    "form": "li-ip-li-pi₂",
                    "delim": "",
                    "gdl": [
                      {
                        "v": "li",
                        "gdl_utf8": "𒇷",
                        "id": "Q002219.9.2.0",
                        "delim": "-"
                      },
                      {
                        "v": "ip",
                        "gdl_utf8": "𒅁",
                        "id": "Q002219.9.2.1",
                        "delim": "-"
                      },
                      {
                        "v": "li",
                        "gdl_utf8": "𒇷",
                        "id": "Q002219.9.2.2",
                        "breakStart": "1",
                        "o": "[",
                        "break": "missing",
                        "delim": "-"
                      },
                      {
                        "v": "pi₂",
                        "gdl_utf8": "𒁉",
                        "id": "Q002219.9.2.3",
                        "break": "missing"
                      }
                    ]
                  }
                },
                {
                  "node": "l",
                  "frag": "...]",
                  "id": "Q002219.l02b6f",
                  "ref": "Q002219.9.3",
                  "inst": "%akk:x=",
                  "f": {
                    "lang": "akk",
                    "form": "x",
                    "gdl": [
                      {
                        "x": "ellipsis",
                        "id": "Q002219.9.3.0",
                        "break": "missing",
                        "o": "]",
                        "breakEnd": "Q002219.9.2.2"
                      }
                    ]
                  }
                },
                {
                  "node": "d",
                  "type": "line-start",
                  "ref": "Q002219.10",
                  "n": "7'",
                  "label": "7'"
                },
                {
                  "node": "l",
                  "frag": "mu",
                  "id": "Q002219.l02b70",
                  "ref": "Q002219.10.1",
                  "inst": "%sux:mu=",
                  "f": {
                    "lang": "sux",
                    "form": "mu",
                    "delim": "",
                    "gdl": [
                      {
                        "v": "mu",
                        "gdl_utf8": "𒈬",
                        "id": "Q002219.10.1.0"
                      }
                    ]
                  }
                },
                {
                  "node": "l",
                  "frag": "lugal",
                  "id": "Q002219.l02b71",
                  "ref": "Q002219.10.2",
                  "inst": "%sux:lugal=",
                  "f": {
                    "lang": "sux",
                    "form": "lugal",
                    "delim": "",
                    "gdl": [
                      {
                        "v": "lugal",
                        "gdl_utf8": "𒈗",
                        "id": "Q002219.10.2.0"
                      }
                    ]
                  }
                },
                {
                  "node": "l",
                  "frag": "IGI-DU",
                  "id": "Q002219.l02b72",
                  "ref": "Q002219.10.3",
                  "inst": "%sux:IGI-DU=",
                  "f": {
                    "lang": "sux",
                    "form": "IGI-DU",
                    "delim": "",
                    "gdl": [
                      {
                        "s": "IGI",
                        "gdl_utf8": "𒅆",
                        "id": "Q002219.10.3.0",
                        "delim": "-"
                      },
                      {
                        "s": "DU",
                        "gdl_utf8": "𒁺",
                        "id": "Q002219.10.3.1"
                      }
                    ]
                  }
                },
                {
                  "node": "l",
                  "frag": "[...]",
                  "id": "Q002219.l02b73",
                  "ref": "Q002219.10.4",
                  "inst": "%sux:x=",
                  "f": {
                    "lang": "sux",
                    "form": "x",
                    "gdl": [
                      {
                        "x": "ellipsis",
                        "id": "Q002219.10.4.0",
                        "breakStart": "1",
                        "break": "missing",
                        "o": "]",
                        "breakEnd": "Q002219.10.4.0"
                      }
                    ]
                  }
                },
                {
                  "node": "d",
                  "type": "line-start",
                  "ref": "Q002219.11",
                  "n": "7'a",
                  "label": "7'a"
                },
                {
                  "node": "l",
                  "frag": "šu-um",
                  "id": "Q002219.l02b74",
                  "ref": "Q002219.11.1",
                  "inst": "%akk:šu-um=",
                  "f": {
                    "lang": "akk",
                    "form": "šu-um",
                    "delim": "",
                    "gdl": [
                      {
                        "v": "šu",
                        "gdl_utf8": "𒋗",
                        "id": "Q002219.11.1.0",
                        "delim": "-"
                      },
                      {
                        "v": "um",
                        "gdl_utf8": "𒌝",
                        "id": "Q002219.11.1.1"
                      }
                    ]
                  }
                },
                {
                  "node": "l",
                  "frag": "[šar-ri-im",
                  "id": "Q002219.l02b75",
                  "ref": "Q002219.11.2",
                  "inst": "%akk:šar-ri-im=",
                  "f": {
                    "lang": "akk",
                    "form": "šar-ri-im",
                    "delim": "",
                    "gdl": [
                      {
                        "v": "šar",
                        "gdl_utf8": "𒊬",
                        "id": "Q002219.11.2.0",
                        "breakStart": "1",
                        "o": "[",
                        "break": "missing",
                        "delim": "-"
                      },
                      {
                        "v": "ri",
                        "gdl_utf8": "𒊑",
                        "id": "Q002219.11.2.1",
                        "break": "missing",
                        "delim": "-"
                      },
                      {
                        "v": "im",
                        "gdl_utf8": "𒅎",
                        "id": "Q002219.11.2.2",
                        "break": "missing"
                      }
                    ]
                  }
                },
                {
                  "node": "l",
                  "frag": "...]",
                  "id": "Q002219.l02b76",
                  "ref": "Q002219.11.3",
                  "inst": "%akk:x=",
                  "f": {
                    "lang": "akk",
                    "form": "x",
                    "gdl": [
                      {
                        "x": "ellipsis",
                        "id": "Q002219.11.3.0",
                        "break": "missing",
                        "o": "]",
                        "breakEnd": "Q002219.11.2.0"
                      }
                    ]
                  }
                },
                {
                  "node": "d",
                  "type": "line-start",
                  "ref": "Q002219.12",
                  "n": "8'",
                  "label": "8'"
                },
                {
                  "node": "l",
                  "frag": "niŋ₂-dim₂-⸢dim₂⸣",
                  "id": "Q002219.l02b77",
                  "ref": "Q002219.12.1",
                  "inst": "%sux:niŋ₂-dim₂-dim₂=",
                  "f": {
                    "lang": "sux",
                    "form": "niŋ₂-dim₂-dim₂",
                    "delim": "",
                    "gdl": [
                      {
                        "v": "niŋ₂",
                        "gdl_utf8": "𒃻",
                        "id": "Q002219.12.1.0",
                        "delim": "-"
                      },
                      {
                        "v": "dim₂",
                        "gdl_utf8": "𒁶",
                        "id": "Q002219.12.1.1",
                        "delim": "-"
                      },
                      {
                        "v": "dim₂",
                        "gdl_utf8": "𒁶",
                        "id": "Q002219.12.1.2",
                        "break": "damaged",
                        "ho": "1",
                        "hc": "1"
                      }
                    ]
                  }
                },
                {
                  "node": "l",
                  "frag": "[...]",
                  "id": "Q002219.l02b78",
                  "ref": "Q002219.12.2",
                  "inst": "%sux:x=",
                  "f": {
                    "lang": "sux",
                    "form": "x",
                    "gdl": [
                      {
                        "x": "ellipsis",
                        "id": "Q002219.12.2.0",
                        "breakStart": "1",
                        "break": "missing",
                        "o": "]",
                        "breakEnd": "Q002219.12.2.0"
                      }
                    ]
                  }
                },
                {
                  "node": "d",
                  "type": "line-start",
                  "ref": "Q002219.13",
                  "n": "8'a",
                  "label": "8'a"
                },
                {
                  "node": "l",
                  "frag": "x",
                  "id": "Q002219.l02b79",
                  "ref": "Q002219.13.1",
                  "inst": "%akk:x=",
                  "f": {
                    "lang": "akk",
                    "form": "x",
                    "delim": "",
                    "gdl": [
                      {
                        "v": "x",
                        "gdl_utf8": "x",
                        "id": "Q002219.13.1.0"
                      }
                    ]
                  }
                },
                {
                  "node": "l",
                  "frag": "[...]",
                  "id": "Q002219.l02b7a",
                  "ref": "Q002219.13.2",
                  "inst": "%akk:x=",
                  "f": {
                    "lang": "akk",
                    "form": "x",
                    "gdl": [
                      {
                        "x": "ellipsis",
                        "id": "Q002219.13.2.0",
                        "breakStart": "1",
                        "break": "missing",
                        "o": "]",
                        "breakEnd": "Q002219.13.2.0"
                      }
                    ]
                  }
                },
                {
                  "node": "d",
                  "type": "line-start",
                  "ref": "Q002219.14",
                  "n": "9'",
                  "label": "9'"
                },
                {
                  "node": "l",
                  "frag": "niŋ₂",
                  "id": "Q002219.l02b7b",
                  "ref": "Q002219.14.1",
                  "inst": "%sux:niŋ₂=",
                  "f": {
                    "lang": "sux",
                    "form": "niŋ₂",
                    "delim": "",
                    "gdl": [
                      {
                        "v": "niŋ₂",
                        "gdl_utf8": "𒃻",
                        "id": "Q002219.14.1.0"
                      }
                    ]
                  }
                },
                {
                  "node": "l",
                  "frag": "si₃-⸢ga⸣",
                  "id": "Q002219.l02b7c",
                  "ref": "Q002219.14.2",
                  "inst": "%sux:si₃-ga=",
                  "f": {
                    "lang": "sux",
                    "form": "si₃-ga",
                    "delim": "",
                    "gdl": [
                      {
                        "v": "si₃",
                        "gdl_utf8": "𒋧",
                        "id": "Q002219.14.2.0",
                        "delim": "-"
                      },
                      {
                        "v": "ga",
                        "gdl_utf8": "𒂵",
                        "id": "Q002219.14.2.1",
                        "break": "damaged",
                        "ho": "1",
                        "hc": "1"
                      }
                    ]
                  }
                },
                {
                  "node": "l",
                  "frag": "[...]",
                  "id": "Q002219.l02b7d",
                  "ref": "Q002219.14.3",
                  "inst": "%sux:x=",
                  "f": {
                    "lang": "sux",
                    "form": "x",
                    "gdl": [
                      {
                        "x": "ellipsis",
                        "id": "Q002219.14.3.0",
                        "breakStart": "1",
                        "break": "missing",
                        "o": "]",
                        "breakEnd": "Q002219.14.3.0"
                      }
                    ]
                  }
                },
                {
                  "node": "d",
                  "type": "nonx",
                  "ref": "Q002219.15",
                  "strict": "0",
                  "state": "other"
                }
              ]
            }
          ]
        }
      ]
    }
  ]
}
