{
  "type": "cdl",
  "project": "ribo/babylon0",
  "source": "http://oracc.org/ribo/babylon0",
  "license": "This data is released under the CC0 license",
  "license-url": "https://creativecommons.org/publicdomain/zero/1.0/",
  "more-info": "http://oracc.org/doc/opendata/",
  "UTC-timestamp": "2019-01-12T08:22:59",
  "textid": "Q002191",
  "cdl": [
    {
      "node": "c",
      "type": "text",
      "id": "Q002191.U0",
      "cdl": [
        {
          "node": "d",
          "type": "object",
          "ref": ""
        },
        {
          "node": "d",
          "type": "surface",
          "ref": ""
        },
        {
          "node": "c",
          "type": "discourse",
          "subtype": "body",
          "id": "Q002191.U1",
          "cdl": [
            {
              "node": "c",
              "type": "sentence",
              "implicit": "yes",
              "id": "Q002191.U2",
              "label": "1 - 9",
              "cdl": [
                {
                  "node": "d",
                  "type": "line-start",
                  "ref": "Q002191.1",
                  "n": "1",
                  "label": "1"
                },
                {
                  "node": "l",
                  "frag": "ha-am-mu-ra-pi₂",
                  "id": "Q002191.l00c6a",
                  "ref": "Q002191.1.1",
                  "inst": "Hammu-rapi[king of Babylon]RN",
                  "sig": "@ribo/babylon0%sux:ha-am-mu-ra-pi₂=Hammu-rapi[king of Babylon//king of Babylon]RN'RN$Hammu-rapi/ha-am-mu-ra-pi₂#~",
                  "f": {
                    "lang": "sux",
                    "form": "ha-am-mu-ra-pi₂",
                    "gdl": [
                      {
                        "v": "ha",
                        "gdl_utf8": "𒄩",
                        "id": "Q002191.1.1.0",
                        "delim": "-"
                      },
                      {
                        "v": "am",
                        "gdl_utf8": "𒄠",
                        "id": "Q002191.1.1.1",
                        "delim": "-"
                      },
                      {
                        "v": "mu",
                        "gdl_utf8": "𒈬",
                        "id": "Q002191.1.1.2",
                        "delim": "-"
                      },
                      {
                        "v": "ra",
                        "gdl_utf8": "𒊏",
                        "id": "Q002191.1.1.3",
                        "delim": "-"
                      },
                      {
                        "v": "pi₂",
                        "gdl_utf8": "𒁉",
                        "id": "Q002191.1.1.4"
                      }
                    ],
                    "cf": "Hammu-rapi",
                    "gw": "king of Babylon",
                    "sense": "king of Babylon",
                    "norm0": "Hammu-rapi",
                    "pos": "RN",
                    "epos": "RN",
                    "base": "ha-am-mu-ra-pi₂",
                    "morph": "~"
                  }
                },
                {
                  "node": "d",
                  "type": "line-start",
                  "ref": "Q002191.2",
                  "n": "2",
                  "label": "2"
                },
                {
                  "node": "l",
                  "frag": "lugal",
                  "id": "Q002191.l00c6b",
                  "ref": "Q002191.2.1",
                  "inst": "lugal[king]N",
                  "sig": "@ribo/babylon0%sux:lugal=lugal[king//king]N'N$lugal/lugal#~",
                  "f": {
                    "lang": "sux",
                    "form": "lugal",
                    "delim": "",
                    "gdl": [
                      {
                        "v": "lugal",
                        "gdl_utf8": "𒈗",
                        "id": "Q002191.2.1.0"
                      }
                    ],
                    "cf": "lugal",
                    "gw": "king",
                    "sense": "king",
                    "norm0": "lugal",
                    "pos": "N",
                    "epos": "N",
                    "base": "lugal",
                    "morph": "~"
                  }
                },
                {
                  "node": "l",
                  "frag": "kala-ga",
                  "id": "Q002191.l00c6c",
                  "ref": "Q002191.2.2",
                  "inst": "kalag[(to be) strong, powerful, mighty]V/i",
                  "sig": "@ribo/babylon0%sux:kala-ga=kalag[strong//(to be) strong, powerful, mighty]V/i'V/i$kalag;a/kala-g·a#~;a",
                  "f": {
                    "lang": "sux",
                    "form": "kala-ga",
                    "gdl": [
                      {
                        "v": "kala",
                        "gdl_utf8": "𒆗",
                        "id": "Q002191.2.2.0",
                        "delim": "-"
                      },
                      {
                        "v": "ga",
                        "gdl_utf8": "𒂵",
                        "id": "Q002191.2.2.1"
                      }
                    ],
                    "cf": "kalag",
                    "gw": "strong",
                    "sense": "(to be) strong, powerful, mighty",
                    "norm0": "kalag;a",
                    "pos": "V/i",
                    "epos": "V/i",
                    "base": "kala-g·a",
                    "morph": "~;a"
                  }
                },
                {
                  "node": "d",
                  "type": "line-start",
                  "ref": "Q002191.3",
                  "n": "3",
                  "label": "3"
                },
                {
                  "node": "l",
                  "frag": "lugal",
                  "id": "Q002191.l00c6d",
                  "ref": "Q002191.3.1",
                  "inst": "lugal[king]N",
                  "sig": "@ribo/babylon0%sux:lugal=lugal[king//king]N'N$lugal/lugal#~",
                  "f": {
                    "lang": "sux",
                    "form": "lugal",
                    "gdl": [
                      {
                        "v": "lugal",
                        "gdl_utf8": "𒈗",
                        "id": "Q002191.3.1.0"
                      }
                    ],
                    "cf": "lugal",
                    "gw": "king",
                    "sense": "king",
                    "norm0": "lugal",
                    "pos": "N",
                    "epos": "N",
                    "base": "lugal",
                    "morph": "~"
                  }
                },
                {
                  "node": "d",
                  "type": "line-start",
                  "ref": "Q002191.4",
                  "n": "4",
                  "label": "4"
                },
                {
                  "node": "l",
                  "frag": "babilim₂{ki}",
                  "id": "Q002191.l00c6e",
                  "ref": "Q002191.4.1",
                  "inst": "Babili[Babylon]SN",
                  "sig": "@ribo/babylon0%sux:babilim₂{ki}=Babili[Babylon//Babylon]SN'SN$Babilim/babilim₂{ki}#Babilim",
                  "f": {
                    "lang": "sux",
                    "form": "babilim₂{ki}",
                    "gdl": [
                      {
                        "v": "babilim₂",
                        "gdl_utf8": "𒆍𒀭𒊏",
                        "id": "Q002191.4.1.0"
                      },
                      {
                        "det": "semantic",
                        "pos": "post",
                        "seq": [
                          {
                            "v": "ki",
                            "gdl_utf8": "𒆠",
                            "id": "Q002191.4.1.1"
                          }
                        ]
                      }
                    ],
                    "cf": "Babili",
                    "gw": "Babylon",
                    "sense": "Babylon",
                    "norm": "Babilim",
                    "pos": "SN",
                    "epos": "SN",
                    "base": "babilim₂{ki}",
                    "morph": "Babilim"
                  }
                },
                {
                  "node": "d",
                  "type": "line-start",
                  "ref": "Q002191.5",
                  "n": "5",
                  "label": "5"
                },
                {
                  "node": "l",
                  "frag": "lugal",
                  "id": "Q002191.l00c6f",
                  "ref": "Q002191.5.1",
                  "inst": "lugal[king]N",
                  "sig": "@ribo/babylon0%sux:lugal=lugal[king//king]N'N$lugal/lugal#~",
                  "f": {
                    "lang": "sux",
                    "form": "lugal",
                    "delim": "",
                    "gdl": [
                      {
                        "v": "lugal",
                        "gdl_utf8": "𒈗",
                        "id": "Q002191.5.1.0"
                      }
                    ],
                    "cf": "lugal",
                    "gw": "king",
                    "sense": "king",
                    "norm0": "lugal",
                    "pos": "N",
                    "epos": "N",
                    "base": "lugal",
                    "morph": "~"
                  }
                },
                {
                  "node": "l",
                  "frag": "an-ub-da",
                  "id": "Q002191.l00c70",
                  "ref": "Q002191.5.2",
                  "inst": "anubda[a cosmographic or geographic term, quarter (of the universe)]N",
                  "sig": "@ribo/babylon0%sux:an-ub-da=anubda[quarter//a cosmographic or geographic term, quarter (of the universe)]N'N$anubda/an-ub-da#~",
                  "f": {
                    "lang": "sux",
                    "form": "an-ub-da",
                    "delim": "",
                    "gdl": [
                      {
                        "v": "an",
                        "gdl_utf8": "𒀭",
                        "id": "Q002191.5.2.0",
                        "delim": "-"
                      },
                      {
                        "v": "ub",
                        "gdl_utf8": "𒌒",
                        "id": "Q002191.5.2.1",
                        "delim": "-"
                      },
                      {
                        "v": "da",
                        "gdl_utf8": "𒁕",
                        "id": "Q002191.5.2.2"
                      }
                    ],
                    "cf": "anubda",
                    "gw": "quarter",
                    "sense": "a cosmographic or geographic term, quarter (of the universe)",
                    "norm0": "anubda",
                    "pos": "N",
                    "epos": "N",
                    "base": "an-ub-da",
                    "morph": "~"
                  }
                },
                {
                  "node": "l",
                  "frag": "limmu₂-ba-ke₄",
                  "id": "Q002191.l00c71",
                  "ref": "Q002191.5.3",
                  "inst": "limmu[four]NU",
                  "sig": "@ribo/babylon0%sux:limmu₂-ba-ke₄=limmu[four//four]NU'NU$limmu,bi.ak.e/limmu₂#~,bi.ak.e",
                  "f": {
                    "lang": "sux",
                    "form": "limmu₂-ba-ke₄",
                    "gdl": [
                      {
                        "v": "limmu₂",
                        "gdl_utf8": "𒇹",
                        "id": "Q002191.5.3.0",
                        "delim": "-"
                      },
                      {
                        "v": "ba",
                        "gdl_utf8": "𒁀",
                        "id": "Q002191.5.3.1",
                        "delim": "-"
                      },
                      {
                        "v": "ke₄",
                        "gdl_utf8": "𒆤",
                        "id": "Q002191.5.3.2"
                      }
                    ],
                    "cf": "limmu",
                    "gw": "four",
                    "sense": "four",
                    "norm0": "limmu,bi.ak.e",
                    "pos": "NU",
                    "epos": "NU",
                    "base": "limmu₂",
                    "morph": "~,bi.ak.e"
                  }
                },
                {
                  "node": "d",
                  "type": "line-start",
                  "ref": "Q002191.6",
                  "n": "6",
                  "label": "6"
                },
                {
                  "node": "l",
                  "frag": "ba-dim₂",
                  "id": "Q002191.l00c72",
                  "ref": "Q002191.6.1",
                  "inst": "badim[creator]N",
                  "sig": "@ribo/babylon0%sux:ba-dim₂=badim[creator//creator]N'N$badim/ba-dim₂#~",
                  "f": {
                    "lang": "sux",
                    "form": "ba-dim₂",
                    "gdl": [
                      {
                        "v": "ba",
                        "gdl_utf8": "𒁀",
                        "id": "Q002191.6.1.0",
                        "delim": "-"
                      },
                      {
                        "v": "dim₂",
                        "gdl_utf8": "𒁶",
                        "id": "Q002191.6.1.1"
                      }
                    ],
                    "cf": "badim",
                    "gw": "creator",
                    "sense": "creator",
                    "norm0": "badim",
                    "pos": "N",
                    "epos": "N",
                    "base": "ba-dim₂",
                    "morph": "~"
                  }
                },
                {
                  "node": "d",
                  "type": "line-start",
                  "ref": "Q002191.7",
                  "n": "7",
                  "label": "7"
                },
                {
                  "node": "l",
                  "frag": "e₂-zi-kalam-ma",
                  "id": "Q002191.l00c73",
                  "ref": "Q002191.7.1",
                  "inst": "+Ezikalama[1]TN",
                  "sig": "@ribo/babylon0%sux:e₂-zi-kalam-ma=Ezikalama[1//1]TN'TN$Ezikalama/e₂-zi-kalam-ma#~",
                  "f": {
                    "lang": "sux",
                    "form": "e₂-zi-kalam-ma",
                    "gdl": [
                      {
                        "v": "e₂",
                        "gdl_utf8": "𒂍",
                        "id": "Q002191.7.1.0",
                        "delim": "-"
                      },
                      {
                        "v": "zi",
                        "gdl_utf8": "𒍣",
                        "id": "Q002191.7.1.1",
                        "delim": "-"
                      },
                      {
                        "v": "kalam",
                        "gdl_utf8": "𒌦",
                        "id": "Q002191.7.1.2",
                        "delim": "-"
                      },
                      {
                        "v": "ma",
                        "gdl_utf8": "𒈠",
                        "id": "Q002191.7.1.3"
                      }
                    ],
                    "cf": "Ezikalama",
                    "gw": "1",
                    "sense": "1",
                    "norm0": "Ezikalama",
                    "pos": "TN",
                    "epos": "TN",
                    "base": "e₂-zi-kalam-ma",
                    "morph": "~"
                  }
                },
                {
                  "node": "d",
                  "type": "line-start",
                  "ref": "Q002191.8",
                  "n": "8",
                  "label": "8"
                },
                {
                  "node": "l",
                  "frag": "e₂",
                  "id": "Q002191.l00c74",
                  "ref": "Q002191.8.1",
                  "inst": "e[temple]N",
                  "sig": "@ribo/babylon0%sux:e₂=e[house//temple]N'N$e/e₂#~",
                  "f": {
                    "lang": "sux",
                    "form": "e₂",
                    "delim": "",
                    "gdl": [
                      {
                        "v": "e₂",
                        "gdl_utf8": "𒂍",
                        "id": "Q002191.8.1.0"
                      }
                    ],
                    "cf": "e",
                    "gw": "house",
                    "sense": "temple",
                    "norm0": "e",
                    "pos": "N",
                    "epos": "N",
                    "base": "e₂",
                    "morph": "~"
                  }
                },
                {
                  "node": "l",
                  "frag": "{d}inanna",
                  "id": "Q002191.l00c75",
                  "ref": "Q002191.8.2",
                  "inst": "Inana[1]DN",
                  "sig": "@ribo/babylon0%sux:{d}inanna=Inana[1//1]DN'DN$Inana/{d}inanna#~",
                  "f": {
                    "lang": "sux",
                    "form": "{d}inanna",
                    "gdl": [
                      {
                        "det": "semantic",
                        "pos": "pre",
                        "seq": [
                          {
                            "v": "d",
                            "gdl_utf8": "𒀭",
                            "id": "Q002191.8.2.0"
                          }
                        ]
                      },
                      {
                        "v": "inanna",
                        "gdl_utf8": "𒈹",
                        "id": "Q002191.8.2.1"
                      }
                    ],
                    "cf": "Inana",
                    "gw": "1",
                    "sense": "1",
                    "norm0": "Inana",
                    "pos": "DN",
                    "epos": "DN",
                    "base": "{d}inanna",
                    "morph": "~"
                  }
                },
                {
                  "node": "d",
                  "type": "line-start",
                  "ref": "Q002191.9",
                  "n": "9",
                  "label": "9"
                },
                {
                  "node": "l",
                  "frag": "zabala{ki}ta",
                  "id": "Q002191.l00c76",
                  "ref": "Q002191.9.1",
                  "inst": "Zabala[1]SN",
                  "sig": "@ribo/babylon0%sux:zabala{ki}-ta=Zabala[1//1]SN'SN$Zabala,ta/zabala{ki}#~,ta",
                  "f": {
                    "lang": "sux",
                    "form": "zabala{ki}-ta",
                    "gdl": [
                      {
                        "v": "zabala",
                        "gdl_utf8": "𒍝𒈽𒀕",
                        "id": "Q002191.9.1.0"
                      },
                      {
                        "det": "semantic",
                        "pos": "post",
                        "delim": "-",
                        "seq": [
                          {
                            "v": "ki",
                            "gdl_utf8": "𒆠",
                            "id": "Q002191.9.1.1"
                          }
                        ]
                      },
                      {
                        "v": "ta",
                        "gdl_utf8": "𒋫",
                        "id": "Q002191.9.1.2"
                      }
                    ],
                    "cf": "Zabala",
                    "gw": "1",
                    "sense": "1",
                    "norm0": "Zabala,ta",
                    "pos": "SN",
                    "epos": "SN",
                    "base": "zabala{ki}",
                    "morph": "~,ta"
                  }
                }
              ]
            }
          ]
        }
      ]
    }
  ]
}
