{
  "type": "cdl",
  "project": "ribo/babylon0",
  "source": "http://oracc.org/ribo/babylon0",
  "license": "This data is released under the CC0 license",
  "license-url": "https://creativecommons.org/publicdomain/zero/1.0/",
  "more-info": "http://oracc.org/doc/opendata/",
  "UTC-timestamp": "2019-01-12T08:23:02",
  "textid": "Q002232",
  "cdl": [
    {
      "node": "c",
      "type": "text",
      "id": "Q002232.U0",
      "cdl": [
        {
          "node": "d",
          "type": "object",
          "ref": ""
        },
        {
          "node": "d",
          "type": "surface",
          "ref": ""
        },
        {
          "node": "c",
          "type": "discourse",
          "subtype": "body",
          "id": "Q002232.U1",
          "cdl": [
            {
              "node": "c",
              "type": "sentence",
              "implicit": "yes",
              "id": "Q002232.U2",
              "label": "1 - 5",
              "cdl": [
                {
                  "node": "d",
                  "type": "line-start",
                  "ref": "Q002232.1",
                  "n": "1",
                  "label": "1"
                },
                {
                  "node": "l",
                  "frag": "{d}nin-gal",
                  "id": "Q002232.l0005c",
                  "ref": "Q002232.1.1",
                  "inst": "%sux:{d}nin-gal=",
                  "f": {
                    "lang": "sux",
                    "form": "{d}nin-gal",
                    "gdl": [
                      {
                        "det": "semantic",
                        "pos": "pre",
                        "seq": [
                          {
                            "v": "d",
                            "gdl_utf8": "𒀭",
                            "id": "Q002232.1.1.0"
                          }
                        ]
                      },
                      {
                        "v": "nin",
                        "gdl_utf8": "𒊩𒌆",
                        "id": "Q002232.1.1.1",
                        "delim": "-"
                      },
                      {
                        "v": "gal",
                        "gdl_utf8": "𒃲",
                        "id": "Q002232.1.1.2"
                      }
                    ]
                  }
                },
                {
                  "node": "d",
                  "type": "line-start",
                  "ref": "Q002232.2",
                  "n": "2",
                  "label": "2"
                },
                {
                  "node": "l",
                  "frag": "nin-a-ni-ir",
                  "id": "Q002232.l0005d",
                  "ref": "Q002232.2.1",
                  "inst": "%sux:nin-a-ni-ir=",
                  "f": {
                    "lang": "sux",
                    "form": "nin-a-ni-ir",
                    "gdl": [
                      {
                        "v": "nin",
                        "gdl_utf8": "𒊩𒌆",
                        "id": "Q002232.2.1.0",
                        "delim": "-"
                      },
                      {
                        "v": "a",
                        "gdl_utf8": "𒀀",
                        "id": "Q002232.2.1.1",
                        "delim": "-"
                      },
                      {
                        "v": "ni",
                        "gdl_utf8": "𒉌",
                        "id": "Q002232.2.1.2",
                        "delim": "-"
                      },
                      {
                        "v": "ir",
                        "gdl_utf8": "𒅕",
                        "id": "Q002232.2.1.3"
                      }
                    ]
                  }
                },
                {
                  "node": "d",
                  "type": "line-start",
                  "ref": "Q002232.3",
                  "n": "3",
                  "label": "3"
                },
                {
                  "node": "l",
                  "frag": "a-bi-e-šu-uh",
                  "id": "Q002232.l0005e",
                  "ref": "Q002232.3.1",
                  "inst": "%sux:a-bi-e-šu-uh=",
                  "f": {
                    "lang": "sux",
                    "form": "a-bi-e-šu-uh",
                    "gdl": [
                      {
                        "v": "a",
                        "gdl_utf8": "𒀀",
                        "id": "Q002232.3.1.0",
                        "delim": "-"
                      },
                      {
                        "v": "bi",
                        "gdl_utf8": "𒁉",
                        "id": "Q002232.3.1.1",
                        "delim": "-"
                      },
                      {
                        "v": "e",
                        "gdl_utf8": "𒂊",
                        "id": "Q002232.3.1.2",
                        "delim": "-"
                      },
                      {
                        "v": "šu",
                        "gdl_utf8": "𒋗",
                        "id": "Q002232.3.1.3",
                        "delim": "-"
                      },
                      {
                        "v": "uh",
                        "gdl_utf8": "𒄴",
                        "id": "Q002232.3.1.4"
                      }
                    ]
                  }
                },
                {
                  "node": "d",
                  "type": "line-start",
                  "ref": "Q002232.4",
                  "n": "4",
                  "label": "4"
                },
                {
                  "node": "l",
                  "frag": "lugal",
                  "id": "Q002232.l0005f",
                  "ref": "Q002232.4.1",
                  "inst": "%sux:lugal=",
                  "f": {
                    "lang": "sux",
                    "form": "lugal",
                    "delim": "",
                    "gdl": [
                      {
                        "v": "lugal",
                        "gdl_utf8": "𒈗",
                        "id": "Q002232.4.1.0"
                      }
                    ]
                  }
                },
                {
                  "node": "l",
                  "frag": "⸢babilim₂⸣{ki}ke₄",
                  "id": "Q002232.l00060",
                  "ref": "Q002232.4.2",
                  "inst": "%sux:babilim₂{ki}-ke₄=",
                  "f": {
                    "lang": "sux",
                    "form": "babilim₂{ki}-ke₄",
                    "gdl": [
                      {
                        "v": "babilim₂",
                        "gdl_utf8": "𒆍𒀭𒊏",
                        "id": "Q002232.4.2.0",
                        "break": "damaged",
                        "ho": "1",
                        "hc": "1"
                      },
                      {
                        "det": "semantic",
                        "pos": "post",
                        "delim": "-",
                        "seq": [
                          {
                            "v": "ki",
                            "gdl_utf8": "𒆠",
                            "id": "Q002232.4.2.1"
                          }
                        ]
                      },
                      {
                        "v": "ke₄",
                        "gdl_utf8": "𒆤",
                        "id": "Q002232.4.2.2"
                      }
                    ]
                  }
                },
                {
                  "node": "d",
                  "type": "line-start",
                  "ref": "Q002232.5",
                  "n": "5",
                  "label": "5"
                },
                {
                  "node": "l",
                  "frag": "[a",
                  "id": "Q002232.l00061",
                  "ref": "Q002232.5.1",
                  "inst": "%sux:a=",
                  "f": {
                    "lang": "sux",
                    "form": "a",
                    "delim": "",
                    "gdl": [
                      {
                        "v": "a",
                        "gdl_utf8": "𒀀",
                        "id": "Q002232.5.1.0",
                        "breakStart": "1",
                        "o": "[",
                        "break": "missing"
                      }
                    ]
                  }
                },
                {
                  "node": "l",
                  "frag": "mu-na-ru]",
                  "id": "Q002232.l00062",
                  "ref": "Q002232.5.2",
                  "inst": "%sux:mu-na-ru=",
                  "f": {
                    "lang": "sux",
                    "form": "mu-na-ru",
                    "gdl": [
                      {
                        "v": "mu",
                        "gdl_utf8": "𒈬",
                        "id": "Q002232.5.2.0",
                        "break": "missing",
                        "delim": "-"
                      },
                      {
                        "v": "na",
                        "gdl_utf8": "𒈾",
                        "id": "Q002232.5.2.1",
                        "break": "missing",
                        "delim": "-"
                      },
                      {
                        "v": "ru",
                        "gdl_utf8": "𒊒",
                        "id": "Q002232.5.2.2",
                        "break": "missing",
                        "o": "]",
                        "breakEnd": "Q002232.5.1.0"
                      }
                    ]
                  }
                }
              ]
            }
          ]
        }
      ]
    }
  ]
}
