{
  "type": "cdl",
  "project": "ribo/babylon0",
  "source": "http://oracc.org/ribo/babylon0",
  "license": "This data is released under the CC0 license",
  "license-url": "https://creativecommons.org/publicdomain/zero/1.0/",
  "more-info": "http://oracc.org/doc/opendata/",
  "UTC-timestamp": "2019-01-12T08:23:00",
  "textid": "Q002196",
  "cdl": [
    {
      "node": "c",
      "type": "text",
      "id": "Q002196.U0",
      "cdl": [
        {
          "node": "d",
          "type": "object",
          "ref": ""
        },
        {
          "node": "d",
          "type": "surface",
          "ref": ""
        },
        {
          "node": "c",
          "type": "discourse",
          "subtype": "body",
          "id": "Q002196.U1",
          "cdl": [
            {
              "node": "c",
              "type": "sentence",
              "implicit": "yes",
              "id": "Q002196.U2",
              "label": "1 - 20",
              "cdl": [
                {
                  "node": "d",
                  "type": "line-start",
                  "ref": "Q002196.1",
                  "n": "1",
                  "label": "1"
                },
                {
                  "node": "l",
                  "frag": "{[d}aš]-ra-tum",
                  "id": "Q002196.l00f4f",
                  "ref": "Q002196.1.1",
                  "inst": "Ašratum[]DN",
                  "sig": "@ribo/babylon0%sux:{d}aš-ra-tum=Ašratum[1//1]DN'DN$Ašratum/{d}aš-ra-tum#~",
                  "f": {
                    "lang": "sux",
                    "form": "{d}aš-ra-tum",
                    "gdl": [
                      {
                        "det": "semantic",
                        "pos": "pre",
                        "seq": [
                          {
                            "v": "d",
                            "gdl_utf8": "𒀭",
                            "id": "Q002196.1.1.0",
                            "breakStart": "1",
                            "o": "[",
                            "break": "missing"
                          }
                        ]
                      },
                      {
                        "v": "aš",
                        "gdl_utf8": "𒀸",
                        "id": "Q002196.1.1.1",
                        "break": "missing",
                        "o": "]",
                        "breakEnd": "Q002196.1.1.0",
                        "delim": "-"
                      },
                      {
                        "v": "ra",
                        "gdl_utf8": "𒊏",
                        "id": "Q002196.1.1.2",
                        "delim": "-"
                      },
                      {
                        "v": "tum",
                        "gdl_utf8": "𒌈",
                        "id": "Q002196.1.1.3"
                      }
                    ],
                    "cf": "Ašratum",
                    "gw": "1",
                    "sense": "1",
                    "norm0": "Ašratum",
                    "pos": "DN",
                    "epos": "DN",
                    "base": "{d}aš-ra-tum",
                    "morph": "~"
                  }
                },
                {
                  "node": "d",
                  "type": "line-start",
                  "ref": "Q002196.2",
                  "n": "2",
                  "label": "2"
                },
                {
                  "node": "l",
                  "frag": "e₂-ge₄-a",
                  "id": "Q002196.l00f50",
                  "ref": "Q002196.2.1",
                  "inst": "egia[bride]N",
                  "sig": "@ribo/babylon0%sux:e₂-ge₄-a=egia[bride//bride]N'N$egia/e₂-ge₄-a#~",
                  "f": {
                    "lang": "sux",
                    "form": "e₂-ge₄-a",
                    "delim": "",
                    "gdl": [
                      {
                        "v": "e₂",
                        "gdl_utf8": "𒂍",
                        "id": "Q002196.2.1.0",
                        "delim": "-"
                      },
                      {
                        "v": "ge₄",
                        "gdl_utf8": "𒄄",
                        "id": "Q002196.2.1.1",
                        "delim": "-"
                      },
                      {
                        "v": "a",
                        "gdl_utf8": "𒀀",
                        "id": "Q002196.2.1.2"
                      }
                    ],
                    "cf": "egia",
                    "gw": "bride",
                    "sense": "bride",
                    "norm0": "egia",
                    "pos": "N",
                    "epos": "N",
                    "base": "e₂-ge₄-a",
                    "morph": "~"
                  }
                },
                {
                  "node": "l",
                  "frag": "an-na",
                  "id": "Q002196.l00f51",
                  "ref": "Q002196.2.2",
                  "inst": "An[1]DN",
                  "sig": "@ribo/babylon0%sux:an-na=An[1//1]DN'DN$An,ak/an+-na=n.a#~,ak",
                  "f": {
                    "lang": "sux",
                    "form": "an-na",
                    "gdl": [
                      {
                        "v": "an",
                        "gdl_utf8": "𒀭",
                        "id": "Q002196.2.2.0",
                        "delim": "-"
                      },
                      {
                        "v": "na",
                        "gdl_utf8": "𒈾",
                        "id": "Q002196.2.2.1"
                      }
                    ],
                    "cf": "An",
                    "gw": "1",
                    "sense": "1",
                    "norm0": "An,ak",
                    "pos": "DN",
                    "epos": "DN",
                    "base": "an",
                    "cont": "-na=n.a",
                    "morph": "~,ak"
                  }
                },
                {
                  "node": "d",
                  "type": "line-start",
                  "ref": "Q002196.3",
                  "n": "3",
                  "label": "3"
                },
                {
                  "node": "l",
                  "frag": "nam-nin-a",
                  "id": "Q002196.l00f52",
                  "ref": "Q002196.3.1",
                  "inst": "namnin[ladyship]N",
                  "sig": "@ribo/babylon0%sux:nam-nin-a=namnin[ladyship//ladyship]N'N$namnin,ak/nam-nin#~,ak",
                  "f": {
                    "lang": "sux",
                    "form": "nam-nin-a",
                    "delim": "",
                    "gdl": [
                      {
                        "v": "nam",
                        "gdl_utf8": "𒉆",
                        "id": "Q002196.3.1.0",
                        "delim": "-"
                      },
                      {
                        "v": "nin",
                        "gdl_utf8": "𒊩𒌆",
                        "id": "Q002196.3.1.1",
                        "delim": "-"
                      },
                      {
                        "v": "a",
                        "gdl_utf8": "𒀀",
                        "id": "Q002196.3.1.2"
                      }
                    ],
                    "cf": "namnin",
                    "gw": "ladyship",
                    "sense": "ladyship",
                    "norm0": "namnin,ak",
                    "pos": "N",
                    "epos": "N",
                    "base": "nam-nin",
                    "morph": "~,ak"
                  }
                },
                {
                  "node": "l",
                  "frag": "tum₂-ma",
                  "id": "Q002196.l00f53",
                  "ref": "Q002196.3.2",
                  "inst": "tum[to bring]V/t",
                  "sig": "@ribo/babylon0%sux:tum₂-ma=tum[bring//to bring]V/t'V/t$tum;a/tum₂+-ma=m.a#~;a",
                  "f": {
                    "lang": "sux",
                    "form": "tum₂-ma",
                    "gdl": [
                      {
                        "v": "tum₂",
                        "gdl_utf8": "𒁺",
                        "id": "Q002196.3.2.0",
                        "delim": "-"
                      },
                      {
                        "v": "ma",
                        "gdl_utf8": "𒈠",
                        "id": "Q002196.3.2.1"
                      }
                    ],
                    "cf": "tum",
                    "gw": "bring",
                    "sense": "to bring",
                    "norm0": "tum;a",
                    "pos": "V/t",
                    "epos": "V/t",
                    "base": "tum₂",
                    "cont": "-ma=m.a",
                    "morph": "~;a"
                  }
                },
                {
                  "node": "d",
                  "type": "line-start",
                  "ref": "Q002196.4",
                  "n": "4",
                  "label": "4"
                },
                {
                  "node": "l",
                  "frag": "nin",
                  "id": "Q002196.l00f54",
                  "ref": "Q002196.4.1",
                  "inst": "nin[lady]N",
                  "sig": "@ribo/babylon0%sux:nin=nin[lady//lady]N'N$nin/nin#~",
                  "f": {
                    "lang": "sux",
                    "form": "nin",
                    "delim": "",
                    "gdl": [
                      {
                        "v": "nin",
                        "gdl_utf8": "𒊩𒌆",
                        "id": "Q002196.4.1.0"
                      }
                    ],
                    "cf": "nin",
                    "gw": "lady",
                    "sense": "lady",
                    "norm0": "nin",
                    "pos": "N",
                    "epos": "N",
                    "base": "nin",
                    "morph": "~"
                  }
                },
                {
                  "node": "l",
                  "frag": "hi-li",
                  "id": "Q002196.l00f55",
                  "ref": "Q002196.4.2",
                  "inst": "hili[attractiveness, sex appeal]N",
                  "sig": "@ribo/babylon0%sux:hi-li=hili[attractiveness//attractiveness, sex appeal]N'N$hili/hi-li#~",
                  "f": {
                    "lang": "sux",
                    "form": "hi-li",
                    "delim": "",
                    "gdl": [
                      {
                        "v": "hi",
                        "gdl_utf8": "𒄭",
                        "id": "Q002196.4.2.0",
                        "delim": "-"
                      },
                      {
                        "v": "li",
                        "gdl_utf8": "𒇷",
                        "id": "Q002196.4.2.1"
                      }
                    ],
                    "cf": "hili",
                    "gw": "attractiveness",
                    "sense": "attractiveness, sex appeal",
                    "norm0": "hili",
                    "pos": "N",
                    "epos": "N",
                    "base": "hi-li",
                    "morph": "~"
                  }
                },
                {
                  "node": "l",
                  "frag": "ma-az-bi",
                  "id": "Q002196.l00f56",
                  "ref": "Q002196.4.3",
                  "inst": "maz[swell//exuberance]V/i'N",
                  "sig": "@ribo/babylon0%sux:ma-az-bi=maz[swell//exuberance]V/i'N$maz,bi/ma-az#~,bi",
                  "f": {
                    "lang": "sux",
                    "form": "ma-az-bi",
                    "gdl": [
                      {
                        "v": "ma",
                        "gdl_utf8": "𒈠",
                        "id": "Q002196.4.3.0",
                        "delim": "-"
                      },
                      {
                        "v": "az",
                        "gdl_utf8": "𒊍",
                        "id": "Q002196.4.3.1",
                        "delim": "-"
                      },
                      {
                        "v": "bi",
                        "gdl_utf8": "𒁉",
                        "id": "Q002196.4.3.2"
                      }
                    ],
                    "cf": "maz",
                    "gw": "swell",
                    "sense": "exuberance",
                    "norm0": "maz,bi",
                    "pos": "V/i",
                    "epos": "N",
                    "base": "ma-az",
                    "morph": "~,bi"
                  }
                },
                {
                  "node": "d",
                  "type": "line-start",
                  "ref": "Q002196.5",
                  "n": "5",
                  "label": "5"
                },
                {
                  "node": "l",
                  "frag": "hur-saŋ-ŋa₂",
                  "id": "Q002196.l00f57",
                  "ref": "Q002196.5.1",
                  "inst": "hursaŋ[mountain, foothills]N",
                  "sig": "@ribo/babylon0%sux:hur-saŋ-ŋa₂=hursaŋ[mountain//mountain]N'N$hursaŋ,a/hur-saŋ+-ŋa₂=ŋ.a#~,a",
                  "f": {
                    "lang": "sux",
                    "form": "hur-saŋ-ŋa₂",
                    "gdl": [
                      {
                        "v": "hur",
                        "gdl_utf8": "𒄯",
                        "id": "Q002196.5.1.0",
                        "delim": "-"
                      },
                      {
                        "v": "saŋ",
                        "gdl_utf8": "𒊕",
                        "id": "Q002196.5.1.1",
                        "delim": "-"
                      },
                      {
                        "v": "ŋa₂",
                        "gdl_utf8": "𒂷",
                        "id": "Q002196.5.1.2"
                      }
                    ],
                    "cf": "hursaŋ",
                    "gw": "mountain",
                    "sense": "mountain",
                    "norm0": "hursaŋ,a",
                    "pos": "N",
                    "epos": "N",
                    "base": "hur-saŋ",
                    "cont": "-ŋa₂=ŋ.a",
                    "morph": "~,a"
                  }
                },
                {
                  "node": "d",
                  "type": "line-start",
                  "ref": "Q002196.6",
                  "n": "6",
                  "label": "6"
                },
                {
                  "node": "l",
                  "frag": "nin",
                  "id": "Q002196.l00f58",
                  "ref": "Q002196.6.1",
                  "inst": "nin[lady]N",
                  "sig": "@ribo/babylon0%sux:nin=nin[lady//lady]N'N$nin/nin#~",
                  "f": {
                    "lang": "sux",
                    "form": "nin",
                    "delim": "",
                    "gdl": [
                      {
                        "v": "nin",
                        "gdl_utf8": "𒊩𒌆",
                        "id": "Q002196.6.1.0"
                      }
                    ],
                    "cf": "nin",
                    "gw": "lady",
                    "sense": "lady",
                    "norm0": "nin",
                    "pos": "N",
                    "epos": "N",
                    "base": "nin",
                    "morph": "~"
                  }
                },
                {
                  "node": "l",
                  "frag": "zi-de₃-eš",
                  "id": "Q002196.l00f59",
                  "ref": "Q002196.6.2",
                  "inst": "zid[(to be) right, true, loyal]V/i",
                  "sig": "@ribo/babylon0%sux:zi-de₃-eš=zid[right//(to be) right, true, loyal]V/i'V/i$zid;e.eš/zi-d·e#~;e.eš",
                  "f": {
                    "lang": "sux",
                    "form": "zi-de₃-eš",
                    "delim": "",
                    "gdl": [
                      {
                        "v": "zi",
                        "gdl_utf8": "𒍣",
                        "id": "Q002196.6.2.0",
                        "delim": "-"
                      },
                      {
                        "v": "de₃",
                        "gdl_utf8": "𒉈",
                        "id": "Q002196.6.2.1",
                        "delim": "-"
                      },
                      {
                        "v": "eš",
                        "gdl_utf8": "𒌍",
                        "id": "Q002196.6.2.2"
                      }
                    ],
                    "cf": "zid",
                    "gw": "right",
                    "sense": "(to be) right, true, loyal",
                    "norm0": "zid;e.eš",
                    "pos": "V/i",
                    "epos": "V/i",
                    "base": "zi-d·e",
                    "morph": "~;e.eš"
                  }
                },
                {
                  "node": "l",
                  "frag": "du₁₁-ga",
                  "id": "Q002196.l00f5a",
                  "ref": "Q002196.6.3",
                  "inst": "dug[to speak, talk, say]V/t",
                  "sig": "@ribo/babylon0%sux:du₁₁-ga=dug[speak//to speak, talk, say]V/t'V/t$dug;a/du₁₁-g·a#~;a",
                  "f": {
                    "lang": "sux",
                    "form": "du₁₁-ga",
                    "gdl": [
                      {
                        "v": "du₁₁",
                        "gdl_utf8": "𒅗",
                        "id": "Q002196.6.3.0",
                        "delim": "-"
                      },
                      {
                        "v": "ga",
                        "gdl_utf8": "𒂵",
                        "id": "Q002196.6.3.1"
                      }
                    ],
                    "cf": "dug",
                    "gw": "speak",
                    "sense": "to speak, talk, say",
                    "norm0": "dug;a",
                    "pos": "V/t",
                    "epos": "V/t",
                    "base": "du₁₁-g·a",
                    "morph": "~;a"
                  }
                },
                {
                  "node": "d",
                  "type": "line-start",
                  "ref": "Q002196.7",
                  "n": "7",
                  "label": "7"
                },
                {
                  "node": "l",
                  "frag": "nin",
                  "id": "Q002196.l00f5b",
                  "ref": "Q002196.7.1",
                  "inst": "nin[lady]N",
                  "sig": "@ribo/babylon0%sux:nin=nin[lady//lady]N'N$nin/nin#~",
                  "f": {
                    "lang": "sux",
                    "form": "nin",
                    "delim": "",
                    "gdl": [
                      {
                        "v": "nin",
                        "gdl_utf8": "𒊩𒌆",
                        "id": "Q002196.7.1.0"
                      }
                    ],
                    "cf": "nin",
                    "gw": "lady",
                    "sense": "lady",
                    "norm0": "nin",
                    "pos": "N",
                    "epos": "N",
                    "base": "nin",
                    "morph": "~"
                  }
                },
                {
                  "node": "l",
                  "frag": "ša₃-la₂",
                  "id": "Q002196.l00f5c",
                  "ref": "Q002196.7.2",
                  "inst": "šala[pity]N",
                  "sig": "@ribo/babylon0%sux:ša₃-la₂=šala[pity//pity]N'N$šala/ša₃-la₂#~",
                  "f": {
                    "lang": "sux",
                    "form": "ša₃-la₂",
                    "delim": "",
                    "gdl": [
                      {
                        "v": "ša₃",
                        "gdl_utf8": "𒊮",
                        "id": "Q002196.7.2.0",
                        "delim": "-"
                      },
                      {
                        "v": "la₂",
                        "gdl_utf8": "𒇲",
                        "id": "Q002196.7.2.1"
                      }
                    ],
                    "cf": "šala",
                    "gw": "pity",
                    "sense": "pity",
                    "norm0": "šala",
                    "pos": "N",
                    "epos": "N",
                    "base": "ša₃-la₂",
                    "morph": "~"
                  }
                },
                {
                  "node": "l",
                  "frag": "su₃",
                  "id": "Q002196.l00f5d",
                  "ref": "Q002196.7.3",
                  "inst": "sug[(to be) full]V/i",
                  "sig": "@ribo/babylon0%sux:su₃=sug[full//(to be) full]V/i'V/i$sug/su₃#~",
                  "f": {
                    "lang": "sux",
                    "form": "su₃",
                    "gdl": [
                      {
                        "v": "su₃",
                        "gdl_utf8": "𒋤",
                        "id": "Q002196.7.3.0"
                      }
                    ],
                    "cf": "sug",
                    "gw": "full",
                    "sense": "(to be) full",
                    "norm0": "sug",
                    "pos": "V/i",
                    "epos": "V/i",
                    "base": "su₃",
                    "morph": "~"
                  }
                },
                {
                  "node": "d",
                  "type": "line-start",
                  "ref": "Q002196.8",
                  "n": "8",
                  "label": "8"
                },
                {
                  "node": "l",
                  "frag": "ŋešdana₂-a-ni-ir",
                  "id": "Q002196.l00f5e",
                  "ref": "Q002196.8.1",
                  "inst": "jidlam[spouse]N",
                  "sig": "@ribo/babylon0%sux:ŋešdana₂-a-ni-ir=ŋidlam[spouse//spouse]N'N$ŋidlam,ani.ra/ŋešdana₂#~,ani.ra",
                  "f": {
                    "lang": "sux",
                    "form": "ŋešdana₂-a-ni-ir",
                    "gdl": [
                      {
                        "v": "ŋešdana₂",
                        "gdl_utf8": "𒍑𒁮",
                        "id": "Q002196.8.1.0",
                        "delim": "-"
                      },
                      {
                        "v": "a",
                        "gdl_utf8": "𒀀",
                        "id": "Q002196.8.1.1",
                        "delim": "-"
                      },
                      {
                        "v": "ni",
                        "gdl_utf8": "𒉌",
                        "id": "Q002196.8.1.2",
                        "delim": "-"
                      },
                      {
                        "v": "ir",
                        "gdl_utf8": "𒅕",
                        "id": "Q002196.8.1.3"
                      }
                    ],
                    "cf": "ŋidlam",
                    "gw": "spouse",
                    "sense": "spouse",
                    "norm0": "ŋidlam,ani.ra",
                    "pos": "N",
                    "epos": "N",
                    "base": "ŋešdana₂",
                    "morph": "~,ani.ra"
                  }
                },
                {
                  "node": "d",
                  "type": "line-start",
                  "ref": "Q002196.9",
                  "n": "9",
                  "label": "9"
                },
                {
                  "node": "l",
                  "frag": "enim",
                  "id": "Q002196.l00f5f",
                  "ref": "Q002196.9.1",
                  "inst": "inim[word]N",
                  "sig": "@ribo/babylon0%sux:enim=inim[word//word]N'N$inim/enim#~",
                  "f": {
                    "lang": "sux",
                    "form": "enim",
                    "delim": "",
                    "gdl": [
                      {
                        "v": "enim",
                        "gdl_utf8": "𒅗",
                        "id": "Q002196.9.1.0"
                      }
                    ],
                    "cf": "inim",
                    "gw": "word",
                    "sense": "word",
                    "norm0": "inim",
                    "pos": "N",
                    "epos": "N",
                    "base": "enim",
                    "morph": "~"
                  }
                },
                {
                  "node": "l",
                  "frag": "ni₂-tuku-bi",
                  "id": "Q002196.l00f60",
                  "ref": "Q002196.9.2",
                  "inst": "nituku[pious, attentive]AJ",
                  "sig": "@ribo/babylon0%sux:ni₂-tuku-bi=nituku[pious//pious, attentive]AJ'AJ$nituku,bi/ni₂-tuku#~,bi",
                  "f": {
                    "lang": "sux",
                    "form": "ni₂-tuku-bi",
                    "delim": "",
                    "gdl": [
                      {
                        "v": "ni₂",
                        "gdl_utf8": "𒉎",
                        "id": "Q002196.9.2.0",
                        "delim": "-"
                      },
                      {
                        "v": "tuku",
                        "gdl_utf8": "𒌇",
                        "id": "Q002196.9.2.1",
                        "delim": "-"
                      },
                      {
                        "v": "bi",
                        "gdl_utf8": "𒁉",
                        "id": "Q002196.9.2.2"
                      }
                    ],
                    "cf": "nituku",
                    "gw": "pious",
                    "sense": "pious, attentive",
                    "norm0": "nituku,bi",
                    "pos": "AJ",
                    "epos": "AJ",
                    "base": "ni₂-tuku",
                    "morph": "~,bi"
                  }
                },
                {
                  "node": "l",
                  "frag": "sa₆-ga",
                  "id": "Q002196.l00f61",
                  "ref": "Q002196.9.3",
                  "inst": "sag[(to be) good, sweet, beautiful]V/i",
                  "sig": "@ribo/babylon0%sux:sa₆-ga=sag[good//(to be) good, sweet, beautiful]V/i'V/i$sag;a/sa₆-g·a#~;a",
                  "f": {
                    "lang": "sux",
                    "form": "sa₆-ga",
                    "gdl": [
                      {
                        "v": "sa₆",
                        "gdl_utf8": "𒊷",
                        "id": "Q002196.9.3.0",
                        "delim": "-"
                      },
                      {
                        "v": "ga",
                        "gdl_utf8": "𒂵",
                        "id": "Q002196.9.3.1"
                      }
                    ],
                    "cf": "sag",
                    "gw": "good",
                    "sense": "(to be) good, sweet, beautiful",
                    "norm0": "sag;a",
                    "pos": "V/i",
                    "epos": "V/i",
                    "base": "sa₆-g·a",
                    "morph": "~;a"
                  }
                },
                {
                  "node": "d",
                  "type": "line-start",
                  "ref": "Q002196.10",
                  "n": "10",
                  "label": "10"
                },
                {
                  "node": "l",
                  "frag": "nin-a-ni-ir",
                  "id": "Q002196.l00f62",
                  "ref": "Q002196.10.1",
                  "inst": "nin[lady]N",
                  "sig": "@ribo/babylon0%sux:nin-a-ni-ir=nin[lady//lady]N'N$nin,ani.ra/nin#~,ani.ra",
                  "f": {
                    "lang": "sux",
                    "form": "nin-a-ni-ir",
                    "gdl": [
                      {
                        "v": "nin",
                        "gdl_utf8": "𒊩𒌆",
                        "id": "Q002196.10.1.0",
                        "delim": "-"
                      },
                      {
                        "v": "a",
                        "gdl_utf8": "𒀀",
                        "id": "Q002196.10.1.1",
                        "delim": "-"
                      },
                      {
                        "v": "ni",
                        "gdl_utf8": "𒉌",
                        "id": "Q002196.10.1.2",
                        "delim": "-"
                      },
                      {
                        "v": "ir",
                        "gdl_utf8": "𒅕",
                        "id": "Q002196.10.1.3"
                      }
                    ],
                    "cf": "nin",
                    "gw": "lady",
                    "sense": "lady",
                    "norm0": "nin,ani.ra",
                    "pos": "N",
                    "epos": "N",
                    "base": "nin",
                    "morph": "~,ani.ra"
                  }
                },
                {
                  "node": "d",
                  "type": "line-start",
                  "ref": "Q002196.11",
                  "n": "11",
                  "label": "11"
                },
                {
                  "node": "l",
                  "frag": "nam-til₃",
                  "id": "Q002196.l00f63",
                  "ref": "Q002196.11.1",
                  "inst": "namtil[life]N",
                  "sig": "@ribo/babylon0%sux:nam-til₃=namtil[life//life]N'N$namtil/nam-til₃#~",
                  "f": {
                    "lang": "sux",
                    "form": "nam-til₃",
                    "gdl": [
                      {
                        "v": "nam",
                        "gdl_utf8": "𒉆",
                        "id": "Q002196.11.1.0",
                        "delim": "-"
                      },
                      {
                        "v": "til₃",
                        "gdl_utf8": "𒋾",
                        "id": "Q002196.11.1.1"
                      }
                    ],
                    "cf": "namtil",
                    "gw": "life",
                    "sense": "life",
                    "norm0": "namtil",
                    "pos": "N",
                    "epos": "N",
                    "base": "nam-til₃",
                    "morph": "~"
                  }
                },
                {
                  "node": "d",
                  "type": "line-start",
                  "ref": "Q002196.12",
                  "n": "12",
                  "label": "12"
                },
                {
                  "node": "l",
                  "frag": "ha-am-mu-ra-[pi₂]",
                  "id": "Q002196.l00f64",
                  "ref": "Q002196.12.1",
                  "inst": "Hammu-rapi[king of Babylon]RN",
                  "sig": "@ribo/babylon0%sux:ha-am-mu-ra-pi₂=Hammu-rapi[king of Babylon//king of Babylon]RN'RN$Hammu-rapi/ha-am-mu-ra-pi₂#~",
                  "f": {
                    "lang": "sux",
                    "form": "ha-am-mu-ra-pi₂",
                    "gdl": [
                      {
                        "v": "ha",
                        "gdl_utf8": "𒄩",
                        "id": "Q002196.12.1.0",
                        "delim": "-"
                      },
                      {
                        "v": "am",
                        "gdl_utf8": "𒄠",
                        "id": "Q002196.12.1.1",
                        "delim": "-"
                      },
                      {
                        "v": "mu",
                        "gdl_utf8": "𒈬",
                        "id": "Q002196.12.1.2",
                        "delim": "-"
                      },
                      {
                        "v": "ra",
                        "gdl_utf8": "𒊏",
                        "id": "Q002196.12.1.3",
                        "delim": "-"
                      },
                      {
                        "v": "pi₂",
                        "gdl_utf8": "𒁉",
                        "id": "Q002196.12.1.4",
                        "breakStart": "1",
                        "o": "]",
                        "break": "missing",
                        "breakEnd": "Q002196.12.1.4"
                      }
                    ],
                    "cf": "Hammu-rapi",
                    "gw": "king of Babylon",
                    "sense": "king of Babylon",
                    "norm0": "Hammu-rapi",
                    "pos": "RN",
                    "epos": "RN",
                    "base": "ha-am-mu-ra-pi₂",
                    "morph": "~"
                  }
                },
                {
                  "node": "d",
                  "type": "line-start",
                  "ref": "Q002196.13",
                  "n": "13",
                  "label": "13"
                },
                {
                  "node": "l",
                  "frag": "lugal",
                  "id": "Q002196.l00f65",
                  "ref": "Q002196.13.1",
                  "inst": "lugal[king]N",
                  "sig": "@ribo/babylon0%sux:lugal=lugal[king//king]N'N$lugal/lugal#~",
                  "f": {
                    "lang": "sux",
                    "form": "lugal",
                    "delim": "",
                    "gdl": [
                      {
                        "v": "lugal",
                        "gdl_utf8": "𒈗",
                        "id": "Q002196.13.1.0"
                      }
                    ],
                    "cf": "lugal",
                    "gw": "king",
                    "sense": "king",
                    "norm0": "lugal",
                    "pos": "N",
                    "epos": "N",
                    "base": "lugal",
                    "morph": "~"
                  }
                },
                {
                  "node": "l",
                  "frag": "mar-[tu]",
                  "id": "Q002196.l00f66",
                  "ref": "Q002196.13.2",
                  "inst": "Amurru[Amorite]EN",
                  "sig": "@ribo/babylon0%sux:mar-tu=Amurru[Amorite//Amorite]EN'EN$Amurru/mar-tu#~",
                  "f": {
                    "lang": "sux",
                    "form": "mar-tu",
                    "gdl": [
                      {
                        "v": "mar",
                        "gdl_utf8": "𒈥",
                        "id": "Q002196.13.2.0",
                        "delim": "-"
                      },
                      {
                        "v": "tu",
                        "gdl_utf8": "𒌅",
                        "id": "Q002196.13.2.1",
                        "breakStart": "1",
                        "o": "]",
                        "break": "missing",
                        "breakEnd": "Q002196.13.2.1"
                      }
                    ],
                    "cf": "Amurru",
                    "gw": "Amorite",
                    "sense": "Amorite",
                    "norm0": "Amurru",
                    "pos": "EN",
                    "epos": "EN",
                    "base": "mar-tu",
                    "morph": "~"
                  }
                },
                {
                  "node": "d",
                  "type": "line-start",
                  "ref": "Q002196.14",
                  "n": "14",
                  "label": "14"
                },
                {
                  "node": "l",
                  "frag": "i-tur₂-aš-du-[um]",
                  "id": "Q002196.l00f67",
                  "ref": "Q002196.14.1",
                  "inst": "Itur-ašdum[1]PN",
                  "sig": "@ribo/babylon0%sux:i-tur₂-aš-du-um=Itur-ašdum[1//1]PN'PN$Itur-ašdum/i-tur₂-aš-du-um#~",
                  "f": {
                    "lang": "sux",
                    "form": "i-tur₂-aš-du-um",
                    "gdl": [
                      {
                        "v": "i",
                        "gdl_utf8": "𒄿",
                        "id": "Q002196.14.1.0",
                        "delim": "-"
                      },
                      {
                        "v": "tur₂",
                        "gdl_utf8": "𒄙",
                        "id": "Q002196.14.1.1",
                        "delim": "-"
                      },
                      {
                        "v": "aš",
                        "gdl_utf8": "𒀸",
                        "id": "Q002196.14.1.2",
                        "delim": "-"
                      },
                      {
                        "v": "du",
                        "gdl_utf8": "𒁺",
                        "id": "Q002196.14.1.3",
                        "delim": "-"
                      },
                      {
                        "v": "um",
                        "gdl_utf8": "𒌝",
                        "id": "Q002196.14.1.4",
                        "breakStart": "1",
                        "o": "]",
                        "break": "missing",
                        "breakEnd": "Q002196.14.1.4"
                      }
                    ],
                    "cf": "Itur-ašdum",
                    "gw": "1",
                    "sense": "1",
                    "norm0": "Itur-ašdum",
                    "pos": "PN",
                    "epos": "PN",
                    "base": "i-tur₂-aš-du-um",
                    "morph": "~"
                  }
                },
                {
                  "node": "d",
                  "type": "line-start",
                  "ref": "Q002196.15",
                  "n": "15",
                  "label": "15"
                },
                {
                  "node": "l",
                  "frag": "ra-bi-a-an",
                  "id": "Q002196.l00f68",
                  "ref": "Q002196.15.1",
                  "inst": "rabianum[headman]N",
                  "sig": "@ribo/babylon0%sux:ra-bi-a-an=rabianum[commander//headman]N'N$rabianum/ra-bi-a-an#~",
                  "f": {
                    "lang": "sux",
                    "form": "ra-bi-a-an",
                    "delim": "",
                    "gdl": [
                      {
                        "v": "ra",
                        "gdl_utf8": "𒊏",
                        "id": "Q002196.15.1.0",
                        "delim": "-"
                      },
                      {
                        "v": "bi",
                        "gdl_utf8": "𒁉",
                        "id": "Q002196.15.1.1",
                        "delim": "-"
                      },
                      {
                        "v": "a",
                        "gdl_utf8": "𒀀",
                        "id": "Q002196.15.1.2",
                        "delim": "-"
                      },
                      {
                        "v": "an",
                        "gdl_utf8": "𒀭",
                        "id": "Q002196.15.1.3"
                      }
                    ],
                    "cf": "rabianum",
                    "gw": "commander",
                    "sense": "headman",
                    "norm0": "rabianum",
                    "pos": "N",
                    "epos": "N",
                    "base": "ra-bi-a-an",
                    "morph": "~"
                  }
                },
                {
                  "node": "l",
                  "frag": "{i₇}si₂-la₂-ku",
                  "id": "Q002196.l00f69",
                  "ref": "Q002196.15.2",
                  "inst": "Silakku[1]WN",
                  "sig": "@ribo/babylon0%sux:{i₇}si₂-la₂-ku=Silakku[1//1]WN'WN$Silakku/{i₇}si₂-la₂-ku#~",
                  "f": {
                    "lang": "sux",
                    "form": "{i₇}si₂-la₂-ku",
                    "gdl": [
                      {
                        "det": "semantic",
                        "pos": "pre",
                        "seq": [
                          {
                            "v": "i₇",
                            "gdl_utf8": "𒀀𒇉",
                            "id": "Q002196.15.2.0"
                          }
                        ]
                      },
                      {
                        "v": "si₂",
                        "gdl_utf8": "𒍣",
                        "id": "Q002196.15.2.1",
                        "delim": "-"
                      },
                      {
                        "v": "la₂",
                        "gdl_utf8": "𒇲",
                        "id": "Q002196.15.2.2",
                        "delim": "-"
                      },
                      {
                        "v": "ku",
                        "gdl_utf8": "𒆪",
                        "id": "Q002196.15.2.3"
                      }
                    ],
                    "cf": "Silakku",
                    "gw": "1",
                    "sense": "1",
                    "norm0": "Silakku",
                    "pos": "WN",
                    "epos": "WN",
                    "base": "{i₇}si₂-la₂-ku",
                    "morph": "~"
                  }
                },
                {
                  "node": "d",
                  "type": "line-start",
                  "ref": "Q002196.16",
                  "n": "16",
                  "label": "16"
                },
                {
                  "node": "l",
                  "frag": "dumu",
                  "id": "Q002196.l00f6a",
                  "ref": "Q002196.16.1",
                  "inst": "dumu[child, son, daughter]N",
                  "sig": "@ribo/babylon0%sux:dumu=dumu[child//child, son, daughter]N'N$dumu/dumu#~",
                  "f": {
                    "lang": "sux",
                    "form": "dumu",
                    "delim": "",
                    "gdl": [
                      {
                        "v": "dumu",
                        "gdl_utf8": "𒌉",
                        "id": "Q002196.16.1.0"
                      }
                    ],
                    "cf": "dumu",
                    "gw": "child",
                    "sense": "child, son, daughter",
                    "norm0": "dumu",
                    "pos": "N",
                    "epos": "N",
                    "base": "dumu",
                    "morph": "~"
                  }
                },
                {
                  "node": "l",
                  "frag": "šu-ba-diŋir-diŋir-[ke₄]",
                  "id": "Q002196.l00f6b",
                  "ref": "Q002196.16.2",
                  "inst": "Šuba-ilan[1]PN",
                  "sig": "@ribo/babylon0%sux:šu-ba-diŋir-diŋir-ke₄=Šuba-ilan[1//1]PN'PN$Šuba-ilan,ak.e/šu-ba-diŋir-diŋir#~,ak.e",
                  "f": {
                    "lang": "sux",
                    "form": "šu-ba-diŋir-diŋir-ke₄",
                    "gdl": [
                      {
                        "v": "šu",
                        "gdl_utf8": "𒋗",
                        "id": "Q002196.16.2.0",
                        "delim": "-"
                      },
                      {
                        "v": "ba",
                        "gdl_utf8": "𒁀",
                        "id": "Q002196.16.2.1",
                        "delim": "-"
                      },
                      {
                        "v": "diŋir",
                        "gdl_utf8": "𒀭",
                        "id": "Q002196.16.2.2",
                        "delim": "-"
                      },
                      {
                        "v": "diŋir",
                        "gdl_utf8": "𒀭",
                        "id": "Q002196.16.2.3",
                        "delim": "-"
                      },
                      {
                        "v": "ke₄",
                        "gdl_utf8": "𒆤",
                        "id": "Q002196.16.2.4",
                        "breakStart": "1",
                        "o": "]",
                        "break": "missing",
                        "breakEnd": "Q002196.16.2.4"
                      }
                    ],
                    "cf": "Šuba-ilan",
                    "gw": "1",
                    "sense": "1",
                    "norm0": "Šuba-ilan,ak.e",
                    "pos": "PN",
                    "epos": "PN",
                    "base": "šu-ba-diŋir-diŋir",
                    "morph": "~,ak.e"
                  }
                },
                {
                  "node": "d",
                  "type": "line-start",
                  "ref": "Q002196.17",
                  "n": "17",
                  "label": "17"
                },
                {
                  "node": "l",
                  "frag": "{d}lamma",
                  "id": "Q002196.l00f6c",
                  "ref": "Q002196.17.1",
                  "inst": "lammar[(female) tutelary deity]N",
                  "sig": "@ribo/babylon0%sux:{d}lamma=lammar[deity//(female) tutelary deity]N'N$lammar/{d}lamma#~",
                  "f": {
                    "lang": "sux",
                    "form": "{d}lamma",
                    "delim": "",
                    "gdl": [
                      {
                        "det": "semantic",
                        "pos": "pre",
                        "seq": [
                          {
                            "v": "d",
                            "gdl_utf8": "𒀭",
                            "id": "Q002196.17.1.0"
                          }
                        ]
                      },
                      {
                        "v": "lamma",
                        "gdl_utf8": "𒆗",
                        "id": "Q002196.17.1.1"
                      }
                    ],
                    "cf": "lammar",
                    "gw": "deity",
                    "sense": "(female) tutelary deity",
                    "norm0": "lammar",
                    "pos": "N",
                    "epos": "N",
                    "base": "{d}lamma",
                    "morph": "~"
                  }
                },
                {
                  "node": "l",
                  "frag": "me-te",
                  "id": "Q002196.l00f6d",
                  "ref": "Q002196.17.2",
                  "inst": "mete[appropriate thing, ornament]N",
                  "sig": "@ribo/babylon0%sux:me-te=mete[appropriate thing//appropriate thing, ornament]N'N$mete/me-te#~",
                  "f": {
                    "lang": "sux",
                    "form": "me-te",
                    "delim": "",
                    "gdl": [
                      {
                        "v": "me",
                        "gdl_utf8": "𒈨",
                        "id": "Q002196.17.2.0",
                        "delim": "-"
                      },
                      {
                        "v": "te",
                        "gdl_utf8": "𒋼",
                        "id": "Q002196.17.2.1"
                      }
                    ],
                    "cf": "mete",
                    "gw": "appropriate thing",
                    "sense": "appropriate thing, ornament",
                    "norm0": "mete",
                    "pos": "N",
                    "epos": "N",
                    "base": "me-te",
                    "morph": "~"
                  }
                },
                {
                  "node": "l",
                  "frag": "nam-diŋir-[ra-na]",
                  "id": "Q002196.l00f6e",
                  "ref": "Q002196.17.3",
                  "inst": "namdiŋir[divinity]N",
                  "sig": "@ribo/babylon0%sux:nam-diŋir-ra-na=namdiŋir[divinity//divinity]N'N$namdiŋir,ani.ak/nam-diŋir#~,ani.ak",
                  "f": {
                    "lang": "sux",
                    "form": "nam-diŋir-ra-na",
                    "gdl": [
                      {
                        "v": "nam",
                        "gdl_utf8": "𒉆",
                        "id": "Q002196.17.3.0",
                        "delim": "-"
                      },
                      {
                        "v": "diŋir",
                        "gdl_utf8": "𒀭",
                        "id": "Q002196.17.3.1",
                        "delim": "-"
                      },
                      {
                        "v": "ra",
                        "gdl_utf8": "𒊏",
                        "id": "Q002196.17.3.2",
                        "breakStart": "1",
                        "o": "[",
                        "break": "missing",
                        "delim": "-"
                      },
                      {
                        "v": "na",
                        "gdl_utf8": "𒈾",
                        "id": "Q002196.17.3.3",
                        "break": "missing",
                        "o": "]",
                        "breakEnd": "Q002196.17.3.2"
                      }
                    ],
                    "cf": "namdiŋir",
                    "gw": "divinity",
                    "sense": "divinity",
                    "norm0": "namdiŋir,ani.ak",
                    "pos": "N",
                    "epos": "N",
                    "base": "nam-diŋir",
                    "morph": "~,ani.ak"
                  }
                },
                {
                  "node": "d",
                  "type": "line-start",
                  "ref": "Q002196.18",
                  "n": "18",
                  "label": "18"
                },
                {
                  "node": "l",
                  "frag": "ki-tuš",
                  "id": "Q002196.l00f6f",
                  "ref": "Q002196.18.1",
                  "inst": "kituš[dwelling place]N",
                  "sig": "@ribo/babylon0%sux:ki-tuš=kituš[dwelling//dwelling place]N'N$kituš/ki-tuš#~",
                  "f": {
                    "lang": "sux",
                    "form": "ki-tuš",
                    "delim": "",
                    "gdl": [
                      {
                        "v": "ki",
                        "gdl_utf8": "𒆠",
                        "id": "Q002196.18.1.0",
                        "delim": "-"
                      },
                      {
                        "v": "tuš",
                        "gdl_utf8": "𒆪",
                        "id": "Q002196.18.1.1"
                      }
                    ],
                    "cf": "kituš",
                    "gw": "dwelling",
                    "sense": "dwelling place",
                    "norm0": "kituš",
                    "pos": "N",
                    "epos": "N",
                    "base": "ki-tuš",
                    "morph": "~"
                  }
                },
                {
                  "node": "l",
                  "frag": "ki-aŋ₂-ŋa₂-[na]",
                  "id": "Q002196.l00f70",
                  "ref": "Q002196.18.2",
                  "inst": "kiʾaŋa[beloved]AJ",
                  "sig": "@ribo/babylon0%sux:ki-aŋ₂-ŋa₂-na=kiʾaŋa[beloved//beloved]AJ'AJ$kiʾaŋa,ani.a/ki-aŋ₂-ŋa₂#~,ani.a",
                  "f": {
                    "lang": "sux",
                    "form": "ki-aŋ₂-ŋa₂-na",
                    "gdl": [
                      {
                        "v": "ki",
                        "gdl_utf8": "𒆠",
                        "id": "Q002196.18.2.0",
                        "delim": "-"
                      },
                      {
                        "v": "aŋ₂",
                        "gdl_utf8": "𒉘",
                        "id": "Q002196.18.2.1",
                        "delim": "-"
                      },
                      {
                        "v": "ŋa₂",
                        "gdl_utf8": "𒂷",
                        "id": "Q002196.18.2.2",
                        "delim": "-"
                      },
                      {
                        "v": "na",
                        "gdl_utf8": "𒈾",
                        "id": "Q002196.18.2.3",
                        "breakStart": "1",
                        "o": "]",
                        "break": "missing",
                        "breakEnd": "Q002196.18.2.3"
                      }
                    ],
                    "cf": "kiʾaŋa",
                    "gw": "beloved",
                    "sense": "beloved",
                    "norm0": "kiʾaŋa,ani.a",
                    "pos": "AJ",
                    "epos": "AJ",
                    "base": "ki-aŋ₂-ŋa₂",
                    "morph": "~,ani.a"
                  }
                },
                {
                  "node": "d",
                  "type": "line-start",
                  "ref": "Q002196.19",
                  "n": "19",
                  "label": "19"
                },
                {
                  "node": "l",
                  "frag": "urdu",
                  "id": "Q002196.l00f71",
                  "ref": "Q002196.19.1",
                  "inst": "arad[slave, servant]N",
                  "sig": "@ribo/babylon0%sux:urdu=arad[slave//slave, servant]N'N$arad/urdu#~",
                  "f": {
                    "lang": "sux",
                    "form": "urdu",
                    "delim": "",
                    "gdl": [
                      {
                        "v": "urdu",
                        "gdl_utf8": "𒀴",
                        "id": "Q002196.19.1.0"
                      }
                    ],
                    "cf": "arad",
                    "gw": "slave",
                    "sense": "slave, servant",
                    "norm0": "arad",
                    "pos": "N",
                    "epos": "N",
                    "base": "urdu",
                    "morph": "~"
                  }
                },
                {
                  "node": "l",
                  "frag": "ni₂-tuku-[ni]",
                  "id": "Q002196.l00f72",
                  "ref": "Q002196.19.2",
                  "inst": "nituku[pious, attentive]AJ",
                  "sig": "@ribo/babylon0%sux:ni₂-tuku-ni=nituku[pious//pious, attentive]AJ'AJ$nituku,ani/ni₂-tuku#~,ani",
                  "f": {
                    "lang": "sux",
                    "form": "ni₂-tuku-ni",
                    "gdl": [
                      {
                        "v": "ni₂",
                        "gdl_utf8": "𒉎",
                        "id": "Q002196.19.2.0",
                        "delim": "-"
                      },
                      {
                        "v": "tuku",
                        "gdl_utf8": "𒌇",
                        "id": "Q002196.19.2.1",
                        "delim": "-"
                      },
                      {
                        "v": "ni",
                        "gdl_utf8": "𒉌",
                        "id": "Q002196.19.2.2",
                        "breakStart": "1",
                        "o": "]",
                        "break": "missing",
                        "breakEnd": "Q002196.19.2.2"
                      }
                    ],
                    "cf": "nituku",
                    "gw": "pious",
                    "sense": "pious, attentive",
                    "norm0": "nituku,ani",
                    "pos": "AJ",
                    "epos": "AJ",
                    "base": "ni₂-tuku",
                    "morph": "~,ani"
                  }
                },
                {
                  "node": "d",
                  "type": "line-start",
                  "ref": "Q002196.20",
                  "n": "20",
                  "label": "20"
                },
                {
                  "node": "c",
                  "type": "phrase",
                  "tag": "phr",
                  "id": "Q002196.U4",
                  "ref": "Q002196.ls00000",
                  "cdl": [
                    {
                      "node": "l",
                      "frag": "u₆",
                      "id": "Q002196.l00f73",
                      "ref": "Q002196.20.1",
                      "inst": "u[admiration]N",
                      "sig": "@ribo/babylon0%sux:u₆=u[admiration//admiration]N'N$u/u₆#~",
                      "f": {
                        "lang": "sux",
                        "form": "u₆",
                        "delim": "",
                        "gdl": [
                          {
                            "v": "u₆",
                            "gdl_utf8": "𒅆𒂍",
                            "id": "Q002196.20.1.0"
                          }
                        ],
                        "cf": "u",
                        "gw": "admiration",
                        "sense": "admiration",
                        "norm0": "u",
                        "pos": "N",
                        "epos": "N",
                        "base": "u₆",
                        "morph": "~"
                      }
                    },
                    {
                      "node": "l",
                      "frag": "di-de₃",
                      "id": "Q002196.l00f74",
                      "ref": "Q002196.20.2",
                      "inst": "di[non-finite imperfect stem of dug⟦to speak⟧]V/t",
                      "sig": "@ribo/babylon0%sux:di-de₃=di[speak//non-finite imperfect stem of dug⟦to speak⟧]V/t'V/t$di;de/di#~;de",
                      "f": {
                        "lang": "sux",
                        "form": "di-de₃",
                        "delim": "",
                        "gdl": [
                          {
                            "v": "di",
                            "gdl_utf8": "𒁲",
                            "id": "Q002196.20.2.0",
                            "delim": "-"
                          },
                          {
                            "v": "de₃",
                            "gdl_utf8": "𒉈",
                            "id": "Q002196.20.2.1"
                          }
                        ],
                        "cf": "di",
                        "gw": "speak",
                        "sense": "non-finite imperfect stem of dug⟦to speak⟧",
                        "norm0": "di;de",
                        "pos": "V/t",
                        "epos": "V/t",
                        "base": "di",
                        "morph": "~;de"
                      }
                    }
                  ]
                },
                {
                  "node": "l",
                  "frag": "bi₂-[in-gub]",
                  "id": "Q002196.l00f75",
                  "ref": "Q002196.20.3",
                  "inst": "gub[stand//to stand]V/i'V/t",
                  "sig": "@ribo/babylon0%sux:bi₂-in-gub=gub[stand//to stand]V/i'V/t$ba.i.n:gub/gub#ba.i.n:~",
                  "f": {
                    "lang": "sux",
                    "form": "bi₂-in-gub",
                    "gdl": [
                      {
                        "v": "bi₂",
                        "gdl_utf8": "𒉈",
                        "id": "Q002196.20.3.0",
                        "delim": "-"
                      },
                      {
                        "v": "in",
                        "gdl_utf8": "𒅔",
                        "id": "Q002196.20.3.1",
                        "breakStart": "1",
                        "o": "[",
                        "break": "missing",
                        "delim": "-"
                      },
                      {
                        "v": "gub",
                        "gdl_utf8": "𒁺",
                        "id": "Q002196.20.3.2",
                        "break": "missing",
                        "o": "]",
                        "breakEnd": "Q002196.20.3.1"
                      }
                    ],
                    "cf": "gub",
                    "gw": "stand",
                    "sense": "to stand",
                    "norm0": "ba.i.n:gub",
                    "pos": "V/i",
                    "epos": "V/t",
                    "base": "gub",
                    "morph": "ba.i.n:~"
                  }
                }
              ]
            }
          ]
        }
      ]
    },
    {
      "linkbase": [
        {
          "type": "linkset",
          "xlink_title": "u dug[admire//to admire]V/t'V/t",
          "id": "Q002196.ls00000",
          "xlink_type": "extended",
          "xlink_role": "psu",
          "sig": "{u₆ di-de₃ = u[admiration]N di[speak]V/t += u dug[admire//to admire]V/t'V/t}::@ribo/babylon0%sux:u₆=u[admiration//admiration]N'N$u/u₆#~++@ribo/babylon0%sux:di-de₃=di[speak//non-finite imperfect stem of dug⟦to speak⟧]V/t'V/t$di;de/di#~;de",
          "links": [
            {
              "type": "link",
              "xlink_title": "u",
              "xlink_type": "locator",
              "xlink_href": "#Q002196.l00f73",
              "xlink_role": "elt"
            },
            {
              "type": "link",
              "xlink_title": "di",
              "xlink_type": "locator",
              "xlink_href": "#Q002196.l00f74",
              "xlink_role": "elt"
            }
          ]
        }
      ]
    }
  ]
}
