{
  "type": "cdl",
  "project": "ribo/babylon0",
  "source": "http://oracc.org/ribo/babylon0",
  "license": "This data is released under the CC0 license",
  "license-url": "https://creativecommons.org/publicdomain/zero/1.0/",
  "more-info": "http://oracc.org/doc/opendata/",
  "UTC-timestamp": "2019-01-12T08:22:58",
  "textid": "Q002182",
  "cdl": [
    {
      "node": "c",
      "type": "text",
      "id": "Q002182.U0",
      "cdl": [
        {
          "node": "d",
          "type": "object",
          "ref": ""
        },
        {
          "node": "d",
          "type": "surface",
          "ref": ""
        },
        {
          "node": "c",
          "type": "discourse",
          "subtype": "body",
          "id": "Q002182.U1",
          "cdl": [
            {
              "node": "c",
              "type": "sentence",
              "implicit": "yes",
              "id": "Q002182.U2",
              "label": "1 - 28",
              "cdl": [
                {
                  "node": "d",
                  "type": "line-start",
                  "ref": "Q002182.1",
                  "n": "1",
                  "label": "1"
                },
                {
                  "node": "l",
                  "frag": "[ha-am]-⸢mu-ra-pi₂⸣",
                  "id": "Q002182.l00914",
                  "ref": "Q002182.1.1",
                  "inst": "Hammu-rapi[king of Babylon]RN",
                  "sig": "@ribo/babylon0%sux:ha-am-mu-ra-pi₂=Hammu-rapi[king of Babylon//king of Babylon]RN'RN$Hammu-rapi/ha-am-mu-ra-pi₂#~",
                  "f": {
                    "lang": "sux",
                    "form": "ha-am-mu-ra-pi₂",
                    "gdl": [
                      {
                        "v": "ha",
                        "gdl_utf8": "𒄩",
                        "id": "Q002182.1.1.0",
                        "breakStart": "1",
                        "o": "[",
                        "break": "missing",
                        "delim": "-"
                      },
                      {
                        "v": "am",
                        "gdl_utf8": "𒄠",
                        "id": "Q002182.1.1.1",
                        "break": "missing",
                        "o": "]",
                        "breakEnd": "Q002182.1.1.0",
                        "delim": "-"
                      },
                      {
                        "v": "mu",
                        "gdl_utf8": "𒈬",
                        "id": "Q002182.1.1.2",
                        "break": "damaged",
                        "ho": "1",
                        "delim": "-"
                      },
                      {
                        "v": "ra",
                        "gdl_utf8": "𒊏",
                        "id": "Q002182.1.1.3",
                        "break": "damaged",
                        "delim": "-"
                      },
                      {
                        "v": "pi₂",
                        "gdl_utf8": "𒁉",
                        "id": "Q002182.1.1.4",
                        "break": "damaged",
                        "hc": "1"
                      }
                    ],
                    "cf": "Hammu-rapi",
                    "gw": "king of Babylon",
                    "sense": "king of Babylon",
                    "norm0": "Hammu-rapi",
                    "pos": "RN",
                    "epos": "RN",
                    "base": "ha-am-mu-ra-pi₂",
                    "morph": "~"
                  }
                },
                {
                  "node": "d",
                  "type": "line-start",
                  "ref": "Q002182.2",
                  "n": "2",
                  "label": "2"
                },
                {
                  "node": "l",
                  "frag": "ninta",
                  "id": "Q002182.l00915",
                  "ref": "Q002182.2.1",
                  "inst": "nita[male]N",
                  "sig": "@ribo/babylon0%sux:ninta=nita[male//male]N'N$nita/ninta#~",
                  "f": {
                    "lang": "sux",
                    "form": "ninta",
                    "delim": "",
                    "gdl": [
                      {
                        "v": "ninta",
                        "gdl_utf8": "𒍑",
                        "id": "Q002182.2.1.0"
                      }
                    ],
                    "cf": "nita",
                    "gw": "male",
                    "sense": "male",
                    "norm0": "nita",
                    "pos": "N",
                    "epos": "N",
                    "base": "ninta",
                    "morph": "~"
                  }
                },
                {
                  "node": "l",
                  "frag": "kala-ga",
                  "id": "Q002182.l00916",
                  "ref": "Q002182.2.2",
                  "inst": "kalag[(to be) strong, powerful, mighty]V/i",
                  "sig": "@ribo/babylon0%sux:kala-ga=kalag[strong//(to be) strong, powerful, mighty]V/i'V/i$kalag;a/kala-g·a#~;a",
                  "f": {
                    "lang": "sux",
                    "form": "kala-ga",
                    "gdl": [
                      {
                        "v": "kala",
                        "gdl_utf8": "𒆗",
                        "id": "Q002182.2.2.0",
                        "delim": "-"
                      },
                      {
                        "v": "ga",
                        "gdl_utf8": "𒂵",
                        "id": "Q002182.2.2.1"
                      }
                    ],
                    "cf": "kalag",
                    "gw": "strong",
                    "sense": "(to be) strong, powerful, mighty",
                    "norm0": "kalag;a",
                    "pos": "V/i",
                    "epos": "V/i",
                    "base": "kala-g·a",
                    "morph": "~;a"
                  }
                },
                {
                  "node": "d",
                  "type": "line-start",
                  "ref": "Q002182.3",
                  "n": "3",
                  "label": "3"
                },
                {
                  "node": "l",
                  "frag": "lugal",
                  "id": "Q002182.l00917",
                  "ref": "Q002182.3.1",
                  "inst": "lugal[king]N",
                  "sig": "@ribo/babylon0%sux:lugal=lugal[king//king]N'N$lugal/lugal#~",
                  "f": {
                    "lang": "sux",
                    "form": "lugal",
                    "delim": "",
                    "gdl": [
                      {
                        "v": "lugal",
                        "gdl_utf8": "𒈗",
                        "id": "Q002182.3.1.0"
                      }
                    ],
                    "cf": "lugal",
                    "gw": "king",
                    "sense": "king",
                    "norm0": "lugal",
                    "pos": "N",
                    "epos": "N",
                    "base": "lugal",
                    "morph": "~"
                  }
                },
                {
                  "node": "l",
                  "frag": "ur-[saŋ]",
                  "id": "Q002182.l00918",
                  "ref": "Q002182.3.2",
                  "inst": "ursaŋ[warrior, hero]N",
                  "sig": "@ribo/babylon0%sux:ur-saŋ=ursaŋ[hero//warrior, hero]N'N$ursaŋ/ur-saŋ#~",
                  "f": {
                    "lang": "sux",
                    "form": "ur-saŋ",
                    "gdl": [
                      {
                        "v": "ur",
                        "gdl_utf8": "𒌨",
                        "id": "Q002182.3.2.0",
                        "delim": "-"
                      },
                      {
                        "v": "saŋ",
                        "gdl_utf8": "𒊕",
                        "id": "Q002182.3.2.1",
                        "breakStart": "1",
                        "o": "]",
                        "break": "missing",
                        "breakEnd": "Q002182.3.2.1"
                      }
                    ],
                    "cf": "ursaŋ",
                    "gw": "hero",
                    "sense": "warrior, hero",
                    "norm0": "ursaŋ",
                    "pos": "N",
                    "epos": "N",
                    "base": "ur-saŋ",
                    "morph": "~"
                  }
                },
                {
                  "node": "d",
                  "type": "line-start",
                  "ref": "Q002182.4",
                  "n": "4",
                  "label": "4"
                },
                {
                  "node": "l",
                  "frag": "lugal",
                  "id": "Q002182.l00919",
                  "ref": "Q002182.4.1",
                  "inst": "lugal[king]N",
                  "sig": "@ribo/babylon0%sux:lugal=lugal[king//king]N'N$lugal/lugal#~",
                  "f": {
                    "lang": "sux",
                    "form": "lugal",
                    "delim": "",
                    "gdl": [
                      {
                        "v": "lugal",
                        "gdl_utf8": "𒈗",
                        "id": "Q002182.4.1.0"
                      }
                    ],
                    "cf": "lugal",
                    "gw": "king",
                    "sense": "king",
                    "norm0": "lugal",
                    "pos": "N",
                    "epos": "N",
                    "base": "lugal",
                    "morph": "~"
                  }
                },
                {
                  "node": "l",
                  "frag": "an-ub-da",
                  "id": "Q002182.l0091a",
                  "ref": "Q002182.4.2",
                  "inst": "anubda[a cosmographic or geographic term, quarter (of the universe)]N",
                  "sig": "@ribo/babylon0%sux:an-ub-da=anubda[quarter//a cosmographic or geographic term, quarter (of the universe)]N'N$anubda/an-ub-da#~",
                  "f": {
                    "lang": "sux",
                    "form": "an-ub-da",
                    "delim": "",
                    "gdl": [
                      {
                        "v": "an",
                        "gdl_utf8": "𒀭",
                        "id": "Q002182.4.2.0",
                        "delim": "-"
                      },
                      {
                        "v": "ub",
                        "gdl_utf8": "𒌒",
                        "id": "Q002182.4.2.1",
                        "delim": "-"
                      },
                      {
                        "v": "da",
                        "gdl_utf8": "𒁕",
                        "id": "Q002182.4.2.2"
                      }
                    ],
                    "cf": "anubda",
                    "gw": "quarter",
                    "sense": "a cosmographic or geographic term, quarter (of the universe)",
                    "norm0": "anubda",
                    "pos": "N",
                    "epos": "N",
                    "base": "an-ub-da",
                    "morph": "~"
                  }
                },
                {
                  "node": "l",
                  "frag": "limmu₂-[ba]",
                  "id": "Q002182.l0091b",
                  "ref": "Q002182.4.3",
                  "inst": "limmu[four]NU",
                  "sig": "@ribo/babylon0%sux:limmu₂-ba=limmu[four//four]NU'NU$limmu,bi.ak/limmu₂#~,bi.ak",
                  "f": {
                    "lang": "sux",
                    "form": "limmu₂-ba",
                    "gdl": [
                      {
                        "v": "limmu₂",
                        "gdl_utf8": "𒇹",
                        "id": "Q002182.4.3.0",
                        "delim": "-"
                      },
                      {
                        "v": "ba",
                        "gdl_utf8": "𒁀",
                        "id": "Q002182.4.3.1",
                        "breakStart": "1",
                        "o": "]",
                        "break": "missing",
                        "breakEnd": "Q002182.4.3.1"
                      }
                    ],
                    "cf": "limmu",
                    "gw": "four",
                    "sense": "four",
                    "norm0": "limmu,bi.ak",
                    "pos": "NU",
                    "epos": "NU",
                    "base": "limmu₂",
                    "morph": "~,bi.ak"
                  }
                },
                {
                  "node": "d",
                  "type": "line-start",
                  "ref": "Q002182.5",
                  "n": "5",
                  "label": "5"
                },
                {
                  "node": "l",
                  "frag": "gu₃",
                  "id": "Q002182.l0091c",
                  "ref": "Q002182.5.1",
                  "inst": "gu[voice, cry, noise]N",
                  "sig": "@ribo/babylon0%sux:gu₃=gu[voice//voice, cry, noise]N'N$gu/gu₃#~",
                  "f": {
                    "lang": "sux",
                    "form": "gu₃",
                    "delim": "",
                    "gdl": [
                      {
                        "v": "gu₃",
                        "gdl_utf8": "𒅗",
                        "id": "Q002182.5.1.0"
                      }
                    ],
                    "cf": "gu",
                    "gw": "voice",
                    "sense": "voice, cry, noise",
                    "norm0": "gu",
                    "pos": "N",
                    "epos": "N",
                    "base": "gu₃",
                    "morph": "~"
                  }
                },
                {
                  "node": "l",
                  "frag": "teš₂-[a]",
                  "id": "Q002182.l0091d",
                  "ref": "Q002182.5.2",
                  "inst": "teš[unity]N",
                  "sig": "@ribo/babylon0%sux:teš₂-a=teš[unity//unity]N'N$teš,a/teš₂#~,a",
                  "f": {
                    "lang": "sux",
                    "form": "teš₂-a",
                    "gdl": [
                      {
                        "v": "teš₂",
                        "gdl_utf8": "𒌨",
                        "id": "Q002182.5.2.0",
                        "delim": "-"
                      },
                      {
                        "v": "a",
                        "gdl_utf8": "𒀀",
                        "id": "Q002182.5.2.1",
                        "breakStart": "1",
                        "o": "]",
                        "break": "missing",
                        "breakEnd": "Q002182.5.2.1"
                      }
                    ],
                    "cf": "teš",
                    "gw": "unity",
                    "sense": "unity",
                    "norm0": "teš,a",
                    "pos": "N",
                    "epos": "N",
                    "base": "teš₂",
                    "morph": "~,a"
                  }
                },
                {
                  "node": "d",
                  "type": "line-start",
                  "ref": "Q002182.6",
                  "n": "6",
                  "label": "6"
                },
                {
                  "node": "l",
                  "frag": "bi₂-in-si₃-ga",
                  "id": "Q002182.l0091e",
                  "ref": "Q002182.6.1",
                  "inst": "sig[(to be) equal]V/i",
                  "sig": "@ribo/babylon0%sux:bi₂-in-si₃-ga=sig[equal//(to be) equal]V/i'V/i$ba.i.n:sig;a/si₃-g·a#ba.i.n:~;a",
                  "f": {
                    "lang": "sux",
                    "form": "bi₂-in-si₃-ga",
                    "gdl": [
                      {
                        "v": "bi₂",
                        "gdl_utf8": "𒉈",
                        "id": "Q002182.6.1.0",
                        "delim": "-"
                      },
                      {
                        "v": "in",
                        "gdl_utf8": "𒅔",
                        "id": "Q002182.6.1.1",
                        "delim": "-"
                      },
                      {
                        "v": "si₃",
                        "gdl_utf8": "𒋧",
                        "id": "Q002182.6.1.2",
                        "delim": "-"
                      },
                      {
                        "v": "ga",
                        "gdl_utf8": "𒂵",
                        "id": "Q002182.6.1.3"
                      }
                    ],
                    "cf": "sig",
                    "gw": "equal",
                    "sense": "(to be) equal",
                    "norm0": "ba.i.n:sig;a",
                    "pos": "V/i",
                    "epos": "V/i",
                    "base": "si₃-g·a",
                    "morph": "ba.i.n:~;a"
                  }
                },
                {
                  "node": "d",
                  "type": "line-start",
                  "ref": "Q002182.7",
                  "n": "7",
                  "label": "7"
                },
                {
                  "node": "l",
                  "frag": "še-ga",
                  "id": "Q002182.l0091f",
                  "ref": "Q002182.7.1",
                  "inst": "šeg[favourite]N",
                  "sig": "@ribo/babylon0%sux:še-ga=šeg[agree//favourite]V/t'N$šeg;a/še-g·a#~;a",
                  "f": {
                    "lang": "sux",
                    "form": "še-ga",
                    "delim": "",
                    "gdl": [
                      {
                        "v": "še",
                        "gdl_utf8": "𒊺",
                        "id": "Q002182.7.1.0",
                        "delim": "-"
                      },
                      {
                        "v": "ga",
                        "gdl_utf8": "𒂵",
                        "id": "Q002182.7.1.1"
                      }
                    ],
                    "cf": "šeg",
                    "gw": "agree",
                    "sense": "favourite",
                    "norm0": "šeg;a",
                    "pos": "V/t",
                    "epos": "N",
                    "base": "še-g·a",
                    "morph": "~;a"
                  }
                },
                {
                  "node": "l",
                  "frag": "an-na-[x]",
                  "id": "Q002182.l00920",
                  "ref": "Q002182.7.2",
                  "inst": "An[1]DN",
                  "sig": "@ribo/babylon0%sux:an-na-x=An[1//1]DN'DN$An,ak/an+-na=n.a#~,ak",
                  "f": {
                    "lang": "sux",
                    "form": "an-na-x",
                    "gdl": [
                      {
                        "v": "an",
                        "gdl_utf8": "𒀭",
                        "id": "Q002182.7.2.0",
                        "delim": "-"
                      },
                      {
                        "v": "na",
                        "gdl_utf8": "𒈾",
                        "id": "Q002182.7.2.1",
                        "delim": "-"
                      },
                      {
                        "v": "x",
                        "gdl_utf8": "x",
                        "id": "Q002182.7.2.2",
                        "breakStart": "1",
                        "o": "]",
                        "break": "missing",
                        "breakEnd": "Q002182.7.2.2"
                      }
                    ],
                    "cf": "An",
                    "gw": "1",
                    "sense": "1",
                    "norm0": "An,ak",
                    "pos": "DN",
                    "epos": "DN",
                    "base": "an",
                    "cont": "-na=n.a",
                    "morph": "~,ak"
                  }
                },
                {
                  "node": "d",
                  "type": "line-start",
                  "ref": "Q002182.8",
                  "n": "8",
                  "label": "8"
                },
                {
                  "node": "l",
                  "frag": "SI",
                  "id": "Q002182.l00921",
                  "ref": "Q002182.8.1",
                  "inst": "u",
                  "f": {
                    "lang": "sux",
                    "form": "SI",
                    "delim": "",
                    "gdl": [
                      {
                        "s": "SI",
                        "gdl_utf8": "𒋛",
                        "id": "Q002182.8.1.0"
                      }
                    ],
                    "pos": "u"
                  }
                },
                {
                  "node": "l",
                  "frag": "A",
                  "id": "Q002182.l00922",
                  "ref": "Q002182.8.2",
                  "inst": "u",
                  "f": {
                    "lang": "sux",
                    "form": "A",
                    "delim": "",
                    "gdl": [
                      {
                        "s": "A",
                        "gdl_utf8": "𒀀",
                        "id": "Q002182.8.2.0"
                      }
                    ],
                    "pos": "u"
                  }
                },
                {
                  "node": "l",
                  "frag": "[...]",
                  "id": "Q002182.l00923",
                  "ref": "Q002182.8.3",
                  "inst": "u",
                  "f": {
                    "lang": "sux",
                    "form": "x",
                    "gdl": [
                      {
                        "x": "ellipsis",
                        "id": "Q002182.8.3.0",
                        "breakStart": "1",
                        "break": "missing",
                        "o": "]",
                        "breakEnd": "Q002182.8.3.0"
                      }
                    ],
                    "pos": "u"
                  }
                },
                {
                  "node": "d",
                  "type": "line-start",
                  "ref": "Q002182.9",
                  "n": "9",
                  "label": "9"
                },
                {
                  "node": "l",
                  "frag": "KA",
                  "id": "Q002182.l00924",
                  "ref": "Q002182.9.1",
                  "inst": "u",
                  "f": {
                    "lang": "sux",
                    "form": "KA",
                    "delim": "",
                    "gdl": [
                      {
                        "s": "KA",
                        "gdl_utf8": "𒅗",
                        "id": "Q002182.9.1.0"
                      }
                    ],
                    "pos": "u"
                  }
                },
                {
                  "node": "l",
                  "frag": "[...]",
                  "id": "Q002182.l00925",
                  "ref": "Q002182.9.2",
                  "inst": "u",
                  "f": {
                    "lang": "sux",
                    "form": "x",
                    "gdl": [
                      {
                        "x": "ellipsis",
                        "id": "Q002182.9.2.0",
                        "breakStart": "1",
                        "break": "missing",
                        "o": "]",
                        "breakEnd": "Q002182.9.2.0"
                      }
                    ],
                    "pos": "u"
                  }
                },
                {
                  "node": "d",
                  "type": "line-start",
                  "ref": "Q002182.10",
                  "n": "10",
                  "label": "10"
                },
                {
                  "node": "l",
                  "frag": "{d}en-[lil₂]",
                  "id": "Q002182.l00926",
                  "ref": "Q002182.10.1",
                  "inst": "Enlil[1]DN",
                  "sig": "@ribo/babylon0%sux:{d}en-lil₂=Enlil[1//1]DN'DN$Enlil/{d}en-lil₂#~",
                  "f": {
                    "lang": "sux",
                    "form": "{d}en-lil₂",
                    "gdl": [
                      {
                        "det": "semantic",
                        "pos": "pre",
                        "seq": [
                          {
                            "v": "d",
                            "gdl_utf8": "𒀭",
                            "id": "Q002182.10.1.0"
                          }
                        ]
                      },
                      {
                        "v": "en",
                        "gdl_utf8": "𒂗",
                        "id": "Q002182.10.1.1",
                        "delim": "-"
                      },
                      {
                        "v": "lil₂",
                        "gdl_utf8": "𒆤",
                        "id": "Q002182.10.1.2",
                        "breakStart": "1",
                        "o": "]",
                        "break": "missing",
                        "breakEnd": "Q002182.10.1.2"
                      }
                    ],
                    "cf": "Enlil",
                    "gw": "1",
                    "sense": "1",
                    "norm0": "Enlil",
                    "pos": "DN",
                    "epos": "DN",
                    "base": "{d}en-lil₂",
                    "morph": "~"
                  }
                },
                {
                  "node": "d",
                  "type": "line-start",
                  "ref": "Q002182.11",
                  "n": "11",
                  "label": "11"
                },
                {
                  "node": "c",
                  "type": "phrase",
                  "tag": "phr",
                  "id": "Q002182.U4",
                  "ref": "Q002182.ls00000",
                  "cdl": [
                    {
                      "node": "l",
                      "frag": "dalla",
                      "id": "Q002182.l00927",
                      "ref": "Q002182.11.1",
                      "inst": "dalla[ring]N",
                      "sig": "@ribo/babylon0%sux:dalla=dalla[ring//ring]N'N$dalla/dalla#~",
                      "f": {
                        "lang": "sux",
                        "form": "dalla",
                        "delim": "",
                        "gdl": [
                          {
                            "v": "dalla",
                            "gdl_utf8": "𒈦𒄘𒃼",
                            "id": "Q002182.11.1.0"
                          }
                        ],
                        "cf": "dalla",
                        "gw": "ring",
                        "sense": "ring",
                        "norm0": "dalla",
                        "pos": "N",
                        "epos": "N",
                        "base": "dalla",
                        "morph": "~"
                      }
                    },
                    {
                      "node": "l",
                      "frag": "[e₃]",
                      "id": "Q002182.l00928",
                      "ref": "Q002182.11.2",
                      "inst": "e[to leave, go out]V/i",
                      "sig": "@ribo/babylon0%sux:e₃=e[leave//to leave, go out]V/i'V/i$e/e₃#~",
                      "f": {
                        "lang": "sux",
                        "form": "e₃",
                        "gdl": [
                          {
                            "v": "e₃",
                            "gdl_utf8": "𒌓𒁺",
                            "id": "Q002182.11.2.0",
                            "breakStart": "1",
                            "o": "]",
                            "break": "missing",
                            "breakEnd": "Q002182.11.2.0"
                          }
                        ],
                        "cf": "e",
                        "gw": "leave",
                        "sense": "to leave, go out",
                        "norm0": "e",
                        "pos": "V/i",
                        "epos": "V/i",
                        "base": "e₃",
                        "morph": "~"
                      }
                    }
                  ]
                },
                {
                  "node": "d",
                  "type": "line-start",
                  "ref": "Q002182.12",
                  "n": "12",
                  "label": "12"
                },
                {
                  "node": "l",
                  "frag": "u₄",
                  "id": "Q002182.l00929",
                  "ref": "Q002182.12.1",
                  "inst": "ud[day]N",
                  "sig": "@ribo/babylon0%sux:u₄=ud[sun//day]N'N$ud/u₄#~",
                  "f": {
                    "lang": "sux",
                    "form": "u₄",
                    "delim": "",
                    "gdl": [
                      {
                        "v": "u₄",
                        "gdl_utf8": "𒌓",
                        "id": "Q002182.12.1.0"
                      }
                    ],
                    "cf": "ud",
                    "gw": "sun",
                    "sense": "day",
                    "norm0": "ud",
                    "pos": "N",
                    "epos": "N",
                    "base": "u₄",
                    "morph": "~"
                  }
                },
                {
                  "node": "l",
                  "frag": "[an]",
                  "id": "Q002182.l0092a",
                  "ref": "Q002182.12.2",
                  "inst": "An[1]DN",
                  "sig": "@ribo/babylon0%sux:an=An[1//1]DN'DN$An/an#~",
                  "f": {
                    "lang": "sux",
                    "form": "an",
                    "gdl": [
                      {
                        "v": "an",
                        "gdl_utf8": "𒀭",
                        "id": "Q002182.12.2.0",
                        "breakStart": "1",
                        "o": "]",
                        "break": "missing",
                        "breakEnd": "Q002182.12.2.0"
                      }
                    ],
                    "cf": "An",
                    "gw": "1",
                    "sense": "1",
                    "norm0": "An",
                    "pos": "DN",
                    "epos": "DN",
                    "base": "an",
                    "morph": "~"
                  }
                },
                {
                  "node": "d",
                  "type": "line-start",
                  "ref": "Q002182.13",
                  "n": "13",
                  "label": "13"
                },
                {
                  "node": "l",
                  "frag": "{d}en-[lil₂]",
                  "id": "Q002182.l0092b",
                  "ref": "Q002182.13.1",
                  "inst": "Enlil[1]DN",
                  "sig": "@ribo/babylon0%sux:{d}en-lil₂=Enlil[1//1]DN'DN$Enlil/{d}en-lil₂#~",
                  "f": {
                    "lang": "sux",
                    "form": "{d}en-lil₂",
                    "gdl": [
                      {
                        "det": "semantic",
                        "pos": "pre",
                        "seq": [
                          {
                            "v": "d",
                            "gdl_utf8": "𒀭",
                            "id": "Q002182.13.1.0"
                          }
                        ]
                      },
                      {
                        "v": "en",
                        "gdl_utf8": "𒂗",
                        "id": "Q002182.13.1.1",
                        "delim": "-"
                      },
                      {
                        "v": "lil₂",
                        "gdl_utf8": "𒆤",
                        "id": "Q002182.13.1.2",
                        "breakStart": "1",
                        "o": "]",
                        "break": "missing",
                        "breakEnd": "Q002182.13.1.2"
                      }
                    ],
                    "cf": "Enlil",
                    "gw": "1",
                    "sense": "1",
                    "norm0": "Enlil",
                    "pos": "DN",
                    "epos": "DN",
                    "base": "{d}en-lil₂",
                    "morph": "~"
                  }
                },
                {
                  "node": "d",
                  "type": "line-start",
                  "ref": "Q002182.14",
                  "n": "14",
                  "label": "14"
                },
                {
                  "node": "l",
                  "frag": "nam-a-[ni]",
                  "id": "Q002182.l0092c",
                  "ref": "Q002182.14.1",
                  "inst": "nam[fate, destiny]N",
                  "sig": "@ribo/babylon0%sux:nam-a-ni=nam[fate//fate, destiny]N'N$nam,ani/nam#~,ani",
                  "f": {
                    "lang": "sux",
                    "form": "nam-a-ni",
                    "gdl": [
                      {
                        "v": "nam",
                        "gdl_utf8": "𒉆",
                        "id": "Q002182.14.1.0",
                        "delim": "-"
                      },
                      {
                        "v": "a",
                        "gdl_utf8": "𒀀",
                        "id": "Q002182.14.1.1",
                        "delim": "-"
                      },
                      {
                        "v": "ni",
                        "gdl_utf8": "𒉌",
                        "id": "Q002182.14.1.2",
                        "breakStart": "1",
                        "o": "]",
                        "break": "missing",
                        "breakEnd": "Q002182.14.1.2"
                      }
                    ],
                    "cf": "nam",
                    "gw": "fate",
                    "sense": "fate, destiny",
                    "norm0": "nam,ani",
                    "pos": "N",
                    "epos": "N",
                    "base": "nam",
                    "morph": "~,ani"
                  }
                },
                {
                  "node": "d",
                  "type": "line-start",
                  "ref": "Q002182.15",
                  "n": "15",
                  "label": "15"
                },
                {
                  "node": "l",
                  "frag": "bi₂-ib₂-buluŋ₃-ŋe₂₆-eš-a",
                  "id": "Q002182.l0092d",
                  "ref": "Q002182.15.1",
                  "inst": "buluŋ[to grow up, rear, make grow]V/t",
                  "sig": "@ribo/babylon0%sux:bi₂-ib₂-buluŋ₃-ŋe₂₆-eš-a=buluŋ[grow//to grow up, rear, make grow]V/t'V/t$bi.b:buluŋ;eš.a/buluŋ₃+-ŋe₂₆=ŋ.e#bi.b:~;eš.a",
                  "f": {
                    "lang": "sux",
                    "form": "bi₂-ib₂-buluŋ₃-ŋe₂₆-eš-a",
                    "gdl": [
                      {
                        "v": "bi₂",
                        "gdl_utf8": "𒉈",
                        "id": "Q002182.15.1.0",
                        "delim": "-"
                      },
                      {
                        "v": "ib₂",
                        "gdl_utf8": "𒌈",
                        "id": "Q002182.15.1.1",
                        "delim": "-"
                      },
                      {
                        "v": "buluŋ₃",
                        "gdl_utf8": "𒉽𒉽",
                        "id": "Q002182.15.1.2",
                        "delim": "-"
                      },
                      {
                        "v": "ŋe₂₆",
                        "gdl_utf8": "𒂷",
                        "id": "Q002182.15.1.3",
                        "delim": "-"
                      },
                      {
                        "v": "eš",
                        "gdl_utf8": "𒌍",
                        "id": "Q002182.15.1.4",
                        "delim": "-"
                      },
                      {
                        "v": "a",
                        "gdl_utf8": "𒀀",
                        "id": "Q002182.15.1.5"
                      }
                    ],
                    "cf": "buluŋ",
                    "gw": "grow",
                    "sense": "to grow up, rear, make grow",
                    "norm0": "bi.b:buluŋ;eš.a",
                    "pos": "V/t",
                    "epos": "V/t",
                    "base": "buluŋ₃",
                    "cont": "-ŋe₂₆=ŋ.e",
                    "morph": "bi.b:~;eš.a"
                  }
                },
                {
                  "node": "d",
                  "type": "line-start",
                  "ref": "Q002182.16",
                  "n": "16",
                  "label": "16"
                },
                {
                  "node": "l",
                  "frag": "diŋir",
                  "id": "Q002182.l0092e",
                  "ref": "Q002182.16.1",
                  "inst": "diŋir[deity, god, goddess]N",
                  "sig": "@ribo/babylon0%sux:diŋir=diŋir[deity//deity, god, goddess]N'N$diŋir/diŋir#~",
                  "f": {
                    "lang": "sux",
                    "form": "diŋir",
                    "delim": "",
                    "gdl": [
                      {
                        "v": "diŋir",
                        "gdl_utf8": "𒀭",
                        "id": "Q002182.16.1.0"
                      }
                    ],
                    "cf": "diŋir",
                    "gw": "deity",
                    "sense": "deity, god, goddess",
                    "norm0": "diŋir",
                    "pos": "N",
                    "epos": "N",
                    "base": "diŋir",
                    "morph": "~"
                  }
                },
                {
                  "node": "l",
                  "frag": "gal-gal-e-ne",
                  "id": "Q002182.l0092f",
                  "ref": "Q002182.16.2",
                  "inst": "gal[(to be) big, great]V/i",
                  "sig": "@ribo/babylon0%sux:gal-gal-e-ne=gal[big//(to be) big, great]V/i'V/i$gal;e.ene/gal-gal#~;e.ene",
                  "f": {
                    "lang": "sux",
                    "form": "gal-gal-e-ne",
                    "gdl": [
                      {
                        "v": "gal",
                        "gdl_utf8": "𒃲",
                        "id": "Q002182.16.2.0",
                        "delim": "-"
                      },
                      {
                        "v": "gal",
                        "gdl_utf8": "𒃲",
                        "id": "Q002182.16.2.1",
                        "delim": "-"
                      },
                      {
                        "v": "e",
                        "gdl_utf8": "𒂊",
                        "id": "Q002182.16.2.2",
                        "delim": "-"
                      },
                      {
                        "v": "ne",
                        "gdl_utf8": "𒉈",
                        "id": "Q002182.16.2.3"
                      }
                    ],
                    "cf": "gal",
                    "gw": "big",
                    "sense": "(to be) big, great",
                    "norm0": "gal;e.ene",
                    "pos": "V/i",
                    "epos": "V/i",
                    "base": "gal-gal",
                    "morph": "~;e.ene"
                  }
                },
                {
                  "node": "d",
                  "type": "line-start",
                  "ref": "Q002182.17",
                  "n": "17",
                  "label": "17"
                },
                {
                  "node": "l",
                  "frag": "mu-ni-in-še₂₁-eš₂",
                  "id": "Q002182.l00930",
                  "ref": "Q002182.17.1",
                  "inst": "še[to call by name]V/t",
                  "sig": "@ribo/babylon0%sux:mu-ni-in-še₂₁-eš₂=še[call//to call by name]V/t'V/t$mu.ni.n:še;eš/še₂₁#mu.ni.n:~;eš",
                  "f": {
                    "lang": "sux",
                    "form": "mu-ni-in-še₂₁-eš₂",
                    "gdl": [
                      {
                        "v": "mu",
                        "gdl_utf8": "𒈬",
                        "id": "Q002182.17.1.0",
                        "delim": "-"
                      },
                      {
                        "v": "ni",
                        "gdl_utf8": "𒉌",
                        "id": "Q002182.17.1.1",
                        "delim": "-"
                      },
                      {
                        "v": "in",
                        "gdl_utf8": "𒅔",
                        "id": "Q002182.17.1.2",
                        "delim": "-"
                      },
                      {
                        "v": "še₂₁",
                        "gdl_utf8": "𒄷𒈿",
                        "id": "Q002182.17.1.3",
                        "delim": "-"
                      },
                      {
                        "v": "eš₂",
                        "gdl_utf8": "𒂠",
                        "id": "Q002182.17.1.4"
                      }
                    ],
                    "cf": "še",
                    "gw": "call",
                    "sense": "to call by name",
                    "norm0": "mu.ni.n:še;eš",
                    "pos": "V/t",
                    "epos": "V/t",
                    "base": "še₂₁",
                    "morph": "mu.ni.n:~;eš"
                  }
                },
                {
                  "node": "d",
                  "type": "line-start",
                  "ref": "Q002182.18",
                  "n": "18",
                  "label": "18"
                },
                {
                  "node": "l",
                  "frag": "{ŋeš}rab₃-ni-ta",
                  "id": "Q002182.l00931",
                  "ref": "Q002182.18.1",
                  "inst": "raba[neck stock]N",
                  "sig": "@ribo/babylon0%sux:{ŋeš}rab₃-ni-ta=raba[clamp//neck stock]N'N$raba,ani.ta/{ŋeš}rab₃#~,ani.ta",
                  "f": {
                    "lang": "sux",
                    "form": "{ŋeš}rab₃-ni-ta",
                    "gdl": [
                      {
                        "det": "semantic",
                        "pos": "pre",
                        "seq": [
                          {
                            "v": "ŋeš",
                            "gdl_utf8": "𒄑",
                            "id": "Q002182.18.1.0"
                          }
                        ]
                      },
                      {
                        "v": "rab₃",
                        "gdl_utf8": "𒈗",
                        "id": "Q002182.18.1.1",
                        "delim": "-"
                      },
                      {
                        "v": "ni",
                        "gdl_utf8": "𒉌",
                        "id": "Q002182.18.1.2",
                        "delim": "-"
                      },
                      {
                        "v": "ta",
                        "gdl_utf8": "𒋫",
                        "id": "Q002182.18.1.3"
                      }
                    ],
                    "cf": "raba",
                    "gw": "clamp",
                    "sense": "neck stock",
                    "norm0": "raba,ani.ta",
                    "pos": "N",
                    "epos": "N",
                    "base": "{ŋeš}rab₃",
                    "morph": "~,ani.ta"
                  }
                },
                {
                  "node": "d",
                  "type": "line-start",
                  "ref": "Q002182.19",
                  "n": "19",
                  "label": "19"
                },
                {
                  "node": "l",
                  "frag": "lu₂-kur₂",
                  "id": "Q002182.l00932",
                  "ref": "Q002182.19.1",
                  "inst": "lukur[stranger, foreigner]N",
                  "sig": "@ribo/babylon0%sux:lu₂-kur₂=lukur[stranger//stranger]N'N$lukur/lu₂-kur₂#~",
                  "f": {
                    "lang": "sux",
                    "form": "lu₂-kur₂",
                    "gdl": [
                      {
                        "v": "lu₂",
                        "gdl_utf8": "𒇽",
                        "id": "Q002182.19.1.0",
                        "delim": "-"
                      },
                      {
                        "v": "kur₂",
                        "gdl_utf8": "𒉽",
                        "id": "Q002182.19.1.1"
                      }
                    ],
                    "cf": "lukur",
                    "gw": "stranger",
                    "sense": "stranger",
                    "norm0": "lukur",
                    "pos": "N",
                    "epos": "N",
                    "base": "lu₂-kur₂",
                    "morph": "~"
                  }
                },
                {
                  "node": "d",
                  "type": "line-start",
                  "ref": "Q002182.20",
                  "n": "20",
                  "label": "20"
                },
                {
                  "node": "l",
                  "frag": "šu",
                  "id": "Q002182.l00933",
                  "ref": "Q002182.20.1",
                  "inst": "šu[hand]N",
                  "sig": "@ribo/babylon0%sux:šu=šu[hand//hand]N'N$šu/šu#~",
                  "f": {
                    "lang": "sux",
                    "form": "šu",
                    "delim": "",
                    "gdl": [
                      {
                        "v": "šu",
                        "gdl_utf8": "𒋗",
                        "id": "Q002182.20.1.0"
                      }
                    ],
                    "cf": "šu",
                    "gw": "hand",
                    "sense": "hand",
                    "norm0": "šu",
                    "pos": "N",
                    "epos": "N",
                    "base": "šu",
                    "morph": "~"
                  }
                },
                {
                  "node": "l",
                  "frag": "he₂-eb₂-de₅-de₅-ge",
                  "id": "Q002182.l00934",
                  "ref": "Q002182.20.2",
                  "inst": "deg[collect//to collect, pick up]V/t'V/t",
                  "sig": "@ribo/babylon0%sux:he₂-eb₂-de₅-de₅-ge=deg[collect//to collect, pick up]V/t'V/t$ha.V.b:deg;e/de₅-de₅-g·e#ha.V.b:~;e",
                  "f": {
                    "lang": "sux",
                    "form": "he₂-eb₂-de₅-de₅-ge",
                    "gdl": [
                      {
                        "v": "he₂",
                        "gdl_utf8": "𒃶",
                        "id": "Q002182.20.2.0",
                        "delim": "-"
                      },
                      {
                        "v": "eb₂",
                        "gdl_utf8": "𒌈",
                        "id": "Q002182.20.2.1",
                        "delim": "-"
                      },
                      {
                        "v": "de₅",
                        "gdl_utf8": "𒊑",
                        "id": "Q002182.20.2.2",
                        "delim": "-"
                      },
                      {
                        "v": "de₅",
                        "gdl_utf8": "𒊑",
                        "id": "Q002182.20.2.3",
                        "delim": "-"
                      },
                      {
                        "v": "ge",
                        "gdl_utf8": "𒄀",
                        "id": "Q002182.20.2.4"
                      }
                    ],
                    "cf": "deg",
                    "gw": "collect",
                    "sense": "to collect, pick up",
                    "norm0": "ha.V.b:deg;e",
                    "pos": "V/t",
                    "epos": "V/t",
                    "base": "de₅-de₅-g·e",
                    "morph": "ha.V.b:~;e"
                  }
                },
                {
                  "node": "d",
                  "type": "line-start",
                  "ref": "Q002182.21",
                  "n": "21",
                  "label": "21"
                },
                {
                  "node": "l",
                  "frag": "uŋnim",
                  "id": "Q002182.l00935",
                  "ref": "Q002182.21.1",
                  "inst": "ugnim[army]N",
                  "sig": "@ribo/babylon0%sux:uŋnim=ugnim[army//army]N'N$ugnim/uŋnim#~",
                  "f": {
                    "lang": "sux",
                    "form": "uŋnim",
                    "gdl": [
                      {
                        "v": "uŋnim",
                        "gdl_utf8": "𒆠𒋢𒇻𒂠𒃻",
                        "id": "Q002182.21.1.0"
                      }
                    ],
                    "cf": "ugnim",
                    "gw": "army",
                    "sense": "army",
                    "norm0": "ugnim",
                    "pos": "N",
                    "epos": "N",
                    "base": "uŋnim",
                    "morph": "~"
                  }
                },
                {
                  "node": "d",
                  "type": "line-start",
                  "ref": "Q002182.22",
                  "n": "22",
                  "label": "22"
                },
                {
                  "node": "c",
                  "type": "phrase",
                  "tag": "phr",
                  "id": "Q002182.U5",
                  "ref": "Q002182.ls00001",
                  "cdl": [
                    {
                      "node": "l",
                      "frag": "gu₂",
                      "id": "Q002182.l00936",
                      "ref": "Q002182.22.1",
                      "inst": "gu[neck]N",
                      "sig": "@ribo/babylon0%sux:gu₂=gu[neck//neck]N'N$gu/gu₂#~",
                      "f": {
                        "lang": "sux",
                        "form": "gu₂",
                        "delim": "",
                        "gdl": [
                          {
                            "v": "gu₂",
                            "gdl_utf8": "𒄘",
                            "id": "Q002182.22.1.0"
                          }
                        ],
                        "cf": "gu",
                        "gw": "neck",
                        "sense": "neck",
                        "norm0": "gu",
                        "pos": "N",
                        "epos": "N",
                        "base": "gu₂",
                        "morph": "~"
                      }
                    },
                    {
                      "node": "l",
                      "frag": "du₃-a-ni",
                      "id": "Q002182.l00937",
                      "ref": "Q002182.22.2",
                      "inst": "du[to do, perform]V/t",
                      "sig": "@ribo/babylon0%sux:du₃-a-ni=du[build//to do, perform]V/t'V/t$du;a,ani/du₃#~;a,ani",
                      "f": {
                        "lang": "sux",
                        "form": "du₃-a-ni",
                        "delim": "",
                        "gdl": [
                          {
                            "v": "du₃",
                            "gdl_utf8": "𒆕",
                            "id": "Q002182.22.2.0",
                            "delim": "-"
                          },
                          {
                            "v": "a",
                            "gdl_utf8": "𒀀",
                            "id": "Q002182.22.2.1",
                            "delim": "-"
                          },
                          {
                            "v": "ni",
                            "gdl_utf8": "𒉌",
                            "id": "Q002182.22.2.2"
                          }
                        ],
                        "cf": "du",
                        "gw": "build",
                        "sense": "to do, perform",
                        "norm0": "du;a,ani",
                        "pos": "V/t",
                        "epos": "V/t",
                        "base": "du₃",
                        "morph": "~;a,ani"
                      }
                    }
                  ]
                },
                {
                  "node": "l",
                  "frag": "{ŋeš}tukul-a-[ni]",
                  "id": "Q002182.l00938",
                  "ref": "Q002182.22.3",
                  "inst": "tukul[weapon]N",
                  "sig": "@ribo/babylon0%sux:{ŋeš}tukul-a-ni=tukul[weapon//weapon]N'N$tukul,ani/{ŋeš}tukul#~,ani",
                  "f": {
                    "lang": "sux",
                    "form": "{ŋeš}tukul-a-ni",
                    "gdl": [
                      {
                        "det": "semantic",
                        "pos": "pre",
                        "seq": [
                          {
                            "v": "ŋeš",
                            "gdl_utf8": "𒄑",
                            "id": "Q002182.22.3.0"
                          }
                        ]
                      },
                      {
                        "v": "tukul",
                        "gdl_utf8": "𒆪",
                        "id": "Q002182.22.3.1",
                        "delim": "-"
                      },
                      {
                        "v": "a",
                        "gdl_utf8": "𒀀",
                        "id": "Q002182.22.3.2",
                        "delim": "-"
                      },
                      {
                        "v": "ni",
                        "gdl_utf8": "𒉌",
                        "id": "Q002182.22.3.3",
                        "breakStart": "1",
                        "o": "]",
                        "break": "missing",
                        "breakEnd": "Q002182.22.3.3"
                      }
                    ],
                    "cf": "tukul",
                    "gw": "weapon",
                    "sense": "weapon",
                    "norm0": "tukul,ani",
                    "pos": "N",
                    "epos": "N",
                    "base": "{ŋeš}tukul",
                    "morph": "~,ani"
                  }
                },
                {
                  "node": "d",
                  "type": "line-start",
                  "ref": "Q002182.23",
                  "n": "23",
                  "label": "23"
                },
                {
                  "node": "c",
                  "type": "phrase",
                  "tag": "phr",
                  "id": "Q002182.U6",
                  "ref": "Q002182.ls00002",
                  "cdl": [
                    {
                      "node": "l",
                      "frag": "ŋeš",
                      "id": "Q002182.l00939",
                      "ref": "Q002182.23.1",
                      "inst": "ŋeš[tree]N",
                      "sig": "@ribo/babylon0%sux:ŋeš=ŋeš[tree//wood]N'N$ŋeš/ŋeš#~",
                      "f": {
                        "lang": "sux",
                        "form": "ŋeš",
                        "delim": "",
                        "gdl": [
                          {
                            "v": "ŋeš",
                            "gdl_utf8": "𒄑",
                            "id": "Q002182.23.1.0"
                          }
                        ],
                        "cf": "ŋeš",
                        "gw": "tree",
                        "sense": "wood",
                        "norm0": "ŋeš",
                        "pos": "N",
                        "epos": "N",
                        "base": "ŋeš",
                        "morph": "~"
                      }
                    },
                    {
                      "node": "l",
                      "frag": "[x]",
                      "id": "Q002182.l0093a",
                      "ref": "Q002182.23.2",
                      "inst": "-u",
                      "f": {
                        "lang": "sux",
                        "form": "x",
                        "delim": "",
                        "gdl": [
                          {
                            "v": "x",
                            "gdl_utf8": "x",
                            "id": "Q002182.23.2.0",
                            "breakStart": "1",
                            "o": "]",
                            "break": "missing",
                            "breakEnd": "Q002182.23.2.0"
                          }
                        ],
                        "pos": "u"
                      }
                    },
                    {
                      "node": "l",
                      "frag": "he₂-bi₂-in-ra",
                      "id": "Q002182.l0093b",
                      "ref": "Q002182.23.3",
                      "inst": "rah[beat//to beat, kill]V/t'V/t",
                      "sig": "@ribo/babylon0%sux:he₂-bi₂-in-ra=rah[beat//to beat, kill]V/t'V/t$ha.ba.i.n:rah/ra#ha.ba.i.n:~",
                      "f": {
                        "lang": "sux",
                        "form": "he₂-bi₂-in-ra",
                        "gdl": [
                          {
                            "v": "he₂",
                            "gdl_utf8": "𒃶",
                            "id": "Q002182.23.3.0",
                            "delim": "-"
                          },
                          {
                            "v": "bi₂",
                            "gdl_utf8": "𒉈",
                            "id": "Q002182.23.3.1",
                            "delim": "-"
                          },
                          {
                            "v": "in",
                            "gdl_utf8": "𒅔",
                            "id": "Q002182.23.3.2",
                            "delim": "-"
                          },
                          {
                            "v": "ra",
                            "gdl_utf8": "𒊏",
                            "id": "Q002182.23.3.3"
                          }
                        ],
                        "cf": "rah",
                        "gw": "beat",
                        "sense": "to beat, kill",
                        "norm0": "ha.ba.i.n:rah",
                        "pos": "V/t",
                        "epos": "V/t",
                        "base": "ra",
                        "morph": "ha.ba.i.n:~"
                      }
                    }
                  ]
                },
                {
                  "node": "d",
                  "type": "line-start",
                  "ref": "Q002182.24",
                  "n": "24",
                  "label": "24"
                },
                {
                  "node": "l",
                  "frag": "šen-šen-[na]",
                  "id": "Q002182.l0093c",
                  "ref": "Q002182.24.1",
                  "inst": "šen[battle]N",
                  "sig": "@ribo/babylon0%sux:šen-šen-na=šen[battle//battle]N'N$šen,a/šen-šen+-na=n.a#~,a",
                  "f": {
                    "lang": "sux",
                    "form": "šen-šen-na",
                    "gdl": [
                      {
                        "v": "šen",
                        "gdl_utf8": "𒊿",
                        "id": "Q002182.24.1.0",
                        "delim": "-"
                      },
                      {
                        "v": "šen",
                        "gdl_utf8": "𒊿",
                        "id": "Q002182.24.1.1",
                        "delim": "-"
                      },
                      {
                        "v": "na",
                        "gdl_utf8": "𒈾",
                        "id": "Q002182.24.1.2",
                        "breakStart": "1",
                        "o": "]",
                        "break": "missing",
                        "breakEnd": "Q002182.24.1.2"
                      }
                    ],
                    "cf": "šen",
                    "gw": "battle",
                    "sense": "battle",
                    "norm0": "šen,a",
                    "pos": "N",
                    "epos": "N",
                    "base": "šen-šen",
                    "cont": "-na=n.a",
                    "morph": "~,a"
                  }
                },
                {
                  "node": "d",
                  "type": "line-start",
                  "ref": "Q002182.25",
                  "n": "25",
                  "label": "25"
                },
                {
                  "node": "l",
                  "frag": "kur",
                  "id": "Q002182.l0093d",
                  "ref": "Q002182.25.1",
                  "inst": "kur[land, country]N",
                  "sig": "@ribo/babylon0%sux:kur=kur[mountain//land, country]N'N$kur/kur#~",
                  "f": {
                    "lang": "sux",
                    "form": "kur",
                    "delim": "",
                    "gdl": [
                      {
                        "v": "kur",
                        "gdl_utf8": "𒆳",
                        "id": "Q002182.25.1.0"
                      }
                    ],
                    "cf": "kur",
                    "gw": "mountain",
                    "sense": "land, country",
                    "norm0": "kur",
                    "pos": "N",
                    "epos": "N",
                    "base": "kur",
                    "morph": "~"
                  }
                },
                {
                  "node": "l",
                  "frag": "gu₂-erim₂",
                  "id": "Q002182.l0093e",
                  "ref": "Q002182.25.2",
                  "inst": "guʾerim[hostile, enemy]N",
                  "sig": "@ribo/babylon0%sux:gu₂-erim₂=guʾerim[hostile//hostile, enemy]N'N$guʾerim/gu₂-erim₂#~",
                  "f": {
                    "lang": "sux",
                    "form": "gu₂-erim₂",
                    "delim": "",
                    "gdl": [
                      {
                        "v": "gu₂",
                        "gdl_utf8": "𒄘",
                        "id": "Q002182.25.2.0",
                        "delim": "-"
                      },
                      {
                        "v": "erim₂",
                        "gdl_utf8": "𒉈𒊒",
                        "id": "Q002182.25.2.1"
                      }
                    ],
                    "cf": "guʾerim",
                    "gw": "hostile",
                    "sense": "hostile, enemy",
                    "norm0": "guʾerim",
                    "pos": "N",
                    "epos": "N",
                    "base": "gu₂-erim₂",
                    "morph": "~"
                  }
                },
                {
                  "node": "l",
                  "frag": "ŋal₂-la-še₃",
                  "id": "Q002182.l0093f",
                  "ref": "Q002182.25.3",
                  "inst": "ŋal[⟦be⟧ to be (there, at hand, available)]V/i",
                  "sig": "@ribo/babylon0%sux:ŋal₂-la-še₃=ŋal[be//⟦be⟧ to be (there, at hand, available)]V/i'V/i$ŋal;a,eše/ŋal₂+-la=l.a#~;a,eše",
                  "f": {
                    "lang": "sux",
                    "form": "ŋal₂-la-še₃",
                    "gdl": [
                      {
                        "v": "ŋal₂",
                        "gdl_utf8": "𒅅",
                        "id": "Q002182.25.3.0",
                        "delim": "-"
                      },
                      {
                        "v": "la",
                        "gdl_utf8": "𒆷",
                        "id": "Q002182.25.3.1",
                        "delim": "-"
                      },
                      {
                        "v": "še₃",
                        "gdl_utf8": "𒂠",
                        "id": "Q002182.25.3.2"
                      }
                    ],
                    "cf": "ŋal",
                    "gw": "be",
                    "sense": "⟦be⟧ to be (there, at hand, available)",
                    "norm0": "ŋal;a,eše",
                    "pos": "V/i",
                    "epos": "V/i",
                    "base": "ŋal₂",
                    "cont": "-la=l.a",
                    "morph": "~;a,eše"
                  }
                },
                {
                  "node": "d",
                  "type": "line-start",
                  "ref": "Q002182.26",
                  "n": "26",
                  "label": "26"
                },
                {
                  "node": "l",
                  "frag": "he₂-bi₂-in-tu₁₁",
                  "id": "Q002182.l00940",
                  "ref": "Q002182.26.1",
                  "inst": "tub[to strike, strike down]V/t",
                  "sig": "@ribo/babylon0%sux:he₂-bi₂-in-tu₁₁=tub[strike//to strike, strike down]V/t'V/t$ha.ba.i.n:tub/tu₁₁#ha.ba.i.n:~",
                  "f": {
                    "lang": "sux",
                    "form": "he₂-bi₂-in-tu₁₁",
                    "gdl": [
                      {
                        "v": "he₂",
                        "gdl_utf8": "𒃶",
                        "id": "Q002182.26.1.0",
                        "delim": "-"
                      },
                      {
                        "v": "bi₂",
                        "gdl_utf8": "𒉈",
                        "id": "Q002182.26.1.1",
                        "delim": "-"
                      },
                      {
                        "v": "in",
                        "gdl_utf8": "𒅔",
                        "id": "Q002182.26.1.2",
                        "delim": "-"
                      },
                      {
                        "v": "tu₁₁",
                        "gdl_utf8": "𒄸",
                        "id": "Q002182.26.1.3"
                      }
                    ],
                    "cf": "tub",
                    "gw": "strike",
                    "sense": "to strike, strike down",
                    "norm0": "ha.ba.i.n:tub",
                    "pos": "V/t",
                    "epos": "V/t",
                    "base": "tu₁₁",
                    "morph": "ha.ba.i.n:~"
                  }
                },
                {
                  "node": "d",
                  "type": "line-start",
                  "ref": "Q002182.27",
                  "n": "27",
                  "label": "27"
                },
                {
                  "node": "l",
                  "frag": "a₂",
                  "id": "Q002182.l00941",
                  "ref": "Q002182.27.1",
                  "inst": "a[arm]N",
                  "sig": "@ribo/babylon0%sux:a₂=a[arm//arm]N'N$a/a₂#~",
                  "f": {
                    "lang": "sux",
                    "form": "a₂",
                    "delim": "",
                    "gdl": [
                      {
                        "v": "a₂",
                        "gdl_utf8": "𒀉",
                        "id": "Q002182.27.1.0"
                      }
                    ],
                    "cf": "a",
                    "gw": "arm",
                    "sense": "arm",
                    "norm0": "a",
                    "pos": "N",
                    "epos": "N",
                    "base": "a₂",
                    "morph": "~"
                  }
                },
                {
                  "node": "l",
                  "frag": "kala-ga-[ni]",
                  "id": "Q002182.l00942",
                  "ref": "Q002182.27.2",
                  "inst": "kalag[(to be) strong, powerful, mighty]V/i",
                  "sig": "@ribo/babylon0%sux:kala-ga-ni=kalag[strong//(to be) strong, powerful, mighty]V/i'V/i$kalag;a,ani/kala-g·a#~;a,ani",
                  "f": {
                    "lang": "sux",
                    "form": "kala-ga-ni",
                    "gdl": [
                      {
                        "v": "kala",
                        "gdl_utf8": "𒆗",
                        "id": "Q002182.27.2.0",
                        "delim": "-"
                      },
                      {
                        "v": "ga",
                        "gdl_utf8": "𒂵",
                        "id": "Q002182.27.2.1",
                        "delim": "-"
                      },
                      {
                        "v": "ni",
                        "gdl_utf8": "𒉌",
                        "id": "Q002182.27.2.2",
                        "breakStart": "1",
                        "o": "]",
                        "break": "missing",
                        "breakEnd": "Q002182.27.2.2"
                      }
                    ],
                    "cf": "kalag",
                    "gw": "strong",
                    "sense": "(to be) strong, powerful, mighty",
                    "norm0": "kalag;a,ani",
                    "pos": "V/i",
                    "epos": "V/i",
                    "base": "kala-g·a",
                    "morph": "~;a,ani"
                  }
                },
                {
                  "node": "d",
                  "type": "line-start",
                  "ref": "Q002182.28",
                  "n": "28",
                  "label": "28"
                },
                {
                  "node": "l",
                  "frag": "nu-še-[ga]",
                  "id": "Q002182.l00943",
                  "ref": "Q002182.28.1",
                  "inst": "šeg[to agree, be in agreement]V/t",
                  "sig": "@ribo/babylon0%sux:nu-še-ga=šeg[agree//to agree, be in agreement]V/t'V/t$nu:šeg;a/še+-ga=g.a#nu:~;a",
                  "f": {
                    "lang": "sux",
                    "form": "nu-še-ga",
                    "gdl": [
                      {
                        "v": "nu",
                        "gdl_utf8": "𒉡",
                        "id": "Q002182.28.1.0",
                        "delim": "-"
                      },
                      {
                        "v": "še",
                        "gdl_utf8": "𒊺",
                        "id": "Q002182.28.1.1",
                        "delim": "-"
                      },
                      {
                        "v": "ga",
                        "gdl_utf8": "𒂵",
                        "id": "Q002182.28.1.2",
                        "breakStart": "1",
                        "o": "]",
                        "break": "missing",
                        "breakEnd": "Q002182.28.1.2"
                      }
                    ],
                    "cf": "šeg",
                    "gw": "agree",
                    "sense": "to agree, be in agreement",
                    "norm0": "nu:šeg;a",
                    "pos": "V/t",
                    "epos": "V/t",
                    "base": "še",
                    "cont": "-ga=g.a",
                    "morph": "nu:~;a"
                  }
                },
                {
                  "node": "d",
                  "subtype": "column 2",
                  "type": "column",
                  "ref": "Q002182.ii.29",
                  "n": "2",
                  "label": "ii"
                }
              ]
            }
          ]
        }
      ]
    },
    {
      "linkbase": [
        {
          "type": "linkset",
          "xlink_title": "dalla e[appear//to appear, shine]V/t'V/t",
          "id": "Q002182.ls00000",
          "xlink_type": "extended",
          "xlink_role": "psu",
          "sig": "{dalla e₃ = dalla[ring]N e[leave]V/i += dalla e[appear//to appear, shine]V/t'V/t}::@ribo/babylon0%sux:dalla=dalla[ring//ring]N'N$dalla/dalla#~++@ribo/babylon0%sux:e₃=e[leave//to leave, go out]V/i'V/i$e/e₃#~",
          "links": [
            {
              "type": "link",
              "xlink_title": "dalla",
              "xlink_type": "locator",
              "xlink_href": "#Q002182.l00927",
              "xlink_role": "elt"
            },
            {
              "type": "link",
              "xlink_title": "e",
              "xlink_type": "locator",
              "xlink_href": "#Q002182.l00928",
              "xlink_role": "elt"
            }
          ]
        },
        {
          "type": "linkset",
          "xlink_title": "gu du[neglect//to neglect]V/t'V/t",
          "id": "Q002182.ls00001",
          "xlink_type": "extended",
          "xlink_role": "psu",
          "sig": "{gu₂ du₃-a-ni = gu[neck]N du[build]V/t += gu du[neglect//to neglect]V/t'V/t}::@ribo/babylon0%sux:gu₂=gu[neck//neck]N'N$gu/gu₂#~++@ribo/babylon0%sux:du₃-a-ni=du[build//to build, make]V/t'V/t$du;a,ani/du₃#~;a,ani",
          "links": [
            {
              "type": "link",
              "xlink_title": "gu",
              "xlink_type": "locator",
              "xlink_href": "#Q002182.l00936",
              "xlink_role": "elt"
            },
            {
              "type": "link",
              "xlink_title": "du",
              "xlink_type": "locator",
              "xlink_href": "#Q002182.l00937",
              "xlink_role": "elt"
            }
          ]
        },
        {
          "type": "linkset",
          "xlink_title": "ŋeš rah[beat//to slay]V/t'V/t",
          "id": "Q002182.ls00002",
          "xlink_type": "extended",
          "xlink_role": "psu",
          "sig": "{ŋeš he₂-bi₂-in-ra = ŋeš[tree]N rah[beat]V/t += ŋeš rah[beat//to slay]V/t'V/t}::@ribo/babylon0%sux:ŋeš=ŋeš[tree//wood]N'N$ŋeš/ŋeš#~++@ribo/babylon0%sux:he₂-bi₂-in-ra=rah[beat//to beat, kill]V/t'V/t$ha.ba.i.n:rah/ra#ha.ba.i.n:~",
          "links": [
            {
              "type": "link",
              "xlink_title": "ŋeš",
              "xlink_type": "locator",
              "xlink_href": "#Q002182.l00939",
              "xlink_role": "elt"
            },
            {
              "type": "link",
              "xlink_title": "rah",
              "xlink_type": "locator",
              "xlink_href": "#Q002182.l0093b",
              "xlink_role": "elt"
            }
          ]
        }
      ]
    }
  ]
}
