{
  "type": "cdl",
  "project": "ribo/babylon0",
  "source": "http://oracc.org/ribo/babylon0",
  "license": "This data is released under the CC0 license",
  "license-url": "https://creativecommons.org/publicdomain/zero/1.0/",
  "more-info": "http://oracc.org/doc/opendata/",
  "UTC-timestamp": "2019-01-12T08:23:00",
  "textid": "Q002197",
  "cdl": [
    {
      "node": "c",
      "type": "text",
      "id": "Q002197.U0",
      "cdl": [
        {
          "node": "d",
          "type": "object",
          "ref": ""
        },
        {
          "node": "d",
          "type": "surface",
          "ref": ""
        },
        {
          "node": "c",
          "type": "discourse",
          "subtype": "body",
          "id": "Q002197.U1",
          "cdl": [
            {
              "node": "c",
              "type": "sentence",
              "implicit": "yes",
              "id": "Q002197.U2",
              "label": "1 - 13",
              "cdl": [
                {
                  "node": "d",
                  "type": "line-start",
                  "ref": "Q002197.1",
                  "n": "1",
                  "label": "1"
                },
                {
                  "node": "l",
                  "frag": "{d}mar-tu",
                  "id": "Q002197.l00f76",
                  "ref": "Q002197.1.1",
                  "inst": "Martu[1]DN",
                  "sig": "@ribo/babylon0%sux:{d}mar-tu=Martu[1//1]DN'DN$Martu/{d}mar-tu#~",
                  "f": {
                    "lang": "sux",
                    "form": "{d}mar-tu",
                    "gdl": [
                      {
                        "det": "semantic",
                        "pos": "pre",
                        "seq": [
                          {
                            "v": "d",
                            "gdl_utf8": "𒀭",
                            "id": "Q002197.1.1.0"
                          }
                        ]
                      },
                      {
                        "v": "mar",
                        "gdl_utf8": "𒈥",
                        "id": "Q002197.1.1.1",
                        "delim": "-"
                      },
                      {
                        "v": "tu",
                        "gdl_utf8": "𒌅",
                        "id": "Q002197.1.1.2"
                      }
                    ],
                    "cf": "Martu",
                    "gw": "1",
                    "sense": "1",
                    "norm0": "Martu",
                    "pos": "DN",
                    "epos": "DN",
                    "base": "{d}mar-tu",
                    "morph": "~"
                  }
                },
                {
                  "node": "d",
                  "type": "line-start",
                  "ref": "Q002197.2",
                  "n": "2",
                  "label": "2"
                },
                {
                  "node": "l",
                  "frag": "diŋir-ra-ni-ir",
                  "id": "Q002197.l00f77",
                  "ref": "Q002197.2.1",
                  "inst": "diŋir[deity, god, goddess]N",
                  "sig": "@ribo/babylon0%sux:diŋir-ra-ni-ir=diŋir[deity//deity, god, goddess]N'N$diŋir,ani.ra/diŋir+-ra=r.a#~,ani.ra",
                  "f": {
                    "lang": "sux",
                    "form": "diŋir-ra-ni-ir",
                    "gdl": [
                      {
                        "v": "diŋir",
                        "gdl_utf8": "𒀭",
                        "id": "Q002197.2.1.0",
                        "delim": "-"
                      },
                      {
                        "v": "ra",
                        "gdl_utf8": "𒊏",
                        "id": "Q002197.2.1.1",
                        "delim": "-"
                      },
                      {
                        "v": "ni",
                        "gdl_utf8": "𒉌",
                        "id": "Q002197.2.1.2",
                        "delim": "-"
                      },
                      {
                        "v": "ir",
                        "gdl_utf8": "𒅕",
                        "id": "Q002197.2.1.3"
                      }
                    ],
                    "cf": "diŋir",
                    "gw": "deity",
                    "sense": "deity, god, goddess",
                    "norm0": "diŋir,ani.ra",
                    "pos": "N",
                    "epos": "N",
                    "base": "diŋir",
                    "cont": "-ra=r.a",
                    "morph": "~,ani.ra"
                  }
                },
                {
                  "node": "d",
                  "type": "line-start",
                  "ref": "Q002197.3",
                  "n": "3",
                  "label": "3"
                },
                {
                  "node": "l",
                  "frag": "nam-til₃",
                  "id": "Q002197.l00f78",
                  "ref": "Q002197.3.1",
                  "inst": "namtil[life]N",
                  "sig": "@ribo/babylon0%sux:nam-til₃=namtil[life//life]N'N$namtil/nam-til₃#~",
                  "f": {
                    "lang": "sux",
                    "form": "nam-til₃",
                    "gdl": [
                      {
                        "v": "nam",
                        "gdl_utf8": "𒉆",
                        "id": "Q002197.3.1.0",
                        "delim": "-"
                      },
                      {
                        "v": "til₃",
                        "gdl_utf8": "𒋾",
                        "id": "Q002197.3.1.1"
                      }
                    ],
                    "cf": "namtil",
                    "gw": "life",
                    "sense": "life",
                    "norm0": "namtil",
                    "pos": "N",
                    "epos": "N",
                    "base": "nam-til₃",
                    "morph": "~"
                  }
                },
                {
                  "node": "d",
                  "type": "line-start",
                  "ref": "Q002197.4",
                  "n": "4",
                  "label": "4"
                },
                {
                  "node": "l",
                  "frag": "ha-am-mu-ra-pi₂",
                  "id": "Q002197.l00f79",
                  "ref": "Q002197.4.1",
                  "inst": "Hammu-rapi[king of Babylon]RN",
                  "sig": "@ribo/babylon0%sux:ha-am-mu-ra-pi₂=Hammu-rapi[king of Babylon//king of Babylon]RN'RN$Hammu-rapi/ha-am-mu-ra-pi₂#~",
                  "f": {
                    "lang": "sux",
                    "form": "ha-am-mu-ra-pi₂",
                    "gdl": [
                      {
                        "v": "ha",
                        "gdl_utf8": "𒄩",
                        "id": "Q002197.4.1.0",
                        "delim": "-"
                      },
                      {
                        "v": "am",
                        "gdl_utf8": "𒄠",
                        "id": "Q002197.4.1.1",
                        "delim": "-"
                      },
                      {
                        "v": "mu",
                        "gdl_utf8": "𒈬",
                        "id": "Q002197.4.1.2",
                        "delim": "-"
                      },
                      {
                        "v": "ra",
                        "gdl_utf8": "𒊏",
                        "id": "Q002197.4.1.3",
                        "delim": "-"
                      },
                      {
                        "v": "pi₂",
                        "gdl_utf8": "𒁉",
                        "id": "Q002197.4.1.4"
                      }
                    ],
                    "cf": "Hammu-rapi",
                    "gw": "king of Babylon",
                    "sense": "king of Babylon",
                    "norm0": "Hammu-rapi",
                    "pos": "RN",
                    "epos": "RN",
                    "base": "ha-am-mu-ra-pi₂",
                    "morph": "~"
                  }
                },
                {
                  "node": "d",
                  "type": "line-start",
                  "ref": "Q002197.5",
                  "n": "5",
                  "label": "5"
                },
                {
                  "node": "l",
                  "frag": "lugal",
                  "id": "Q002197.l00f7a",
                  "ref": "Q002197.5.1",
                  "inst": "lugal[king]N",
                  "sig": "@ribo/babylon0%sux:lugal=lugal[king//king]N'N$lugal/lugal#~",
                  "f": {
                    "lang": "sux",
                    "form": "lugal",
                    "delim": "",
                    "gdl": [
                      {
                        "v": "lugal",
                        "gdl_utf8": "𒈗",
                        "id": "Q002197.5.1.0"
                      }
                    ],
                    "cf": "lugal",
                    "gw": "king",
                    "sense": "king",
                    "norm0": "lugal",
                    "pos": "N",
                    "epos": "N",
                    "base": "lugal",
                    "morph": "~"
                  }
                },
                {
                  "node": "l",
                  "frag": "babilim₂{ki}",
                  "id": "Q002197.l00f7b",
                  "ref": "Q002197.5.2",
                  "inst": "Babili[Babylon]SN",
                  "sig": "@ribo/babylon0%sux:babilim₂{ki}=Babili[Babylon//Babylon]SN'SN$Babilim/babilim₂{ki}#Babilim",
                  "f": {
                    "lang": "sux",
                    "form": "babilim₂{ki}",
                    "gdl": [
                      {
                        "v": "babilim₂",
                        "gdl_utf8": "𒆍𒀭𒊏",
                        "id": "Q002197.5.2.0"
                      },
                      {
                        "det": "semantic",
                        "pos": "post",
                        "seq": [
                          {
                            "v": "ki",
                            "gdl_utf8": "𒆠",
                            "id": "Q002197.5.2.1"
                          }
                        ]
                      }
                    ],
                    "cf": "Babili",
                    "gw": "Babylon",
                    "sense": "Babylon",
                    "norm": "Babilim",
                    "pos": "SN",
                    "epos": "SN",
                    "base": "babilim₂{ki}",
                    "morph": "Babilim"
                  }
                },
                {
                  "node": "d",
                  "type": "line-start",
                  "ref": "Q002197.6",
                  "n": "6",
                  "label": "6"
                },
                {
                  "node": "l",
                  "frag": "lu₂-{d}nanna",
                  "id": "Q002197.l00f7c",
                  "ref": "Q002197.6.1",
                  "inst": "Lu-Nanna[]PN",
                  "sig": "@ribo/babylon0%sux:lu₂-{d}nanna=Lu-Nanna[1//1]PN'PN$Lu-Nanna/lu₂-nanna#~",
                  "f": {
                    "lang": "sux",
                    "form": "lu₂-{d}nanna",
                    "delim": "",
                    "gdl": [
                      {
                        "v": "lu₂",
                        "gdl_utf8": "𒇽",
                        "id": "Q002197.6.1.0",
                        "delim": "-"
                      },
                      {
                        "det": "semantic",
                        "pos": "pre",
                        "seq": [
                          {
                            "v": "d",
                            "gdl_utf8": "𒀭",
                            "id": "Q002197.6.1.1"
                          }
                        ]
                      },
                      {
                        "v": "nanna",
                        "gdl_utf8": "𒋀𒆠",
                        "id": "Q002197.6.1.2"
                      }
                    ],
                    "cf": "Lu-Nanna",
                    "gw": "1",
                    "sense": "1",
                    "norm0": "Lu-Nanna",
                    "pos": "PN",
                    "epos": "PN",
                    "base": "lu₂-nanna",
                    "morph": "~"
                  }
                },
                {
                  "node": "l",
                  "frag": "[...]",
                  "id": "Q002197.l00f7d",
                  "ref": "Q002197.6.2",
                  "inst": "u",
                  "f": {
                    "lang": "sux",
                    "form": "x",
                    "gdl": [
                      {
                        "x": "ellipsis",
                        "id": "Q002197.6.2.0",
                        "breakStart": "1",
                        "break": "missing",
                        "o": "]",
                        "breakEnd": "Q002197.6.2.0"
                      }
                    ],
                    "pos": "u"
                  }
                },
                {
                  "node": "d",
                  "type": "line-start",
                  "ref": "Q002197.7",
                  "n": "7",
                  "label": "7"
                },
                {
                  "node": "l",
                  "frag": "dumu",
                  "id": "Q002197.l00f7e",
                  "ref": "Q002197.7.1",
                  "inst": "dumu[child, son, daughter]N",
                  "sig": "@ribo/babylon0%sux:dumu=dumu[child//child, son, daughter]N'N$dumu/dumu#~",
                  "f": {
                    "lang": "sux",
                    "form": "dumu",
                    "delim": "",
                    "gdl": [
                      {
                        "v": "dumu",
                        "gdl_utf8": "𒌉",
                        "id": "Q002197.7.1.0"
                      }
                    ],
                    "cf": "dumu",
                    "gw": "child",
                    "sense": "child, son, daughter",
                    "norm0": "dumu",
                    "pos": "N",
                    "epos": "N",
                    "base": "dumu",
                    "morph": "~"
                  }
                },
                {
                  "node": "l",
                  "frag": "{d}suen-le-i",
                  "id": "Q002197.l00f7f",
                  "ref": "Q002197.7.2",
                  "inst": "Sin-leʾi[]PN",
                  "sig": "@ribo/babylon0%sux:{d}suen-le-i=Sin-leʾi[1//1]PN'PN$Sin-leʾi,ak/suen-le-i#~,ak",
                  "f": {
                    "lang": "sux",
                    "form": "{d}suen-le-i",
                    "gdl": [
                      {
                        "det": "semantic",
                        "pos": "pre",
                        "seq": [
                          {
                            "v": "d",
                            "gdl_utf8": "𒀭",
                            "id": "Q002197.7.2.0"
                          }
                        ]
                      },
                      {
                        "v": "suen",
                        "gdl_utf8": "𒂗𒍪",
                        "id": "Q002197.7.2.1",
                        "delim": "-"
                      },
                      {
                        "v": "le",
                        "gdl_utf8": "𒇷",
                        "id": "Q002197.7.2.2",
                        "delim": "-"
                      },
                      {
                        "v": "i",
                        "gdl_utf8": "𒄿",
                        "id": "Q002197.7.2.3"
                      }
                    ],
                    "cf": "Sin-leʾi",
                    "gw": "1",
                    "sense": "1",
                    "norm0": "Sin-leʾi,ak",
                    "pos": "PN",
                    "epos": "PN",
                    "base": "suen-le-i",
                    "morph": "~,ak"
                  }
                },
                {
                  "node": "d",
                  "type": "line-start",
                  "ref": "Q002197.8",
                  "n": "8",
                  "label": "8"
                },
                {
                  "node": "l",
                  "frag": "alan",
                  "id": "Q002197.l00f80",
                  "ref": "Q002197.8.1",
                  "inst": "alan[statue]N",
                  "sig": "@ribo/babylon0%sux:alan=alan[statue//statue]N'N$alan/alan#~",
                  "f": {
                    "lang": "sux",
                    "form": "alan",
                    "delim": "",
                    "gdl": [
                      {
                        "v": "alan",
                        "gdl_utf8": "𒀩",
                        "id": "Q002197.8.1.0"
                      }
                    ],
                    "cf": "alan",
                    "gw": "statue",
                    "sense": "statue",
                    "norm0": "alan",
                    "pos": "N",
                    "epos": "N",
                    "base": "alan",
                    "morph": "~"
                  }
                },
                {
                  "node": "l",
                  "frag": "ša₃-ne-ša₄",
                  "id": "Q002197.l00f81",
                  "ref": "Q002197.8.2",
                  "inst": "šaneša[supplication, compassion]N",
                  "sig": "@ribo/babylon0%sux:ša₃-ne-ša₄=šaneša[supplication//supplication, compassion]N'N$šaneša/ša₃-ne-ša₄#~",
                  "f": {
                    "lang": "sux",
                    "form": "ša₃-ne-ša₄",
                    "delim": "",
                    "gdl": [
                      {
                        "v": "ša₃",
                        "gdl_utf8": "𒊮",
                        "id": "Q002197.8.2.0",
                        "delim": "-"
                      },
                      {
                        "v": "ne",
                        "gdl_utf8": "𒉈",
                        "id": "Q002197.8.2.1",
                        "delim": "-"
                      },
                      {
                        "v": "ša₄",
                        "gdl_utf8": "𒁺",
                        "id": "Q002197.8.2.2"
                      }
                    ],
                    "cf": "šaneša",
                    "gw": "supplication",
                    "sense": "supplication, compassion",
                    "norm0": "šaneša",
                    "pos": "N",
                    "epos": "N",
                    "base": "ša₃-ne-ša₄",
                    "morph": "~"
                  }
                },
                {
                  "node": "l",
                  "frag": "uruda",
                  "id": "Q002197.l00f82",
                  "ref": "Q002197.8.3",
                  "inst": "urudu[copper]N",
                  "sig": "@ribo/babylon0%sux:uruda=urudu[copper//copper]N'N$urudu/uruda#~",
                  "f": {
                    "lang": "sux",
                    "form": "uruda",
                    "gdl": [
                      {
                        "v": "uruda",
                        "gdl_utf8": "𒍏",
                        "id": "Q002197.8.3.0"
                      }
                    ],
                    "cf": "urudu",
                    "gw": "copper",
                    "sense": "copper",
                    "norm0": "urudu",
                    "pos": "N",
                    "epos": "N",
                    "base": "uruda",
                    "morph": "~"
                  }
                },
                {
                  "node": "d",
                  "type": "line-start",
                  "ref": "Q002197.9",
                  "n": "9",
                  "label": "9"
                },
                {
                  "node": "l",
                  "frag": "muš₃-me-[bi]",
                  "id": "Q002197.l00f83",
                  "ref": "Q002197.9.1",
                  "inst": "mušme[face, appearance]N",
                  "sig": "@ribo/babylon0%sux:muš₃-me-bi=mušme[face//face, appearance]N'N$mušme/muš₃-me#~",
                  "f": {
                    "lang": "sux",
                    "form": "muš₃-me-bi",
                    "delim": "",
                    "gdl": [
                      {
                        "v": "muš₃",
                        "gdl_utf8": "𒈹",
                        "id": "Q002197.9.1.0",
                        "delim": "-"
                      },
                      {
                        "v": "me",
                        "gdl_utf8": "𒈨",
                        "id": "Q002197.9.1.1",
                        "delim": "-"
                      },
                      {
                        "v": "bi",
                        "gdl_utf8": "𒁉",
                        "id": "Q002197.9.1.2",
                        "breakStart": "1",
                        "o": "]",
                        "break": "missing",
                        "breakEnd": "Q002197.9.1.2"
                      }
                    ],
                    "cf": "mušme",
                    "gw": "face",
                    "sense": "face, appearance",
                    "norm0": "mušme",
                    "pos": "N",
                    "epos": "N",
                    "base": "muš₃-me",
                    "morph": "~"
                  }
                },
                {
                  "node": "l",
                  "frag": "ku₃-si₂₂",
                  "id": "Q002197.l00f84",
                  "ref": "Q002197.9.2",
                  "inst": "kugsig[gold]N",
                  "sig": "@ribo/babylon0%sux:ku₃-si₂₂=kugsig[gold//gold]N'N$kugsig/ku₃-si₂₂#~",
                  "f": {
                    "lang": "sux",
                    "form": "ku₃-si₂₂",
                    "delim": "",
                    "gdl": [
                      {
                        "v": "ku₃",
                        "gdl_utf8": "𒆬",
                        "id": "Q002197.9.2.0",
                        "delim": "-"
                      },
                      {
                        "v": "si₂₂",
                        "gdl_utf8": "𒄀",
                        "id": "Q002197.9.2.1"
                      }
                    ],
                    "cf": "kugsig",
                    "gw": "gold",
                    "sense": "gold",
                    "norm0": "kugsig",
                    "pos": "N",
                    "epos": "N",
                    "base": "ku₃-si₂₂",
                    "morph": "~"
                  }
                },
                {
                  "node": "l",
                  "frag": "[ŋar]-ra",
                  "id": "Q002197.l00f85",
                  "ref": "Q002197.9.3",
                  "inst": "ŋar[to inlay, encrust, mount with]V/t",
                  "sig": "@ribo/babylon0%sux:ŋar-ra=ŋar[place//to inlay, encrust, mount with]V/t'V/t$ŋar;a/ŋar+-ra=r.a#~;a",
                  "f": {
                    "lang": "sux",
                    "form": "ŋar-ra",
                    "gdl": [
                      {
                        "v": "ŋar",
                        "gdl_utf8": "𒃻",
                        "id": "Q002197.9.3.0",
                        "breakStart": "1",
                        "o": "]",
                        "break": "missing",
                        "breakEnd": "Q002197.9.3.0",
                        "delim": "-"
                      },
                      {
                        "v": "ra",
                        "gdl_utf8": "𒊏",
                        "id": "Q002197.9.3.1"
                      }
                    ],
                    "cf": "ŋar",
                    "gw": "place",
                    "sense": "to inlay, encrust, mount with",
                    "norm0": "ŋar;a",
                    "pos": "V/t",
                    "epos": "V/t",
                    "base": "ŋar",
                    "cont": "-ra=r.a",
                    "morph": "~;a"
                  }
                },
                {
                  "node": "d",
                  "type": "line-start",
                  "ref": "Q002197.10",
                  "n": "10",
                  "label": "10"
                },
                {
                  "node": "l",
                  "frag": "nam-til₃-la-ni-še₃",
                  "id": "Q002197.l00f86",
                  "ref": "Q002197.10.1",
                  "inst": "namtil[life]N",
                  "sig": "@ribo/babylon0%sux:nam-til₃-la-ni-še₃=namtil[life//life]N'N$namtil,ani.eše/nam-til₃+-la=l.a#~,ani.eše",
                  "f": {
                    "lang": "sux",
                    "form": "nam-til₃-la-ni-še₃",
                    "gdl": [
                      {
                        "v": "nam",
                        "gdl_utf8": "𒉆",
                        "id": "Q002197.10.1.0",
                        "delim": "-"
                      },
                      {
                        "v": "til₃",
                        "gdl_utf8": "𒋾",
                        "id": "Q002197.10.1.1",
                        "delim": "-"
                      },
                      {
                        "v": "la",
                        "gdl_utf8": "𒆷",
                        "id": "Q002197.10.1.2",
                        "delim": "-"
                      },
                      {
                        "v": "ni",
                        "gdl_utf8": "𒉌",
                        "id": "Q002197.10.1.3",
                        "delim": "-"
                      },
                      {
                        "v": "še₃",
                        "gdl_utf8": "𒂠",
                        "id": "Q002197.10.1.4"
                      }
                    ],
                    "cf": "namtil",
                    "gw": "life",
                    "sense": "life",
                    "norm0": "namtil,ani.eše",
                    "pos": "N",
                    "epos": "N",
                    "base": "nam-til₃",
                    "cont": "-la=l.a",
                    "morph": "~,ani.eše"
                  }
                },
                {
                  "node": "d",
                  "type": "line-start",
                  "ref": "Q002197.11",
                  "n": "11",
                  "label": "11"
                },
                {
                  "node": "l",
                  "frag": "mu-na-an-dim₂",
                  "id": "Q002197.l00f87",
                  "ref": "Q002197.11.1",
                  "inst": "dim[to create, make, manufacture]V/t",
                  "sig": "@ribo/babylon0%sux:mu-na-an-dim₂=dim[create//to create, make, manufacture]V/t'V/t$mu.na.n:dim/dim₂#mu.na.n:~",
                  "f": {
                    "lang": "sux",
                    "form": "mu-na-an-dim₂",
                    "gdl": [
                      {
                        "v": "mu",
                        "gdl_utf8": "𒈬",
                        "id": "Q002197.11.1.0",
                        "delim": "-"
                      },
                      {
                        "v": "na",
                        "gdl_utf8": "𒈾",
                        "id": "Q002197.11.1.1",
                        "delim": "-"
                      },
                      {
                        "v": "an",
                        "gdl_utf8": "𒀭",
                        "id": "Q002197.11.1.2",
                        "delim": "-"
                      },
                      {
                        "v": "dim₂",
                        "gdl_utf8": "𒁶",
                        "id": "Q002197.11.1.3"
                      }
                    ],
                    "cf": "dim",
                    "gw": "create",
                    "sense": "to create, make, manufacture",
                    "norm0": "mu.na.n:dim",
                    "pos": "V/t",
                    "epos": "V/t",
                    "base": "dim₂",
                    "morph": "mu.na.n:~"
                  }
                },
                {
                  "node": "d",
                  "type": "line-start",
                  "ref": "Q002197.12",
                  "n": "12",
                  "label": "12"
                },
                {
                  "node": "l",
                  "frag": "urdu-da-ne₂-še₃",
                  "id": "Q002197.l00f88",
                  "ref": "Q002197.12.1",
                  "inst": "arad[slave, servant]N",
                  "sig": "@ribo/babylon0%sux:urdu-da-ne₂-še₃=arad[slave//slave, servant]N'N$arad,ani.eše/urdu-d·a#~,ani.eše",
                  "f": {
                    "lang": "sux",
                    "form": "urdu-da-ne₂-še₃",
                    "gdl": [
                      {
                        "v": "urdu",
                        "gdl_utf8": "𒀴",
                        "id": "Q002197.12.1.0",
                        "delim": "-"
                      },
                      {
                        "v": "da",
                        "gdl_utf8": "𒁕",
                        "id": "Q002197.12.1.1",
                        "delim": "-"
                      },
                      {
                        "v": "ne₂",
                        "gdl_utf8": "𒉌",
                        "id": "Q002197.12.1.2",
                        "delim": "-"
                      },
                      {
                        "v": "še₃",
                        "gdl_utf8": "𒂠",
                        "id": "Q002197.12.1.3"
                      }
                    ],
                    "cf": "arad",
                    "gw": "slave",
                    "sense": "slave, servant",
                    "norm0": "arad,ani.eše",
                    "pos": "N",
                    "epos": "N",
                    "base": "urdu-d·a",
                    "morph": "~,ani.eše"
                  }
                },
                {
                  "node": "d",
                  "type": "line-start",
                  "ref": "Q002197.13",
                  "n": "13",
                  "label": "13"
                },
                {
                  "node": "c",
                  "type": "phrase",
                  "tag": "phr",
                  "id": "Q002197.U4",
                  "ref": "Q002197.ls00000",
                  "cdl": [
                    {
                      "node": "l",
                      "frag": "a",
                      "id": "Q002197.l00f89",
                      "ref": "Q002197.13.1",
                      "inst": "a[water]N",
                      "sig": "@ribo/babylon0%sux:a=a[water//water]N'N$a/a#~",
                      "f": {
                        "lang": "sux",
                        "form": "a",
                        "delim": "",
                        "gdl": [
                          {
                            "v": "a",
                            "gdl_utf8": "𒀀",
                            "id": "Q002197.13.1.0"
                          }
                        ],
                        "cf": "a",
                        "gw": "water",
                        "sense": "water",
                        "norm0": "a",
                        "pos": "N",
                        "epos": "N",
                        "base": "a",
                        "morph": "~"
                      }
                    },
                    {
                      "node": "l",
                      "frag": "mu-na-ru",
                      "id": "Q002197.l00f8a",
                      "ref": "Q002197.13.2",
                      "inst": "ri[to impose]V/t",
                      "sig": "@ribo/babylon0%sux:mu-na-ru=ri[impose//to impose]V/t'V/t$mu.na:ri/ru#mu.na:~",
                      "f": {
                        "lang": "sux",
                        "form": "mu-na-ru",
                        "gdl": [
                          {
                            "v": "mu",
                            "gdl_utf8": "𒈬",
                            "id": "Q002197.13.2.0",
                            "delim": "-"
                          },
                          {
                            "v": "na",
                            "gdl_utf8": "𒈾",
                            "id": "Q002197.13.2.1",
                            "delim": "-"
                          },
                          {
                            "v": "ru",
                            "gdl_utf8": "𒊒",
                            "id": "Q002197.13.2.2"
                          }
                        ],
                        "cf": "ri",
                        "gw": "impose",
                        "sense": "to impose",
                        "norm0": "mu.na:ri",
                        "pos": "V/t",
                        "epos": "V/t",
                        "base": "ru",
                        "morph": "mu.na:~"
                      }
                    }
                  ]
                }
              ]
            }
          ]
        }
      ]
    },
    {
      "linkbase": [
        {
          "type": "linkset",
          "xlink_title": "a ru[dedicate//to dedicate]V/t'V/t",
          "id": "Q002197.ls00000",
          "xlink_type": "extended",
          "xlink_role": "psu",
          "sig": "{a mu-na-ru = a[water]N ri[impose]V/t += a ru[dedicate//to dedicate]V/t'V/t}::@ribo/babylon0%sux:a=a[water//water]N'N$a/a#~++@ribo/babylon0%sux:mu-na-ru=ri[impose//to impose]V/t'V/t$mu.na:ri/ru#mu.na:~",
          "links": [
            {
              "type": "link",
              "xlink_title": "a",
              "xlink_type": "locator",
              "xlink_href": "#Q002197.l00f89",
              "xlink_role": "elt"
            },
            {
              "type": "link",
              "xlink_title": "ri",
              "xlink_type": "locator",
              "xlink_href": "#Q002197.l00f8a",
              "xlink_role": "elt"
            }
          ]
        }
      ]
    }
  ]
}
