{
  "type": "cdl",
  "project": "ribo/babylon0",
  "source": "http://oracc.org/ribo/babylon0",
  "license": "This data is released under the CC0 license",
  "license-url": "https://creativecommons.org/publicdomain/zero/1.0/",
  "more-info": "http://oracc.org/doc/opendata/",
  "UTC-timestamp": "2019-01-12T08:22:57",
  "textid": "Q002180",
  "cdl": [
    {
      "node": "c",
      "type": "text",
      "id": "Q002180.U0",
      "cdl": [
        {
          "node": "d",
          "type": "object",
          "ref": ""
        },
        {
          "node": "d",
          "type": "surface",
          "ref": ""
        },
        {
          "node": "c",
          "type": "discourse",
          "subtype": "body",
          "id": "Q002180.U1",
          "cdl": [
            {
              "node": "c",
              "type": "sentence",
              "implicit": "yes",
              "id": "Q002180.U2",
              "label": "1 - 36",
              "cdl": [
                {
                  "node": "d",
                  "type": "line-start",
                  "ref": "Q002180.1",
                  "n": "1",
                  "label": "1"
                },
                {
                  "node": "l",
                  "frag": "⸢ha⸣-[am]-⸢mu-ra-pi₂⸣",
                  "id": "Q002180.l0072b",
                  "ref": "Q002180.1.1",
                  "inst": "Hammu-rapi[king of Babylon]RN",
                  "sig": "@ribo/babylon0%sux:ha-am-mu-ra-pi₂=Hammu-rapi[king of Babylon//king of Babylon]RN'RN$Hammu-rapi/ha-am-mu-ra-pi₂#~",
                  "f": {
                    "lang": "sux",
                    "form": "ha-am-mu-ra-pi₂",
                    "gdl": [
                      {
                        "v": "ha",
                        "gdl_utf8": "𒄩",
                        "id": "Q002180.1.1.0",
                        "break": "damaged",
                        "ho": "1",
                        "delim": "-",
                        "hc": "1"
                      },
                      {
                        "v": "am",
                        "gdl_utf8": "𒄠",
                        "id": "Q002180.1.1.1",
                        "breakStart": "1",
                        "o": "]",
                        "break": "missing",
                        "breakEnd": "Q002180.1.1.1",
                        "delim": "-"
                      },
                      {
                        "v": "mu",
                        "gdl_utf8": "𒈬",
                        "id": "Q002180.1.1.2",
                        "break": "damaged",
                        "ho": "1",
                        "delim": "-"
                      },
                      {
                        "v": "ra",
                        "gdl_utf8": "𒊏",
                        "id": "Q002180.1.1.3",
                        "break": "damaged",
                        "delim": "-"
                      },
                      {
                        "v": "pi₂",
                        "gdl_utf8": "𒁉",
                        "id": "Q002180.1.1.4",
                        "break": "damaged",
                        "hc": "1"
                      }
                    ],
                    "cf": "Hammu-rapi",
                    "gw": "king of Babylon",
                    "sense": "king of Babylon",
                    "norm0": "Hammu-rapi",
                    "pos": "RN",
                    "epos": "RN",
                    "base": "ha-am-mu-ra-pi₂",
                    "morph": "~"
                  }
                },
                {
                  "node": "d",
                  "type": "line-start",
                  "ref": "Q002180.2",
                  "n": "2",
                  "label": "2"
                },
                {
                  "node": "l",
                  "frag": "lugal",
                  "id": "Q002180.l0072c",
                  "ref": "Q002180.2.1",
                  "inst": "lugal[king]N",
                  "sig": "@ribo/babylon0%sux:lugal=lugal[king//king]N'N$lugal/lugal#~",
                  "f": {
                    "lang": "sux",
                    "form": "lugal",
                    "delim": "",
                    "gdl": [
                      {
                        "v": "lugal",
                        "gdl_utf8": "𒈗",
                        "id": "Q002180.2.1.0"
                      }
                    ],
                    "cf": "lugal",
                    "gw": "king",
                    "sense": "king",
                    "norm0": "lugal",
                    "pos": "N",
                    "epos": "N",
                    "base": "lugal",
                    "morph": "~"
                  }
                },
                {
                  "node": "l",
                  "frag": "[kala-ga]",
                  "id": "Q002180.l0072d",
                  "ref": "Q002180.2.2",
                  "inst": "kalag[strong//(to be) strong, powerful, mighty]V/i'V/i/kala-g·a#~;a",
                  "sig": "@ribo/babylon0%sux:kala-ga=kalag[strong//(to be) strong, powerful, mighty]V/i'V/i$kalag;a/kala-g·a#~;a",
                  "f": {
                    "lang": "sux",
                    "form": "kala-ga",
                    "gdl": [
                      {
                        "v": "kala",
                        "gdl_utf8": "𒆗",
                        "id": "Q002180.2.2.0",
                        "breakStart": "1",
                        "o": "[",
                        "break": "missing",
                        "delim": "-"
                      },
                      {
                        "v": "ga",
                        "gdl_utf8": "𒂵",
                        "id": "Q002180.2.2.1",
                        "break": "missing",
                        "o": "]",
                        "breakEnd": "Q002180.2.2.0"
                      }
                    ],
                    "cf": "kalag",
                    "gw": "strong",
                    "sense": "(to be) strong, powerful, mighty",
                    "norm0": "kalag;a",
                    "pos": "V/i",
                    "epos": "V/i",
                    "base": "kala-g·a",
                    "morph": "~;a"
                  }
                },
                {
                  "node": "d",
                  "type": "line-start",
                  "ref": "Q002180.3",
                  "n": "3",
                  "label": "3"
                },
                {
                  "node": "l",
                  "frag": "lugal",
                  "id": "Q002180.l0072e",
                  "ref": "Q002180.3.1",
                  "inst": "lugal[king]N",
                  "sig": "@ribo/babylon0%sux:lugal=lugal[king//king]N'N$lugal/lugal#~",
                  "f": {
                    "lang": "sux",
                    "form": "lugal",
                    "delim": "",
                    "gdl": [
                      {
                        "v": "lugal",
                        "gdl_utf8": "𒈗",
                        "id": "Q002180.3.1.0"
                      }
                    ],
                    "cf": "lugal",
                    "gw": "king",
                    "sense": "king",
                    "norm0": "lugal",
                    "pos": "N",
                    "epos": "N",
                    "base": "lugal",
                    "morph": "~"
                  }
                },
                {
                  "node": "l",
                  "frag": "[babilim₂{ki]}",
                  "id": "Q002180.l0072f",
                  "ref": "Q002180.3.2",
                  "inst": "Babili[Babylon]SN/babilim₂{ki}#Babilim",
                  "sig": "@ribo/babylon0%sux:babilim₂{ki}=Babili[Babylon//Babylon]SN'SN$Babilim/babilim₂{ki}#Babilim",
                  "f": {
                    "lang": "sux",
                    "form": "babilim₂{ki}",
                    "gdl": [
                      {
                        "v": "babilim₂",
                        "gdl_utf8": "𒆍𒀭𒊏",
                        "id": "Q002180.3.2.0",
                        "breakStart": "1",
                        "o": "[",
                        "break": "missing"
                      },
                      {
                        "det": "semantic",
                        "pos": "post",
                        "seq": [
                          {
                            "v": "ki",
                            "gdl_utf8": "𒆠",
                            "id": "Q002180.3.2.1",
                            "break": "missing",
                            "o": "]",
                            "breakEnd": "Q002180.3.2.0"
                          }
                        ]
                      }
                    ],
                    "cf": "Babili",
                    "gw": "Babylon",
                    "sense": "Babylon",
                    "norm": "Babilim",
                    "pos": "SN",
                    "epos": "SN",
                    "base": "babilim₂{ki}",
                    "morph": "Babilim"
                  }
                },
                {
                  "node": "d",
                  "type": "line-start",
                  "ref": "Q002180.4",
                  "n": "4",
                  "label": "4"
                },
                {
                  "node": "l",
                  "frag": "u₄",
                  "id": "Q002180.l00730",
                  "ref": "Q002180.4.1",
                  "inst": "ud[day]N",
                  "sig": "@ribo/babylon0%sux:u₄=ud[sun//day]N'N$ud/u₄#~",
                  "f": {
                    "lang": "sux",
                    "form": "u₄",
                    "delim": "",
                    "gdl": [
                      {
                        "v": "u₄",
                        "gdl_utf8": "𒌓",
                        "id": "Q002180.4.1.0"
                      }
                    ],
                    "cf": "ud",
                    "gw": "sun",
                    "sense": "day",
                    "norm0": "ud",
                    "pos": "N",
                    "epos": "N",
                    "base": "u₄",
                    "morph": "~"
                  }
                },
                {
                  "node": "l",
                  "frag": "{d}utu",
                  "id": "Q002180.l00731",
                  "ref": "Q002180.4.2",
                  "inst": "Utu[1]DN",
                  "sig": "@ribo/babylon0%sux:{d}utu=Utu[1//1]DN'DN$Utu/{d}utu#~",
                  "f": {
                    "lang": "sux",
                    "form": "{d}utu",
                    "delim": "",
                    "gdl": [
                      {
                        "det": "semantic",
                        "pos": "pre",
                        "seq": [
                          {
                            "v": "d",
                            "gdl_utf8": "𒀭",
                            "id": "Q002180.4.2.0"
                          }
                        ]
                      },
                      {
                        "v": "utu",
                        "gdl_utf8": "𒌓",
                        "id": "Q002180.4.2.1"
                      }
                    ],
                    "cf": "Utu",
                    "gw": "1",
                    "sense": "1",
                    "norm0": "Utu",
                    "pos": "DN",
                    "epos": "DN",
                    "base": "{d}utu",
                    "morph": "~"
                  }
                },
                {
                  "node": "l",
                  "frag": "lugal-ŋu₁₀",
                  "id": "Q002180.l00732",
                  "ref": "Q002180.4.3",
                  "inst": "lugal[king]N/lugal#~,ŋu",
                  "sig": "@ribo/babylon0%sux:lugal-ŋu₁₀=lugal[king//king]N'N$lugal,ŋu/lugal#~,ŋu",
                  "f": {
                    "lang": "sux",
                    "form": "lugal-ŋu₁₀",
                    "gdl": [
                      {
                        "v": "lugal",
                        "gdl_utf8": "𒈗",
                        "id": "Q002180.4.3.0",
                        "delim": "-"
                      },
                      {
                        "v": "ŋu₁₀",
                        "gdl_utf8": "𒈬",
                        "id": "Q002180.4.3.1"
                      }
                    ],
                    "cf": "lugal",
                    "gw": "king",
                    "sense": "king",
                    "norm0": "lugal,ŋu",
                    "pos": "N",
                    "epos": "N",
                    "base": "lugal",
                    "morph": "~,ŋu"
                  }
                },
                {
                  "node": "d",
                  "type": "line-start",
                  "ref": "Q002180.5",
                  "n": "5",
                  "label": "5"
                },
                {
                  "node": "l",
                  "frag": "x",
                  "id": "Q002180.l00733",
                  "ref": "Q002180.5.1",
                  "inst": "%sux:x=",
                  "f": {
                    "lang": "sux",
                    "form": "x",
                    "delim": "",
                    "gdl": [
                      {
                        "v": "x",
                        "gdl_utf8": "x",
                        "id": "Q002180.5.1.0"
                      }
                    ]
                  }
                },
                {
                  "node": "l",
                  "frag": "x",
                  "id": "Q002180.l00734",
                  "ref": "Q002180.5.2",
                  "inst": "%sux:x=",
                  "f": {
                    "lang": "sux",
                    "form": "x",
                    "delim": "",
                    "gdl": [
                      {
                        "v": "x",
                        "gdl_utf8": "x",
                        "id": "Q002180.5.2.0"
                      }
                    ]
                  }
                },
                {
                  "node": "l",
                  "frag": "x",
                  "id": "Q002180.l00735",
                  "ref": "Q002180.5.3",
                  "inst": "%sux:x=",
                  "f": {
                    "lang": "sux",
                    "form": "x",
                    "delim": "",
                    "gdl": [
                      {
                        "v": "x",
                        "gdl_utf8": "x",
                        "id": "Q002180.5.3.0"
                      }
                    ]
                  }
                },
                {
                  "node": "l",
                  "frag": "a",
                  "id": "Q002180.l00736",
                  "ref": "Q002180.5.4",
                  "inst": "%sux:a=",
                  "f": {
                    "lang": "sux",
                    "form": "a",
                    "gdl": [
                      {
                        "v": "a",
                        "gdl_utf8": "𒀀",
                        "id": "Q002180.5.4.0"
                      }
                    ]
                  }
                },
                {
                  "node": "d",
                  "type": "line-start",
                  "ref": "Q002180.6",
                  "n": "6",
                  "label": "6"
                },
                {
                  "node": "l",
                  "frag": "x",
                  "id": "Q002180.l00737",
                  "ref": "Q002180.6.1",
                  "inst": "%sux:x=",
                  "f": {
                    "lang": "sux",
                    "form": "x",
                    "delim": "",
                    "gdl": [
                      {
                        "v": "x",
                        "gdl_utf8": "x",
                        "id": "Q002180.6.1.0"
                      }
                    ]
                  }
                },
                {
                  "node": "l",
                  "frag": "x",
                  "id": "Q002180.l00738",
                  "ref": "Q002180.6.2",
                  "inst": "%sux:x=",
                  "f": {
                    "lang": "sux",
                    "form": "x",
                    "delim": "",
                    "gdl": [
                      {
                        "v": "x",
                        "gdl_utf8": "x",
                        "id": "Q002180.6.2.0"
                      }
                    ]
                  }
                },
                {
                  "node": "l",
                  "frag": "x",
                  "id": "Q002180.l00739",
                  "ref": "Q002180.6.3",
                  "inst": "%sux:x=",
                  "f": {
                    "lang": "sux",
                    "form": "x",
                    "delim": "",
                    "gdl": [
                      {
                        "v": "x",
                        "gdl_utf8": "x",
                        "id": "Q002180.6.3.0"
                      }
                    ]
                  }
                },
                {
                  "node": "l",
                  "frag": "x",
                  "id": "Q002180.l0073a",
                  "ref": "Q002180.6.4",
                  "inst": "%sux:x=",
                  "f": {
                    "lang": "sux",
                    "form": "x",
                    "delim": "",
                    "gdl": [
                      {
                        "v": "x",
                        "gdl_utf8": "x",
                        "id": "Q002180.6.4.0"
                      }
                    ]
                  }
                },
                {
                  "node": "l",
                  "frag": "ni",
                  "id": "Q002180.l0073b",
                  "ref": "Q002180.6.5",
                  "inst": "%sux:ni=",
                  "f": {
                    "lang": "sux",
                    "form": "ni",
                    "gdl": [
                      {
                        "v": "ni",
                        "gdl_utf8": "𒉌",
                        "id": "Q002180.6.5.0"
                      }
                    ]
                  }
                },
                {
                  "node": "d",
                  "type": "line-start",
                  "ref": "Q002180.7",
                  "n": "7",
                  "label": "7"
                },
                {
                  "node": "l",
                  "frag": "x",
                  "id": "Q002180.l0073c",
                  "ref": "Q002180.7.1",
                  "inst": "%sux:x=",
                  "f": {
                    "lang": "sux",
                    "form": "x",
                    "delim": "",
                    "gdl": [
                      {
                        "v": "x",
                        "gdl_utf8": "x",
                        "id": "Q002180.7.1.0"
                      }
                    ]
                  }
                },
                {
                  "node": "l",
                  "frag": "UD",
                  "id": "Q002180.l0073d",
                  "ref": "Q002180.7.2",
                  "inst": "%sux:UD=",
                  "f": {
                    "lang": "sux",
                    "form": "UD",
                    "delim": "",
                    "gdl": [
                      {
                        "s": "UD",
                        "gdl_utf8": "𒌓",
                        "id": "Q002180.7.2.0",
                        "queried": "1"
                      }
                    ]
                  }
                },
                {
                  "node": "l",
                  "frag": "x",
                  "id": "Q002180.l0073e",
                  "ref": "Q002180.7.3",
                  "inst": "%sux:x=",
                  "f": {
                    "lang": "sux",
                    "form": "x",
                    "delim": "",
                    "gdl": [
                      {
                        "v": "x",
                        "gdl_utf8": "x",
                        "id": "Q002180.7.3.0"
                      }
                    ]
                  }
                },
                {
                  "node": "l",
                  "frag": "x",
                  "id": "Q002180.l0073f",
                  "ref": "Q002180.7.4",
                  "inst": "%sux:x=",
                  "f": {
                    "lang": "sux",
                    "form": "x",
                    "delim": "",
                    "gdl": [
                      {
                        "v": "x",
                        "gdl_utf8": "x",
                        "id": "Q002180.7.4.0"
                      }
                    ]
                  }
                },
                {
                  "node": "l",
                  "frag": "x",
                  "id": "Q002180.l00740",
                  "ref": "Q002180.7.5",
                  "inst": "%sux:x=",
                  "f": {
                    "lang": "sux",
                    "form": "x",
                    "gdl": [
                      {
                        "v": "x",
                        "gdl_utf8": "x",
                        "id": "Q002180.7.5.0"
                      }
                    ]
                  }
                },
                {
                  "node": "d",
                  "type": "line-start",
                  "ref": "Q002180.8",
                  "n": "8",
                  "label": "8"
                },
                {
                  "node": "l",
                  "frag": "daŋal-e-de₃",
                  "id": "Q002180.l00741",
                  "ref": "Q002180.8.1",
                  "inst": "daŋal[wide//to widen]V/i'V/t/daŋal#~;e.de",
                  "sig": "@ribo/babylon0%sux:daŋal-e-de₃=daŋal[wide//to widen]V/i'V/t$daŋal;e.de/daŋal#~;e.de",
                  "f": {
                    "lang": "sux",
                    "form": "daŋal-e-de₃",
                    "gdl": [
                      {
                        "v": "daŋal",
                        "gdl_utf8": "𒂼",
                        "id": "Q002180.8.1.0",
                        "delim": "-"
                      },
                      {
                        "v": "e",
                        "gdl_utf8": "𒂊",
                        "id": "Q002180.8.1.1",
                        "delim": "-"
                      },
                      {
                        "v": "de₃",
                        "gdl_utf8": "𒉈",
                        "id": "Q002180.8.1.2"
                      }
                    ],
                    "cf": "daŋal",
                    "gw": "wide",
                    "sense": "to widen",
                    "norm0": "daŋal;e.de",
                    "pos": "V/i",
                    "epos": "V/t",
                    "base": "daŋal",
                    "morph": "~;e.de"
                  }
                },
                {
                  "node": "d",
                  "type": "line-start",
                  "ref": "Q002180.9",
                  "n": "9",
                  "label": "9"
                },
                {
                  "node": "l",
                  "frag": "enim",
                  "id": "Q002180.l00742",
                  "ref": "Q002180.9.1",
                  "inst": "inim[word]N",
                  "sig": "@ribo/babylon0%sux:enim=inim[word//word]N'N$inim/enim#~",
                  "f": {
                    "lang": "sux",
                    "form": "enim",
                    "delim": "",
                    "gdl": [
                      {
                        "v": "enim",
                        "gdl_utf8": "𒅗",
                        "id": "Q002180.9.1.0"
                      }
                    ],
                    "cf": "inim",
                    "gw": "word",
                    "sense": "word",
                    "norm0": "inim",
                    "pos": "N",
                    "epos": "N",
                    "base": "enim",
                    "morph": "~"
                  }
                },
                {
                  "node": "l",
                  "frag": "in-du₁₁-ga-a",
                  "id": "Q002180.l00743",
                  "ref": "Q002180.9.2",
                  "inst": "dug[to speak, talk, say]V/t",
                  "sig": "@ribo/babylon0%sux:in-du₁₁-ga-a=dug[speak//to speak, talk, say]V/t'V/t$V.n:dug;a/du₁₁-g·a#V.n:~;a",
                  "f": {
                    "lang": "sux",
                    "form": "in-du₁₁-ga-a",
                    "gdl": [
                      {
                        "v": "in",
                        "gdl_utf8": "𒅔",
                        "id": "Q002180.9.2.0",
                        "delim": "-"
                      },
                      {
                        "v": "du₁₁",
                        "gdl_utf8": "𒅗",
                        "id": "Q002180.9.2.1",
                        "delim": "-"
                      },
                      {
                        "v": "ga",
                        "gdl_utf8": "𒂵",
                        "id": "Q002180.9.2.2",
                        "delim": "-"
                      },
                      {
                        "v": "a",
                        "gdl_utf8": "𒀀",
                        "id": "Q002180.9.2.3"
                      }
                    ],
                    "cf": "dug",
                    "gw": "speak",
                    "sense": "to speak, talk, say",
                    "norm0": "V.n:dug;a",
                    "pos": "V/t",
                    "epos": "V/t",
                    "base": "du₁₁-g·a",
                    "morph": "V.n:~;a"
                  }
                },
                {
                  "node": "d",
                  "type": "line-start",
                  "ref": "Q002180.10",
                  "n": "10",
                  "label": "10"
                },
                {
                  "node": "c",
                  "type": "phrase",
                  "tag": "phr",
                  "id": "Q002180.U4",
                  "ref": "Q002180.ls00000",
                  "cdl": [
                    {
                      "node": "l",
                      "frag": "ŋeš",
                      "id": "Q002180.l00744",
                      "ref": "Q002180.10.1",
                      "inst": "ŋeš[tree]N",
                      "sig": "@ribo/babylon0%sux:ŋeš=ŋeš[tree//wood]N'N$ŋeš/ŋeš#~",
                      "f": {
                        "lang": "sux",
                        "form": "ŋeš",
                        "delim": "",
                        "gdl": [
                          {
                            "v": "ŋeš",
                            "gdl_utf8": "𒄑",
                            "id": "Q002180.10.1.0"
                          }
                        ],
                        "cf": "ŋeš",
                        "gw": "tree",
                        "sense": "wood",
                        "norm0": "ŋeš",
                        "pos": "N",
                        "epos": "N",
                        "base": "ŋeš",
                        "morph": "~"
                      }
                    },
                    {
                      "node": "l",
                      "frag": "in-tuku-ni-me-en",
                      "id": "Q002180.l00745",
                      "ref": "Q002180.10.2",
                      "inst": "tuku[acquire//to acquire, get]V/t'V/t/tuku#V.n:~;ani.men",
                      "sig": "@ribo/babylon0%sux:in-tuku-ni-me-en=tuku[acquire//to acquire, get]V/t'V/t$V.n:tuku;ani.men/tuku#V.n:~;ani.men",
                      "f": {
                        "lang": "sux",
                        "form": "in-tuku-ni-me-en",
                        "gdl": [
                          {
                            "v": "in",
                            "gdl_utf8": "𒅔",
                            "id": "Q002180.10.2.0",
                            "delim": "-"
                          },
                          {
                            "v": "tuku",
                            "gdl_utf8": "𒌇",
                            "id": "Q002180.10.2.1",
                            "delim": "-"
                          },
                          {
                            "v": "ni",
                            "gdl_utf8": "𒉌",
                            "id": "Q002180.10.2.2",
                            "delim": "-"
                          },
                          {
                            "v": "me",
                            "gdl_utf8": "𒈨",
                            "id": "Q002180.10.2.3",
                            "delim": "-"
                          },
                          {
                            "v": "en",
                            "gdl_utf8": "𒂗",
                            "id": "Q002180.10.2.4"
                          }
                        ],
                        "cf": "tuku",
                        "gw": "acquire",
                        "sense": "to acquire, get",
                        "norm0": "V.n:tuku;ani.men",
                        "pos": "V/t",
                        "epos": "V/t",
                        "base": "tuku",
                        "morph": "V.n:~;ani.men"
                      }
                    }
                  ]
                },
                {
                  "node": "d",
                  "type": "line-start",
                  "ref": "Q002180.11",
                  "n": "11",
                  "label": "11"
                },
                {
                  "node": "c",
                  "type": "phrase",
                  "tag": "phr",
                  "id": "Q002180.U5",
                  "ref": "Q002180.ls00001",
                  "cdl": [
                    {
                      "node": "l",
                      "frag": "gu₃",
                      "id": "Q002180.l00746",
                      "ref": "Q002180.11.1",
                      "inst": "gu[voice]N",
                      "sig": "@ribo/babylon0%sux:gu₃=gu[voice//voice, cry, noise]N'N$gu/gu₃#~",
                      "f": {
                        "lang": "sux",
                        "form": "gu₃",
                        "delim": "",
                        "gdl": [
                          {
                            "v": "gu₃",
                            "gdl_utf8": "𒅗",
                            "id": "Q002180.11.1.0"
                          }
                        ],
                        "cf": "gu",
                        "gw": "voice",
                        "sense": "voice, cry, noise",
                        "norm0": "gu",
                        "pos": "N",
                        "epos": "N",
                        "base": "gu₃",
                        "morph": "~"
                      }
                    },
                    {
                      "node": "l",
                      "frag": "hul₂",
                      "id": "Q002180.l00747",
                      "ref": "Q002180.11.2",
                      "inst": "-hul[rejoice//to rejoice]V/i'V/i/hul₂#~",
                      "sig": "@ribo/babylon0%sux:hul₂=hul[rejoice//to rejoice]V/i'V/i$hul/hul₂#~",
                      "f": {
                        "lang": "sux",
                        "form": "hul₂",
                        "delim": "",
                        "gdl": [
                          {
                            "v": "hul₂",
                            "gdl_utf8": "𒄾",
                            "id": "Q002180.11.2.0"
                          }
                        ],
                        "cf": "hul",
                        "gw": "rejoice",
                        "sense": "to rejoice",
                        "norm0": "hul",
                        "pos": "V/i",
                        "epos": "V/i",
                        "base": "hul₂",
                        "morph": "~"
                      }
                    },
                    {
                      "node": "l",
                      "frag": "ma-an-de₂",
                      "id": "Q002180.l00748",
                      "ref": "Q002180.11.3",
                      "inst": "de[pour//to pour]V/t'V/t/de₂#mu.a.n:~",
                      "sig": "@ribo/babylon0%sux:ma-an-de₂=de[pour//to pour]V/t'V/t$mu.a.n:de/de₂#mu.a.n:~",
                      "f": {
                        "lang": "sux",
                        "form": "ma-an-de₂",
                        "gdl": [
                          {
                            "v": "ma",
                            "gdl_utf8": "𒈠",
                            "id": "Q002180.11.3.0",
                            "delim": "-"
                          },
                          {
                            "v": "an",
                            "gdl_utf8": "𒀭",
                            "id": "Q002180.11.3.1",
                            "delim": "-"
                          },
                          {
                            "v": "de₂",
                            "gdl_utf8": "𒌤",
                            "id": "Q002180.11.3.2"
                          }
                        ],
                        "cf": "de",
                        "gw": "pour",
                        "sense": "to pour",
                        "norm0": "mu.a.n:de",
                        "pos": "V/t",
                        "epos": "V/t",
                        "base": "de₂",
                        "morph": "mu.a.n:~"
                      }
                    }
                  ]
                },
                {
                  "node": "d",
                  "type": "line-start",
                  "ref": "Q002180.12",
                  "n": "12",
                  "label": "12"
                },
                {
                  "node": "c",
                  "type": "phrase",
                  "tag": "phr",
                  "id": "Q002180.U6",
                  "ref": "Q002180.ls00002",
                  "cdl": [
                    {
                      "node": "l",
                      "frag": "a₂-bi",
                      "id": "Q002180.l00749",
                      "ref": "Q002180.12.1",
                      "inst": "a[arm]N/a₂#~,bi",
                      "sig": "@ribo/babylon0%sux:a₂-bi=a[arm//arm]N'N$a,bi/a₂#~,bi",
                      "f": {
                        "lang": "sux",
                        "form": "a₂-bi",
                        "delim": "",
                        "gdl": [
                          {
                            "v": "a₂",
                            "gdl_utf8": "𒀉",
                            "id": "Q002180.12.1.0",
                            "delim": "-"
                          },
                          {
                            "v": "bi",
                            "gdl_utf8": "𒁉",
                            "id": "Q002180.12.1.1"
                          }
                        ],
                        "cf": "a",
                        "gw": "arm",
                        "sense": "arm",
                        "norm0": "a,bi",
                        "pos": "N",
                        "epos": "N",
                        "base": "a₂",
                        "morph": "~,bi"
                      }
                    },
                    {
                      "node": "l",
                      "frag": "hu-mu-da-an-aŋ₂",
                      "id": "Q002180.l0074a",
                      "ref": "Q002180.12.2",
                      "inst": "aŋ[measure//to measure]V/t'V/t/aŋ₂#ha.mu.da.n:~",
                      "sig": "@ribo/babylon0%sux:hu-mu-da-an-aŋ₂=aŋ[measure//to measure]V/t'V/t$ha.mu.da.n:aŋ/aŋ₂#ha.mu.da.n:~",
                      "f": {
                        "lang": "sux",
                        "form": "hu-mu-da-an-aŋ₂",
                        "gdl": [
                          {
                            "v": "hu",
                            "gdl_utf8": "𒄷",
                            "id": "Q002180.12.2.0",
                            "delim": "-"
                          },
                          {
                            "v": "mu",
                            "gdl_utf8": "𒈬",
                            "id": "Q002180.12.2.1",
                            "delim": "-"
                          },
                          {
                            "v": "da",
                            "gdl_utf8": "𒁕",
                            "id": "Q002180.12.2.2",
                            "delim": "-"
                          },
                          {
                            "v": "an",
                            "gdl_utf8": "𒀭",
                            "id": "Q002180.12.2.3",
                            "delim": "-"
                          },
                          {
                            "v": "aŋ₂",
                            "gdl_utf8": "𒉘",
                            "id": "Q002180.12.2.4"
                          }
                        ],
                        "cf": "aŋ",
                        "gw": "measure",
                        "sense": "to measure",
                        "norm0": "ha.mu.da.n:aŋ",
                        "pos": "V/t",
                        "epos": "V/t",
                        "base": "aŋ₂",
                        "morph": "ha.mu.da.n:~"
                      }
                    }
                  ]
                },
                {
                  "node": "d",
                  "type": "line-start",
                  "ref": "Q002180.13",
                  "n": "13",
                  "label": "13"
                },
                {
                  "node": "l",
                  "frag": "u₄-ba",
                  "id": "Q002180.l0074b",
                  "ref": "Q002180.13.1",
                  "inst": "ud[day]N",
                  "sig": "@ribo/babylon0%sux:u₄-ba=ud[sun//day]N'N$ud,bi.a/u₄#~,bi.a",
                  "f": {
                    "lang": "sux",
                    "form": "u₄-ba",
                    "gdl": [
                      {
                        "v": "u₄",
                        "gdl_utf8": "𒌓",
                        "id": "Q002180.13.1.0",
                        "delim": "-"
                      },
                      {
                        "v": "ba",
                        "gdl_utf8": "𒁀",
                        "id": "Q002180.13.1.1"
                      }
                    ],
                    "cf": "ud",
                    "gw": "sun",
                    "sense": "day",
                    "norm0": "ud,bi.a",
                    "pos": "N",
                    "epos": "N",
                    "base": "u₄",
                    "morph": "~,bi.a"
                  }
                },
                {
                  "node": "d",
                  "type": "line-start",
                  "ref": "Q002180.14",
                  "n": "14",
                  "label": "14"
                },
                {
                  "node": "l",
                  "frag": "ša₃-ŋal₂",
                  "id": "Q002180.l0074c",
                  "ref": "Q002180.14.1",
                  "inst": "šaggal[food//food, fodder]N'N/ša₃-ŋal₂#~",
                  "sig": "@ribo/babylon0%sux:ša₃-ŋal₂=šaggal[food//food, fodder]N'N$šaggal/ša₃-ŋal₂#~",
                  "f": {
                    "lang": "sux",
                    "form": "ša₃-ŋal₂",
                    "delim": "",
                    "gdl": [
                      {
                        "v": "ša₃",
                        "gdl_utf8": "𒊮",
                        "id": "Q002180.14.1.0",
                        "delim": "-"
                      },
                      {
                        "v": "ŋal₂",
                        "gdl_utf8": "𒅅",
                        "id": "Q002180.14.1.1"
                      }
                    ],
                    "cf": "šaggal",
                    "gw": "food",
                    "sense": "food, fodder",
                    "norm0": "šaggal",
                    "pos": "N",
                    "epos": "N",
                    "base": "ša₃-ŋal₂",
                    "morph": "~"
                  }
                },
                {
                  "node": "l",
                  "frag": "diri-de₃",
                  "id": "Q002180.l0074d",
                  "ref": "Q002180.14.2",
                  "inst": "dirig[exceed//to make more than]V/i'V/t/diri#~;de",
                  "sig": "@ribo/babylon0%sux:diri-de₃=dirig[exceed//to make more than]V/i'V/t$dirig;de/diri#~;de",
                  "f": {
                    "lang": "sux",
                    "form": "diri-de₃",
                    "gdl": [
                      {
                        "v": "diri",
                        "gdl_utf8": "𒋛𒀀",
                        "id": "Q002180.14.2.0",
                        "delim": "-"
                      },
                      {
                        "v": "de₃",
                        "gdl_utf8": "𒉈",
                        "id": "Q002180.14.2.1"
                      }
                    ],
                    "cf": "dirig",
                    "gw": "exceed",
                    "sense": "to make more than",
                    "norm0": "dirig;de",
                    "pos": "V/i",
                    "epos": "V/t",
                    "base": "diri",
                    "morph": "~;de"
                  }
                },
                {
                  "node": "d",
                  "type": "line-start",
                  "ref": "Q002180.15",
                  "n": "15",
                  "label": "15"
                },
                {
                  "node": "l",
                  "frag": "a-gar₃",
                  "id": "Q002180.l0074e",
                  "ref": "Q002180.15.1",
                  "inst": "agar[meadow//meadow]N'N/a-gar₃#~",
                  "sig": "@ribo/babylon0%sux:a-gar₃=agar[meadow//meadow]N'N$agar/a-gar₃#~",
                  "f": {
                    "lang": "sux",
                    "form": "a-gar₃",
                    "delim": "",
                    "gdl": [
                      {
                        "v": "a",
                        "gdl_utf8": "𒀀",
                        "id": "Q002180.15.1.0",
                        "delim": "-"
                      },
                      {
                        "v": "gar₃",
                        "gdl_utf8": "𒃼",
                        "id": "Q002180.15.1.1"
                      }
                    ],
                    "cf": "agar",
                    "gw": "meadow",
                    "sense": "meadow",
                    "norm0": "agar",
                    "pos": "N",
                    "epos": "N",
                    "base": "a-gar₃",
                    "morph": "~"
                  }
                },
                {
                  "node": "l",
                  "frag": "a",
                  "id": "Q002180.l0074f",
                  "ref": "Q002180.15.2",
                  "inst": "a[water]N/a#~",
                  "sig": "@ribo/babylon0%sux:a=a[water//water]N'N$a/a#~",
                  "f": {
                    "lang": "sux",
                    "form": "a",
                    "delim": "",
                    "gdl": [
                      {
                        "v": "a",
                        "gdl_utf8": "𒀀",
                        "id": "Q002180.15.2.0"
                      }
                    ],
                    "cf": "a",
                    "gw": "water",
                    "sense": "water",
                    "norm0": "a",
                    "pos": "N",
                    "epos": "N",
                    "base": "a",
                    "morph": "~"
                  }
                },
                {
                  "node": "l",
                  "frag": "ŋar-ra",
                  "id": "Q002180.l00750",
                  "ref": "Q002180.15.3",
                  "inst": "ŋar[put//to put, place, lay down]V/t'V/t/ŋar+-ra=r.a#~;a",
                  "sig": "@ribo/babylon0%sux:ŋar-ra=ŋar[place//to put, place, lay down]V/t'V/t$ŋar;a/ŋar+-ra=r.a#~;a",
                  "f": {
                    "lang": "sux",
                    "form": "ŋar-ra",
                    "gdl": [
                      {
                        "v": "ŋar",
                        "gdl_utf8": "𒃻",
                        "id": "Q002180.15.3.0",
                        "delim": "-"
                      },
                      {
                        "v": "ra",
                        "gdl_utf8": "𒊏",
                        "id": "Q002180.15.3.1"
                      }
                    ],
                    "cf": "ŋar",
                    "gw": "place",
                    "sense": "to put, place, lay down",
                    "norm0": "ŋar;a",
                    "pos": "V/t",
                    "epos": "V/t",
                    "base": "ŋar",
                    "cont": "-ra=r.a",
                    "morph": "~;a"
                  }
                },
                {
                  "node": "d",
                  "type": "line-start",
                  "ref": "Q002180.16",
                  "n": "16",
                  "label": "16"
                },
                {
                  "node": "l",
                  "frag": "eg₂",
                  "id": "Q002180.l00751",
                  "ref": "Q002180.16.1",
                  "inst": "eg[levee]N/eg₂#~",
                  "sig": "@ribo/babylon0%sux:eg₂=eg[levee//levee]N'N$eg/eg₂#~",
                  "f": {
                    "lang": "sux",
                    "form": "eg₂",
                    "delim": "",
                    "gdl": [
                      {
                        "v": "eg₂",
                        "gdl_utf8": "𒂊",
                        "id": "Q002180.16.1.0"
                      }
                    ],
                    "cf": "eg",
                    "gw": "levee",
                    "sense": "levee",
                    "norm0": "eg",
                    "pos": "N",
                    "epos": "N",
                    "base": "eg₂",
                    "morph": "~"
                  }
                },
                {
                  "node": "l",
                  "frag": "hu-mu-si-ga",
                  "id": "Q002180.l00752",
                  "ref": "Q002180.16.2",
                  "inst": "sig[put//to pile up]V/t'V/t/si-g·a#ha.mu:~;a",
                  "sig": "@ribo/babylon0%sux:hu-mu-si-ga=sig[put//to pile up]V/t'V/t$ha.mu:sig;a/si-g·a+-ga=g·a#ha.mu:~;a",
                  "f": {
                    "lang": "sux",
                    "form": "hu-mu-si-ga",
                    "gdl": [
                      {
                        "v": "hu",
                        "gdl_utf8": "𒄷",
                        "id": "Q002180.16.2.0",
                        "delim": "-"
                      },
                      {
                        "v": "mu",
                        "gdl_utf8": "𒈬",
                        "id": "Q002180.16.2.1",
                        "delim": "-"
                      },
                      {
                        "v": "si",
                        "gdl_utf8": "𒋛",
                        "id": "Q002180.16.2.2",
                        "delim": "-"
                      },
                      {
                        "v": "ga",
                        "gdl_utf8": "𒂵",
                        "id": "Q002180.16.2.3"
                      }
                    ],
                    "cf": "sig",
                    "gw": "put",
                    "sense": "to pile up",
                    "norm0": "ha.mu:sig;a",
                    "pos": "V/t",
                    "epos": "V/t",
                    "base": "si-g·a",
                    "cont": "-ga=g·a",
                    "morph": "ha.mu:~;a"
                  }
                },
                {
                  "node": "d",
                  "type": "line-start",
                  "ref": "Q002180.17",
                  "n": "17",
                  "label": "17"
                },
                {
                  "node": "l",
                  "frag": "{a}agu₂-ba",
                  "id": "Q002180.l00753",
                  "ref": "Q002180.17.1",
                  "inst": "ugu[skull//top]N'N/ugu₂#~,bi.a",
                  "sig": "@ribo/babylon0%sux:{a}agu₂-ba=ugu[skull//top]N'N$ugu,bi.a/ugu₂#~,bi.a",
                  "f": {
                    "lang": "sux",
                    "form": "{a}agu₂-ba",
                    "gdl": [
                      {
                        "det": "semantic",
                        "pos": "pre",
                        "seq": [
                          {
                            "v": "a",
                            "gdl_utf8": "𒀀",
                            "id": "Q002180.17.1.0"
                          }
                        ]
                      },
                      {
                        "v": "agu₂",
                        "gdl_utf8": "𒅗",
                        "id": "Q002180.17.1.1",
                        "delim": "-"
                      },
                      {
                        "v": "ba",
                        "gdl_utf8": "𒁀",
                        "id": "Q002180.17.1.2"
                      }
                    ],
                    "cf": "ugu",
                    "gw": "skull",
                    "sense": "top",
                    "norm0": "ugu,bi.a",
                    "pos": "N",
                    "epos": "N",
                    "base": "ugu₂",
                    "morph": "~,bi.a"
                  }
                },
                {
                  "node": "d",
                  "type": "line-start",
                  "ref": "Q002180.18",
                  "n": "18",
                  "label": "18"
                },
                {
                  "node": "l",
                  "frag": "bad₃",
                  "id": "Q002180.l00754",
                  "ref": "Q002180.18.1",
                  "inst": "bad[wall, fortification]N",
                  "sig": "@ribo/babylon0%sux:bad₃=bad[wall//wall, fortification]N'N$bad/bad₃#~",
                  "f": {
                    "lang": "sux",
                    "form": "bad₃",
                    "delim": "",
                    "gdl": [
                      {
                        "v": "bad₃",
                        "gdl_utf8": "𒂦",
                        "id": "Q002180.18.1.0"
                      }
                    ],
                    "cf": "bad",
                    "gw": "wall",
                    "sense": "wall, fortification",
                    "norm0": "bad",
                    "pos": "N",
                    "epos": "N",
                    "base": "bad₃",
                    "morph": "~"
                  }
                },
                {
                  "node": "l",
                  "frag": "ŋa₂-ge₄-a",
                  "id": "Q002180.l00755",
                  "ref": "Q002180.18.2",
                  "inst": "ŋagia[cloister]N/ŋa₂-ge₄-a#~",
                  "sig": "@ribo/babylon0%sux:ŋa₂-ge₄-a=ŋagia[cloister//cloister]N'N$ŋagia/ŋa₂-ge₄-a#~",
                  "f": {
                    "lang": "sux",
                    "form": "ŋa₂-ge₄-a",
                    "gdl": [
                      {
                        "v": "ŋa₂",
                        "gdl_utf8": "𒂷",
                        "id": "Q002180.18.2.0",
                        "delim": "-"
                      },
                      {
                        "v": "ge₄",
                        "gdl_utf8": "𒄄",
                        "id": "Q002180.18.2.1",
                        "delim": "-"
                      },
                      {
                        "v": "a",
                        "gdl_utf8": "𒀀",
                        "id": "Q002180.18.2.2"
                      }
                    ],
                    "cf": "ŋagia",
                    "gw": "cloister",
                    "sense": "cloister",
                    "norm0": "ŋagia",
                    "pos": "N",
                    "epos": "N",
                    "base": "ŋa₂-ge₄-a",
                    "morph": "~"
                  }
                },
                {
                  "node": "d",
                  "type": "line-start",
                  "ref": "Q002180.19",
                  "n": "19",
                  "label": "19"
                },
                {
                  "node": "l",
                  "frag": "hu-mu-du₃",
                  "id": "Q002180.l00756",
                  "ref": "Q002180.19.1",
                  "inst": "du[to build, make]V/t",
                  "sig": "@ribo/babylon0%sux:hu-mu-du₃=du[build//to build, make]V/t'V/t$ha.mu:du/du₃#ha.mu:~",
                  "f": {
                    "lang": "sux",
                    "form": "hu-mu-du₃",
                    "gdl": [
                      {
                        "v": "hu",
                        "gdl_utf8": "𒄷",
                        "id": "Q002180.19.1.0",
                        "delim": "-"
                      },
                      {
                        "v": "mu",
                        "gdl_utf8": "𒈬",
                        "id": "Q002180.19.1.1",
                        "delim": "-"
                      },
                      {
                        "v": "du₃",
                        "gdl_utf8": "𒆕",
                        "id": "Q002180.19.1.2"
                      }
                    ],
                    "cf": "du",
                    "gw": "build",
                    "sense": "to build, make",
                    "norm0": "ha.mu:du",
                    "pos": "V/t",
                    "epos": "V/t",
                    "base": "du₃",
                    "morph": "ha.mu:~"
                  }
                },
                {
                  "node": "d",
                  "type": "line-start",
                  "ref": "Q002180.20",
                  "n": "20",
                  "label": "20"
                },
                {
                  "node": "l",
                  "frag": "ša₃-ba",
                  "id": "Q002180.l00757",
                  "ref": "Q002180.20.1",
                  "inst": "šag[heart]N/ša₃#~,bi.a",
                  "sig": "@ribo/babylon0%sux:ša₃-ba=šag[heart//heart]N'N$šag,bi.a/ša₃#~,bi.a",
                  "f": {
                    "lang": "sux",
                    "form": "ša₃-ba",
                    "gdl": [
                      {
                        "v": "ša₃",
                        "gdl_utf8": "𒊮",
                        "id": "Q002180.20.1.0",
                        "delim": "-"
                      },
                      {
                        "v": "ba",
                        "gdl_utf8": "𒁀",
                        "id": "Q002180.20.1.1"
                      }
                    ],
                    "cf": "šag",
                    "gw": "heart",
                    "sense": "heart",
                    "norm0": "šag,bi.a",
                    "pos": "N",
                    "epos": "N",
                    "base": "ša₃",
                    "morph": "~,bi.a"
                  }
                },
                {
                  "node": "d",
                  "type": "line-start",
                  "ref": "Q002180.21",
                  "n": "21",
                  "label": "21"
                },
                {
                  "node": "l",
                  "frag": "{i₇}{d}a-a-he₂-ŋal₂",
                  "id": "Q002180.l00758",
                  "ref": "Q002180.21.1",
                  "inst": "Aya-heŋal[]WN/{i₇}{d}a-a-he₂-ŋal₂#~",
                  "sig": "@ribo/babylon0%sux:{i₇}{d}a-a-he₂-ŋal₂=Aya-heŋal[1//1]WN'WN$Aya-heŋal/{i₇}{d}a-a-he₂-ŋal₂#~",
                  "f": {
                    "lang": "sux",
                    "form": "{i₇}{d}a-a-he₂-ŋal₂",
                    "gdl": [
                      {
                        "det": "semantic",
                        "pos": "pre",
                        "seq": [
                          {
                            "v": "i₇",
                            "gdl_utf8": "𒀀𒇉",
                            "id": "Q002180.21.1.0"
                          }
                        ]
                      },
                      {
                        "det": "semantic",
                        "pos": "pre",
                        "seq": [
                          {
                            "v": "d",
                            "gdl_utf8": "𒀭",
                            "id": "Q002180.21.1.1"
                          }
                        ]
                      },
                      {
                        "v": "a",
                        "gdl_utf8": "𒀀",
                        "id": "Q002180.21.1.2",
                        "delim": "-"
                      },
                      {
                        "v": "a",
                        "gdl_utf8": "𒀀",
                        "id": "Q002180.21.1.3",
                        "delim": "-"
                      },
                      {
                        "v": "he₂",
                        "gdl_utf8": "𒃶",
                        "id": "Q002180.21.1.4",
                        "delim": "-"
                      },
                      {
                        "v": "ŋal₂",
                        "gdl_utf8": "𒅅",
                        "id": "Q002180.21.1.5"
                      }
                    ],
                    "cf": "Aya-heŋal",
                    "gw": "1",
                    "sense": "1",
                    "norm0": "Aya-heŋal",
                    "pos": "WN",
                    "epos": "WN",
                    "base": "{i₇}{d}a-a-he₂-ŋal₂",
                    "morph": "~"
                  }
                },
                {
                  "node": "d",
                  "type": "line-start",
                  "ref": "Q002180.22",
                  "n": "22",
                  "label": "22"
                },
                {
                  "node": "l",
                  "frag": "hu-mu-ba-al",
                  "id": "Q002180.l00759",
                  "ref": "Q002180.22.1",
                  "inst": "bal[to dig, excavate]V/t",
                  "sig": "@ribo/babylon0%sux:hu-mu-ba-al=bal[dig//to dig, excavate]V/t'V/t$ha.mu:bal/ba-al#ha.mu:~",
                  "f": {
                    "lang": "sux",
                    "form": "hu-mu-ba-al",
                    "gdl": [
                      {
                        "v": "hu",
                        "gdl_utf8": "𒄷",
                        "id": "Q002180.22.1.0",
                        "delim": "-"
                      },
                      {
                        "v": "mu",
                        "gdl_utf8": "𒈬",
                        "id": "Q002180.22.1.1",
                        "delim": "-"
                      },
                      {
                        "v": "ba",
                        "gdl_utf8": "𒁀",
                        "id": "Q002180.22.1.2",
                        "delim": "-"
                      },
                      {
                        "v": "al",
                        "gdl_utf8": "𒀠",
                        "id": "Q002180.22.1.3"
                      }
                    ],
                    "cf": "bal",
                    "gw": "dig",
                    "sense": "to dig, excavate",
                    "norm0": "ha.mu:bal",
                    "pos": "V/t",
                    "epos": "V/t",
                    "base": "ba-al",
                    "morph": "ha.mu:~"
                  }
                },
                {
                  "node": "d",
                  "type": "line-start",
                  "ref": "Q002180.23",
                  "n": "23",
                  "label": "23"
                },
                {
                  "node": "l",
                  "frag": "a",
                  "id": "Q002180.l0075a",
                  "ref": "Q002180.23.1",
                  "inst": "a[water]N",
                  "sig": "@ribo/babylon0%sux:a=a[water//water]N'N$a/a#~",
                  "f": {
                    "lang": "sux",
                    "form": "a",
                    "delim": "",
                    "gdl": [
                      {
                        "v": "a",
                        "gdl_utf8": "𒀀",
                        "id": "Q002180.23.1.0"
                      }
                    ],
                    "cf": "a",
                    "gw": "water",
                    "sense": "water",
                    "norm0": "a",
                    "pos": "N",
                    "epos": "N",
                    "base": "a",
                    "morph": "~"
                  }
                },
                {
                  "node": "l",
                  "frag": "nam-he₂",
                  "id": "Q002180.l0075b",
                  "ref": "Q002180.23.2",
                  "inst": "namhe[abundance]N/nam-he₂#~,ak",
                  "sig": "@ribo/babylon0%sux:nam-he₂=namhe[abundance//abundance]N'N$namhe,ak/nam-he₂#~,ak",
                  "f": {
                    "lang": "sux",
                    "form": "nam-he₂",
                    "gdl": [
                      {
                        "v": "nam",
                        "gdl_utf8": "𒉆",
                        "id": "Q002180.23.2.0",
                        "delim": "-"
                      },
                      {
                        "v": "he₂",
                        "gdl_utf8": "𒃶",
                        "id": "Q002180.23.2.1"
                      }
                    ],
                    "cf": "namhe",
                    "gw": "abundance",
                    "sense": "abundance",
                    "norm0": "namhe,ak",
                    "pos": "N",
                    "epos": "N",
                    "base": "nam-he₂",
                    "morph": "~,ak"
                  }
                },
                {
                  "node": "d",
                  "type": "line-start",
                  "ref": "Q002180.24",
                  "n": "24",
                  "label": "24"
                },
                {
                  "node": "l",
                  "frag": "he₂-bi₂-de₂",
                  "id": "Q002180.l0075c",
                  "ref": "Q002180.24.1",
                  "inst": "de[pour//to pour]V/t'V/t/de₂#ha.ba.i:~",
                  "sig": "@ribo/babylon0%sux:he₂-bi₂-de₂=de[pour//to pour]V/t'V/t$ha.ba.i:de/de₂#ha.ba.i:~",
                  "f": {
                    "lang": "sux",
                    "form": "he₂-bi₂-de₂",
                    "gdl": [
                      {
                        "v": "he₂",
                        "gdl_utf8": "𒃶",
                        "id": "Q002180.24.1.0",
                        "delim": "-"
                      },
                      {
                        "v": "bi₂",
                        "gdl_utf8": "𒉈",
                        "id": "Q002180.24.1.1",
                        "delim": "-"
                      },
                      {
                        "v": "de₂",
                        "gdl_utf8": "𒌤",
                        "id": "Q002180.24.1.2"
                      }
                    ],
                    "cf": "de",
                    "gw": "pour",
                    "sense": "to pour",
                    "norm0": "ha.ba.i:de",
                    "pos": "V/t",
                    "epos": "V/t",
                    "base": "de₂",
                    "morph": "ha.ba.i:~"
                  }
                },
                {
                  "node": "d",
                  "type": "line-start",
                  "ref": "Q002180.25",
                  "n": "25",
                  "label": "25"
                },
                {
                  "node": "l",
                  "frag": "nam-bi-še₃",
                  "id": "Q002180.l0075d",
                  "ref": "Q002180.25.1",
                  "inst": "nam[concern]N/nam#~,bi.eše",
                  "sig": "@ribo/babylon0%sux:nam-bi-še₃=nam[concern//concern]N'N$nam,bi.eše/nam#~,bi.eše",
                  "f": {
                    "lang": "sux",
                    "form": "nam-bi-še₃",
                    "gdl": [
                      {
                        "v": "nam",
                        "gdl_utf8": "𒉆",
                        "id": "Q002180.25.1.0",
                        "delim": "-"
                      },
                      {
                        "v": "bi",
                        "gdl_utf8": "𒁉",
                        "id": "Q002180.25.1.1",
                        "delim": "-"
                      },
                      {
                        "v": "še₃",
                        "gdl_utf8": "𒂠",
                        "id": "Q002180.25.1.2"
                      }
                    ],
                    "cf": "nam",
                    "gw": "concern",
                    "sense": "concern",
                    "norm0": "nam,bi.eše",
                    "pos": "N",
                    "epos": "N",
                    "base": "nam",
                    "morph": "~,bi.eše"
                  }
                },
                {
                  "node": "d",
                  "type": "line-start",
                  "ref": "Q002180.26",
                  "n": "26",
                  "label": "26"
                },
                {
                  "node": "l",
                  "frag": "{d}a-a",
                  "id": "Q002180.l0075e",
                  "ref": "Q002180.26.1",
                  "inst": "Aya[1]DN",
                  "sig": "@ribo/babylon0%sux:{d}a-a=Aya[1//1]DN'DN$Aya/{d}a-a#~",
                  "f": {
                    "lang": "sux",
                    "form": "{d}a-a",
                    "gdl": [
                      {
                        "det": "semantic",
                        "pos": "pre",
                        "seq": [
                          {
                            "v": "d",
                            "gdl_utf8": "𒀭",
                            "id": "Q002180.26.1.0"
                          }
                        ]
                      },
                      {
                        "v": "a",
                        "gdl_utf8": "𒀀",
                        "id": "Q002180.26.1.1",
                        "delim": "-"
                      },
                      {
                        "v": "a",
                        "gdl_utf8": "𒀀",
                        "id": "Q002180.26.1.2"
                      }
                    ],
                    "cf": "Aya",
                    "gw": "1",
                    "sense": "1",
                    "norm0": "Aya",
                    "pos": "DN",
                    "epos": "DN",
                    "base": "{d}a-a",
                    "morph": "~"
                  }
                },
                {
                  "node": "d",
                  "type": "line-start",
                  "ref": "Q002180.27",
                  "n": "27",
                  "label": "27"
                },
                {
                  "node": "l",
                  "frag": "nin",
                  "id": "Q002180.l0075f",
                  "ref": "Q002180.27.1",
                  "inst": "nin[lady]N",
                  "sig": "@ribo/babylon0%sux:nin=nin[lady//lady]N'N$nin/nin#~",
                  "f": {
                    "lang": "sux",
                    "form": "nin",
                    "delim": "",
                    "gdl": [
                      {
                        "v": "nin",
                        "gdl_utf8": "𒊩𒌆",
                        "id": "Q002180.27.1.0"
                      }
                    ],
                    "cf": "nin",
                    "gw": "lady",
                    "sense": "lady",
                    "norm0": "nin",
                    "pos": "N",
                    "epos": "N",
                    "base": "nin",
                    "morph": "~"
                  }
                },
                {
                  "node": "l",
                  "frag": "zibbir{ki}",
                  "id": "Q002180.l00760",
                  "ref": "Q002180.27.2",
                  "inst": "Sippar[]SN/zibbir{ki}#~",
                  "sig": "@ribo/babylon0%sux:zibbir{ki}=Sippar[1//1]SN'SN$Sippar/zibbir{ki}#~",
                  "f": {
                    "lang": "sux",
                    "form": "zibbir{ki}",
                    "gdl": [
                      {
                        "v": "zibbir",
                        "gdl_utf8": "𒌓𒄒𒉣",
                        "id": "Q002180.27.2.0"
                      },
                      {
                        "det": "semantic",
                        "pos": "post",
                        "seq": [
                          {
                            "v": "ki",
                            "gdl_utf8": "𒆠",
                            "id": "Q002180.27.2.1"
                          }
                        ]
                      }
                    ],
                    "cf": "Sippar",
                    "gw": "1",
                    "sense": "1",
                    "norm0": "Sippar",
                    "pos": "SN",
                    "epos": "SN",
                    "base": "zibbir{ki}",
                    "morph": "~"
                  }
                },
                {
                  "node": "d",
                  "type": "line-start",
                  "ref": "Q002180.28",
                  "n": "28",
                  "label": "28"
                },
                {
                  "node": "l",
                  "frag": "he₂-⸢en⸣-ši-hul₂-le",
                  "id": "Q002180.l00761",
                  "ref": "Q002180.28.1",
                  "inst": "hul[rejoice//to rejoice]V/i'V/i/hul₂+-le=l.e#ha.V.n.ši:~;e",
                  "sig": "@ribo/babylon0%sux:he₂-en-ši-hul₂-le=hul[rejoice//to rejoice]V/i'V/i$ha.V.n.ši:hul;e/hul₂+-le=l.e#ha.V.n.ši:~;e",
                  "f": {
                    "lang": "sux",
                    "form": "he₂-en-ši-hul₂-le",
                    "gdl": [
                      {
                        "v": "he₂",
                        "gdl_utf8": "𒃶",
                        "id": "Q002180.28.1.0",
                        "delim": "-"
                      },
                      {
                        "v": "en",
                        "gdl_utf8": "𒂗",
                        "id": "Q002180.28.1.1",
                        "break": "damaged",
                        "ho": "1",
                        "delim": "-",
                        "hc": "1"
                      },
                      {
                        "v": "ši",
                        "gdl_utf8": "𒅆",
                        "id": "Q002180.28.1.2",
                        "delim": "-"
                      },
                      {
                        "v": "hul₂",
                        "gdl_utf8": "𒄾",
                        "id": "Q002180.28.1.3",
                        "delim": "-"
                      },
                      {
                        "v": "le",
                        "gdl_utf8": "𒇷",
                        "id": "Q002180.28.1.4"
                      }
                    ],
                    "cf": "hul",
                    "gw": "rejoice",
                    "sense": "to rejoice",
                    "norm0": "ha.V.n.ši:hul;e",
                    "pos": "V/i",
                    "epos": "V/i",
                    "base": "hul₂",
                    "cont": "-le=l.e",
                    "morph": "ha.V.n.ši:~;e"
                  }
                },
                {
                  "node": "d",
                  "type": "line-start",
                  "ref": "Q002180.29",
                  "n": "29",
                  "label": "29"
                },
                {
                  "node": "l",
                  "frag": "ki",
                  "id": "Q002180.l00762",
                  "ref": "Q002180.29.1",
                  "inst": "ki[place//with]N'PRP/ki#~",
                  "sig": "@ribo/babylon0%sux:ki=ki[place//with]N'PRP$ki/ki#~",
                  "f": {
                    "lang": "sux",
                    "form": "ki",
                    "delim": "",
                    "gdl": [
                      {
                        "v": "ki",
                        "gdl_utf8": "𒆠",
                        "id": "Q002180.29.1.0"
                      }
                    ],
                    "cf": "ki",
                    "gw": "place",
                    "sense": "with",
                    "norm0": "ki",
                    "pos": "N",
                    "epos": "PRP",
                    "base": "ki",
                    "morph": "~"
                  }
                },
                {
                  "node": "l",
                  "frag": "{d}utu",
                  "id": "Q002180.l00763",
                  "ref": "Q002180.29.2",
                  "inst": "Utu[1]DN",
                  "sig": "@ribo/babylon0%sux:{d}utu=Utu[1//1]DN'DN$Utu/{d}utu#~",
                  "f": {
                    "lang": "sux",
                    "form": "{d}utu",
                    "gdl": [
                      {
                        "det": "semantic",
                        "pos": "pre",
                        "seq": [
                          {
                            "v": "d",
                            "gdl_utf8": "𒀭",
                            "id": "Q002180.29.2.0"
                          }
                        ]
                      },
                      {
                        "v": "utu",
                        "gdl_utf8": "𒌓",
                        "id": "Q002180.29.2.1"
                      }
                    ],
                    "cf": "Utu",
                    "gw": "1",
                    "sense": "1",
                    "norm0": "Utu",
                    "pos": "DN",
                    "epos": "DN",
                    "base": "{d}utu",
                    "morph": "~"
                  }
                },
                {
                  "node": "d",
                  "type": "line-start",
                  "ref": "Q002180.30",
                  "n": "30",
                  "label": "30"
                },
                {
                  "node": "l",
                  "frag": "ŋešdana-ni-da",
                  "id": "Q002180.l00764",
                  "ref": "Q002180.30.1",
                  "inst": "ŋidlam[spouse]N/ŋešdana#~,ani.da",
                  "sig": "@ribo/babylon0%sux:ŋešdana-ni-da=ŋidlam[spouse//spouse]N'N$ŋidlam,ani.da/ŋešdana#~,ani.da",
                  "f": {
                    "lang": "sux",
                    "form": "ŋešdana-ni-da",
                    "gdl": [
                      {
                        "v": "ŋešdana",
                        "gdl_utf8": "𒊩𒍑𒁮",
                        "id": "Q002180.30.1.0",
                        "delim": "-"
                      },
                      {
                        "v": "ni",
                        "gdl_utf8": "𒉌",
                        "id": "Q002180.30.1.1",
                        "delim": "-"
                      },
                      {
                        "v": "da",
                        "gdl_utf8": "𒁕",
                        "id": "Q002180.30.1.2"
                      }
                    ],
                    "cf": "ŋidlam",
                    "gw": "spouse",
                    "sense": "spouse",
                    "norm0": "ŋidlam,ani.da",
                    "pos": "N",
                    "epos": "N",
                    "base": "ŋešdana",
                    "morph": "~,ani.da"
                  }
                },
                {
                  "node": "d",
                  "type": "line-start",
                  "ref": "Q002180.31",
                  "n": "31",
                  "label": "31"
                },
                {
                  "node": "l",
                  "frag": "til₃",
                  "id": "Q002180.l00765",
                  "ref": "Q002180.31.1",
                  "inst": "til[life]N/til₃#~",
                  "sig": "@ribo/babylon0%sux:til₃=til[life//life]N'N$til/til₃#~",
                  "f": {
                    "lang": "sux",
                    "form": "til₃",
                    "delim": "",
                    "gdl": [
                      {
                        "v": "til₃",
                        "gdl_utf8": "𒋾",
                        "id": "Q002180.31.1.0"
                      }
                    ],
                    "cf": "til",
                    "gw": "life",
                    "sense": "life",
                    "norm0": "til",
                    "pos": "N",
                    "epos": "N",
                    "base": "til₃",
                    "morph": "~"
                  }
                },
                {
                  "node": "l",
                  "frag": "u₄",
                  "id": "Q002180.l00766",
                  "ref": "Q002180.31.2",
                  "inst": "ud[sun//day]N'N/u₄#~",
                  "sig": "@ribo/babylon0%sux:u₄=ud[sun//day]N'N$ud/u₄#~",
                  "f": {
                    "lang": "sux",
                    "form": "u₄",
                    "delim": "",
                    "gdl": [
                      {
                        "v": "u₄",
                        "gdl_utf8": "𒌓",
                        "id": "Q002180.31.2.0"
                      }
                    ],
                    "cf": "ud",
                    "gw": "sun",
                    "sense": "day",
                    "norm0": "ud",
                    "pos": "N",
                    "epos": "N",
                    "base": "u₄",
                    "morph": "~"
                  }
                },
                {
                  "node": "l",
                  "frag": "sud-ra₂",
                  "id": "Q002180.l00767",
                  "ref": "Q002180.31.3",
                  "inst": "sud[distant//(to be) distant]",
                  "sig": "@ribo/babylon0%sux:sud-ra₂=sud[distant//(to be) distant]V/i'V/i$sud;a/sud+-ra₂=r.a#~;a",
                  "f": {
                    "lang": "sux",
                    "form": "sud-ra₂",
                    "gdl": [
                      {
                        "v": "sud",
                        "gdl_utf8": "𒋤",
                        "id": "Q002180.31.3.0",
                        "delim": "-"
                      },
                      {
                        "v": "ra₂",
                        "gdl_utf8": "𒁺",
                        "id": "Q002180.31.3.1"
                      }
                    ],
                    "cf": "sud",
                    "gw": "distant",
                    "sense": "(to be) distant",
                    "norm0": "sud;a",
                    "pos": "V/i",
                    "epos": "V/i",
                    "base": "sud",
                    "cont": "-ra₂=r.a",
                    "morph": "~;a"
                  }
                },
                {
                  "node": "d",
                  "type": "line-start",
                  "ref": "Q002180.32",
                  "n": "32",
                  "label": "32"
                },
                {
                  "node": "l",
                  "frag": "bala",
                  "id": "Q002180.l00768",
                  "ref": "Q002180.32.1",
                  "inst": "bala[reign]'N",
                  "sig": "@ribo/babylon0%sux:bala=bala[turn//reign]V/t'N$bala/bala#~",
                  "f": {
                    "lang": "sux",
                    "form": "bala",
                    "delim": "",
                    "gdl": [
                      {
                        "v": "bala",
                        "gdl_utf8": "𒁄",
                        "id": "Q002180.32.1.0"
                      }
                    ],
                    "cf": "bala",
                    "gw": "turn",
                    "sense": "reign",
                    "norm0": "bala",
                    "pos": "V/t",
                    "epos": "N",
                    "base": "bala",
                    "morph": "~"
                  }
                },
                {
                  "node": "l",
                  "frag": "nam-x",
                  "id": "Q002180.l00769",
                  "ref": "Q002180.32.2",
                  "inst": "u",
                  "f": {
                    "lang": "sux",
                    "form": "nam-x",
                    "delim": "",
                    "gdl": [
                      {
                        "v": "nam",
                        "gdl_utf8": "𒉆",
                        "id": "Q002180.32.2.0",
                        "delim": "-"
                      },
                      {
                        "v": "x",
                        "gdl_utf8": "x",
                        "id": "Q002180.32.2.1"
                      }
                    ],
                    "pos": "u"
                  }
                },
                {
                  "node": "l",
                  "frag": "[...]",
                  "id": "Q002180.l0076a",
                  "ref": "Q002180.32.3",
                  "inst": "u",
                  "f": {
                    "lang": "sux",
                    "form": "x",
                    "gdl": [
                      {
                        "x": "ellipsis",
                        "id": "Q002180.32.3.0",
                        "breakStart": "1",
                        "break": "missing",
                        "o": "]",
                        "breakEnd": "Q002180.32.3.0"
                      }
                    ],
                    "pos": "u"
                  }
                },
                {
                  "node": "d",
                  "type": "line-start",
                  "ref": "Q002180.33",
                  "n": "33",
                  "label": "33"
                },
                {
                  "node": "l",
                  "frag": "suhuš",
                  "id": "Q002180.l0076b",
                  "ref": "Q002180.33.1",
                  "inst": "suhuš[foundation]N",
                  "sig": "@ribo/babylon0%sux:suhuš=suhuš[foundation//foundation]N'N$suhuš/suhuš#~",
                  "f": {
                    "lang": "sux",
                    "form": "suhuš",
                    "delim": "",
                    "gdl": [
                      {
                        "v": "suhuš",
                        "gdl_utf8": "𒁼",
                        "id": "Q002180.33.1.0",
                        "queried": "1"
                      }
                    ],
                    "cf": "suhuš",
                    "gw": "foundation",
                    "sense": "foundation",
                    "norm0": "suhuš",
                    "pos": "N",
                    "epos": "N",
                    "base": "suhuš",
                    "morph": "~"
                  }
                },
                {
                  "node": "l",
                  "frag": "he₂-x",
                  "id": "Q002180.l0076c",
                  "ref": "Q002180.33.2",
                  "inst": "u",
                  "f": {
                    "lang": "sux",
                    "form": "he₂-x",
                    "delim": "",
                    "gdl": [
                      {
                        "v": "he₂",
                        "gdl_utf8": "𒃶",
                        "id": "Q002180.33.2.0",
                        "queried": "1",
                        "delim": "-"
                      },
                      {
                        "v": "x",
                        "gdl_utf8": "x",
                        "id": "Q002180.33.2.1"
                      }
                    ],
                    "pos": "u"
                  }
                },
                {
                  "node": "l",
                  "frag": "x",
                  "id": "Q002180.l0076d",
                  "ref": "Q002180.33.3",
                  "inst": "u",
                  "f": {
                    "lang": "sux",
                    "form": "x",
                    "gdl": [
                      {
                        "v": "x",
                        "gdl_utf8": "x",
                        "id": "Q002180.33.3.0"
                      }
                    ],
                    "pos": "u"
                  }
                },
                {
                  "node": "d",
                  "type": "line-start",
                  "ref": "Q002180.34",
                  "n": "34",
                  "label": "34"
                },
                {
                  "node": "l",
                  "frag": "x",
                  "id": "Q002180.l0076e",
                  "ref": "Q002180.34.1",
                  "inst": "%sux:x=",
                  "f": {
                    "lang": "sux",
                    "form": "x",
                    "delim": "",
                    "gdl": [
                      {
                        "v": "x",
                        "gdl_utf8": "x",
                        "id": "Q002180.34.1.0"
                      }
                    ]
                  }
                },
                {
                  "node": "l",
                  "frag": "[...]",
                  "id": "Q002180.l0076f",
                  "ref": "Q002180.34.2",
                  "inst": "%sux:x=",
                  "f": {
                    "lang": "sux",
                    "form": "x",
                    "delim": "",
                    "gdl": [
                      {
                        "x": "ellipsis",
                        "id": "Q002180.34.2.0",
                        "breakStart": "1",
                        "break": "missing",
                        "o": "]",
                        "breakEnd": "Q002180.34.2.0"
                      }
                    ]
                  }
                },
                {
                  "node": "l",
                  "frag": "he₂-en-ši-[...]",
                  "id": "Q002180.l00770",
                  "ref": "Q002180.34.3",
                  "inst": "%sux:he₂-en-ši-x=",
                  "f": {
                    "lang": "sux",
                    "form": "he₂-en-ši-x",
                    "gdl": [
                      {
                        "v": "he₂",
                        "gdl_utf8": "𒃶",
                        "id": "Q002180.34.3.0",
                        "delim": "-"
                      },
                      {
                        "v": "en",
                        "gdl_utf8": "𒂗",
                        "id": "Q002180.34.3.1",
                        "delim": "-"
                      },
                      {
                        "v": "ši",
                        "gdl_utf8": "𒅆",
                        "id": "Q002180.34.3.2",
                        "delim": "-"
                      },
                      {
                        "x": "ellipsis",
                        "id": "Q002180.34.3.3",
                        "breakStart": "1",
                        "break": "missing",
                        "o": "]",
                        "breakEnd": "Q002180.34.3.3"
                      }
                    ]
                  }
                },
                {
                  "node": "d",
                  "type": "line-start",
                  "ref": "Q002180.35",
                  "n": "35",
                  "label": "35"
                },
                {
                  "node": "l",
                  "frag": "[...]",
                  "id": "Q002180.l00771",
                  "ref": "Q002180.35.1",
                  "inst": "u",
                  "f": {
                    "lang": "sux",
                    "form": "x",
                    "delim": "",
                    "gdl": [
                      {
                        "x": "ellipsis",
                        "id": "Q002180.35.1.0",
                        "breakStart": "1",
                        "break": "missing",
                        "o": "]",
                        "breakEnd": "Q002180.35.1.0"
                      }
                    ],
                    "pos": "u"
                  }
                },
                {
                  "node": "l",
                  "frag": "saŋ-e-[eš₂]",
                  "id": "Q002180.l00772",
                  "ref": "Q002180.35.2",
                  "inst": "saŋ[head]N/saŋ#~,eše",
                  "sig": "@ribo/babylon0%sux:saŋ-e-eš₂=saŋ[head//head]N'N$saŋ,eše/saŋ#~,eše",
                  "f": {
                    "lang": "sux",
                    "form": "saŋ-e-eš₂",
                    "gdl": [
                      {
                        "v": "saŋ",
                        "gdl_utf8": "𒊕",
                        "id": "Q002180.35.2.0",
                        "delim": "-"
                      },
                      {
                        "v": "e",
                        "gdl_utf8": "𒂊",
                        "id": "Q002180.35.2.1",
                        "delim": "-"
                      },
                      {
                        "v": "eš₂",
                        "gdl_utf8": "𒂠",
                        "id": "Q002180.35.2.2",
                        "breakStart": "1",
                        "o": "]",
                        "break": "missing",
                        "breakEnd": "Q002180.35.2.2"
                      }
                    ],
                    "cf": "saŋ",
                    "gw": "head",
                    "sense": "head",
                    "norm0": "saŋ,eše",
                    "pos": "N",
                    "epos": "N",
                    "base": "saŋ",
                    "morph": "~,eše"
                  }
                },
                {
                  "node": "d",
                  "type": "line-start",
                  "ref": "Q002180.36",
                  "n": "36",
                  "label": "36"
                },
                {
                  "node": "l",
                  "frag": "[...",
                  "id": "Q002180.l00773",
                  "ref": "Q002180.36.1",
                  "inst": "u",
                  "f": {
                    "lang": "sux",
                    "form": "x",
                    "delim": "",
                    "gdl": [
                      {
                        "x": "ellipsis",
                        "id": "Q002180.36.1.0",
                        "breakStart": "1",
                        "break": "missing",
                        "o": "["
                      }
                    ],
                    "pos": "u"
                  }
                },
                {
                  "node": "l",
                  "frag": "rig₇",
                  "id": "Q002180.l00774",
                  "ref": "Q002180.36.2",
                  "inst": "rig[donate//to donate]V/t'V/t/rig₇#~",
                  "sig": "@ribo/babylon0%sux:rig₇=rig[donate//to donate]V/t'V/t$rig/rig₇#~",
                  "f": {
                    "lang": "sux",
                    "form": "rig₇",
                    "delim": "",
                    "gdl": [
                      {
                        "v": "rig₇",
                        "gdl_utf8": "𒉺𒄸𒁺",
                        "id": "Q002180.36.2.0",
                        "break": "missing"
                      }
                    ],
                    "cf": "rig",
                    "gw": "donate",
                    "sense": "to donate",
                    "norm0": "rig",
                    "pos": "V/t",
                    "epos": "V/t",
                    "base": "rig₇",
                    "morph": "~"
                  }
                },
                {
                  "node": "l",
                  "frag": "...]",
                  "id": "Q002180.l00775",
                  "ref": "Q002180.36.3",
                  "inst": "u",
                  "f": {
                    "lang": "sux",
                    "form": "x",
                    "gdl": [
                      {
                        "x": "ellipsis",
                        "id": "Q002180.36.3.0",
                        "break": "missing",
                        "o": "]",
                        "breakEnd": "Q002180.36.1.0"
                      }
                    ],
                    "pos": "u"
                  }
                }
              ]
            }
          ]
        }
      ]
    },
    {
      "linkbase": [
        {
          "type": "linkset",
          "xlink_title": "ŋeš tuku[listen//to listen, to hear]V/t'V/t",
          "id": "Q002180.ls00000",
          "xlink_type": "extended",
          "xlink_role": "psu",
          "sig": "{ŋeš in-tuku-ni-me-en = ŋeš[tree]N tuku[acquire]V/t += ŋeš tuku[listen//to listen, to hear]V/t'V/t}::@ribo/babylon0%sux:ŋeš=ŋeš[tree//wood]N'N$ŋeš/ŋeš#~++@ribo/babylon0%sux:in-tuku-ni-me-en=tuku[acquire//to acquire, get]V/t'V/t$V.n:tuku;ani.men/tuku#V.n:~;ani.men",
          "links": [
            {
              "type": "link",
              "xlink_title": "ŋeš",
              "xlink_type": "locator",
              "xlink_href": "#Q002180.l00744",
              "xlink_role": "elt"
            },
            {
              "type": "link",
              "xlink_title": "tuku",
              "xlink_type": "locator",
              "xlink_href": "#Q002180.l00745",
              "xlink_role": "elt"
            }
          ]
        },
        {
          "type": "linkset",
          "xlink_title": "gu de[say//to call]V/t'V/t",
          "id": "Q002180.ls00001",
          "xlink_type": "extended",
          "xlink_role": "psu",
          "sig": "{gu₃ ma-an-de₂ = gu[voice]N de[pour]V/t += gu de[say//to call]V/t'V/t}::@ribo/babylon0%sux:gu₃=gu[voice//voice, cry, noise]N'N$gu/gu₃#~++@ribo/babylon0%sux:ma-an-de₂=de[pour//to pour]V/t'V/t$mu.a.n:de/de₂#mu.a.n:~",
          "links": [
            {
              "type": "link",
              "xlink_title": "gu",
              "xlink_type": "locator",
              "xlink_href": "#Q002180.l00746",
              "xlink_role": "elt"
            },
            {
              "type": "link",
              "xlink_title": "de",
              "xlink_type": "locator",
              "xlink_href": "#Q002180.l00748",
              "xlink_role": "elt"
            }
          ]
        },
        {
          "type": "linkset",
          "xlink_title": "a aŋ[command//to command]V/t'V/t",
          "id": "Q002180.ls00002",
          "xlink_type": "extended",
          "xlink_role": "psu",
          "sig": "{a₂-bi hu-mu-da-an-aŋ₂ = a[arm]N aŋ[measure]V/t += a aŋ[command//to command]V/t'V/t}::@ribo/babylon0%sux:a₂-bi=a[arm//arm]N'N$a,bi/a₂#~,bi++@ribo/babylon0%sux:hu-mu-da-an-aŋ₂=aŋ[measure//to measure]V/t'V/t$ha.mu.da.n:aŋ/aŋ₂#ha.mu.da.n:~",
          "links": [
            {
              "type": "link",
              "xlink_title": "a",
              "xlink_type": "locator",
              "xlink_href": "#Q002180.l00749",
              "xlink_role": "elt"
            },
            {
              "type": "link",
              "xlink_title": "aŋ",
              "xlink_type": "locator",
              "xlink_href": "#Q002180.l0074a",
              "xlink_role": "elt"
            }
          ]
        }
      ]
    }
  ]
}
