{
  "type": "cdl",
  "project": "ribo/babylon0",
  "source": "http://oracc.org/ribo/babylon0",
  "license": "This data is released under the CC0 license",
  "license-url": "https://creativecommons.org/publicdomain/zero/1.0/",
  "more-info": "http://oracc.org/doc/opendata/",
  "UTC-timestamp": "2019-01-12T08:23:01",
  "textid": "Q002223",
  "cdl": [
    {
      "node": "c",
      "type": "text",
      "id": "Q002223.U0",
      "cdl": [
        {
          "node": "d",
          "type": "object",
          "ref": ""
        },
        {
          "node": "d",
          "type": "surface",
          "ref": ""
        },
        {
          "node": "c",
          "type": "discourse",
          "subtype": "body",
          "id": "Q002223.U1",
          "cdl": [
            {
              "node": "c",
              "type": "sentence",
              "implicit": "yes",
              "id": "Q002223.U2",
              "label": "1 - 15",
              "cdl": [
                {
                  "node": "d",
                  "type": "line-start",
                  "ref": "Q002223.1",
                  "n": "1",
                  "label": "1"
                },
                {
                  "node": "l",
                  "frag": "sa-am-su-i-lu-na",
                  "id": "Q002223.l0315f",
                  "ref": "Q002223.1.1",
                  "inst": "Samsu-iluna[king of Babylon]RN",
                  "sig": "@ribo/babylon0%sux:sa-am-su-i-lu-na=Samsu-iluna[king of Babylon//king of Babylon]RN'RN$Samsu-iluna/sa-am-su-i-lu-na#~",
                  "f": {
                    "lang": "sux",
                    "form": "sa-am-su-i-lu-na",
                    "gdl": [
                      {
                        "v": "sa",
                        "gdl_utf8": "𒊓",
                        "id": "Q002223.1.1.0",
                        "delim": "-"
                      },
                      {
                        "v": "am",
                        "gdl_utf8": "𒄠",
                        "id": "Q002223.1.1.1",
                        "delim": "-"
                      },
                      {
                        "v": "su",
                        "gdl_utf8": "𒋢",
                        "id": "Q002223.1.1.2",
                        "delim": "-"
                      },
                      {
                        "v": "i",
                        "gdl_utf8": "𒄿",
                        "id": "Q002223.1.1.3",
                        "delim": "-"
                      },
                      {
                        "v": "lu",
                        "gdl_utf8": "𒇻",
                        "id": "Q002223.1.1.4",
                        "delim": "-"
                      },
                      {
                        "v": "na",
                        "gdl_utf8": "𒈾",
                        "id": "Q002223.1.1.5"
                      }
                    ],
                    "cf": "Samsu-iluna",
                    "gw": "king of Babylon",
                    "sense": "king of Babylon",
                    "norm0": "Samsu-iluna",
                    "pos": "RN",
                    "epos": "RN",
                    "base": "sa-am-su-i-lu-na",
                    "morph": "~"
                  }
                },
                {
                  "node": "d",
                  "type": "line-start",
                  "ref": "Q002223.2",
                  "n": "2",
                  "label": "2"
                },
                {
                  "node": "l",
                  "frag": "lugal",
                  "id": "Q002223.l03160",
                  "ref": "Q002223.2.1",
                  "inst": "lugal[king]N",
                  "sig": "@ribo/babylon0%sux:lugal=lugal[king//king]N'N$lugal/lugal#~",
                  "f": {
                    "lang": "sux",
                    "form": "lugal",
                    "delim": "",
                    "gdl": [
                      {
                        "v": "lugal",
                        "gdl_utf8": "𒈗",
                        "id": "Q002223.2.1.0"
                      }
                    ],
                    "cf": "lugal",
                    "gw": "king",
                    "sense": "king",
                    "norm0": "lugal",
                    "pos": "N",
                    "epos": "N",
                    "base": "lugal",
                    "morph": "~"
                  }
                },
                {
                  "node": "l",
                  "frag": "kala-ga",
                  "id": "Q002223.l03161",
                  "ref": "Q002223.2.2",
                  "inst": "kalag[(to be) strong, powerful, mighty]V/i",
                  "sig": "@ribo/babylon0%sux:kala-ga=kalag[strong//(to be) strong, powerful, mighty]V/i'V/i$kalag;a/kala-g·a#~;a",
                  "f": {
                    "lang": "sux",
                    "form": "kala-ga",
                    "gdl": [
                      {
                        "v": "kala",
                        "gdl_utf8": "𒆗",
                        "id": "Q002223.2.2.0",
                        "delim": "-"
                      },
                      {
                        "v": "ga",
                        "gdl_utf8": "𒂵",
                        "id": "Q002223.2.2.1"
                      }
                    ],
                    "cf": "kalag",
                    "gw": "strong",
                    "sense": "(to be) strong, powerful, mighty",
                    "norm0": "kalag;a",
                    "pos": "V/i",
                    "epos": "V/i",
                    "base": "kala-g·a",
                    "morph": "~;a"
                  }
                },
                {
                  "node": "d",
                  "type": "line-start",
                  "ref": "Q002223.3",
                  "n": "3",
                  "label": "3"
                },
                {
                  "node": "l",
                  "frag": "lugal",
                  "id": "Q002223.l03162",
                  "ref": "Q002223.3.1",
                  "inst": "lugal[king]N",
                  "sig": "@ribo/babylon0%sux:lugal=lugal[king//king]N'N$lugal/lugal#~",
                  "f": {
                    "lang": "sux",
                    "form": "lugal",
                    "gdl": [
                      {
                        "v": "lugal",
                        "gdl_utf8": "𒈗",
                        "id": "Q002223.3.1.0"
                      }
                    ],
                    "cf": "lugal",
                    "gw": "king",
                    "sense": "king",
                    "norm0": "lugal",
                    "pos": "N",
                    "epos": "N",
                    "base": "lugal",
                    "morph": "~"
                  }
                },
                {
                  "node": "d",
                  "type": "line-start",
                  "ref": "Q002223.4",
                  "n": "4",
                  "label": "4"
                },
                {
                  "node": "l",
                  "frag": "babilim₂{ki}",
                  "id": "Q002223.l03163",
                  "ref": "Q002223.4.1",
                  "inst": "Babili[Babylon]SN",
                  "sig": "@ribo/babylon0%sux:babilim₂{ki}=Babili[Babylon//Babylon]SN'SN$Babilim/babilim₂{ki}#Babilim",
                  "f": {
                    "lang": "sux",
                    "form": "babilim₂{ki}",
                    "gdl": [
                      {
                        "v": "babilim₂",
                        "gdl_utf8": "𒆍𒀭𒊏",
                        "id": "Q002223.4.1.0"
                      },
                      {
                        "det": "semantic",
                        "pos": "post",
                        "seq": [
                          {
                            "v": "ki",
                            "gdl_utf8": "𒆠",
                            "id": "Q002223.4.1.1"
                          }
                        ]
                      }
                    ],
                    "cf": "Babili",
                    "gw": "Babylon",
                    "sense": "Babylon",
                    "norm": "Babilim",
                    "pos": "SN",
                    "epos": "SN",
                    "base": "babilim₂{ki}",
                    "morph": "Babilim"
                  }
                },
                {
                  "node": "d",
                  "type": "line-start",
                  "ref": "Q002223.5",
                  "n": "5",
                  "label": "5"
                },
                {
                  "node": "l",
                  "frag": "lugal",
                  "id": "Q002223.l03164",
                  "ref": "Q002223.5.1",
                  "inst": "lugal[king]N",
                  "sig": "@ribo/babylon0%sux:lugal=lugal[king//king]N'N$lugal/lugal#~",
                  "f": {
                    "lang": "sux",
                    "form": "lugal",
                    "gdl": [
                      {
                        "v": "lugal",
                        "gdl_utf8": "𒈗",
                        "id": "Q002223.5.1.0"
                      }
                    ],
                    "cf": "lugal",
                    "gw": "king",
                    "sense": "king",
                    "norm0": "lugal",
                    "pos": "N",
                    "epos": "N",
                    "base": "lugal",
                    "morph": "~"
                  }
                },
                {
                  "node": "d",
                  "type": "line-start",
                  "ref": "Q002223.6",
                  "n": "6",
                  "label": "6"
                },
                {
                  "node": "l",
                  "frag": "kiš{ki}a",
                  "id": "Q002223.l03165",
                  "ref": "Q002223.6.1",
                  "inst": "Kiš[Kish]SN",
                  "sig": "@ribo/babylon0%sux:kiš{ki}-a=Kiš[Kish//1]SN'SN$Kiš,a/kiš{ki}#~,a",
                  "f": {
                    "lang": "sux",
                    "form": "kiš{ki}-a",
                    "gdl": [
                      {
                        "v": "kiš",
                        "gdl_utf8": "𒆧",
                        "id": "Q002223.6.1.0"
                      },
                      {
                        "det": "semantic",
                        "pos": "post",
                        "delim": "-",
                        "seq": [
                          {
                            "v": "ki",
                            "gdl_utf8": "𒆠",
                            "id": "Q002223.6.1.1"
                          }
                        ]
                      },
                      {
                        "v": "a",
                        "gdl_utf8": "𒀀",
                        "id": "Q002223.6.1.2"
                      }
                    ],
                    "cf": "Kiš",
                    "gw": "Kish",
                    "sense": "1",
                    "norm0": "Kiš,a",
                    "pos": "SN",
                    "epos": "SN",
                    "base": "kiš{ki}",
                    "morph": "~,a"
                  }
                },
                {
                  "node": "d",
                  "type": "line-start",
                  "ref": "Q002223.7",
                  "n": "7",
                  "label": "7"
                },
                {
                  "node": "l",
                  "frag": "lugal",
                  "id": "Q002223.l03166",
                  "ref": "Q002223.7.1",
                  "inst": "lugal[king]N",
                  "sig": "@ribo/babylon0%sux:lugal=lugal[king//king]N'N$lugal/lugal#~",
                  "f": {
                    "lang": "sux",
                    "form": "lugal",
                    "gdl": [
                      {
                        "v": "lugal",
                        "gdl_utf8": "𒈗",
                        "id": "Q002223.7.1.0"
                      }
                    ],
                    "cf": "lugal",
                    "gw": "king",
                    "sense": "king",
                    "norm0": "lugal",
                    "pos": "N",
                    "epos": "N",
                    "base": "lugal",
                    "morph": "~"
                  }
                },
                {
                  "node": "d",
                  "type": "line-start",
                  "ref": "Q002223.8",
                  "n": "8",
                  "label": "8"
                },
                {
                  "node": "l",
                  "frag": "an-ub-da",
                  "id": "Q002223.l03167",
                  "ref": "Q002223.8.1",
                  "inst": "anubda[a cosmographic or geographic term, quarter (of the universe)]N",
                  "sig": "@ribo/babylon0%sux:an-ub-da=anubda[quarter//a cosmographic or geographic term, quarter (of the universe)]N'N$anubda/an-ub-da#~",
                  "f": {
                    "lang": "sux",
                    "form": "an-ub-da",
                    "delim": "",
                    "gdl": [
                      {
                        "v": "an",
                        "gdl_utf8": "𒀭",
                        "id": "Q002223.8.1.0",
                        "delim": "-"
                      },
                      {
                        "v": "ub",
                        "gdl_utf8": "𒌒",
                        "id": "Q002223.8.1.1",
                        "delim": "-"
                      },
                      {
                        "v": "da",
                        "gdl_utf8": "𒁕",
                        "id": "Q002223.8.1.2"
                      }
                    ],
                    "cf": "anubda",
                    "gw": "quarter",
                    "sense": "a cosmographic or geographic term, quarter (of the universe)",
                    "norm0": "anubda",
                    "pos": "N",
                    "epos": "N",
                    "base": "an-ub-da",
                    "morph": "~"
                  }
                },
                {
                  "node": "l",
                  "frag": "limmu₂-ba-ke₄",
                  "id": "Q002223.l03168",
                  "ref": "Q002223.8.2",
                  "inst": "limmu[four]NU",
                  "sig": "@ribo/babylon0%sux:limmu₂-ba-ke₄=limmu[four//four]NU'NU$limmu,bi.ak.e/limmu₂#~,bi.ak.e",
                  "f": {
                    "lang": "sux",
                    "form": "limmu₂-ba-ke₄",
                    "gdl": [
                      {
                        "v": "limmu₂",
                        "gdl_utf8": "𒇹",
                        "id": "Q002223.8.2.0",
                        "delim": "-"
                      },
                      {
                        "v": "ba",
                        "gdl_utf8": "𒁀",
                        "id": "Q002223.8.2.1",
                        "delim": "-"
                      },
                      {
                        "v": "ke₄",
                        "gdl_utf8": "𒆤",
                        "id": "Q002223.8.2.2"
                      }
                    ],
                    "cf": "limmu",
                    "gw": "four",
                    "sense": "four",
                    "norm0": "limmu,bi.ak.e",
                    "pos": "NU",
                    "epos": "NU",
                    "base": "limmu₂",
                    "morph": "~,bi.ak.e"
                  }
                },
                {
                  "node": "d",
                  "type": "line-start",
                  "ref": "Q002223.9",
                  "n": "9",
                  "label": "9"
                },
                {
                  "node": "l",
                  "frag": "u₆-nir",
                  "id": "Q002223.l03169",
                  "ref": "Q002223.9.1",
                  "inst": "unir[ziggurat]N",
                  "sig": "@ribo/babylon0%sux:u₆-nir=unir[ziggurat//ziggurat]N'N$unir/u₆-nir#~",
                  "f": {
                    "lang": "sux",
                    "form": "u₆-nir",
                    "delim": "",
                    "gdl": [
                      {
                        "v": "u₆",
                        "gdl_utf8": "𒅆𒂍",
                        "id": "Q002223.9.1.0",
                        "delim": "-"
                      },
                      {
                        "v": "nir",
                        "gdl_utf8": "𒉪",
                        "id": "Q002223.9.1.1"
                      }
                    ],
                    "cf": "unir",
                    "gw": "ziggurat",
                    "sense": "ziggurat",
                    "norm0": "unir",
                    "pos": "N",
                    "epos": "N",
                    "base": "u₆-nir",
                    "morph": "~"
                  }
                },
                {
                  "node": "l",
                  "frag": "ki-tuš",
                  "id": "Q002223.l0316a",
                  "ref": "Q002223.9.2",
                  "inst": "kituš[dwelling place]N",
                  "sig": "@ribo/babylon0%sux:ki-tuš=kituš[dwelling//dwelling place]N'N$kituš/ki-tuš#~",
                  "f": {
                    "lang": "sux",
                    "form": "ki-tuš",
                    "delim": "",
                    "gdl": [
                      {
                        "v": "ki",
                        "gdl_utf8": "𒆠",
                        "id": "Q002223.9.2.0",
                        "delim": "-"
                      },
                      {
                        "v": "tuš",
                        "gdl_utf8": "𒆪",
                        "id": "Q002223.9.2.1"
                      }
                    ],
                    "cf": "kituš",
                    "gw": "dwelling",
                    "sense": "dwelling place",
                    "norm0": "kituš",
                    "pos": "N",
                    "epos": "N",
                    "base": "ki-tuš",
                    "morph": "~"
                  }
                },
                {
                  "node": "l",
                  "frag": "mah",
                  "id": "Q002223.l0316b",
                  "ref": "Q002223.9.3",
                  "inst": "mah[(to be) great]V/i",
                  "sig": "@ribo/babylon0%sux:mah=mah[great//(to be) great]V/i'V/i$mah/mah#~",
                  "f": {
                    "lang": "sux",
                    "form": "mah",
                    "gdl": [
                      {
                        "v": "mah",
                        "gdl_utf8": "𒈤",
                        "id": "Q002223.9.3.0"
                      }
                    ],
                    "cf": "mah",
                    "gw": "great",
                    "sense": "(to be) great",
                    "norm0": "mah",
                    "pos": "V/i",
                    "epos": "V/i",
                    "base": "mah",
                    "morph": "~"
                  }
                },
                {
                  "node": "d",
                  "type": "line-start",
                  "ref": "Q002223.10",
                  "n": "10",
                  "label": "10"
                },
                {
                  "node": "l",
                  "frag": "{d}za-ba₄-ba₄",
                  "id": "Q002223.l0316c",
                  "ref": "Q002223.10.1",
                  "inst": "Zababa[1]DN",
                  "sig": "@ribo/babylon0%sux:{d}za-ba₄-ba₄=Zababa[1//1]DN'DN$Zababa/{d}za-ba₄-ba₄#~",
                  "f": {
                    "lang": "sux",
                    "form": "{d}za-ba₄-ba₄",
                    "gdl": [
                      {
                        "det": "semantic",
                        "pos": "pre",
                        "seq": [
                          {
                            "v": "d",
                            "gdl_utf8": "𒀭",
                            "id": "Q002223.10.1.0"
                          }
                        ]
                      },
                      {
                        "v": "za",
                        "gdl_utf8": "𒍝",
                        "id": "Q002223.10.1.1",
                        "delim": "-"
                      },
                      {
                        "v": "ba₄",
                        "gdl_utf8": "𒂷",
                        "id": "Q002223.10.1.2",
                        "delim": "-"
                      },
                      {
                        "v": "ba₄",
                        "gdl_utf8": "𒂷",
                        "id": "Q002223.10.1.3"
                      }
                    ],
                    "cf": "Zababa",
                    "gw": "1",
                    "sense": "1",
                    "norm0": "Zababa",
                    "pos": "DN",
                    "epos": "DN",
                    "base": "{d}za-ba₄-ba₄",
                    "morph": "~"
                  }
                },
                {
                  "node": "d",
                  "type": "line-start",
                  "ref": "Q002223.11",
                  "n": "11",
                  "label": "11"
                },
                {
                  "node": "l",
                  "frag": "{d}inanna-bi-da-ke₄",
                  "id": "Q002223.l0316d",
                  "ref": "Q002223.11.1",
                  "inst": "Inana[]DN/{d}inanna#~,bi.da.ak.e",
                  "sig": "@ribo/babylon0%sux:{d}inanna-bi-da-ke₄=Inana[1//1]DN'DN$Inana,bi.da.ak.e/{d}inanna#~,bi.da.ak.e",
                  "f": {
                    "lang": "sux",
                    "form": "{d}inanna-bi-da-ke₄",
                    "gdl": [
                      {
                        "det": "semantic",
                        "pos": "pre",
                        "seq": [
                          {
                            "v": "d",
                            "gdl_utf8": "𒀭",
                            "id": "Q002223.11.1.0"
                          }
                        ]
                      },
                      {
                        "v": "inanna",
                        "gdl_utf8": "𒈹",
                        "id": "Q002223.11.1.1",
                        "delim": "-"
                      },
                      {
                        "v": "bi",
                        "gdl_utf8": "𒁉",
                        "id": "Q002223.11.1.2",
                        "delim": "-"
                      },
                      {
                        "v": "da",
                        "gdl_utf8": "𒁕",
                        "id": "Q002223.11.1.3",
                        "delim": "-"
                      },
                      {
                        "v": "ke₄",
                        "gdl_utf8": "𒆤",
                        "id": "Q002223.11.1.4"
                      }
                    ],
                    "cf": "Inana",
                    "gw": "1",
                    "sense": "1",
                    "norm0": "Inana,bi.da.ak.e",
                    "pos": "DN",
                    "epos": "DN",
                    "base": "{d}inanna",
                    "morph": "~,bi.da.ak.e"
                  }
                },
                {
                  "node": "d",
                  "type": "line-start",
                  "ref": "Q002223.12",
                  "n": "12",
                  "label": "12"
                },
                {
                  "node": "l",
                  "frag": "kiš{ki}a",
                  "id": "Q002223.l0316e",
                  "ref": "Q002223.12.1",
                  "inst": "Kiš[Kish]SN",
                  "sig": "@ribo/babylon0%sux:kiš{ki}-a=Kiš[Kish//1]SN'SN$Kiš,a/kiš{ki}#~,a",
                  "f": {
                    "lang": "sux",
                    "form": "kiš{ki}-a",
                    "gdl": [
                      {
                        "v": "kiš",
                        "gdl_utf8": "𒆧",
                        "id": "Q002223.12.1.0"
                      },
                      {
                        "det": "semantic",
                        "pos": "post",
                        "delim": "-",
                        "seq": [
                          {
                            "v": "ki",
                            "gdl_utf8": "𒆠",
                            "id": "Q002223.12.1.1"
                          }
                        ]
                      },
                      {
                        "v": "a",
                        "gdl_utf8": "𒀀",
                        "id": "Q002223.12.1.2"
                      }
                    ],
                    "cf": "Kiš",
                    "gw": "Kish",
                    "sense": "1",
                    "norm0": "Kiš,a",
                    "pos": "SN",
                    "epos": "SN",
                    "base": "kiš{ki}",
                    "morph": "~,a"
                  }
                },
                {
                  "node": "d",
                  "type": "line-start",
                  "ref": "Q002223.13",
                  "n": "13",
                  "label": "13"
                },
                {
                  "node": "l",
                  "frag": "šu",
                  "id": "Q002223.l0316f",
                  "ref": "Q002223.13.1",
                  "inst": "šu[hand]N",
                  "sig": "@ribo/babylon0%sux:šu=šu[hand//hand]N'N$šu/šu#~",
                  "f": {
                    "lang": "sux",
                    "form": "šu",
                    "delim": "",
                    "gdl": [
                      {
                        "v": "šu",
                        "gdl_utf8": "𒋗",
                        "id": "Q002223.13.1.0"
                      }
                    ],
                    "cf": "šu",
                    "gw": "hand",
                    "sense": "hand",
                    "norm0": "šu",
                    "pos": "N",
                    "epos": "N",
                    "base": "šu",
                    "morph": "~"
                  }
                },
                {
                  "node": "l",
                  "frag": "gibil",
                  "id": "Q002223.l03170",
                  "ref": "Q002223.13.2",
                  "inst": "gibil[(to be) new]V/i",
                  "sig": "@ribo/babylon0%sux:gibil=gibil[new//(to be) new]V/i'V/i$gibil/gibil#~",
                  "f": {
                    "lang": "sux",
                    "form": "gibil",
                    "delim": "",
                    "gdl": [
                      {
                        "v": "gibil",
                        "gdl_utf8": "𒉋",
                        "id": "Q002223.13.2.0"
                      }
                    ],
                    "cf": "gibil",
                    "gw": "new",
                    "sense": "(to be) new",
                    "norm0": "gibil",
                    "pos": "V/i",
                    "epos": "V/i",
                    "base": "gibil",
                    "morph": "~"
                  }
                },
                {
                  "node": "l",
                  "frag": "bi₂-in-a₅",
                  "id": "Q002223.l03171",
                  "ref": "Q002223.13.3",
                  "inst": "ak[to do]V/t",
                  "sig": "@ribo/babylon0%sux:bi₂-in-a₅=ak[do//to do]V/t'V/t$ba.i.n:ak/a₅#ba.i.n:~",
                  "f": {
                    "lang": "sux",
                    "form": "bi₂-in-a₅",
                    "gdl": [
                      {
                        "v": "bi₂",
                        "gdl_utf8": "𒉈",
                        "id": "Q002223.13.3.0",
                        "delim": "-"
                      },
                      {
                        "v": "in",
                        "gdl_utf8": "𒅔",
                        "id": "Q002223.13.3.1",
                        "delim": "-"
                      },
                      {
                        "v": "a₅",
                        "gdl_utf8": "𒀝",
                        "id": "Q002223.13.3.2"
                      }
                    ],
                    "cf": "ak",
                    "gw": "do",
                    "sense": "to do",
                    "norm0": "ba.i.n:ak",
                    "pos": "V/t",
                    "epos": "V/t",
                    "base": "a₅",
                    "morph": "ba.i.n:~"
                  }
                },
                {
                  "node": "d",
                  "type": "line-start",
                  "ref": "Q002223.14",
                  "n": "14",
                  "label": "14"
                },
                {
                  "node": "l",
                  "frag": "saŋ-bi",
                  "id": "Q002223.l03172",
                  "ref": "Q002223.14.1",
                  "inst": "saŋ[head]N",
                  "sig": "@ribo/babylon0%sux:saŋ-bi=saŋ[head//head]N'N$saŋ,bi/saŋ#~,bi",
                  "f": {
                    "lang": "sux",
                    "form": "saŋ-bi",
                    "delim": "",
                    "gdl": [
                      {
                        "v": "saŋ",
                        "gdl_utf8": "𒊕",
                        "id": "Q002223.14.1.0",
                        "delim": "-"
                      },
                      {
                        "v": "bi",
                        "gdl_utf8": "𒁉",
                        "id": "Q002223.14.1.1"
                      }
                    ],
                    "cf": "saŋ",
                    "gw": "head",
                    "sense": "head",
                    "norm0": "saŋ,bi",
                    "pos": "N",
                    "epos": "N",
                    "base": "saŋ",
                    "morph": "~,bi"
                  }
                },
                {
                  "node": "l",
                  "frag": "an-gen₇",
                  "id": "Q002223.l03173",
                  "ref": "Q002223.14.2",
                  "inst": "an[sky, heaven]N",
                  "sig": "@ribo/babylon0%sux:an-gen₇=an[sky//sky, heaven]N'N$an,gin/an#~,gin",
                  "f": {
                    "lang": "sux",
                    "form": "an-gen₇",
                    "gdl": [
                      {
                        "v": "an",
                        "gdl_utf8": "𒀭",
                        "id": "Q002223.14.2.0",
                        "delim": "-"
                      },
                      {
                        "v": "gen₇",
                        "gdl_utf8": "𒁶",
                        "id": "Q002223.14.2.1"
                      }
                    ],
                    "cf": "an",
                    "gw": "sky",
                    "sense": "sky, heaven",
                    "norm0": "an,gin",
                    "pos": "N",
                    "epos": "N",
                    "base": "an",
                    "morph": "~,gin"
                  }
                },
                {
                  "node": "d",
                  "type": "line-start",
                  "ref": "Q002223.15",
                  "n": "15",
                  "label": "15"
                },
                {
                  "node": "l",
                  "frag": "mi-ni-in-il₂",
                  "id": "Q002223.l03174",
                  "ref": "Q002223.15.1",
                  "inst": "il[to raise, carry]V/t",
                  "sig": "@ribo/babylon0%sux:mi-ni-in-il₂=il[raise//to raise, carry]V/t'V/t$mu.i.n:il/il₂#mu.i.n:~",
                  "f": {
                    "lang": "sux",
                    "form": "mi-ni-in-il₂",
                    "gdl": [
                      {
                        "v": "mi",
                        "gdl_utf8": "𒈪",
                        "id": "Q002223.15.1.0",
                        "delim": "-"
                      },
                      {
                        "v": "ni",
                        "gdl_utf8": "𒉌",
                        "id": "Q002223.15.1.1",
                        "delim": "-"
                      },
                      {
                        "v": "in",
                        "gdl_utf8": "𒅔",
                        "id": "Q002223.15.1.2",
                        "delim": "-"
                      },
                      {
                        "v": "il₂",
                        "gdl_utf8": "𒅍",
                        "id": "Q002223.15.1.3"
                      }
                    ],
                    "cf": "il",
                    "gw": "raise",
                    "sense": "to raise, carry",
                    "norm0": "mu.i.n:il",
                    "pos": "V/t",
                    "epos": "V/t",
                    "base": "il₂",
                    "morph": "mu.i.n:~"
                  }
                }
              ]
            }
          ]
        }
      ]
    }
  ]
}
