{
  "type": "cdl",
  "project": "ribo/babylon0",
  "source": "http://oracc.org/ribo/babylon0",
  "license": "This data is released under the CC0 license",
  "license-url": "https://creativecommons.org/publicdomain/zero/1.0/",
  "more-info": "http://oracc.org/doc/opendata/",
  "UTC-timestamp": "2019-01-12T08:22:59",
  "textid": "Q002189",
  "cdl": [
    {
      "node": "c",
      "type": "text",
      "id": "Q002189.U0",
      "cdl": [
        {
          "node": "d",
          "type": "object",
          "ref": ""
        },
        {
          "node": "d",
          "type": "surface",
          "ref": ""
        },
        {
          "node": "c",
          "type": "discourse",
          "subtype": "body",
          "id": "Q002189.U1",
          "cdl": [
            {
              "node": "c",
              "type": "sentence",
              "implicit": "yes",
              "id": "Q002189.U2",
              "label": "1 - 9",
              "cdl": [
                {
                  "node": "d",
                  "type": "line-start",
                  "ref": "Q002189.1",
                  "n": "1",
                  "label": "1"
                },
                {
                  "node": "l",
                  "frag": "ha-am-mu-ra-pi₂",
                  "id": "Q002189.l00c27",
                  "ref": "Q002189.1.1",
                  "inst": "Hammu-rapi[king of Babylon]RN/ha-am-mu-ra-pi₂#~",
                  "sig": "@ribo/babylon0%sux:ha-am-mu-ra-pi₂=Hammu-rapi[king of Babylon//king of Babylon]RN'RN$Hammu-rapi/ha-am-mu-ra-pi₂#~",
                  "f": {
                    "lang": "sux",
                    "form": "ha-am-mu-ra-pi₂",
                    "gdl": [
                      {
                        "v": "ha",
                        "gdl_utf8": "𒄩",
                        "id": "Q002189.1.1.0",
                        "delim": "-"
                      },
                      {
                        "v": "am",
                        "gdl_utf8": "𒄠",
                        "id": "Q002189.1.1.1",
                        "delim": "-"
                      },
                      {
                        "v": "mu",
                        "gdl_utf8": "𒈬",
                        "id": "Q002189.1.1.2",
                        "delim": "-"
                      },
                      {
                        "v": "ra",
                        "gdl_utf8": "𒊏",
                        "id": "Q002189.1.1.3",
                        "delim": "-"
                      },
                      {
                        "v": "pi₂",
                        "gdl_utf8": "𒁉",
                        "id": "Q002189.1.1.4"
                      }
                    ],
                    "cf": "Hammu-rapi",
                    "gw": "king of Babylon",
                    "sense": "king of Babylon",
                    "norm0": "Hammu-rapi",
                    "pos": "RN",
                    "epos": "RN",
                    "base": "ha-am-mu-ra-pi₂",
                    "morph": "~"
                  }
                },
                {
                  "node": "d",
                  "type": "line-start",
                  "ref": "Q002189.2",
                  "n": "2",
                  "label": "2"
                },
                {
                  "node": "l",
                  "frag": "lugal",
                  "id": "Q002189.l00c28",
                  "ref": "Q002189.2.1",
                  "inst": "lugal[king]N",
                  "sig": "@ribo/babylon0%sux:lugal=lugal[king//king]N'N$lugal/lugal#~",
                  "f": {
                    "lang": "sux",
                    "form": "lugal",
                    "delim": "",
                    "gdl": [
                      {
                        "v": "lugal",
                        "gdl_utf8": "𒈗",
                        "id": "Q002189.2.1.0"
                      }
                    ],
                    "cf": "lugal",
                    "gw": "king",
                    "sense": "king",
                    "norm0": "lugal",
                    "pos": "N",
                    "epos": "N",
                    "base": "lugal",
                    "morph": "~"
                  }
                },
                {
                  "node": "l",
                  "frag": "kala-ga",
                  "id": "Q002189.l00c29",
                  "ref": "Q002189.2.2",
                  "inst": "kalag[strong//(to be) strong, powerful, mighty]V/i'V/i/kala-g·a#~;a",
                  "sig": "@ribo/babylon0%sux:kala-ga=kalag[strong//(to be) strong, powerful, mighty]V/i'V/i$kalag;a/kala-g·a#~;a",
                  "f": {
                    "lang": "sux",
                    "form": "kala-ga",
                    "gdl": [
                      {
                        "v": "kala",
                        "gdl_utf8": "𒆗",
                        "id": "Q002189.2.2.0",
                        "delim": "-"
                      },
                      {
                        "v": "ga",
                        "gdl_utf8": "𒂵",
                        "id": "Q002189.2.2.1"
                      }
                    ],
                    "cf": "kalag",
                    "gw": "strong",
                    "sense": "(to be) strong, powerful, mighty",
                    "norm0": "kalag;a",
                    "pos": "V/i",
                    "epos": "V/i",
                    "base": "kala-g·a",
                    "morph": "~;a"
                  }
                },
                {
                  "node": "d",
                  "type": "line-start",
                  "ref": "Q002189.3",
                  "n": "3",
                  "label": "3"
                },
                {
                  "node": "l",
                  "frag": "lugal",
                  "id": "Q002189.l00c2a",
                  "ref": "Q002189.3.1",
                  "inst": "lugal[king]N",
                  "sig": "@ribo/babylon0%sux:lugal=lugal[king//king]N'N$lugal/lugal#~",
                  "f": {
                    "lang": "sux",
                    "form": "lugal",
                    "gdl": [
                      {
                        "v": "lugal",
                        "gdl_utf8": "𒈗",
                        "id": "Q002189.3.1.0"
                      }
                    ],
                    "cf": "lugal",
                    "gw": "king",
                    "sense": "king",
                    "norm0": "lugal",
                    "pos": "N",
                    "epos": "N",
                    "base": "lugal",
                    "morph": "~"
                  }
                },
                {
                  "node": "d",
                  "type": "line-start",
                  "ref": "Q002189.4",
                  "n": "4",
                  "label": "4"
                },
                {
                  "node": "l",
                  "frag": "babilim₂{ki}",
                  "id": "Q002189.l00c2b",
                  "ref": "Q002189.4.1",
                  "inst": "Babili[Babylon]SN/babilim₂{ki}#Babilim",
                  "sig": "@ribo/babylon0%sux:babilim₂{ki}=Babili[Babylon//Babylon]SN'SN$Babilim/babilim₂{ki}#Babilim",
                  "f": {
                    "lang": "sux",
                    "form": "babilim₂{ki}",
                    "gdl": [
                      {
                        "v": "babilim₂",
                        "gdl_utf8": "𒆍𒀭𒊏",
                        "id": "Q002189.4.1.0"
                      },
                      {
                        "det": "semantic",
                        "pos": "post",
                        "seq": [
                          {
                            "v": "ki",
                            "gdl_utf8": "𒆠",
                            "id": "Q002189.4.1.1"
                          }
                        ]
                      }
                    ],
                    "cf": "Babili",
                    "gw": "Babylon",
                    "sense": "Babylon",
                    "norm": "Babilim",
                    "pos": "SN",
                    "epos": "SN",
                    "base": "babilim₂{ki}",
                    "morph": "Babilim"
                  }
                },
                {
                  "node": "d",
                  "type": "line-start",
                  "ref": "Q002189.5",
                  "n": "5",
                  "label": "5"
                },
                {
                  "node": "l",
                  "frag": "lugal",
                  "id": "Q002189.l00c2c",
                  "ref": "Q002189.5.1",
                  "inst": "lugal[king]N",
                  "sig": "@ribo/babylon0%sux:lugal=lugal[king//king]N'N$lugal/lugal#~",
                  "f": {
                    "lang": "sux",
                    "form": "lugal",
                    "delim": "",
                    "gdl": [
                      {
                        "v": "lugal",
                        "gdl_utf8": "𒈗",
                        "id": "Q002189.5.1.0"
                      }
                    ],
                    "cf": "lugal",
                    "gw": "king",
                    "sense": "king",
                    "norm0": "lugal",
                    "pos": "N",
                    "epos": "N",
                    "base": "lugal",
                    "morph": "~"
                  }
                },
                {
                  "node": "l",
                  "frag": "an-ub-da",
                  "id": "Q002189.l00c2d",
                  "ref": "Q002189.5.2",
                  "inst": "anubda[a cosmographic or geographic term, quarter (of the universe)]N",
                  "sig": "@ribo/babylon0%sux:an-ub-da=anubda[quarter//a cosmographic or geographic term, quarter (of the universe)]N'N$anubda/an-ub-da#~",
                  "f": {
                    "lang": "sux",
                    "form": "an-ub-da",
                    "delim": "",
                    "gdl": [
                      {
                        "v": "an",
                        "gdl_utf8": "𒀭",
                        "id": "Q002189.5.2.0",
                        "delim": "-"
                      },
                      {
                        "v": "ub",
                        "gdl_utf8": "𒌒",
                        "id": "Q002189.5.2.1",
                        "delim": "-"
                      },
                      {
                        "v": "da",
                        "gdl_utf8": "𒁕",
                        "id": "Q002189.5.2.2"
                      }
                    ],
                    "cf": "anubda",
                    "gw": "quarter",
                    "sense": "a cosmographic or geographic term, quarter (of the universe)",
                    "norm0": "anubda",
                    "pos": "N",
                    "epos": "N",
                    "base": "an-ub-da",
                    "morph": "~"
                  }
                },
                {
                  "node": "l",
                  "frag": "limmu₂-ba-ke₄",
                  "id": "Q002189.l00c2e",
                  "ref": "Q002189.5.3",
                  "inst": "limmu[four]NU/limmu₂#~,bi.ak.e",
                  "sig": "@ribo/babylon0%sux:limmu₂-ba-ke₄=limmu[four//four]NU'NU$limmu,bi.ak.e/limmu₂#~,bi.ak.e",
                  "f": {
                    "lang": "sux",
                    "form": "limmu₂-ba-ke₄",
                    "gdl": [
                      {
                        "v": "limmu₂",
                        "gdl_utf8": "𒇹",
                        "id": "Q002189.5.3.0",
                        "delim": "-"
                      },
                      {
                        "v": "ba",
                        "gdl_utf8": "𒁀",
                        "id": "Q002189.5.3.1",
                        "delim": "-"
                      },
                      {
                        "v": "ke₄",
                        "gdl_utf8": "𒆤",
                        "id": "Q002189.5.3.2"
                      }
                    ],
                    "cf": "limmu",
                    "gw": "four",
                    "sense": "four",
                    "norm0": "limmu,bi.ak.e",
                    "pos": "NU",
                    "epos": "NU",
                    "base": "limmu₂",
                    "morph": "~,bi.ak.e"
                  }
                },
                {
                  "node": "d",
                  "type": "line-start",
                  "ref": "Q002189.6",
                  "n": "6",
                  "label": "6"
                },
                {
                  "node": "l",
                  "frag": "ba-dim₂",
                  "id": "Q002189.l00c2f",
                  "ref": "Q002189.6.1",
                  "inst": "badim[creator]N",
                  "sig": "@ribo/babylon0%sux:ba-dim₂=badim[creator//creator]N'N$badim/ba-dim₂#~",
                  "f": {
                    "lang": "sux",
                    "form": "ba-dim₂",
                    "gdl": [
                      {
                        "v": "ba",
                        "gdl_utf8": "𒁀",
                        "id": "Q002189.6.1.0",
                        "delim": "-"
                      },
                      {
                        "v": "dim₂",
                        "gdl_utf8": "𒁶",
                        "id": "Q002189.6.1.1"
                      }
                    ],
                    "cf": "badim",
                    "gw": "creator",
                    "sense": "creator",
                    "norm0": "badim",
                    "pos": "N",
                    "epos": "N",
                    "base": "ba-dim₂",
                    "morph": "~"
                  }
                },
                {
                  "node": "d",
                  "type": "line-start",
                  "ref": "Q002189.7",
                  "n": "7",
                  "label": "7"
                },
                {
                  "node": "l",
                  "frag": "e₂-babbar",
                  "id": "Q002189.l00c30",
                  "ref": "Q002189.7.1",
                  "inst": "Ebabbar[temple in Larsa]TN",
                  "sig": "@ribo/babylon0%sux:e₂-babbar=Ebabbar[temple in Larsa//temple in Larsa]TN'TN$Ebabbar/e₂-babbar#~",
                  "f": {
                    "lang": "sux",
                    "form": "e₂-babbar",
                    "gdl": [
                      {
                        "v": "e₂",
                        "gdl_utf8": "𒂍",
                        "id": "Q002189.7.1.0",
                        "delim": "-"
                      },
                      {
                        "v": "babbar",
                        "gdl_utf8": "𒌓",
                        "id": "Q002189.7.1.1"
                      }
                    ],
                    "cf": "Ebabbar",
                    "gw": "temple in Larsa",
                    "sense": "temple in Larsa",
                    "norm0": "Ebabbar",
                    "pos": "TN",
                    "epos": "TN",
                    "base": "e₂-babbar",
                    "morph": "~"
                  }
                },
                {
                  "node": "d",
                  "type": "line-start",
                  "ref": "Q002189.8",
                  "n": "8",
                  "label": "8"
                },
                {
                  "node": "l",
                  "frag": "e₂",
                  "id": "Q002189.l00c31",
                  "ref": "Q002189.8.1",
                  "inst": "e[temple]N",
                  "sig": "@ribo/babylon0%sux:e₂=e[house//temple]N'N$e/e₂#~",
                  "f": {
                    "lang": "sux",
                    "form": "e₂",
                    "delim": "",
                    "gdl": [
                      {
                        "v": "e₂",
                        "gdl_utf8": "𒂍",
                        "id": "Q002189.8.1.0"
                      }
                    ],
                    "cf": "e",
                    "gw": "house",
                    "sense": "temple",
                    "norm0": "e",
                    "pos": "N",
                    "epos": "N",
                    "base": "e₂",
                    "morph": "~"
                  }
                },
                {
                  "node": "l",
                  "frag": "{d}utu",
                  "id": "Q002189.l00c32",
                  "ref": "Q002189.8.2",
                  "inst": "Utu[1]DN",
                  "sig": "@ribo/babylon0%sux:{d}utu=Utu[1//1]DN'DN$Utu/{d}utu#~",
                  "f": {
                    "lang": "sux",
                    "form": "{d}utu",
                    "gdl": [
                      {
                        "det": "semantic",
                        "pos": "pre",
                        "seq": [
                          {
                            "v": "d",
                            "gdl_utf8": "𒀭",
                            "id": "Q002189.8.2.0"
                          }
                        ]
                      },
                      {
                        "v": "utu",
                        "gdl_utf8": "𒌓",
                        "id": "Q002189.8.2.1"
                      }
                    ],
                    "cf": "Utu",
                    "gw": "1",
                    "sense": "1",
                    "norm0": "Utu",
                    "pos": "DN",
                    "epos": "DN",
                    "base": "{d}utu",
                    "morph": "~"
                  }
                },
                {
                  "node": "d",
                  "type": "line-start",
                  "ref": "Q002189.9",
                  "n": "9",
                  "label": "9"
                },
                {
                  "node": "l",
                  "frag": "larsa{ki}ma-ta",
                  "id": "Q002189.l00c33",
                  "ref": "Q002189.9.1",
                  "inst": "Larsa[1]SN",
                  "sig": "@ribo/babylon0%sux:larsa{ki}-ma-ta=Larsa[1//1]SN'SN$Larsa,ak.ta/larsa{ki}+-ma=m·a#~,ak.ta",
                  "f": {
                    "lang": "sux",
                    "form": "larsa{ki}-ma-ta",
                    "gdl": [
                      {
                        "v": "larsa",
                        "gdl_utf8": "𒌓𒀕",
                        "id": "Q002189.9.1.0"
                      },
                      {
                        "det": "semantic",
                        "pos": "post",
                        "delim": "-",
                        "seq": [
                          {
                            "v": "ki",
                            "gdl_utf8": "𒆠",
                            "id": "Q002189.9.1.1"
                          }
                        ]
                      },
                      {
                        "v": "ma",
                        "gdl_utf8": "𒈠",
                        "id": "Q002189.9.1.2",
                        "delim": "-"
                      },
                      {
                        "v": "ta",
                        "gdl_utf8": "𒋫",
                        "id": "Q002189.9.1.3"
                      }
                    ],
                    "cf": "Larsa",
                    "gw": "1",
                    "sense": "1",
                    "norm0": "Larsa,ak.ta",
                    "pos": "SN",
                    "epos": "SN",
                    "base": "larsa{ki}",
                    "cont": "-ma=m·a",
                    "morph": "~,ak.ta"
                  }
                }
              ]
            }
          ]
        }
      ]
    }
  ]
}
