{
  "type": "cdl",
  "project": "ribo/babylon0",
  "source": "http://oracc.org/ribo/babylon0",
  "license": "This data is released under the CC0 license",
  "license-url": "https://creativecommons.org/publicdomain/zero/1.0/",
  "more-info": "http://oracc.org/doc/opendata/",
  "UTC-timestamp": "2019-01-12T08:22:58",
  "textid": "Q002183",
  "cdl": [
    {
      "node": "c",
      "type": "text",
      "id": "Q002183.U0",
      "cdl": [
        {
          "node": "d",
          "type": "object",
          "ref": ""
        },
        {
          "node": "d",
          "type": "surface",
          "ref": ""
        },
        {
          "node": "c",
          "type": "discourse",
          "subtype": "body",
          "id": "Q002183.U1",
          "cdl": [
            {
              "node": "c",
              "type": "sentence",
              "implicit": "yes",
              "id": "Q002183.U2",
              "label": "1 - 5",
              "cdl": [
                {
                  "node": "d",
                  "type": "line-start",
                  "ref": "Q002183.1",
                  "n": "1",
                  "label": "1"
                },
                {
                  "node": "l",
                  "frag": "[...]",
                  "id": "Q002183.l00944",
                  "ref": "Q002183.1.1",
                  "inst": "%sux:x=",
                  "f": {
                    "lang": "sux",
                    "form": "x",
                    "delim": "",
                    "gdl": [
                      {
                        "x": "ellipsis",
                        "id": "Q002183.1.1.0",
                        "breakStart": "1",
                        "break": "missing",
                        "o": "]",
                        "breakEnd": "Q002183.1.1.0"
                      }
                    ]
                  }
                },
                {
                  "node": "l",
                  "frag": "⸢ṣi-li₂⸣-{d}suen",
                  "id": "Q002183.l00945",
                  "ref": "Q002183.1.2",
                  "inst": "%sux:ṣi-li₂-{d}suen=",
                  "f": {
                    "lang": "sux",
                    "form": "ṣi-li₂-{d}suen",
                    "delim": "",
                    "gdl": [
                      {
                        "v": "ṣi",
                        "gdl_utf8": "𒍢",
                        "id": "Q002183.1.2.0",
                        "break": "damaged",
                        "ho": "1",
                        "delim": "-"
                      },
                      {
                        "v": "li₂",
                        "gdl_utf8": "𒉌",
                        "id": "Q002183.1.2.1",
                        "break": "damaged",
                        "delim": "-",
                        "hc": "1"
                      },
                      {
                        "det": "semantic",
                        "pos": "pre",
                        "seq": [
                          {
                            "v": "d",
                            "gdl_utf8": "𒀭",
                            "id": "Q002183.1.2.2"
                          }
                        ]
                      },
                      {
                        "v": "suen",
                        "gdl_utf8": "𒂗𒍪",
                        "id": "Q002183.1.2.3"
                      }
                    ]
                  }
                },
                {
                  "node": "l",
                  "frag": "lugal",
                  "id": "Q002183.l00946",
                  "ref": "Q002183.1.3",
                  "inst": "%sux:lugal=",
                  "f": {
                    "lang": "sux",
                    "form": "lugal",
                    "delim": "",
                    "gdl": [
                      {
                        "v": "lugal",
                        "gdl_utf8": "𒈗",
                        "id": "Q002183.1.3.0"
                      }
                    ]
                  }
                },
                {
                  "node": "l",
                  "frag": "aš₂-nun-[na{ki}",
                  "id": "Q002183.l00947",
                  "ref": "Q002183.1.4",
                  "inst": "%sux:aš₂-nun-na{ki}=",
                  "f": {
                    "lang": "sux",
                    "form": "aš₂-nun-na{ki}",
                    "delim": "",
                    "gdl": [
                      {
                        "v": "aš₂",
                        "gdl_utf8": "𒀾",
                        "id": "Q002183.1.4.0",
                        "delim": "-"
                      },
                      {
                        "v": "nun",
                        "gdl_utf8": "𒉣",
                        "id": "Q002183.1.4.1",
                        "delim": "-"
                      },
                      {
                        "v": "na",
                        "gdl_utf8": "𒈾",
                        "id": "Q002183.1.4.2",
                        "breakStart": "1",
                        "o": "[",
                        "break": "missing"
                      },
                      {
                        "det": "semantic",
                        "pos": "post",
                        "seq": [
                          {
                            "v": "ki",
                            "gdl_utf8": "𒆠",
                            "id": "Q002183.1.4.3",
                            "break": "missing"
                          }
                        ]
                      }
                    ]
                  }
                },
                {
                  "node": "l",
                  "frag": "...]",
                  "id": "Q002183.l00948",
                  "ref": "Q002183.1.5",
                  "inst": "%sux:x=",
                  "f": {
                    "lang": "sux",
                    "form": "x",
                    "gdl": [
                      {
                        "x": "ellipsis",
                        "id": "Q002183.1.5.0",
                        "break": "missing",
                        "o": "]",
                        "breakEnd": "Q002183.1.4.2"
                      }
                    ]
                  }
                },
                {
                  "node": "d",
                  "type": "line-start",
                  "ref": "Q002183.2",
                  "n": "2",
                  "label": "2"
                },
                {
                  "node": "l",
                  "frag": "[...]",
                  "id": "Q002183.l00949",
                  "ref": "Q002183.2.1",
                  "inst": "%sux:x=",
                  "f": {
                    "lang": "sux",
                    "form": "x",
                    "delim": "",
                    "gdl": [
                      {
                        "x": "ellipsis",
                        "id": "Q002183.2.1.0",
                        "breakStart": "1",
                        "break": "missing",
                        "o": "]",
                        "breakEnd": "Q002183.2.1.0"
                      }
                    ]
                  }
                },
                {
                  "node": "l",
                  "frag": "x",
                  "id": "Q002183.l0094a",
                  "ref": "Q002183.2.2",
                  "inst": "%sux:x=",
                  "f": {
                    "lang": "sux",
                    "form": "x",
                    "delim": "",
                    "gdl": [
                      {
                        "v": "x",
                        "gdl_utf8": "x",
                        "id": "Q002183.2.2.0"
                      }
                    ]
                  }
                },
                {
                  "node": "l",
                  "frag": "lugal-e",
                  "id": "Q002183.l0094b",
                  "ref": "Q002183.2.3",
                  "inst": "%sux:lugal-e=",
                  "f": {
                    "lang": "sux",
                    "form": "lugal-e",
                    "delim": "",
                    "gdl": [
                      {
                        "v": "lugal",
                        "gdl_utf8": "𒈗",
                        "id": "Q002183.2.3.0",
                        "delim": "-"
                      },
                      {
                        "v": "e",
                        "gdl_utf8": "𒂊",
                        "id": "Q002183.2.3.1"
                      }
                    ]
                  }
                },
                {
                  "node": "l",
                  "frag": "larsa{ki}ma",
                  "id": "Q002183.l0094c",
                  "ref": "Q002183.2.4",
                  "inst": "%sux:larsa{ki}-ma=",
                  "f": {
                    "lang": "sux",
                    "form": "larsa{ki}-ma",
                    "delim": "",
                    "gdl": [
                      {
                        "v": "larsa",
                        "gdl_utf8": "𒌓𒀕",
                        "id": "Q002183.2.4.0"
                      },
                      {
                        "det": "semantic",
                        "pos": "post",
                        "delim": "-",
                        "seq": [
                          {
                            "v": "ki",
                            "gdl_utf8": "𒆠",
                            "id": "Q002183.2.4.1"
                          }
                        ]
                      },
                      {
                        "v": "ma",
                        "gdl_utf8": "𒈠",
                        "id": "Q002183.2.4.2"
                      }
                    ]
                  }
                },
                {
                  "node": "l",
                  "frag": "gu₂",
                  "id": "Q002183.l0094d",
                  "ref": "Q002183.2.5",
                  "inst": "%sux:gu₂=",
                  "f": {
                    "lang": "sux",
                    "form": "gu₂",
                    "delim": "",
                    "gdl": [
                      {
                        "v": "gu₂",
                        "gdl_utf8": "𒄘",
                        "id": "Q002183.2.5.0"
                      }
                    ]
                  }
                },
                {
                  "node": "l",
                  "frag": "ŋeš",
                  "id": "Q002183.l0094e",
                  "ref": "Q002183.2.6",
                  "inst": "%sux:ŋeš=",
                  "f": {
                    "lang": "sux",
                    "form": "ŋeš",
                    "delim": "",
                    "gdl": [
                      {
                        "v": "ŋeš",
                        "gdl_utf8": "𒄑",
                        "id": "Q002183.2.6.0"
                      }
                    ]
                  }
                },
                {
                  "node": "l",
                  "frag": "ŋa₂-ŋa₂",
                  "id": "Q002183.l0094f",
                  "ref": "Q002183.2.7",
                  "inst": "%sux:ŋa₂-ŋa₂=",
                  "f": {
                    "lang": "sux",
                    "form": "ŋa₂-ŋa₂",
                    "delim": "",
                    "gdl": [
                      {
                        "v": "ŋa₂",
                        "gdl_utf8": "𒂷",
                        "id": "Q002183.2.7.0",
                        "delim": "-"
                      },
                      {
                        "v": "ŋa₂",
                        "gdl_utf8": "𒂷",
                        "id": "Q002183.2.7.1"
                      }
                    ]
                  }
                },
                {
                  "node": "l",
                  "frag": "bi₂-ni-[in-a₅]",
                  "id": "Q002183.l00950",
                  "ref": "Q002183.2.8",
                  "inst": "%sux:bi₂-ni-in-a₅=",
                  "f": {
                    "lang": "sux",
                    "form": "bi₂-ni-in-a₅",
                    "gdl": [
                      {
                        "v": "bi₂",
                        "gdl_utf8": "𒉈",
                        "id": "Q002183.2.8.0",
                        "delim": "-"
                      },
                      {
                        "v": "ni",
                        "gdl_utf8": "𒉌",
                        "id": "Q002183.2.8.1",
                        "gdl_remarked": "1",
                        "delim": "-"
                      },
                      {
                        "v": "in",
                        "gdl_utf8": "𒅔",
                        "id": "Q002183.2.8.2",
                        "breakStart": "1",
                        "o": "[",
                        "break": "missing",
                        "delim": "-"
                      },
                      {
                        "v": "a₅",
                        "gdl_utf8": "𒀝",
                        "id": "Q002183.2.8.3",
                        "break": "missing",
                        "o": "]",
                        "breakEnd": "Q002183.2.8.2"
                      }
                    ]
                  }
                },
                {
                  "node": "d",
                  "type": "line-start",
                  "ref": "Q002183.3",
                  "n": "3",
                  "label": "3"
                },
                {
                  "node": "l",
                  "frag": "[...]",
                  "id": "Q002183.l00951",
                  "ref": "Q002183.3.1",
                  "inst": "%sux:x=",
                  "f": {
                    "lang": "sux",
                    "form": "x",
                    "delim": "",
                    "gdl": [
                      {
                        "x": "ellipsis",
                        "id": "Q002183.3.1.0",
                        "breakStart": "1",
                        "break": "missing",
                        "o": "]",
                        "breakEnd": "Q002183.3.1.0"
                      }
                    ]
                  }
                },
                {
                  "node": "l",
                  "frag": "hulu-hulu-ta",
                  "id": "Q002183.l00952",
                  "ref": "Q002183.3.2",
                  "inst": "%sux:hulu-hulu-ta=",
                  "f": {
                    "lang": "sux",
                    "form": "hulu-hulu-ta",
                    "delim": "",
                    "gdl": [
                      {
                        "v": "hulu",
                        "gdl_utf8": "𒅆𒌨",
                        "id": "Q002183.3.2.0",
                        "delim": "-"
                      },
                      {
                        "v": "hulu",
                        "gdl_utf8": "𒅆𒌨",
                        "id": "Q002183.3.2.1",
                        "delim": "-"
                      },
                      {
                        "v": "ta",
                        "gdl_utf8": "𒋫",
                        "id": "Q002183.3.2.2"
                      }
                    ]
                  }
                },
                {
                  "node": "l",
                  "frag": "mu-un-dim₂-ma",
                  "id": "Q002183.l00953",
                  "ref": "Q002183.3.3",
                  "inst": "%sux:mu-un-dim₂-ma=",
                  "f": {
                    "lang": "sux",
                    "form": "mu-un-dim₂-ma",
                    "delim": "",
                    "gdl": [
                      {
                        "v": "mu",
                        "gdl_utf8": "𒈬",
                        "id": "Q002183.3.3.0",
                        "delim": "-"
                      },
                      {
                        "v": "un",
                        "gdl_utf8": "𒌦",
                        "id": "Q002183.3.3.1",
                        "delim": "-"
                      },
                      {
                        "v": "dim₂",
                        "gdl_utf8": "𒁶",
                        "id": "Q002183.3.3.2",
                        "delim": "-"
                      },
                      {
                        "v": "ma",
                        "gdl_utf8": "𒈠",
                        "id": "Q002183.3.3.3"
                      }
                    ]
                  }
                },
                {
                  "node": "l",
                  "frag": "ŋir₃-si₃-ga",
                  "id": "Q002183.l00954",
                  "ref": "Q002183.3.4",
                  "inst": "%sux:ŋir₃-si₃-ga=",
                  "f": {
                    "lang": "sux",
                    "form": "ŋir₃-si₃-ga",
                    "delim": "",
                    "gdl": [
                      {
                        "v": "ŋir₃",
                        "gdl_utf8": "𒄊",
                        "id": "Q002183.3.4.0",
                        "delim": "-"
                      },
                      {
                        "v": "si₃",
                        "gdl_utf8": "𒋧",
                        "id": "Q002183.3.4.1",
                        "delim": "-"
                      },
                      {
                        "v": "ga",
                        "gdl_utf8": "𒂵",
                        "id": "Q002183.3.4.2"
                      }
                    ]
                  }
                },
                {
                  "node": "l",
                  "frag": "lugal-[la",
                  "id": "Q002183.l00955",
                  "ref": "Q002183.3.5",
                  "inst": "%sux:lugal-la=",
                  "f": {
                    "lang": "sux",
                    "form": "lugal-la",
                    "delim": "",
                    "gdl": [
                      {
                        "v": "lugal",
                        "gdl_utf8": "𒈗",
                        "id": "Q002183.3.5.0",
                        "delim": "-"
                      },
                      {
                        "v": "la",
                        "gdl_utf8": "𒆷",
                        "id": "Q002183.3.5.1",
                        "breakStart": "1",
                        "o": "[",
                        "break": "missing"
                      }
                    ]
                  }
                },
                {
                  "node": "l",
                  "frag": "...]",
                  "id": "Q002183.l00956",
                  "ref": "Q002183.3.6",
                  "inst": "%sux:x=",
                  "f": {
                    "lang": "sux",
                    "form": "x",
                    "gdl": [
                      {
                        "x": "ellipsis",
                        "id": "Q002183.3.6.0",
                        "break": "missing",
                        "o": "]",
                        "breakEnd": "Q002183.3.5.1"
                      }
                    ]
                  }
                },
                {
                  "node": "d",
                  "type": "line-start",
                  "ref": "Q002183.4",
                  "n": "4",
                  "label": "4"
                },
                {
                  "node": "l",
                  "frag": "[...]",
                  "id": "Q002183.l00957",
                  "ref": "Q002183.4.1",
                  "inst": "%sux:x=",
                  "f": {
                    "lang": "sux",
                    "form": "x",
                    "delim": "",
                    "gdl": [
                      {
                        "x": "ellipsis",
                        "id": "Q002183.4.1.0",
                        "breakStart": "1",
                        "break": "missing",
                        "o": "]",
                        "breakEnd": "Q002183.4.1.0"
                      }
                    ]
                  }
                },
                {
                  "node": "l",
                  "frag": "a₂",
                  "id": "Q002183.l00958",
                  "ref": "Q002183.4.2",
                  "inst": "%sux:a₂=",
                  "f": {
                    "lang": "sux",
                    "form": "a₂",
                    "delim": "",
                    "gdl": [
                      {
                        "v": "a₂",
                        "gdl_utf8": "𒀉",
                        "id": "Q002183.4.2.0"
                      }
                    ]
                  }
                },
                {
                  "node": "l",
                  "frag": "siškur-ak-bi",
                  "id": "Q002183.l00959",
                  "ref": "Q002183.4.3",
                  "inst": "%sux:siškur-ak-bi=",
                  "f": {
                    "lang": "sux",
                    "form": "siškur-ak-bi",
                    "delim": "",
                    "gdl": [
                      {
                        "v": "siškur",
                        "gdl_utf8": "𒀬",
                        "id": "Q002183.4.3.0",
                        "delim": "-"
                      },
                      {
                        "v": "ak",
                        "gdl_utf8": "𒀝",
                        "id": "Q002183.4.3.1",
                        "delim": "-"
                      },
                      {
                        "v": "bi",
                        "gdl_utf8": "𒁉",
                        "id": "Q002183.4.3.2"
                      }
                    ]
                  }
                },
                {
                  "node": "l",
                  "frag": "lugal-ra",
                  "id": "Q002183.l0095a",
                  "ref": "Q002183.4.4",
                  "inst": "%sux:lugal-ra=",
                  "f": {
                    "lang": "sux",
                    "form": "lugal-ra",
                    "delim": "",
                    "gdl": [
                      {
                        "v": "lugal",
                        "gdl_utf8": "𒈗",
                        "id": "Q002183.4.4.0",
                        "delim": "-"
                      },
                      {
                        "v": "ra",
                        "gdl_utf8": "𒊏",
                        "id": "Q002183.4.4.1"
                      }
                    ]
                  }
                },
                {
                  "node": "l",
                  "frag": "[...]",
                  "id": "Q002183.l0095b",
                  "ref": "Q002183.4.5",
                  "inst": "%sux:x=",
                  "f": {
                    "lang": "sux",
                    "form": "x",
                    "gdl": [
                      {
                        "x": "ellipsis",
                        "id": "Q002183.4.5.0",
                        "breakStart": "1",
                        "break": "missing",
                        "o": "]",
                        "breakEnd": "Q002183.4.5.0"
                      }
                    ]
                  }
                },
                {
                  "node": "d",
                  "type": "line-start",
                  "ref": "Q002183.5",
                  "n": "5",
                  "label": "5"
                },
                {
                  "node": "l",
                  "frag": "[...]",
                  "id": "Q002183.l0095c",
                  "ref": "Q002183.5.1",
                  "inst": "%sux:x=",
                  "f": {
                    "lang": "sux",
                    "form": "x",
                    "delim": "",
                    "gdl": [
                      {
                        "x": "ellipsis",
                        "id": "Q002183.5.1.0",
                        "breakStart": "1",
                        "break": "missing",
                        "o": "]",
                        "breakEnd": "Q002183.5.1.0"
                      }
                    ]
                  }
                },
                {
                  "node": "l",
                  "frag": "x",
                  "id": "Q002183.l0095d",
                  "ref": "Q002183.5.2",
                  "inst": "%sux:x=",
                  "f": {
                    "lang": "sux",
                    "form": "x",
                    "delim": "",
                    "gdl": [
                      {
                        "v": "x",
                        "gdl_utf8": "x",
                        "id": "Q002183.5.2.0"
                      }
                    ]
                  }
                },
                {
                  "node": "l",
                  "frag": "x",
                  "id": "Q002183.l0095e",
                  "ref": "Q002183.5.3",
                  "inst": "%sux:x=",
                  "f": {
                    "lang": "sux",
                    "form": "x",
                    "delim": "",
                    "gdl": [
                      {
                        "v": "x",
                        "gdl_utf8": "x",
                        "id": "Q002183.5.3.0"
                      }
                    ]
                  }
                },
                {
                  "node": "l",
                  "frag": "[...]",
                  "id": "Q002183.l0095f",
                  "ref": "Q002183.5.4",
                  "inst": "%sux:x=",
                  "f": {
                    "lang": "sux",
                    "form": "x",
                    "gdl": [
                      {
                        "x": "ellipsis",
                        "id": "Q002183.5.4.0",
                        "breakStart": "1",
                        "break": "missing",
                        "o": "]",
                        "breakEnd": "Q002183.5.4.0"
                      }
                    ]
                  }
                },
                {
                  "node": "d",
                  "type": "nonx",
                  "ref": "Q002183.6",
                  "strict": "1",
                  "extent": "rest",
                  "scope": "line",
                  "state": "missing"
                }
              ]
            }
          ]
        }
      ]
    }
  ]
}
