{
  "type": "cdl",
  "project": "ribo/babylon0",
  "source": "http://oracc.org/ribo/babylon0",
  "license": "This data is released under the CC0 license",
  "license-url": "https://creativecommons.org/publicdomain/zero/1.0/",
  "more-info": "http://oracc.org/doc/opendata/",
  "UTC-timestamp": "2019-01-12T08:23:00",
  "textid": "Q002199",
  "cdl": [
    {
      "node": "c",
      "type": "text",
      "id": "Q002199.U0",
      "cdl": [
        {
          "node": "d",
          "type": "object",
          "ref": ""
        },
        {
          "node": "d",
          "type": "surface",
          "ref": ""
        },
        {
          "node": "c",
          "type": "discourse",
          "subtype": "body",
          "id": "Q002199.U1",
          "cdl": [
            {
              "node": "c",
              "type": "sentence",
              "implicit": "yes",
              "id": "Q002199.U2",
              "label": "1 - 5",
              "cdl": [
                {
                  "node": "d",
                  "type": "line-start",
                  "ref": "Q002199.1",
                  "n": "1",
                  "label": "1"
                },
                {
                  "node": "l",
                  "frag": "{d}utu",
                  "id": "Q002199.l00e0d",
                  "ref": "Q002199.1.1",
                  "inst": "Utu[1]DN",
                  "sig": "@ribo/babylon0%sux:{d}utu=Utu[1//1]DN'DN$Utu/{d}utu#~",
                  "f": {
                    "lang": "sux",
                    "form": "{d}utu",
                    "gdl": [
                      {
                        "det": "semantic",
                        "pos": "pre",
                        "seq": [
                          {
                            "v": "d",
                            "gdl_utf8": "𒀭",
                            "id": "Q002199.1.1.0"
                          }
                        ]
                      },
                      {
                        "v": "utu",
                        "gdl_utf8": "𒌓",
                        "id": "Q002199.1.1.1"
                      }
                    ],
                    "cf": "Utu",
                    "gw": "1",
                    "sense": "1",
                    "norm0": "Utu",
                    "pos": "DN",
                    "epos": "DN",
                    "base": "{d}utu",
                    "morph": "~"
                  }
                },
                {
                  "node": "d",
                  "type": "line-start",
                  "ref": "Q002199.2",
                  "n": "2",
                  "label": "2"
                },
                {
                  "node": "l",
                  "frag": "en",
                  "id": "Q002199.l00e0e",
                  "ref": "Q002199.2.1",
                  "inst": "en[lord]N",
                  "sig": "@ribo/babylon0%sux:en=en[lord//lord]N'N$en/en#~",
                  "f": {
                    "lang": "sux",
                    "form": "en",
                    "delim": "",
                    "gdl": [
                      {
                        "v": "en",
                        "gdl_utf8": "𒂗",
                        "id": "Q002199.2.1.0"
                      }
                    ],
                    "cf": "en",
                    "gw": "lord",
                    "sense": "lord",
                    "norm0": "en",
                    "pos": "N",
                    "epos": "N",
                    "base": "en",
                    "morph": "~"
                  }
                },
                {
                  "node": "l",
                  "frag": "gal",
                  "id": "Q002199.l00e0f",
                  "ref": "Q002199.2.2",
                  "inst": "gal[(to be) big, great]V/i",
                  "sig": "@ribo/babylon0%sux:gal=gal[big//(to be) big, great]V/i'V/i$gal/gal#~",
                  "f": {
                    "lang": "sux",
                    "form": "gal",
                    "delim": "",
                    "gdl": [
                      {
                        "v": "gal",
                        "gdl_utf8": "𒃲",
                        "id": "Q002199.2.2.0"
                      }
                    ],
                    "cf": "gal",
                    "gw": "big",
                    "sense": "(to be) big, great",
                    "norm0": "gal",
                    "pos": "V/i",
                    "epos": "V/i",
                    "base": "gal",
                    "morph": "~"
                  }
                },
                {
                  "node": "l",
                  "frag": "an",
                  "id": "Q002199.l00e10",
                  "ref": "Q002199.2.3",
                  "inst": "an[sky, heaven]N",
                  "sig": "@ribo/babylon0%sux:an=an[sky//sky, heaven]N'N$an/an#~",
                  "f": {
                    "lang": "sux",
                    "form": "an",
                    "delim": "",
                    "gdl": [
                      {
                        "v": "an",
                        "gdl_utf8": "𒀭",
                        "id": "Q002199.2.3.0"
                      }
                    ],
                    "cf": "an",
                    "gw": "sky",
                    "sense": "sky, heaven",
                    "norm0": "an",
                    "pos": "N",
                    "epos": "N",
                    "base": "an",
                    "morph": "~"
                  }
                },
                {
                  "node": "l",
                  "frag": "ki-ke₄",
                  "id": "Q002199.l00e11",
                  "ref": "Q002199.2.4",
                  "inst": "ki[ground, earth, land]N",
                  "sig": "@ribo/babylon0%sux:ki-ke₄=ki[place//ground, earth, land]N'N$ki.ak.e/ki#~.ak.e",
                  "f": {
                    "lang": "sux",
                    "form": "ki-ke₄",
                    "gdl": [
                      {
                        "v": "ki",
                        "gdl_utf8": "𒆠",
                        "id": "Q002199.2.4.0",
                        "delim": "-"
                      },
                      {
                        "v": "ke₄",
                        "gdl_utf8": "𒆤",
                        "id": "Q002199.2.4.1"
                      }
                    ],
                    "cf": "ki",
                    "gw": "place",
                    "sense": "ground, earth, land",
                    "norm0": "ki.ak.e",
                    "pos": "N",
                    "epos": "N",
                    "base": "ki",
                    "morph": "~.ak.e"
                  }
                },
                {
                  "node": "d",
                  "type": "line-start",
                  "ref": "Q002199.3",
                  "n": "3",
                  "label": "3"
                },
                {
                  "node": "l",
                  "frag": "ha-am-mu-ra-pi₂",
                  "id": "Q002199.l00e12",
                  "ref": "Q002199.3.1",
                  "inst": "Hammu-rapi[king of Babylon]RN",
                  "sig": "@ribo/babylon0%sux:ha-am-mu-ra-pi₂=Hammu-rapi[king of Babylon//king of Babylon]RN'RN$Hammu-rapi/ha-am-mu-ra-pi₂#~",
                  "f": {
                    "lang": "sux",
                    "form": "ha-am-mu-ra-pi₂",
                    "gdl": [
                      {
                        "v": "ha",
                        "gdl_utf8": "𒄩",
                        "id": "Q002199.3.1.0",
                        "delim": "-"
                      },
                      {
                        "v": "am",
                        "gdl_utf8": "𒄠",
                        "id": "Q002199.3.1.1",
                        "delim": "-"
                      },
                      {
                        "v": "mu",
                        "gdl_utf8": "𒈬",
                        "id": "Q002199.3.1.2",
                        "delim": "-"
                      },
                      {
                        "v": "ra",
                        "gdl_utf8": "𒊏",
                        "id": "Q002199.3.1.3",
                        "delim": "-"
                      },
                      {
                        "v": "pi₂",
                        "gdl_utf8": "𒁉",
                        "id": "Q002199.3.1.4"
                      }
                    ],
                    "cf": "Hammu-rapi",
                    "gw": "king of Babylon",
                    "sense": "king of Babylon",
                    "norm0": "Hammu-rapi",
                    "pos": "RN",
                    "epos": "RN",
                    "base": "ha-am-mu-ra-pi₂",
                    "morph": "~"
                  }
                },
                {
                  "node": "d",
                  "type": "line-start",
                  "ref": "Q002199.4",
                  "n": "4",
                  "label": "4"
                },
                {
                  "node": "l",
                  "frag": "nun",
                  "id": "Q002199.l00e13",
                  "ref": "Q002199.4.1",
                  "inst": "nun[prince]N",
                  "sig": "@ribo/babylon0%sux:nun=nun[prince//prince]N'N$nun/nun#~",
                  "f": {
                    "lang": "sux",
                    "form": "nun",
                    "delim": "",
                    "gdl": [
                      {
                        "v": "nun",
                        "gdl_utf8": "𒉣",
                        "id": "Q002199.4.1.0"
                      }
                    ],
                    "cf": "nun",
                    "gw": "prince",
                    "sense": "prince",
                    "norm0": "nun",
                    "pos": "N",
                    "epos": "N",
                    "base": "nun",
                    "morph": "~"
                  }
                },
                {
                  "node": "l",
                  "frag": "še-ga-zu",
                  "id": "Q002199.l00e14",
                  "ref": "Q002199.4.2",
                  "inst": "šeg[favourite]'N",
                  "sig": "@ribo/babylon0%sux:še-ga-zu=šeg[agree//favourite]V/t'N$šeg;a,zu/še-g·a#~;a,zu",
                  "f": {
                    "lang": "sux",
                    "form": "še-ga-zu",
                    "gdl": [
                      {
                        "v": "še",
                        "gdl_utf8": "𒊺",
                        "id": "Q002199.4.2.0",
                        "delim": "-"
                      },
                      {
                        "v": "ga",
                        "gdl_utf8": "𒂵",
                        "id": "Q002199.4.2.1",
                        "delim": "-"
                      },
                      {
                        "v": "zu",
                        "gdl_utf8": "𒍪",
                        "id": "Q002199.4.2.2"
                      }
                    ],
                    "cf": "šeg",
                    "gw": "agree",
                    "sense": "favourite",
                    "norm0": "šeg;a,zu",
                    "pos": "V/t",
                    "epos": "N",
                    "base": "še-g·a",
                    "morph": "~;a,zu"
                  }
                },
                {
                  "node": "d",
                  "type": "line-start",
                  "ref": "Q002199.5",
                  "n": "5",
                  "label": "5"
                },
                {
                  "node": "l",
                  "frag": "⸢til₃⸣-la-ni",
                  "id": "Q002199.l00e15",
                  "ref": "Q002199.5.1",
                  "inst": "til[live//make live]V/i'V/t",
                  "sig": "@ribo/babylon0%sux:til₃-la-ni=til[live//make live]V/i'V/t$til!a.n.V/til₃-l·a#~!a.n.V",
                  "f": {
                    "lang": "sux",
                    "form": "til₃-la-ni",
                    "gdl": [
                      {
                        "v": "til₃",
                        "gdl_utf8": "𒋾",
                        "id": "Q002199.5.1.0",
                        "break": "damaged",
                        "ho": "1",
                        "delim": "-",
                        "hc": "1"
                      },
                      {
                        "v": "la",
                        "gdl_utf8": "𒆷",
                        "id": "Q002199.5.1.1",
                        "delim": "-"
                      },
                      {
                        "v": "ni",
                        "gdl_utf8": "𒉌",
                        "id": "Q002199.5.1.2"
                      }
                    ],
                    "cf": "til",
                    "gw": "live",
                    "sense": "make live",
                    "norm0": "til!a.n.V",
                    "pos": "V/i",
                    "epos": "V/t",
                    "base": "til₃-l·a",
                    "morph": "~!a.n.V"
                  }
                }
              ]
            }
          ]
        }
      ]
    }
  ]
}
