{
  "type": "cdl",
  "project": "ribo/babylon0",
  "source": "http://oracc.org/ribo/babylon0",
  "license": "This data is released under the CC0 license",
  "license-url": "https://creativecommons.org/publicdomain/zero/1.0/",
  "more-info": "http://oracc.org/doc/opendata/",
  "UTC-timestamp": "2019-01-12T08:23:18",
  "textid": "Q007412",
  "cdl": [
    {
      "node": "c",
      "type": "text",
      "id": "Q007412.U0",
      "cdl": [
        {
          "node": "d",
          "type": "object",
          "ref": ""
        },
        {
          "node": "d",
          "type": "surface",
          "ref": ""
        },
        {
          "node": "c",
          "type": "discourse",
          "subtype": "body",
          "id": "Q007412.U1",
          "cdl": [
            {
              "node": "c",
              "type": "sentence",
              "implicit": "yes",
              "id": "Q007412.U2",
              "label": "1 - 2",
              "cdl": [
                {
                  "node": "d",
                  "type": "line-start",
                  "ref": "Q007412.1",
                  "n": "1",
                  "label": "1"
                },
                {
                  "node": "l",
                  "frag": "mu",
                  "id": "Q007412.l0389f",
                  "ref": "Q007412.1.1",
                  "inst": "mu[year]N",
                  "sig": "@ribo/babylon0%sux:mu=mu[year//year]N'N$mu/mu#~",
                  "f": {
                    "lang": "sux",
                    "form": "mu",
                    "delim": "",
                    "gdl": [
                      {
                        "v": "mu",
                        "gdl_utf8": "𒈬",
                        "id": "Q007412.1.1.0"
                      }
                    ],
                    "cf": "mu",
                    "gw": "year",
                    "sense": "year",
                    "norm0": "mu",
                    "pos": "N",
                    "epos": "N",
                    "base": "mu",
                    "morph": "~"
                  }
                },
                {
                  "node": "l",
                  "frag": "sa-am-su-i-lu-na",
                  "id": "Q007412.l038a0",
                  "ref": "Q007412.1.2",
                  "inst": "Samsu-iluna[king of Babylon]RN",
                  "sig": "@ribo/babylon0%sux:sa-am-su-i-lu-na=Samsu-iluna[king of Babylon//king of Babylon]RN'RN$Samsu-iluna/sa-am-su-i-lu-na#~",
                  "f": {
                    "lang": "sux",
                    "form": "sa-am-su-i-lu-na",
                    "delim": "",
                    "gdl": [
                      {
                        "v": "sa",
                        "gdl_utf8": "𒊓",
                        "id": "Q007412.1.2.0",
                        "delim": "-"
                      },
                      {
                        "v": "am",
                        "gdl_utf8": "𒄠",
                        "id": "Q007412.1.2.1",
                        "delim": "-"
                      },
                      {
                        "v": "su",
                        "gdl_utf8": "𒋢",
                        "id": "Q007412.1.2.2",
                        "delim": "-"
                      },
                      {
                        "v": "i",
                        "gdl_utf8": "𒄿",
                        "id": "Q007412.1.2.3",
                        "delim": "-"
                      },
                      {
                        "v": "lu",
                        "gdl_utf8": "𒇻",
                        "id": "Q007412.1.2.4",
                        "delim": "-"
                      },
                      {
                        "v": "na",
                        "gdl_utf8": "𒈾",
                        "id": "Q007412.1.2.5"
                      }
                    ],
                    "cf": "Samsu-iluna",
                    "gw": "king of Babylon",
                    "sense": "king of Babylon",
                    "norm0": "Samsu-iluna",
                    "pos": "RN",
                    "epos": "RN",
                    "base": "sa-am-su-i-lu-na",
                    "morph": "~"
                  }
                },
                {
                  "node": "l",
                  "frag": "lugal-e",
                  "id": "Q007412.l038a1",
                  "ref": "Q007412.1.3",
                  "inst": "lugal[king]N",
                  "sig": "@ribo/babylon0%sux:lugal-e=lugal[king//king]N'N$lugal,e/lugal#~,e",
                  "f": {
                    "lang": "sux",
                    "form": "lugal-e",
                    "delim": "",
                    "gdl": [
                      {
                        "v": "lugal",
                        "gdl_utf8": "𒈗",
                        "id": "Q007412.1.3.0",
                        "delim": "-"
                      },
                      {
                        "v": "e",
                        "gdl_utf8": "𒂊",
                        "id": "Q007412.1.3.1"
                      }
                    ],
                    "cf": "lugal",
                    "gw": "king",
                    "sense": "king",
                    "norm0": "lugal,e",
                    "pos": "N",
                    "epos": "N",
                    "base": "lugal",
                    "morph": "~,e"
                  }
                },
                {
                  "node": "l",
                  "frag": "gibil",
                  "id": "Q007412.l038a2",
                  "ref": "Q007412.1.4",
                  "inst": "gibil[(to be) new]V/i",
                  "sig": "@ribo/babylon0%sux:gibil=gibil[new//(to be) new]V/i'V/i$gibil/gibil#~",
                  "f": {
                    "lang": "sux",
                    "form": "gibil",
                    "delim": "",
                    "gdl": [
                      {
                        "v": "gibil",
                        "gdl_utf8": "𒉋",
                        "id": "Q007412.1.4.0"
                      }
                    ],
                    "cf": "gibil",
                    "gw": "new",
                    "sense": "(to be) new",
                    "norm0": "gibil",
                    "pos": "V/i",
                    "epos": "V/i",
                    "base": "gibil",
                    "morph": "~"
                  }
                },
                {
                  "node": "l",
                  "frag": "min-kam-ma",
                  "id": "Q007412.l038a3",
                  "ref": "Q007412.1.5",
                  "inst": "min[two]NU",
                  "sig": "@ribo/babylon0%sux:min-kam-ma=min[two//two]NU'NU$min,ak.am.ak/min#~,ak.am.ak",
                  "f": {
                    "lang": "sux",
                    "form": "min-kam-ma",
                    "delim": "",
                    "gdl": [
                      {
                        "v": "min",
                        "gdl_utf8": "𒈫",
                        "id": "Q007412.1.5.0",
                        "delim": "-"
                      },
                      {
                        "v": "kam",
                        "gdl_utf8": "𒄰",
                        "id": "Q007412.1.5.1",
                        "delim": "-"
                      },
                      {
                        "v": "ma",
                        "gdl_utf8": "𒈠",
                        "id": "Q007412.1.5.2"
                      }
                    ],
                    "cf": "min",
                    "gw": "two",
                    "sense": "two",
                    "norm0": "min,ak.am.ak",
                    "pos": "NU",
                    "epos": "NU",
                    "base": "min",
                    "morph": "~,ak.am.ak"
                  }
                },
                {
                  "node": "l",
                  "frag": "egir",
                  "id": "Q007412.l038a4",
                  "ref": "Q007412.1.6",
                  "inst": "egir[back, rear]N",
                  "sig": "@ribo/babylon0%sux:egir=egir[back//back, rear]N'N$egir/egir#~",
                  "f": {
                    "lang": "sux",
                    "form": "egir",
                    "delim": "",
                    "gdl": [
                      {
                        "v": "egir",
                        "gdl_utf8": "𒂕",
                        "id": "Q007412.1.6.0"
                      }
                    ],
                    "cf": "egir",
                    "gw": "back",
                    "sense": "back, rear",
                    "norm0": "egir",
                    "pos": "N",
                    "epos": "N",
                    "base": "egir",
                    "morph": "~"
                  }
                },
                {
                  "node": "l",
                  "frag": "mu",
                  "id": "Q007412.l038a5",
                  "ref": "Q007412.1.7",
                  "inst": "mu[year]N",
                  "sig": "@ribo/babylon0%sux:mu=mu[year//year]N'N$mu/mu#~",
                  "f": {
                    "lang": "sux",
                    "form": "mu",
                    "delim": "",
                    "gdl": [
                      {
                        "v": "mu",
                        "gdl_utf8": "𒈬",
                        "id": "Q007412.1.7.0"
                      }
                    ],
                    "cf": "mu",
                    "gw": "year",
                    "sense": "year",
                    "norm0": "mu",
                    "pos": "N",
                    "epos": "N",
                    "base": "mu",
                    "morph": "~"
                  }
                },
                {
                  "node": "l",
                  "frag": "a₂-aŋ₂-ŋa₂",
                  "id": "Q007412.l038a6",
                  "ref": "Q007412.1.8",
                  "inst": "aʾaŋa[command]N",
                  "sig": "@ribo/babylon0%sux:a₂-aŋ₂-ŋa₂=aʾaŋa[assignment//command]N'N$aʾaŋa/a₂-aŋ₂-ŋa₂#~",
                  "f": {
                    "lang": "sux",
                    "form": "a₂-aŋ₂-ŋa₂",
                    "delim": "",
                    "gdl": [
                      {
                        "v": "a₂",
                        "gdl_utf8": "𒀉",
                        "id": "Q007412.1.8.0",
                        "delim": "-"
                      },
                      {
                        "v": "aŋ₂",
                        "gdl_utf8": "𒉘",
                        "id": "Q007412.1.8.1",
                        "delim": "-"
                      },
                      {
                        "v": "ŋa₂",
                        "gdl_utf8": "𒂷",
                        "id": "Q007412.1.8.2"
                      }
                    ],
                    "cf": "aʾaŋa",
                    "gw": "assignment",
                    "sense": "command",
                    "norm0": "aʾaŋa",
                    "pos": "N",
                    "epos": "N",
                    "base": "a₂-aŋ₂-ŋa₂",
                    "morph": "~"
                  }
                },
                {
                  "node": "l",
                  "frag": "{d}en-lil₂-la₂",
                  "id": "Q007412.l038a7",
                  "ref": "Q007412.1.9",
                  "inst": "Enlil[1]DN",
                  "sig": "@ribo/babylon0%sux:{d}en-lil₂-la₂=Enlil[1//1]DN'DN$Enlil,ak/{d}en-lil₂+-la₂=l.a#~,ak",
                  "f": {
                    "lang": "sux",
                    "form": "{d}en-lil₂-la₂",
                    "delim": "",
                    "gdl": [
                      {
                        "det": "semantic",
                        "pos": "pre",
                        "seq": [
                          {
                            "v": "d",
                            "gdl_utf8": "𒀭",
                            "id": "Q007412.1.9.0"
                          }
                        ]
                      },
                      {
                        "v": "en",
                        "gdl_utf8": "𒂗",
                        "id": "Q007412.1.9.1",
                        "delim": "-"
                      },
                      {
                        "v": "lil₂",
                        "gdl_utf8": "𒆤",
                        "id": "Q007412.1.9.2",
                        "delim": "-"
                      },
                      {
                        "v": "la₂",
                        "gdl_utf8": "𒇲",
                        "id": "Q007412.1.9.3"
                      }
                    ],
                    "cf": "Enlil",
                    "gw": "1",
                    "sense": "1",
                    "norm0": "Enlil,ak",
                    "pos": "DN",
                    "epos": "DN",
                    "base": "{d}en-lil₂",
                    "cont": "-la₂=l.a",
                    "morph": "~,ak"
                  }
                },
                {
                  "node": "l",
                  "frag": "ia-di-ha-bu-um",
                  "id": "Q007412.l038a8",
                  "ref": "Q007412.1.10",
                  "inst": "Yadih-abum[1]RN",
                  "sig": "@ribo/babylon0%sux:ia-di-ha-bu-um=Yadih-abum[1//1]RN'RN$Yadih-abum/ia-di-ha-bu-um#~",
                  "f": {
                    "lang": "sux",
                    "form": "ia-di-ha-bu-um",
                    "delim": "",
                    "gdl": [
                      {
                        "v": "ia",
                        "gdl_utf8": "𒅀",
                        "id": "Q007412.1.10.0",
                        "delim": "-"
                      },
                      {
                        "v": "di",
                        "gdl_utf8": "𒁲",
                        "id": "Q007412.1.10.1",
                        "delim": "-"
                      },
                      {
                        "v": "ha",
                        "gdl_utf8": "𒄩",
                        "id": "Q007412.1.10.2",
                        "delim": "-"
                      },
                      {
                        "v": "bu",
                        "gdl_utf8": "𒁍",
                        "id": "Q007412.1.10.3",
                        "delim": "-"
                      },
                      {
                        "v": "um",
                        "gdl_utf8": "𒌝",
                        "id": "Q007412.1.10.4"
                      }
                    ],
                    "cf": "Yadih-abum",
                    "gw": "1",
                    "sense": "1",
                    "norm0": "Yadih-abum",
                    "pos": "RN",
                    "epos": "RN",
                    "base": "ia-di-ha-bu-um",
                    "morph": "~"
                  }
                },
                {
                  "node": "l",
                  "frag": "u₃",
                  "id": "Q007412.l038a9",
                  "ref": "Q007412.1.11",
                  "inst": "u[and]CNJ",
                  "sig": "@ribo/babylon0%sux:u₃=u[and//and]CNJ'CNJ$u/u₃#~",
                  "f": {
                    "lang": "sux",
                    "form": "u₃",
                    "delim": "",
                    "gdl": [
                      {
                        "v": "u₃",
                        "gdl_utf8": "𒅇",
                        "id": "Q007412.1.11.0"
                      }
                    ],
                    "cf": "u",
                    "gw": "and",
                    "sense": "and",
                    "norm0": "u",
                    "pos": "CNJ",
                    "epos": "CNJ",
                    "base": "u₃",
                    "morph": "~"
                  }
                },
                {
                  "node": "l",
                  "frag": "mu-ti-hu-ur-saŋ",
                  "id": "Q007412.l038aa",
                  "ref": "Q007412.1.12",
                  "inst": "Muti-hursag[1]RN",
                  "sig": "@ribo/babylon0%sux:mu-ti-hu-ur-saŋ=Muti-hursag[1//1]RN'RN$Muti-hursag/mu-ti-hu-ur-saŋ#~",
                  "f": {
                    "lang": "sux",
                    "form": "mu-ti-hu-ur-saŋ",
                    "gdl": [
                      {
                        "v": "mu",
                        "gdl_utf8": "𒈬",
                        "id": "Q007412.1.12.0",
                        "delim": "-"
                      },
                      {
                        "v": "ti",
                        "gdl_utf8": "𒋾",
                        "id": "Q007412.1.12.1",
                        "delim": "-"
                      },
                      {
                        "v": "hu",
                        "gdl_utf8": "𒄷",
                        "id": "Q007412.1.12.2",
                        "delim": "-"
                      },
                      {
                        "v": "ur",
                        "gdl_utf8": "𒌨",
                        "id": "Q007412.1.12.3",
                        "delim": "-"
                      },
                      {
                        "v": "saŋ",
                        "gdl_utf8": "𒊕",
                        "id": "Q007412.1.12.4"
                      }
                    ],
                    "cf": "Muti-hursag",
                    "gw": "1",
                    "sense": "1",
                    "norm0": "Muti-hursag",
                    "pos": "RN",
                    "epos": "RN",
                    "base": "mu-ti-hu-ur-saŋ",
                    "morph": "~"
                  }
                },
                {
                  "node": "d",
                  "type": "nonx",
                  "ref": "Q007412.2",
                  "strict": "0",
                  "extent": "086",
                  "state": "other"
                },
                {
                  "node": "d",
                  "type": "line-start",
                  "ref": "Q007412.3",
                  "n": "2",
                  "label": "2"
                },
                {
                  "node": "l",
                  "frag": "mu",
                  "id": "Q007412.l038ab",
                  "ref": "Q007412.3.1",
                  "inst": "mu[year]N",
                  "sig": "@ribo/babylon0%sux:mu=mu[year//year]N'N$mu/mu#~",
                  "f": {
                    "lang": "sux",
                    "form": "mu",
                    "delim": "",
                    "gdl": [
                      {
                        "v": "mu",
                        "gdl_utf8": "𒈬",
                        "id": "Q007412.3.1.0"
                      }
                    ],
                    "cf": "mu",
                    "gw": "year",
                    "sense": "year",
                    "norm0": "mu",
                    "pos": "N",
                    "epos": "N",
                    "base": "mu",
                    "morph": "~"
                  }
                },
                {
                  "node": "l",
                  "frag": "sa-am-su-i-lu-na",
                  "id": "Q007412.l038ac",
                  "ref": "Q007412.3.2",
                  "inst": "Samsu-iluna[king of Babylon]RN",
                  "sig": "@ribo/babylon0%sux:sa-am-su-i-lu-na=Samsu-iluna[king of Babylon//king of Babylon]RN'RN$Samsu-iluna/sa-am-su-i-lu-na#~",
                  "f": {
                    "lang": "sux",
                    "form": "sa-am-su-i-lu-na",
                    "delim": "",
                    "gdl": [
                      {
                        "v": "sa",
                        "gdl_utf8": "𒊓",
                        "id": "Q007412.3.2.0",
                        "delim": "-"
                      },
                      {
                        "v": "am",
                        "gdl_utf8": "𒄠",
                        "id": "Q007412.3.2.1",
                        "delim": "-"
                      },
                      {
                        "v": "su",
                        "gdl_utf8": "𒋢",
                        "id": "Q007412.3.2.2",
                        "delim": "-"
                      },
                      {
                        "v": "i",
                        "gdl_utf8": "𒄿",
                        "id": "Q007412.3.2.3",
                        "delim": "-"
                      },
                      {
                        "v": "lu",
                        "gdl_utf8": "𒇻",
                        "id": "Q007412.3.2.4",
                        "delim": "-"
                      },
                      {
                        "v": "na",
                        "gdl_utf8": "𒈾",
                        "id": "Q007412.3.2.5"
                      }
                    ],
                    "cf": "Samsu-iluna",
                    "gw": "king of Babylon",
                    "sense": "king of Babylon",
                    "norm0": "Samsu-iluna",
                    "pos": "RN",
                    "epos": "RN",
                    "base": "sa-am-su-i-lu-na",
                    "morph": "~"
                  }
                },
                {
                  "node": "l",
                  "frag": "lugal-e",
                  "id": "Q007412.l038ad",
                  "ref": "Q007412.3.3",
                  "inst": "lugal[king]N",
                  "sig": "@ribo/babylon0%sux:lugal-e=lugal[king//king]N'N$lugal,e/lugal#~,e",
                  "f": {
                    "lang": "sux",
                    "form": "lugal-e",
                    "delim": "",
                    "gdl": [
                      {
                        "v": "lugal",
                        "gdl_utf8": "𒈗",
                        "id": "Q007412.3.3.0",
                        "delim": "-"
                      },
                      {
                        "v": "e",
                        "gdl_utf8": "𒂊",
                        "id": "Q007412.3.3.1"
                      }
                    ],
                    "cf": "lugal",
                    "gw": "king",
                    "sense": "king",
                    "norm0": "lugal,e",
                    "pos": "N",
                    "epos": "N",
                    "base": "lugal",
                    "morph": "~,e"
                  }
                },
                {
                  "node": "l",
                  "frag": "us₂-sa",
                  "id": "Q007412.l038ae",
                  "ref": "Q007412.3.4",
                  "inst": "us[follow//(to be) adjacent to, border on]V/t'V/i",
                  "sig": "@ribo/babylon0%sux:us₂-sa=us[follow//(to be) adjacent to, border on]V/t'V/i$us;a/us₂+-sa=s.a#~;a",
                  "f": {
                    "lang": "sux",
                    "form": "us₂-sa",
                    "delim": "",
                    "gdl": [
                      {
                        "v": "us₂",
                        "gdl_utf8": "𒍑",
                        "id": "Q007412.3.4.0",
                        "delim": "-"
                      },
                      {
                        "v": "sa",
                        "gdl_utf8": "𒊓",
                        "id": "Q007412.3.4.1"
                      }
                    ],
                    "cf": "us",
                    "gw": "follow",
                    "sense": "(to be) adjacent to, border on",
                    "norm0": "us;a",
                    "pos": "V/t",
                    "epos": "V/i",
                    "base": "us₂",
                    "cont": "-sa=s.a",
                    "morph": "~;a"
                  }
                },
                {
                  "node": "l",
                  "frag": "us₂-sa-bi",
                  "id": "Q007412.l038af",
                  "ref": "Q007412.3.5",
                  "inst": "us[follow//(to be) adjacent to, border on]V/t'V/i",
                  "sig": "@ribo/babylon0%sux:us₂-sa-bi=us[follow//(to be) adjacent to, border on]V/t'V/i$us;a,bi/us₂+-sa=s.a#~;a,bi",
                  "f": {
                    "lang": "sux",
                    "form": "us₂-sa-bi",
                    "delim": "",
                    "gdl": [
                      {
                        "v": "us₂",
                        "gdl_utf8": "𒍑",
                        "id": "Q007412.3.5.0",
                        "delim": "-"
                      },
                      {
                        "v": "sa",
                        "gdl_utf8": "𒊓",
                        "id": "Q007412.3.5.1",
                        "delim": "-"
                      },
                      {
                        "v": "bi",
                        "gdl_utf8": "𒁉",
                        "id": "Q007412.3.5.2"
                      }
                    ],
                    "cf": "us",
                    "gw": "follow",
                    "sense": "(to be) adjacent to, border on",
                    "norm0": "us;a,bi",
                    "pos": "V/t",
                    "epos": "V/i",
                    "base": "us₂",
                    "cont": "-sa=s.a",
                    "morph": "~;a,bi"
                  }
                },
                {
                  "node": "l",
                  "frag": "a₂-aŋ₂-ŋa₂",
                  "id": "Q007412.l038b0",
                  "ref": "Q007412.3.6",
                  "inst": "aʾaŋa[command]N",
                  "sig": "@ribo/babylon0%sux:a₂-aŋ₂-ŋa₂=aʾaŋa[assignment//command]N'N$aʾaŋa/a₂-aŋ₂-ŋa₂#~",
                  "f": {
                    "lang": "sux",
                    "form": "a₂-aŋ₂-ŋa₂",
                    "delim": "",
                    "gdl": [
                      {
                        "v": "a₂",
                        "gdl_utf8": "𒀉",
                        "id": "Q007412.3.6.0",
                        "delim": "-"
                      },
                      {
                        "v": "aŋ₂",
                        "gdl_utf8": "𒉘",
                        "id": "Q007412.3.6.1",
                        "delim": "-"
                      },
                      {
                        "v": "ŋa₂",
                        "gdl_utf8": "𒂷",
                        "id": "Q007412.3.6.2"
                      }
                    ],
                    "cf": "aʾaŋa",
                    "gw": "assignment",
                    "sense": "command",
                    "norm0": "aʾaŋa",
                    "pos": "N",
                    "epos": "N",
                    "base": "a₂-aŋ₂-ŋa₂",
                    "morph": "~"
                  }
                },
                {
                  "node": "l",
                  "frag": "{d}en-lil₂-la₂",
                  "id": "Q007412.l038b1",
                  "ref": "Q007412.3.7",
                  "inst": "Enlil[1]DN",
                  "sig": "@ribo/babylon0%sux:{d}en-lil₂-la₂=Enlil[1//1]DN'DN$Enlil,ak/{d}en-lil₂+-la₂=l.a#~,ak",
                  "f": {
                    "lang": "sux",
                    "form": "{d}en-lil₂-la₂",
                    "gdl": [
                      {
                        "det": "semantic",
                        "pos": "pre",
                        "seq": [
                          {
                            "v": "d",
                            "gdl_utf8": "𒀭",
                            "id": "Q007412.3.7.0"
                          }
                        ]
                      },
                      {
                        "v": "en",
                        "gdl_utf8": "𒂗",
                        "id": "Q007412.3.7.1",
                        "delim": "-"
                      },
                      {
                        "v": "lil₂",
                        "gdl_utf8": "𒆤",
                        "id": "Q007412.3.7.2",
                        "delim": "-"
                      },
                      {
                        "v": "la₂",
                        "gdl_utf8": "𒇲",
                        "id": "Q007412.3.7.3"
                      }
                    ],
                    "cf": "Enlil",
                    "gw": "1",
                    "sense": "1",
                    "norm0": "Enlil,ak",
                    "pos": "DN",
                    "epos": "DN",
                    "base": "{d}en-lil₂",
                    "cont": "-la₂=l.a",
                    "morph": "~,ak"
                  }
                }
              ]
            }
          ]
        }
      ]
    }
  ]
}
