{
  "type": "cdl",
  "project": "ribo/babylon0",
  "source": "http://oracc.org/ribo/babylon0",
  "license": "This data is released under the CC0 license",
  "license-url": "https://creativecommons.org/publicdomain/zero/1.0/",
  "more-info": "http://oracc.org/doc/opendata/",
  "UTC-timestamp": "2019-01-12T08:23:11",
  "textid": "Q007362",
  "cdl": [
    {
      "node": "c",
      "type": "text",
      "id": "Q007362.U0",
      "cdl": [
        {
          "node": "d",
          "type": "object",
          "ref": ""
        },
        {
          "node": "d",
          "type": "surface",
          "ref": ""
        },
        {
          "node": "c",
          "type": "discourse",
          "subtype": "body",
          "id": "Q007362.U1",
          "cdl": [
            {
              "node": "c",
              "type": "sentence",
              "implicit": "yes",
              "id": "Q007362.U2",
              "label": "1",
              "cdl": [
                {
                  "node": "d",
                  "type": "line-start",
                  "ref": "Q007362.1",
                  "n": "1",
                  "label": "1"
                },
                {
                  "node": "l",
                  "frag": "mu",
                  "id": "Q007362.l02c27",
                  "ref": "Q007362.1.1",
                  "inst": "mu[year]N",
                  "sig": "@ribo/babylon0%sux:mu=mu[year//year]N'N$mu/mu#~",
                  "f": {
                    "lang": "sux",
                    "form": "mu",
                    "delim": "",
                    "gdl": [
                      {
                        "v": "mu",
                        "gdl_utf8": "𒈬",
                        "id": "Q007362.1.1.0"
                      }
                    ],
                    "cf": "mu",
                    "gw": "year",
                    "sense": "year",
                    "norm0": "mu",
                    "pos": "N",
                    "epos": "N",
                    "base": "mu",
                    "morph": "~"
                  }
                },
                {
                  "node": "l",
                  "frag": "{i₇}ti-lim-da-{d}en-lil₂-la₂",
                  "id": "Q007362.l02c28",
                  "ref": "Q007362.1.2",
                  "inst": "Tilimda-Enlila[1]WN/{i₇}ti-lim-da-{d}en-lil₂-la₂#~",
                  "sig": "@ribo/babylon0%sux:{i₇}ti-lim-da-{d}en-lil₂-la₂=Tilimda-Enlila[1//1]WN'WN$Tilimda-Enlila/{i₇}ti-lim-da-{d}en-lil₂-la₂#~",
                  "f": {
                    "lang": "sux",
                    "form": "{i₇}ti-lim-da-{d}en-lil₂-la₂",
                    "delim": "",
                    "gdl": [
                      {
                        "det": "semantic",
                        "pos": "pre",
                        "seq": [
                          {
                            "v": "i₇",
                            "gdl_utf8": "𒀀𒇉",
                            "id": "Q007362.1.2.0"
                          }
                        ]
                      },
                      {
                        "v": "ti",
                        "gdl_utf8": "𒋾",
                        "id": "Q007362.1.2.1",
                        "delim": "-"
                      },
                      {
                        "v": "lim",
                        "gdl_utf8": "𒅆",
                        "id": "Q007362.1.2.2",
                        "delim": "-"
                      },
                      {
                        "v": "da",
                        "gdl_utf8": "𒁕",
                        "id": "Q007362.1.2.3",
                        "delim": "-"
                      },
                      {
                        "det": "semantic",
                        "pos": "pre",
                        "seq": [
                          {
                            "v": "d",
                            "gdl_utf8": "𒀭",
                            "id": "Q007362.1.2.4"
                          }
                        ]
                      },
                      {
                        "v": "en",
                        "gdl_utf8": "𒂗",
                        "id": "Q007362.1.2.5",
                        "delim": "-"
                      },
                      {
                        "v": "lil₂",
                        "gdl_utf8": "𒆤",
                        "id": "Q007362.1.2.6",
                        "delim": "-"
                      },
                      {
                        "v": "la₂",
                        "gdl_utf8": "𒇲",
                        "id": "Q007362.1.2.7"
                      }
                    ],
                    "cf": "Tilimda-Enlila",
                    "gw": "1",
                    "sense": "1",
                    "norm0": "Tilimda-Enlila",
                    "pos": "WN",
                    "epos": "WN",
                    "base": "{i₇}ti-lim-da-{d}en-lil₂-la₂",
                    "morph": "~"
                  }
                },
                {
                  "node": "l",
                  "frag": "u₃",
                  "id": "Q007362.l02c29",
                  "ref": "Q007362.1.3",
                  "inst": "u[and]CNJ",
                  "sig": "@ribo/babylon0%sux:u₃=u[and//and]CNJ'CNJ$u/u₃#~",
                  "f": {
                    "lang": "sux",
                    "form": "u₃",
                    "delim": "",
                    "gdl": [
                      {
                        "v": "u₃",
                        "gdl_utf8": "𒅇",
                        "id": "Q007362.1.3.0"
                      }
                    ],
                    "cf": "u",
                    "gw": "and",
                    "sense": "and",
                    "norm0": "u",
                    "pos": "CNJ",
                    "epos": "CNJ",
                    "base": "u₃",
                    "morph": "~"
                  }
                },
                {
                  "node": "l",
                  "frag": "{i₇}buranuna{ki}",
                  "id": "Q007362.l02c2a",
                  "ref": "Q007362.1.4",
                  "inst": "Purattu[Euphrates]WN/{i₇}buranuna{ki}#~",
                  "sig": "@ribo/babylon0%sux:{i₇}buranuna{ki}=Purattu[Euphrates//Euphrates]WN'WN$Purattu/{i₇}buranuna{ki}#~",
                  "f": {
                    "lang": "sux",
                    "form": "{i₇}buranuna{ki}",
                    "delim": "",
                    "gdl": [
                      {
                        "det": "semantic",
                        "pos": "pre",
                        "seq": [
                          {
                            "v": "i₇",
                            "gdl_utf8": "𒀀𒇉",
                            "id": "Q007362.1.4.0"
                          }
                        ]
                      },
                      {
                        "v": "buranuna",
                        "gdl_utf8": "𒌓𒄒𒉣",
                        "id": "Q007362.1.4.1"
                      },
                      {
                        "det": "semantic",
                        "pos": "post",
                        "seq": [
                          {
                            "v": "ki",
                            "gdl_utf8": "𒆠",
                            "id": "Q007362.1.4.2"
                          }
                        ]
                      }
                    ],
                    "cf": "Purattu",
                    "gw": "Euphrates",
                    "sense": "Euphrates",
                    "norm0": "Purattu",
                    "pos": "WN",
                    "epos": "WN",
                    "base": "{i₇}buranuna{ki}",
                    "morph": "~"
                  }
                },
                {
                  "node": "l",
                  "frag": "mu-un-ba-al-la",
                  "id": "Q007362.l02c2b",
                  "ref": "Q007362.1.5",
                  "inst": "bal[dig//to dig, excavate]V/t'V/t/ba-al+-la=l.a#mu.n:~;a",
                  "sig": "@ribo/babylon0%sux:mu-un-ba-al-la=bal[dig//to dig, excavate]V/t'V/t$mu.n:bal;a/ba-al+-la=l.a#mu.n:~;a",
                  "f": {
                    "lang": "sux",
                    "form": "mu-un-ba-al-la",
                    "gdl": [
                      {
                        "v": "mu",
                        "gdl_utf8": "𒈬",
                        "id": "Q007362.1.5.0",
                        "delim": "-"
                      },
                      {
                        "v": "un",
                        "gdl_utf8": "𒌦",
                        "id": "Q007362.1.5.1",
                        "delim": "-"
                      },
                      {
                        "v": "ba",
                        "gdl_utf8": "𒁀",
                        "id": "Q007362.1.5.2",
                        "delim": "-"
                      },
                      {
                        "v": "al",
                        "gdl_utf8": "𒀠",
                        "id": "Q007362.1.5.3",
                        "delim": "-"
                      },
                      {
                        "v": "la",
                        "gdl_utf8": "𒆷",
                        "id": "Q007362.1.5.4"
                      }
                    ],
                    "cf": "bal",
                    "gw": "dig",
                    "sense": "to dig, excavate",
                    "norm0": "mu.n:bal;a",
                    "pos": "V/t",
                    "epos": "V/t",
                    "base": "ba-al",
                    "cont": "-la=l.a",
                    "morph": "mu.n:~;a"
                  }
                }
              ]
            }
          ]
        }
      ]
    }
  ]
}
