{
  "type": "cdl",
  "project": "ribo/babylon0",
  "source": "http://oracc.org/ribo/babylon0",
  "license": "This data is released under the CC0 license",
  "license-url": "https://creativecommons.org/publicdomain/zero/1.0/",
  "more-info": "http://oracc.org/doc/opendata/",
  "UTC-timestamp": "2019-01-12T08:23:16",
  "textid": "Q007401",
  "cdl": [
    {
      "node": "c",
      "type": "text",
      "id": "Q007401.U0",
      "cdl": [
        {
          "node": "d",
          "type": "object",
          "ref": ""
        },
        {
          "node": "d",
          "type": "surface",
          "ref": ""
        },
        {
          "node": "c",
          "type": "discourse",
          "subtype": "body",
          "id": "Q007401.U1",
          "cdl": [
            {
              "node": "c",
              "type": "sentence",
              "implicit": "yes",
              "id": "Q007401.U2",
              "label": "1",
              "cdl": [
                {
                  "node": "d",
                  "type": "line-start",
                  "ref": "Q007401.1",
                  "n": "1",
                  "label": "1"
                },
                {
                  "node": "l",
                  "frag": "mu",
                  "id": "Q007401.l037b5",
                  "ref": "Q007401.1.1",
                  "inst": "mu[year]N",
                  "sig": "@ribo/babylon0%sux:mu=mu[year//year]N'N$mu/mu#~",
                  "f": {
                    "lang": "sux",
                    "form": "mu",
                    "delim": "",
                    "gdl": [
                      {
                        "v": "mu",
                        "gdl_utf8": "𒈬",
                        "id": "Q007401.1.1.0"
                      }
                    ],
                    "cf": "mu",
                    "gw": "year",
                    "sense": "year",
                    "norm0": "mu",
                    "pos": "N",
                    "epos": "N",
                    "base": "mu",
                    "morph": "~"
                  }
                },
                {
                  "node": "l",
                  "frag": "sa-am-su-i-lu-na",
                  "id": "Q007401.l037b6",
                  "ref": "Q007401.1.2",
                  "inst": "Samsu-iluna[king of Babylon]RN",
                  "sig": "@ribo/babylon0%sux:sa-am-su-i-lu-na=Samsu-iluna[king of Babylon//king of Babylon]RN'RN$Samsu-iluna/sa-am-su-i-lu-na#~",
                  "f": {
                    "lang": "sux",
                    "form": "sa-am-su-i-lu-na",
                    "delim": "",
                    "gdl": [
                      {
                        "v": "sa",
                        "gdl_utf8": "𒊓",
                        "id": "Q007401.1.2.0",
                        "delim": "-"
                      },
                      {
                        "v": "am",
                        "gdl_utf8": "𒄠",
                        "id": "Q007401.1.2.1",
                        "delim": "-"
                      },
                      {
                        "v": "su",
                        "gdl_utf8": "𒋢",
                        "id": "Q007401.1.2.2",
                        "delim": "-"
                      },
                      {
                        "v": "i",
                        "gdl_utf8": "𒄿",
                        "id": "Q007401.1.2.3",
                        "delim": "-"
                      },
                      {
                        "v": "lu",
                        "gdl_utf8": "𒇻",
                        "id": "Q007401.1.2.4",
                        "delim": "-"
                      },
                      {
                        "v": "na",
                        "gdl_utf8": "𒈾",
                        "id": "Q007401.1.2.5"
                      }
                    ],
                    "cf": "Samsu-iluna",
                    "gw": "king of Babylon",
                    "sense": "king of Babylon",
                    "norm0": "Samsu-iluna",
                    "pos": "RN",
                    "epos": "RN",
                    "base": "sa-am-su-i-lu-na",
                    "morph": "~"
                  }
                },
                {
                  "node": "l",
                  "frag": "lugal-e",
                  "id": "Q007401.l037b7",
                  "ref": "Q007401.1.3",
                  "inst": "lugal[king]N",
                  "sig": "@ribo/babylon0%sux:lugal-e=lugal[king//king]N'N$lugal,e/lugal#~,e",
                  "f": {
                    "lang": "sux",
                    "form": "lugal-e",
                    "delim": "",
                    "gdl": [
                      {
                        "v": "lugal",
                        "gdl_utf8": "𒈗",
                        "id": "Q007401.1.3.0",
                        "delim": "-"
                      },
                      {
                        "v": "e",
                        "gdl_utf8": "𒂊",
                        "id": "Q007401.1.3.1"
                      }
                    ],
                    "cf": "lugal",
                    "gw": "king",
                    "sense": "king",
                    "norm0": "lugal,e",
                    "pos": "N",
                    "epos": "N",
                    "base": "lugal",
                    "morph": "~,e"
                  }
                },
                {
                  "node": "l",
                  "frag": "{ŋeš}gu-za",
                  "id": "Q007401.l037b8",
                  "ref": "Q007401.1.4",
                  "inst": "guza[chair, throne]N",
                  "sig": "@ribo/babylon0%sux:{ŋeš}gu-za=guza[chair//chair, throne]N'N$guza/{ŋeš}gu-za#~",
                  "f": {
                    "lang": "sux",
                    "form": "{ŋeš}gu-za",
                    "delim": "",
                    "gdl": [
                      {
                        "det": "semantic",
                        "pos": "pre",
                        "seq": [
                          {
                            "v": "ŋeš",
                            "gdl_utf8": "𒄑",
                            "id": "Q007401.1.4.0"
                          }
                        ]
                      },
                      {
                        "v": "gu",
                        "gdl_utf8": "𒄖",
                        "id": "Q007401.1.4.1",
                        "delim": "-"
                      },
                      {
                        "v": "za",
                        "gdl_utf8": "𒍝",
                        "id": "Q007401.1.4.2"
                      }
                    ],
                    "cf": "guza",
                    "gw": "chair",
                    "sense": "chair, throne",
                    "norm0": "guza",
                    "pos": "N",
                    "epos": "N",
                    "base": "{ŋeš}gu-za",
                    "morph": "~"
                  }
                },
                {
                  "node": "l",
                  "frag": "para₁₀",
                  "id": "Q007401.l037b9",
                  "ref": "Q007401.1.5",
                  "inst": "barag[dais, seat]N",
                  "sig": "@ribo/babylon0%sux:para₁₀=barag[dais//dais, seat]N'N$barag/para₁₀#~",
                  "f": {
                    "lang": "sux",
                    "form": "para₁₀",
                    "delim": "",
                    "gdl": [
                      {
                        "v": "para₁₀",
                        "gdl_utf8": "𒁈",
                        "id": "Q007401.1.5.0"
                      }
                    ],
                    "cf": "barag",
                    "gw": "dais",
                    "sense": "dais, seat",
                    "norm0": "barag",
                    "pos": "N",
                    "epos": "N",
                    "base": "para₁₀",
                    "morph": "~"
                  }
                },
                {
                  "node": "l",
                  "frag": "ku₃-si₂₂-na",
                  "id": "Q007401.l037ba",
                  "ref": "Q007401.1.6",
                  "inst": "kugsig[gold]N",
                  "sig": "@ribo/babylon0%sux:ku₃-si₂₂-na=kugsig[gold//gold]N'N$kugsig,ani.ak/ku₃-si₂₂#~,ani.ak",
                  "f": {
                    "lang": "sux",
                    "form": "ku₃-si₂₂-na",
                    "delim": "",
                    "gdl": [
                      {
                        "v": "ku₃",
                        "gdl_utf8": "𒆬",
                        "id": "Q007401.1.6.0",
                        "delim": "-"
                      },
                      {
                        "v": "si₂₂",
                        "gdl_utf8": "𒄀",
                        "id": "Q007401.1.6.1",
                        "delim": "-"
                      },
                      {
                        "v": "na",
                        "gdl_utf8": "𒈾",
                        "id": "Q007401.1.6.2"
                      }
                    ],
                    "cf": "kugsig",
                    "gw": "gold",
                    "sense": "gold",
                    "norm0": "kugsig,ani.ak",
                    "pos": "N",
                    "epos": "N",
                    "base": "ku₃-si₂₂",
                    "morph": "~,ani.ak"
                  }
                },
                {
                  "node": "l",
                  "frag": "min-a-bi",
                  "id": "Q007401.l037bb",
                  "ref": "Q007401.1.7",
                  "inst": "min[two]NU",
                  "sig": "@ribo/babylon0%sux:min-a-bi=min[two//two]NU'NU$,am.bi/min#,am.bi",
                  "f": {
                    "lang": "sux",
                    "form": "min-a-bi",
                    "delim": "",
                    "gdl": [
                      {
                        "v": "min",
                        "gdl_utf8": "𒈫",
                        "id": "Q007401.1.7.0",
                        "delim": "-"
                      },
                      {
                        "v": "a",
                        "gdl_utf8": "𒀀",
                        "id": "Q007401.1.7.1",
                        "delim": "-"
                      },
                      {
                        "v": "bi",
                        "gdl_utf8": "𒁉",
                        "id": "Q007401.1.7.2"
                      }
                    ],
                    "cf": "min",
                    "gw": "two",
                    "sense": "two",
                    "norm": ",am.bi",
                    "pos": "NU",
                    "epos": "NU",
                    "base": "min",
                    "morph": ",am.bi"
                  }
                },
                {
                  "node": "l",
                  "frag": "{d}amar-utu",
                  "id": "Q007401.l037bc",
                  "ref": "Q007401.1.8",
                  "inst": "Marduk[1]DN",
                  "sig": "@ribo/babylon0%sux:{d}amar-utu=Marduk[1//1]DN'DN$Marduk/{d}amar-utu#~",
                  "f": {
                    "lang": "sux",
                    "form": "{d}amar-utu",
                    "delim": "",
                    "gdl": [
                      {
                        "det": "semantic",
                        "pos": "pre",
                        "seq": [
                          {
                            "v": "d",
                            "gdl_utf8": "𒀭",
                            "id": "Q007401.1.8.0"
                          }
                        ]
                      },
                      {
                        "v": "amar",
                        "gdl_utf8": "𒀫",
                        "id": "Q007401.1.8.1",
                        "delim": "-"
                      },
                      {
                        "v": "utu",
                        "gdl_utf8": "𒌓",
                        "id": "Q007401.1.8.2"
                      }
                    ],
                    "cf": "Marduk",
                    "gw": "1",
                    "sense": "1",
                    "norm0": "Marduk",
                    "pos": "DN",
                    "epos": "DN",
                    "base": "{d}amar-utu",
                    "morph": "~"
                  }
                },
                {
                  "node": "l",
                  "frag": "{d}zar-pa-ni-tum-bi-da-ke₄",
                  "id": "Q007401.l037bd",
                  "ref": "Q007401.1.9",
                  "inst": "Zarpanitu[1]DN",
                  "sig": "@ribo/babylon0%sux:{d}zar-pa-ni-tum-bi-da-ke₄=Zarpanitu[1//1]DN'DN$Zarpanitu,bi.da.ak.e/{d}zar-pa-ni-tum#~,bi.da.ak.e",
                  "f": {
                    "lang": "sux",
                    "form": "{d}zar-pa-ni-tum-bi-da-ke₄",
                    "delim": "",
                    "gdl": [
                      {
                        "det": "semantic",
                        "pos": "pre",
                        "seq": [
                          {
                            "v": "d",
                            "gdl_utf8": "𒀭",
                            "id": "Q007401.1.9.0"
                          }
                        ]
                      },
                      {
                        "v": "zar",
                        "gdl_utf8": "𒇡",
                        "id": "Q007401.1.9.1",
                        "delim": "-"
                      },
                      {
                        "v": "pa",
                        "gdl_utf8": "𒉺",
                        "id": "Q007401.1.9.2",
                        "delim": "-"
                      },
                      {
                        "v": "ni",
                        "gdl_utf8": "𒉌",
                        "id": "Q007401.1.9.3",
                        "delim": "-"
                      },
                      {
                        "v": "tum",
                        "gdl_utf8": "𒌈",
                        "id": "Q007401.1.9.4",
                        "delim": "-"
                      },
                      {
                        "v": "bi",
                        "gdl_utf8": "𒁉",
                        "id": "Q007401.1.9.5",
                        "delim": "-"
                      },
                      {
                        "v": "da",
                        "gdl_utf8": "𒁕",
                        "id": "Q007401.1.9.6",
                        "delim": "-"
                      },
                      {
                        "v": "ke₄",
                        "gdl_utf8": "𒆤",
                        "id": "Q007401.1.9.7"
                      }
                    ],
                    "cf": "Zarpanitu",
                    "gw": "1",
                    "sense": "1",
                    "norm0": "Zarpanitu,bi.da.ak.e",
                    "pos": "DN",
                    "epos": "DN",
                    "base": "{d}zar-pa-ni-tum",
                    "morph": "~,bi.da.ak.e"
                  }
                },
                {
                  "node": "l",
                  "frag": "in-ne-ši-in-dim₂-ma",
                  "id": "Q007401.l037be",
                  "ref": "Q007401.1.10",
                  "inst": "dim[to create, make, manufacture]V/t",
                  "sig": "@ribo/babylon0%sux:in-ne-ši-in-dim₂-ma=dim[create//to create, make, manufacture]V/t'V/t$V.ne.ši.n:dim;a/dim₂+-ma=m.a#V.ne.ši.n:~;a",
                  "f": {
                    "lang": "sux",
                    "form": "in-ne-ši-in-dim₂-ma",
                    "gdl": [
                      {
                        "v": "in",
                        "gdl_utf8": "𒅔",
                        "id": "Q007401.1.10.0",
                        "delim": "-"
                      },
                      {
                        "v": "ne",
                        "gdl_utf8": "𒉈",
                        "id": "Q007401.1.10.1",
                        "delim": "-"
                      },
                      {
                        "v": "ši",
                        "gdl_utf8": "𒅆",
                        "id": "Q007401.1.10.2",
                        "delim": "-"
                      },
                      {
                        "v": "in",
                        "gdl_utf8": "𒅔",
                        "id": "Q007401.1.10.3",
                        "delim": "-"
                      },
                      {
                        "v": "dim₂",
                        "gdl_utf8": "𒁶",
                        "id": "Q007401.1.10.4",
                        "delim": "-"
                      },
                      {
                        "v": "ma",
                        "gdl_utf8": "𒈠",
                        "id": "Q007401.1.10.5"
                      }
                    ],
                    "cf": "dim",
                    "gw": "create",
                    "sense": "to create, make, manufacture",
                    "norm0": "V.ne.ši.n:dim;a",
                    "pos": "V/t",
                    "epos": "V/t",
                    "base": "dim₂",
                    "cont": "-ma=m.a",
                    "morph": "V.ne.ši.n:~;a"
                  }
                }
              ]
            }
          ]
        }
      ]
    }
  ]
}
