{
  "type": "cdl",
  "project": "ribo/babylon0",
  "source": "http://oracc.org/ribo/babylon0",
  "license": "This data is released under the CC0 license",
  "license-url": "https://creativecommons.org/publicdomain/zero/1.0/",
  "more-info": "http://oracc.org/doc/opendata/",
  "UTC-timestamp": "2019-01-12T08:23:11",
  "textid": "Q007357",
  "cdl": [
    {
      "node": "c",
      "type": "text",
      "id": "Q007357.U0",
      "cdl": [
        {
          "node": "d",
          "type": "object",
          "ref": ""
        },
        {
          "node": "d",
          "type": "surface",
          "ref": ""
        },
        {
          "node": "c",
          "type": "discourse",
          "subtype": "body",
          "id": "Q007357.U1",
          "cdl": [
            {
              "node": "c",
              "type": "sentence",
              "implicit": "yes",
              "id": "Q007357.U2",
              "label": "1",
              "cdl": [
                {
                  "node": "d",
                  "type": "line-start",
                  "ref": "Q007357.1",
                  "n": "1",
                  "label": "1"
                },
                {
                  "node": "l",
                  "frag": "mu",
                  "id": "Q007357.l02c0a",
                  "ref": "Q007357.1.1",
                  "inst": "mu[year]N",
                  "sig": "@ribo/babylon0%sux:mu=mu[year//year]N'N$mu/mu#~",
                  "f": {
                    "lang": "sux",
                    "form": "mu",
                    "delim": "",
                    "gdl": [
                      {
                        "v": "mu",
                        "gdl_utf8": "𒈬",
                        "id": "Q007357.1.1.0"
                      }
                    ],
                    "cf": "mu",
                    "gw": "year",
                    "sense": "year",
                    "norm0": "mu",
                    "pos": "N",
                    "epos": "N",
                    "base": "mu",
                    "morph": "~"
                  }
                },
                {
                  "node": "l",
                  "frag": "ha-am-mu-ra-pi₂",
                  "id": "Q007357.l02c0b",
                  "ref": "Q007357.1.2",
                  "inst": "Hammu-rapi[king of Babylon]RN",
                  "sig": "@ribo/babylon0%sux:ha-am-mu-ra-pi₂=Hammu-rapi[king of Babylon//king of Babylon]RN'RN$Hammu-rapi/ha-am-mu-ra-pi₂#~",
                  "f": {
                    "lang": "sux",
                    "form": "ha-am-mu-ra-pi₂",
                    "delim": "",
                    "gdl": [
                      {
                        "v": "ha",
                        "gdl_utf8": "𒄩",
                        "id": "Q007357.1.2.0",
                        "delim": "-"
                      },
                      {
                        "v": "am",
                        "gdl_utf8": "𒄠",
                        "id": "Q007357.1.2.1",
                        "delim": "-"
                      },
                      {
                        "v": "mu",
                        "gdl_utf8": "𒈬",
                        "id": "Q007357.1.2.2",
                        "delim": "-"
                      },
                      {
                        "v": "ra",
                        "gdl_utf8": "𒊏",
                        "id": "Q007357.1.2.3",
                        "delim": "-"
                      },
                      {
                        "v": "pi₂",
                        "gdl_utf8": "𒁉",
                        "id": "Q007357.1.2.4"
                      }
                    ],
                    "cf": "Hammu-rapi",
                    "gw": "king of Babylon",
                    "sense": "king of Babylon",
                    "norm0": "Hammu-rapi",
                    "pos": "RN",
                    "epos": "RN",
                    "base": "ha-am-mu-ra-pi₂",
                    "morph": "~"
                  }
                },
                {
                  "node": "l",
                  "frag": "lugal-e",
                  "id": "Q007357.l02c0c",
                  "ref": "Q007357.1.3",
                  "inst": "lugal[king]N",
                  "sig": "@ribo/babylon0%sux:lugal-e=lugal[king//king]N'N$lugal,e/lugal#~,e",
                  "f": {
                    "lang": "sux",
                    "form": "lugal-e",
                    "delim": "",
                    "gdl": [
                      {
                        "v": "lugal",
                        "gdl_utf8": "𒈗",
                        "id": "Q007357.1.3.0",
                        "delim": "-"
                      },
                      {
                        "v": "e",
                        "gdl_utf8": "𒂊",
                        "id": "Q007357.1.3.1"
                      }
                    ],
                    "cf": "lugal",
                    "gw": "king",
                    "sense": "king",
                    "norm0": "lugal,e",
                    "pos": "N",
                    "epos": "N",
                    "base": "lugal",
                    "morph": "~,e"
                  }
                },
                {
                  "node": "l",
                  "frag": "bad₃",
                  "id": "Q007357.l02c0d",
                  "ref": "Q007357.1.4",
                  "inst": "bad[wall, fortification]N",
                  "sig": "@ribo/babylon0%sux:bad₃=bad[wall//wall, fortification]N'N$bad/bad₃#~",
                  "f": {
                    "lang": "sux",
                    "form": "bad₃",
                    "delim": "",
                    "gdl": [
                      {
                        "v": "bad₃",
                        "gdl_utf8": "𒂦",
                        "id": "Q007357.1.4.0"
                      }
                    ],
                    "cf": "bad",
                    "gw": "wall",
                    "sense": "wall, fortification",
                    "norm0": "bad",
                    "pos": "N",
                    "epos": "N",
                    "base": "bad₃",
                    "morph": "~"
                  }
                },
                {
                  "node": "l",
                  "frag": "mah",
                  "id": "Q007357.l02c0e",
                  "ref": "Q007357.1.5",
                  "inst": "mah[(to be) great]V/i",
                  "sig": "@ribo/babylon0%sux:mah=mah[great//(to be) great]V/i'V/i$mah/mah#~",
                  "f": {
                    "lang": "sux",
                    "form": "mah",
                    "delim": "",
                    "gdl": [
                      {
                        "v": "mah",
                        "gdl_utf8": "𒈤",
                        "id": "Q007357.1.5.0"
                      }
                    ],
                    "cf": "mah",
                    "gw": "great",
                    "sense": "(to be) great",
                    "norm0": "mah",
                    "pos": "V/i",
                    "epos": "V/i",
                    "base": "mah",
                    "morph": "~"
                  }
                },
                {
                  "node": "l",
                  "frag": "igi-hur-saŋ-ŋa₂{ki}",
                  "id": "Q007357.l02c0f",
                  "ref": "Q007357.1.6",
                  "inst": "Igihursaŋa[1]SN/igi-hur-saŋ-ŋa₂{ki}#~",
                  "sig": "@ribo/babylon0%sux:igi-hur-saŋ-ŋa₂{ki}=Igihursaŋa[1//1]SN'SN$Igihursaŋa/igi-hur-saŋ-ŋa₂{ki}#~",
                  "f": {
                    "lang": "sux",
                    "form": "igi-hur-saŋ-ŋa₂{ki}",
                    "delim": "",
                    "gdl": [
                      {
                        "v": "igi",
                        "gdl_utf8": "𒅆",
                        "id": "Q007357.1.6.0",
                        "delim": "-"
                      },
                      {
                        "v": "hur",
                        "gdl_utf8": "𒄯",
                        "id": "Q007357.1.6.1",
                        "delim": "-"
                      },
                      {
                        "v": "saŋ",
                        "gdl_utf8": "𒊕",
                        "id": "Q007357.1.6.2",
                        "delim": "-"
                      },
                      {
                        "v": "ŋa₂",
                        "gdl_utf8": "𒂷",
                        "id": "Q007357.1.6.3"
                      },
                      {
                        "det": "semantic",
                        "pos": "post",
                        "seq": [
                          {
                            "v": "ki",
                            "gdl_utf8": "𒆠",
                            "id": "Q007357.1.6.4"
                          }
                        ]
                      }
                    ],
                    "cf": "Igihursaŋa",
                    "gw": "1",
                    "sense": "1",
                    "norm0": "Igihursaŋa",
                    "pos": "SN",
                    "epos": "SN",
                    "base": "igi-hur-saŋ-ŋa₂{ki}",
                    "morph": "~"
                  }
                },
                {
                  "node": "l",
                  "frag": "mu-un-du₃-a",
                  "id": "Q007357.l02c10",
                  "ref": "Q007357.1.7",
                  "inst": "du[to build, make]V/t",
                  "sig": "@ribo/babylon0%sux:mu-un-du₃-a=du[build//to build, make]V/t'V/t$mu.n:du;a/du₃#mu.n:~;a",
                  "f": {
                    "lang": "sux",
                    "form": "mu-un-du₃-a",
                    "gdl": [
                      {
                        "v": "mu",
                        "gdl_utf8": "𒈬",
                        "id": "Q007357.1.7.0",
                        "delim": "-"
                      },
                      {
                        "v": "un",
                        "gdl_utf8": "𒌦",
                        "id": "Q007357.1.7.1",
                        "delim": "-"
                      },
                      {
                        "v": "du₃",
                        "gdl_utf8": "𒆕",
                        "id": "Q007357.1.7.2",
                        "delim": "-"
                      },
                      {
                        "v": "a",
                        "gdl_utf8": "𒀀",
                        "id": "Q007357.1.7.3"
                      }
                    ],
                    "cf": "du",
                    "gw": "build",
                    "sense": "to build, make",
                    "norm0": "mu.n:du;a",
                    "pos": "V/t",
                    "epos": "V/t",
                    "base": "du₃",
                    "morph": "mu.n:~;a"
                  }
                }
              ]
            }
          ]
        }
      ]
    }
  ]
}
