{
  "type": "cdl",
  "project": "ribo/babylon0",
  "source": "http://oracc.org/ribo/babylon0",
  "license": "This data is released under the CC0 license",
  "license-url": "https://creativecommons.org/publicdomain/zero/1.0/",
  "more-info": "http://oracc.org/doc/opendata/",
  "UTC-timestamp": "2019-01-12T08:23:08",
  "textid": "Q007338",
  "cdl": [
    {
      "node": "c",
      "type": "text",
      "id": "Q007338.U0",
      "cdl": [
        {
          "node": "d",
          "type": "object",
          "ref": ""
        },
        {
          "node": "d",
          "type": "surface",
          "ref": ""
        },
        {
          "node": "c",
          "type": "discourse",
          "subtype": "body",
          "id": "Q007338.U1",
          "cdl": [
            {
              "node": "c",
              "type": "sentence",
              "implicit": "yes",
              "id": "Q007338.U2",
              "label": "1 - 15",
              "cdl": [
                {
                  "node": "d",
                  "type": "line-start",
                  "ref": "Q007338.1",
                  "n": "1",
                  "label": "1"
                },
                {
                  "node": "l",
                  "frag": "{d}nin-šubur",
                  "id": "Q007338.l034de",
                  "ref": "Q007338.1.1",
                  "inst": "+Nin-šubur[1]DN/{d}nin-šubur#~",
                  "sig": "@ribo/babylon0%sux:{d}nin-šubur=Nin-šubur[1//1]DN'DN$Nin-šubur/{d}nin-šubur#~",
                  "f": {
                    "lang": "sux",
                    "form": "{d}nin-šubur",
                    "gdl": [
                      {
                        "det": "semantic",
                        "pos": "pre",
                        "seq": [
                          {
                            "v": "d",
                            "gdl_utf8": "𒀭",
                            "id": "Q007338.1.1.0"
                          }
                        ]
                      },
                      {
                        "v": "nin",
                        "gdl_utf8": "𒊩𒌆",
                        "id": "Q007338.1.1.1",
                        "delim": "-"
                      },
                      {
                        "v": "šubur",
                        "gdl_utf8": "𒋚",
                        "id": "Q007338.1.1.2"
                      }
                    ],
                    "cf": "Nin-šubur",
                    "gw": "1",
                    "sense": "1",
                    "norm0": "Nin-šubur",
                    "pos": "DN",
                    "epos": "DN",
                    "base": "{d}nin-šubur",
                    "morph": "~"
                  }
                },
                {
                  "node": "d",
                  "type": "line-start",
                  "ref": "Q007338.2",
                  "n": "2",
                  "label": "2"
                },
                {
                  "node": "l",
                  "frag": "SAL-HUB₂",
                  "id": "Q007338.l034df",
                  "ref": "Q007338.2.1",
                  "inst": "+lagar[minister]N/SAL-HUB₂#~",
                  "sig": "@ribo/babylon0%sux:SAL-HUB₂=lagar[minister//minister]N'N$lagar/SAL-HUB₂#~",
                  "f": {
                    "lang": "sux",
                    "form": "SAL-HUB₂",
                    "delim": "",
                    "gdl": [
                      {
                        "s": "SAL",
                        "gdl_utf8": "𒊩",
                        "id": "Q007338.2.1.0",
                        "delim": "-"
                      },
                      {
                        "s": "HUB₂",
                        "gdl_utf8": "𒄸",
                        "id": "Q007338.2.1.1"
                      }
                    ],
                    "cf": "lagar",
                    "gw": "minister",
                    "sense": "minister",
                    "norm0": "lagar",
                    "pos": "N",
                    "epos": "N",
                    "base": "SAL-HUB₂",
                    "morph": "~"
                  }
                },
                {
                  "node": "l",
                  "frag": "gal",
                  "id": "Q007338.l034e0",
                  "ref": "Q007338.2.2",
                  "inst": "gal[(to be) big, great]V/i",
                  "sig": "@ribo/babylon0%sux:gal=gal[big//(to be) big, great]V/i'V/i$gal/gal#~",
                  "f": {
                    "lang": "sux",
                    "form": "gal",
                    "delim": "",
                    "gdl": [
                      {
                        "v": "gal",
                        "gdl_utf8": "𒃲",
                        "id": "Q007338.2.2.0"
                      }
                    ],
                    "cf": "gal",
                    "gw": "big",
                    "sense": "(to be) big, great",
                    "norm0": "gal",
                    "pos": "V/i",
                    "epos": "V/i",
                    "base": "gal",
                    "morph": "~"
                  }
                },
                {
                  "node": "l",
                  "frag": "an-na",
                  "id": "Q007338.l034e1",
                  "ref": "Q007338.2.3",
                  "inst": "An[1]DN",
                  "sig": "@ribo/babylon0%sux:an-na=An[1//1]DN'DN$An,ak/an+-na=n.a#~,ak",
                  "f": {
                    "lang": "sux",
                    "form": "an-na",
                    "gdl": [
                      {
                        "v": "an",
                        "gdl_utf8": "𒀭",
                        "id": "Q007338.2.3.0",
                        "delim": "-"
                      },
                      {
                        "v": "na",
                        "gdl_utf8": "𒈾",
                        "id": "Q007338.2.3.1"
                      }
                    ],
                    "cf": "An",
                    "gw": "1",
                    "sense": "1",
                    "norm0": "An,ak",
                    "pos": "DN",
                    "epos": "DN",
                    "base": "an",
                    "cont": "-na=n.a",
                    "morph": "~,ak"
                  }
                },
                {
                  "node": "d",
                  "type": "line-start",
                  "ref": "Q007338.3",
                  "n": "3",
                  "label": "3"
                },
                {
                  "node": "l",
                  "frag": "diŋir",
                  "id": "Q007338.l034e2",
                  "ref": "Q007338.3.1",
                  "inst": "diŋir[deity, god, goddess]N",
                  "sig": "@ribo/babylon0%sux:diŋir=diŋir[deity//deity, god, goddess]N'N$diŋir/diŋir#~",
                  "f": {
                    "lang": "sux",
                    "form": "diŋir",
                    "delim": "",
                    "gdl": [
                      {
                        "v": "diŋir",
                        "gdl_utf8": "𒀭",
                        "id": "Q007338.3.1.0"
                      }
                    ],
                    "cf": "diŋir",
                    "gw": "deity",
                    "sense": "deity, god, goddess",
                    "norm0": "diŋir",
                    "pos": "N",
                    "epos": "N",
                    "base": "diŋir",
                    "morph": "~"
                  }
                },
                {
                  "node": "l",
                  "frag": "niŋ₂-kal",
                  "id": "Q007338.l034e3",
                  "ref": "Q007338.3.2",
                  "inst": "+niŋkal[worth]N/niŋ₂-kal#~",
                  "sig": "@ribo/babylon0%sux:niŋ₂-kal=niŋkal[worth//worth]N'N$niŋkal/niŋ₂-kal#~",
                  "f": {
                    "lang": "sux",
                    "form": "niŋ₂-kal",
                    "delim": "",
                    "gdl": [
                      {
                        "v": "niŋ₂",
                        "gdl_utf8": "𒃻",
                        "id": "Q007338.3.2.0",
                        "delim": "-"
                      },
                      {
                        "v": "kal",
                        "gdl_utf8": "𒆗",
                        "id": "Q007338.3.2.1"
                      }
                    ],
                    "cf": "niŋkal",
                    "gw": "worth",
                    "sense": "worth",
                    "norm0": "niŋkal",
                    "pos": "N",
                    "epos": "N",
                    "base": "niŋ₂-kal",
                    "morph": "~"
                  }
                },
                {
                  "node": "l",
                  "frag": "DU-DU",
                  "id": "Q007338.l034e4",
                  "ref": "Q007338.3.3",
                  "inst": "+de[bring//to carry]V/t'V/t/DU-DU#~",
                  "sig": "@ribo/babylon0%sux:DU-DU=de[bring//to carry]V/t'V/t$de/DU-DU#~",
                  "f": {
                    "lang": "sux",
                    "form": "DU-DU",
                    "gdl": [
                      {
                        "s": "DU",
                        "gdl_utf8": "𒁺",
                        "id": "Q007338.3.3.0",
                        "delim": "-"
                      },
                      {
                        "s": "DU",
                        "gdl_utf8": "𒁺",
                        "id": "Q007338.3.3.1"
                      }
                    ],
                    "cf": "de",
                    "gw": "bring",
                    "sense": "to carry",
                    "norm0": "de",
                    "pos": "V/t",
                    "epos": "V/t",
                    "base": "DU-DU",
                    "morph": "~"
                  }
                },
                {
                  "node": "d",
                  "type": "line-start",
                  "ref": "Q007338.4",
                  "n": "4",
                  "label": "4"
                },
                {
                  "node": "l",
                  "frag": "lugal-a-ni-ir",
                  "id": "Q007338.l034e5",
                  "ref": "Q007338.4.1",
                  "inst": "lugal[king]N",
                  "sig": "@ribo/babylon0%sux:lugal-a-ni-ir=lugal[king//king]N'N$lugal,ani.ra/lugal#~,ani.ra",
                  "f": {
                    "lang": "sux",
                    "form": "lugal-a-ni-ir",
                    "gdl": [
                      {
                        "v": "lugal",
                        "gdl_utf8": "𒈗",
                        "id": "Q007338.4.1.0",
                        "delim": "-"
                      },
                      {
                        "v": "a",
                        "gdl_utf8": "𒀀",
                        "id": "Q007338.4.1.1",
                        "delim": "-"
                      },
                      {
                        "v": "ni",
                        "gdl_utf8": "𒉌",
                        "id": "Q007338.4.1.2",
                        "delim": "-"
                      },
                      {
                        "v": "ir",
                        "gdl_utf8": "𒅕",
                        "id": "Q007338.4.1.3"
                      }
                    ],
                    "cf": "lugal",
                    "gw": "king",
                    "sense": "king",
                    "norm0": "lugal,ani.ra",
                    "pos": "N",
                    "epos": "N",
                    "base": "lugal",
                    "morph": "~,ani.ra"
                  }
                },
                {
                  "node": "d",
                  "type": "line-start",
                  "ref": "Q007338.5",
                  "n": "5",
                  "label": "5"
                },
                {
                  "node": "l",
                  "frag": "nam-til₃",
                  "id": "Q007338.l034e6",
                  "ref": "Q007338.5.1",
                  "inst": "namtil[life]N",
                  "sig": "@ribo/babylon0%sux:nam-til₃=namtil[life//life]N'N$namtil/nam-til₃#~",
                  "f": {
                    "lang": "sux",
                    "form": "nam-til₃",
                    "gdl": [
                      {
                        "v": "nam",
                        "gdl_utf8": "𒉆",
                        "id": "Q007338.5.1.0",
                        "delim": "-"
                      },
                      {
                        "v": "til₃",
                        "gdl_utf8": "𒋾",
                        "id": "Q007338.5.1.1"
                      }
                    ],
                    "cf": "namtil",
                    "gw": "life",
                    "sense": "life",
                    "norm0": "namtil",
                    "pos": "N",
                    "epos": "N",
                    "base": "nam-til₃",
                    "morph": "~"
                  }
                },
                {
                  "node": "d",
                  "type": "line-start",
                  "ref": "Q007338.6",
                  "n": "6",
                  "label": "6"
                },
                {
                  "node": "l",
                  "frag": "sa-am-su-i-lu-na",
                  "id": "Q007338.l034e7",
                  "ref": "Q007338.6.1",
                  "inst": "Samsu-iluna[king of Babylon]RN",
                  "sig": "@ribo/babylon0%sux:sa-am-su-i-lu-na=Samsu-iluna[king of Babylon//king of Babylon]RN'RN$Samsu-iluna/sa-am-su-i-lu-na#~",
                  "f": {
                    "lang": "sux",
                    "form": "sa-am-su-i-lu-na",
                    "gdl": [
                      {
                        "v": "sa",
                        "gdl_utf8": "𒊓",
                        "id": "Q007338.6.1.0",
                        "delim": "-"
                      },
                      {
                        "v": "am",
                        "gdl_utf8": "𒄠",
                        "id": "Q007338.6.1.1",
                        "delim": "-"
                      },
                      {
                        "v": "su",
                        "gdl_utf8": "𒋢",
                        "id": "Q007338.6.1.2",
                        "delim": "-"
                      },
                      {
                        "v": "i",
                        "gdl_utf8": "𒄿",
                        "id": "Q007338.6.1.3",
                        "delim": "-"
                      },
                      {
                        "v": "lu",
                        "gdl_utf8": "𒇻",
                        "id": "Q007338.6.1.4",
                        "delim": "-"
                      },
                      {
                        "v": "na",
                        "gdl_utf8": "𒈾",
                        "id": "Q007338.6.1.5"
                      }
                    ],
                    "cf": "Samsu-iluna",
                    "gw": "king of Babylon",
                    "sense": "king of Babylon",
                    "norm0": "Samsu-iluna",
                    "pos": "RN",
                    "epos": "RN",
                    "base": "sa-am-su-i-lu-na",
                    "morph": "~"
                  }
                },
                {
                  "node": "d",
                  "type": "line-start",
                  "ref": "Q007338.7",
                  "n": "7",
                  "label": "7"
                },
                {
                  "node": "l",
                  "frag": "lugal",
                  "id": "Q007338.l034e8",
                  "ref": "Q007338.7.1",
                  "inst": "lugal[king]N",
                  "sig": "@ribo/babylon0%sux:lugal=lugal[king//king]N'N$lugal/lugal#~",
                  "f": {
                    "lang": "sux",
                    "form": "lugal",
                    "delim": "",
                    "gdl": [
                      {
                        "v": "lugal",
                        "gdl_utf8": "𒈗",
                        "id": "Q007338.7.1.0"
                      }
                    ],
                    "cf": "lugal",
                    "gw": "king",
                    "sense": "king",
                    "norm0": "lugal",
                    "pos": "N",
                    "epos": "N",
                    "base": "lugal",
                    "morph": "~"
                  }
                },
                {
                  "node": "l",
                  "frag": "babilim₂{ki}",
                  "id": "Q007338.l034e9",
                  "ref": "Q007338.7.2",
                  "inst": "Babili[Babylon]SN",
                  "sig": "@ribo/babylon0%sux:babilim₂{ki}=Babili[Babylon//Babylon]SN'SN$Babilim/babilim₂{ki}#Babilim",
                  "f": {
                    "lang": "sux",
                    "form": "babilim₂{ki}",
                    "gdl": [
                      {
                        "v": "babilim₂",
                        "gdl_utf8": "𒆍𒀭𒊏",
                        "id": "Q007338.7.2.0"
                      },
                      {
                        "det": "semantic",
                        "pos": "post",
                        "seq": [
                          {
                            "v": "ki",
                            "gdl_utf8": "𒆠",
                            "id": "Q007338.7.2.1"
                          }
                        ]
                      }
                    ],
                    "cf": "Babili",
                    "gw": "Babylon",
                    "sense": "Babylon",
                    "norm": "Babilim",
                    "pos": "SN",
                    "epos": "SN",
                    "base": "babilim₂{ki}",
                    "morph": "Babilim"
                  }
                },
                {
                  "node": "d",
                  "type": "line-start",
                  "ref": "Q007338.8",
                  "n": "8",
                  "label": "8"
                },
                {
                  "node": "l",
                  "frag": "lugal",
                  "id": "Q007338.l034ea",
                  "ref": "Q007338.8.1",
                  "inst": "lugal[king]N",
                  "sig": "@ribo/babylon0%sux:lugal=lugal[king//king]N'N$lugal/lugal#~",
                  "f": {
                    "lang": "sux",
                    "form": "lugal",
                    "delim": "",
                    "gdl": [
                      {
                        "v": "lugal",
                        "gdl_utf8": "𒈗",
                        "id": "Q007338.8.1.0"
                      }
                    ],
                    "cf": "lugal",
                    "gw": "king",
                    "sense": "king",
                    "norm0": "lugal",
                    "pos": "N",
                    "epos": "N",
                    "base": "lugal",
                    "morph": "~"
                  }
                },
                {
                  "node": "l",
                  "frag": "ki-en-gi",
                  "id": "Q007338.l034eb",
                  "ref": "Q007338.8.2",
                  "inst": "Kiʾengir[Sumer]GN",
                  "sig": "@ribo/babylon0%sux:ki-en-gi=Kiʾengir[Sumer//Sumer]GN'GN$Kiʾengir/ki-en-gi#~",
                  "f": {
                    "lang": "sux",
                    "form": "ki-en-gi",
                    "delim": "",
                    "gdl": [
                      {
                        "v": "ki",
                        "gdl_utf8": "𒆠",
                        "id": "Q007338.8.2.0",
                        "delim": "-"
                      },
                      {
                        "v": "en",
                        "gdl_utf8": "𒂗",
                        "id": "Q007338.8.2.1",
                        "delim": "-"
                      },
                      {
                        "v": "gi",
                        "gdl_utf8": "𒄀",
                        "id": "Q007338.8.2.2"
                      }
                    ],
                    "cf": "Kiʾengir",
                    "gw": "Sumer",
                    "sense": "Sumer",
                    "norm0": "Kiʾengir",
                    "pos": "GN",
                    "epos": "GN",
                    "base": "ki-en-gi",
                    "morph": "~"
                  }
                },
                {
                  "node": "l",
                  "frag": "ki-uri",
                  "id": "Q007338.l034ec",
                  "ref": "Q007338.8.3",
                  "inst": "Uri[Akkad]GN",
                  "sig": "@ribo/babylon0%sux:ki-uri=Uri[Akkad//Akkad]GN'GN$Uri/ki-uri#~",
                  "f": {
                    "lang": "sux",
                    "form": "ki-uri",
                    "gdl": [
                      {
                        "v": "ki",
                        "gdl_utf8": "𒆠",
                        "id": "Q007338.8.3.0",
                        "delim": "-"
                      },
                      {
                        "v": "uri",
                        "gdl_utf8": "𒌵",
                        "id": "Q007338.8.3.1"
                      }
                    ],
                    "cf": "Uri",
                    "gw": "Akkad",
                    "sense": "Akkad",
                    "norm0": "Uri",
                    "pos": "GN",
                    "epos": "GN",
                    "base": "ki-uri",
                    "morph": "~"
                  }
                },
                {
                  "node": "d",
                  "type": "line-start",
                  "ref": "Q007338.9",
                  "n": "9",
                  "label": "9"
                },
                {
                  "node": "l",
                  "frag": "na-bi-{d}en-lil₂",
                  "id": "Q007338.l034ed",
                  "ref": "Q007338.9.1",
                  "inst": "Nabi-Enlil[1]PN",
                  "sig": "@ribo/babylon0%sux:na-bi-{d}en-lil₂=Nabi-Enlil[1//1]PN'PN$Nabi-Enlil/na-bi-{d}en-lil₂#~",
                  "f": {
                    "lang": "sux",
                    "form": "na-bi-{d}en-lil₂",
                    "gdl": [
                      {
                        "v": "na",
                        "gdl_utf8": "𒈾",
                        "id": "Q007338.9.1.0",
                        "delim": "-"
                      },
                      {
                        "v": "bi",
                        "gdl_utf8": "𒁉",
                        "id": "Q007338.9.1.1",
                        "delim": "-"
                      },
                      {
                        "det": "semantic",
                        "pos": "pre",
                        "seq": [
                          {
                            "v": "d",
                            "gdl_utf8": "𒀭",
                            "id": "Q007338.9.1.2"
                          }
                        ]
                      },
                      {
                        "v": "en",
                        "gdl_utf8": "𒂗",
                        "id": "Q007338.9.1.3",
                        "delim": "-"
                      },
                      {
                        "v": "lil₂",
                        "gdl_utf8": "𒆤",
                        "id": "Q007338.9.1.4"
                      }
                    ],
                    "cf": "Nabi-Enlil",
                    "gw": "1",
                    "sense": "1",
                    "norm0": "Nabi-Enlil",
                    "pos": "PN",
                    "epos": "PN",
                    "base": "na-bi-{d}en-lil₂",
                    "morph": "~"
                  }
                },
                {
                  "node": "d",
                  "type": "line-start",
                  "ref": "Q007338.10",
                  "n": "10",
                  "label": "10"
                },
                {
                  "node": "l",
                  "frag": "dumu",
                  "id": "Q007338.l034ee",
                  "ref": "Q007338.10.1",
                  "inst": "dumu[child, son, daughter]N",
                  "sig": "@ribo/babylon0%sux:dumu=dumu[child//child, son, daughter]N'N$dumu/dumu#~",
                  "f": {
                    "lang": "sux",
                    "form": "dumu",
                    "delim": "",
                    "gdl": [
                      {
                        "v": "dumu",
                        "gdl_utf8": "𒌉",
                        "id": "Q007338.10.1.0"
                      }
                    ],
                    "cf": "dumu",
                    "gw": "child",
                    "sense": "child, son, daughter",
                    "norm0": "dumu",
                    "pos": "N",
                    "epos": "N",
                    "base": "dumu",
                    "morph": "~"
                  }
                },
                {
                  "node": "l",
                  "frag": "da-mu-u₂-a",
                  "id": "Q007338.l034ef",
                  "ref": "Q007338.10.2",
                  "inst": "Damuʾa[1]PN",
                  "sig": "@ribo/babylon0%sux:da-mu-u₂-a=Damuʾa[1//1]PN'PN$Damuʾa/da-mu-u₂-a#~",
                  "f": {
                    "lang": "sux",
                    "form": "da-mu-u₂-a",
                    "gdl": [
                      {
                        "v": "da",
                        "gdl_utf8": "𒁕",
                        "id": "Q007338.10.2.0",
                        "delim": "-"
                      },
                      {
                        "v": "mu",
                        "gdl_utf8": "𒈬",
                        "id": "Q007338.10.2.1",
                        "delim": "-"
                      },
                      {
                        "v": "u₂",
                        "gdl_utf8": "𒌑",
                        "id": "Q007338.10.2.2",
                        "delim": "-"
                      },
                      {
                        "v": "a",
                        "gdl_utf8": "𒀀",
                        "id": "Q007338.10.2.3"
                      }
                    ],
                    "cf": "Damuʾa",
                    "gw": "1",
                    "sense": "1",
                    "norm0": "Damuʾa",
                    "pos": "PN",
                    "epos": "PN",
                    "base": "da-mu-u₂-a",
                    "morph": "~"
                  }
                },
                {
                  "node": "d",
                  "type": "line-start",
                  "ref": "Q007338.11",
                  "n": "11",
                  "label": "11"
                },
                {
                  "node": "l",
                  "frag": "{na₄}saŋ",
                  "id": "Q007338.l034f0",
                  "ref": "Q007338.11.1",
                  "inst": "saŋ[a part of an object]N",
                  "sig": "@ribo/babylon0%sux:{na₄}saŋ=saŋ[~object//a part of an object]N'N$saŋ/{na₄}saŋ#~",
                  "f": {
                    "lang": "sux",
                    "form": "{na₄}saŋ",
                    "delim": "",
                    "gdl": [
                      {
                        "det": "semantic",
                        "pos": "pre",
                        "seq": [
                          {
                            "v": "na₄",
                            "gdl_utf8": "𒉌𒌓",
                            "id": "Q007338.11.1.0"
                          }
                        ]
                      },
                      {
                        "v": "saŋ",
                        "gdl_utf8": "𒊕",
                        "id": "Q007338.11.1.1"
                      }
                    ],
                    "cf": "saŋ",
                    "gw": "~object",
                    "sense": "a part of an object",
                    "norm0": "saŋ",
                    "pos": "N",
                    "epos": "N",
                    "base": "{na₄}saŋ",
                    "morph": "~"
                  }
                },
                {
                  "node": "l",
                  "frag": "tukul",
                  "id": "Q007338.l034f1",
                  "ref": "Q007338.11.2",
                  "inst": "tukul[weapon]N",
                  "sig": "@ribo/babylon0%sux:tukul=tukul[weapon//weapon]N'N$tukul/tukul#~",
                  "f": {
                    "lang": "sux",
                    "form": "tukul",
                    "gdl": [
                      {
                        "v": "tukul",
                        "gdl_utf8": "𒆪",
                        "id": "Q007338.11.2.0"
                      }
                    ],
                    "cf": "tukul",
                    "gw": "weapon",
                    "sense": "weapon",
                    "norm0": "tukul",
                    "pos": "N",
                    "epos": "N",
                    "base": "tukul",
                    "morph": "~"
                  }
                },
                {
                  "node": "d",
                  "type": "line-start",
                  "ref": "Q007338.12",
                  "n": "12",
                  "label": "12"
                },
                {
                  "node": "l",
                  "frag": "me-te",
                  "id": "Q007338.l034f2",
                  "ref": "Q007338.12.1",
                  "inst": "mete[appropriate thing, ornament]N",
                  "sig": "@ribo/babylon0%sux:me-te=mete[appropriate thing//appropriate thing, ornament]N'N$mete/me-te#~",
                  "f": {
                    "lang": "sux",
                    "form": "me-te",
                    "delim": "",
                    "gdl": [
                      {
                        "v": "me",
                        "gdl_utf8": "𒈨",
                        "id": "Q007338.12.1.0",
                        "delim": "-"
                      },
                      {
                        "v": "te",
                        "gdl_utf8": "𒋼",
                        "id": "Q007338.12.1.1"
                      }
                    ],
                    "cf": "mete",
                    "gw": "appropriate thing",
                    "sense": "appropriate thing, ornament",
                    "norm0": "mete",
                    "pos": "N",
                    "epos": "N",
                    "base": "me-te",
                    "morph": "~"
                  }
                },
                {
                  "node": "l",
                  "frag": "nam-dingir-ra-na",
                  "id": "Q007338.l034f3",
                  "ref": "Q007338.12.2",
                  "inst": "namdiŋir[divinity]N",
                  "sig": "@ribo/babylon0%sux:nam-dingir-ra-na=namdiŋir[divinity//divinity]N'N$namdiŋir,ani.ak/nam-diŋir+-ra=r.a#~,ani.ak",
                  "f": {
                    "lang": "sux",
                    "form": "nam-dingir-ra-na",
                    "gdl": [
                      {
                        "v": "nam",
                        "gdl_utf8": "𒉆",
                        "id": "Q007338.12.2.0",
                        "delim": "-"
                      },
                      {
                        "v": "dingir",
                        "gdl_utf8": "𒀭",
                        "id": "Q007338.12.2.1",
                        "delim": "-"
                      },
                      {
                        "v": "ra",
                        "gdl_utf8": "𒊏",
                        "id": "Q007338.12.2.2",
                        "delim": "-"
                      },
                      {
                        "v": "na",
                        "gdl_utf8": "𒈾",
                        "id": "Q007338.12.2.3"
                      }
                    ],
                    "cf": "namdiŋir",
                    "gw": "divinity",
                    "sense": "divinity",
                    "norm0": "namdiŋir,ani.ak",
                    "pos": "N",
                    "epos": "N",
                    "base": "nam-diŋir",
                    "cont": "-ra=r.a",
                    "morph": "~,ani.ak"
                  }
                },
                {
                  "node": "d",
                  "type": "line-start",
                  "ref": "Q007338.13",
                  "n": "13",
                  "label": "13"
                },
                {
                  "node": "l",
                  "frag": "mu-na-an-dim₂",
                  "id": "Q007338.l034f4",
                  "ref": "Q007338.13.1",
                  "inst": "dim[to create, make, manufacture]V/t",
                  "sig": "@ribo/babylon0%sux:mu-na-an-dim₂=dim[create//to create, make, manufacture]V/t'V/t$mu.na.n:dim/dim₂#mu.na.n:~",
                  "f": {
                    "lang": "sux",
                    "form": "mu-na-an-dim₂",
                    "gdl": [
                      {
                        "v": "mu",
                        "gdl_utf8": "𒈬",
                        "id": "Q007338.13.1.0",
                        "delim": "-"
                      },
                      {
                        "v": "na",
                        "gdl_utf8": "𒈾",
                        "id": "Q007338.13.1.1",
                        "delim": "-"
                      },
                      {
                        "v": "an",
                        "gdl_utf8": "𒀭",
                        "id": "Q007338.13.1.2",
                        "delim": "-"
                      },
                      {
                        "v": "dim₂",
                        "gdl_utf8": "𒁶",
                        "id": "Q007338.13.1.3"
                      }
                    ],
                    "cf": "dim",
                    "gw": "create",
                    "sense": "to create, make, manufacture",
                    "norm0": "mu.na.n:dim",
                    "pos": "V/t",
                    "epos": "V/t",
                    "base": "dim₂",
                    "morph": "mu.na.n:~"
                  }
                },
                {
                  "node": "d",
                  "type": "line-start",
                  "ref": "Q007338.14",
                  "n": "14",
                  "label": "14"
                },
                {
                  "node": "l",
                  "frag": "urdu",
                  "id": "Q007338.l034f5",
                  "ref": "Q007338.14.1",
                  "inst": "arad[slave, servant]N",
                  "sig": "@ribo/babylon0%sux:urdu=arad[slave//slave, servant]N'N$arad/urdu#~",
                  "f": {
                    "lang": "sux",
                    "form": "urdu",
                    "delim": "",
                    "gdl": [
                      {
                        "v": "urdu",
                        "gdl_utf8": "𒀴",
                        "id": "Q007338.14.1.0"
                      }
                    ],
                    "cf": "arad",
                    "gw": "slave",
                    "sense": "slave, servant",
                    "norm0": "arad",
                    "pos": "N",
                    "epos": "N",
                    "base": "urdu",
                    "morph": "~"
                  }
                },
                {
                  "node": "l",
                  "frag": "ni₂-tuku-ne₂",
                  "id": "Q007338.l034f6",
                  "ref": "Q007338.14.2",
                  "inst": "nituku[pious, attentive]AJ",
                  "sig": "@ribo/babylon0%sux:ni₂-tuku-ne₂=nituku[pious//pious, attentive]AJ'AJ$nituku,ani.e/ni₂-tuku#~,ani.e",
                  "f": {
                    "lang": "sux",
                    "form": "ni₂-tuku-ne₂",
                    "gdl": [
                      {
                        "v": "ni₂",
                        "gdl_utf8": "𒉎",
                        "id": "Q007338.14.2.0",
                        "delim": "-"
                      },
                      {
                        "v": "tuku",
                        "gdl_utf8": "𒌇",
                        "id": "Q007338.14.2.1",
                        "delim": "-"
                      },
                      {
                        "v": "ne₂",
                        "gdl_utf8": "𒉌",
                        "id": "Q007338.14.2.2"
                      }
                    ],
                    "cf": "nituku",
                    "gw": "pious",
                    "sense": "pious, attentive",
                    "norm0": "nituku,ani.e",
                    "pos": "AJ",
                    "epos": "AJ",
                    "base": "ni₂-tuku",
                    "morph": "~,ani.e"
                  }
                },
                {
                  "node": "d",
                  "type": "line-start",
                  "ref": "Q007338.15",
                  "n": "15",
                  "label": "15"
                },
                {
                  "node": "c",
                  "type": "phrase",
                  "tag": "phr",
                  "id": "Q007338.U4",
                  "ref": "Q007338.ls00000",
                  "cdl": [
                    {
                      "node": "l",
                      "frag": "a",
                      "id": "Q007338.l034f7",
                      "ref": "Q007338.15.1",
                      "inst": "a[water]N",
                      "sig": "@ribo/babylon0%sux:a=a[water//water]N'N$a/a#~",
                      "f": {
                        "lang": "sux",
                        "form": "a",
                        "delim": "",
                        "gdl": [
                          {
                            "v": "a",
                            "gdl_utf8": "𒀀",
                            "id": "Q007338.15.1.0"
                          }
                        ],
                        "cf": "a",
                        "gw": "water",
                        "sense": "water",
                        "norm0": "a",
                        "pos": "N",
                        "epos": "N",
                        "base": "a",
                        "morph": "~"
                      }
                    },
                    {
                      "node": "l",
                      "frag": "mu-na-ru",
                      "id": "Q007338.l034f8",
                      "ref": "Q007338.15.2",
                      "inst": "ri[to impose]V/t",
                      "sig": "@ribo/babylon0%sux:mu-na-ru=ri[impose//to impose]V/t'V/t$mu.na:ri/ru#mu.na:~",
                      "f": {
                        "lang": "sux",
                        "form": "mu-na-ru",
                        "gdl": [
                          {
                            "v": "mu",
                            "gdl_utf8": "𒈬",
                            "id": "Q007338.15.2.0",
                            "delim": "-"
                          },
                          {
                            "v": "na",
                            "gdl_utf8": "𒈾",
                            "id": "Q007338.15.2.1",
                            "delim": "-"
                          },
                          {
                            "v": "ru",
                            "gdl_utf8": "𒊒",
                            "id": "Q007338.15.2.2"
                          }
                        ],
                        "cf": "ri",
                        "gw": "impose",
                        "sense": "to impose",
                        "norm0": "mu.na:ri",
                        "pos": "V/t",
                        "epos": "V/t",
                        "base": "ru",
                        "morph": "mu.na:~"
                      }
                    }
                  ]
                }
              ]
            }
          ]
        }
      ]
    },
    {
      "linkbase": [
        {
          "type": "linkset",
          "xlink_title": "a ru[dedicate//to dedicate]V/t'V/t",
          "id": "Q007338.ls00000",
          "xlink_type": "extended",
          "xlink_role": "psu",
          "sig": "{a mu-na-ru = a[water]N ri[impose]V/t += a ru[dedicate//to dedicate]V/t'V/t}::@ribo/babylon0%sux:a=a[water//water]N'N$a/a#~++@ribo/babylon0%sux:mu-na-ru=ri[impose//to impose]V/t'V/t$mu.na:ri/ru#mu.na:~",
          "links": [
            {
              "type": "link",
              "xlink_title": "a",
              "xlink_type": "locator",
              "xlink_href": "#Q007338.l034f7",
              "xlink_role": "elt"
            },
            {
              "type": "link",
              "xlink_title": "ri",
              "xlink_type": "locator",
              "xlink_href": "#Q007338.l034f8",
              "xlink_role": "elt"
            }
          ]
        }
      ]
    }
  ]
}
