{
  "type": "cdl",
  "project": "ribo/babylon0",
  "source": "http://oracc.org/ribo/babylon0",
  "license": "This data is released under the CC0 license",
  "license-url": "https://creativecommons.org/publicdomain/zero/1.0/",
  "more-info": "http://oracc.org/doc/opendata/",
  "UTC-timestamp": "2019-01-12T08:23:06",
  "textid": "Q007323",
  "cdl": [
    {
      "node": "c",
      "type": "text",
      "id": "Q007323.U0",
      "cdl": [
        {
          "node": "d",
          "type": "object",
          "ref": ""
        },
        {
          "node": "d",
          "type": "surface",
          "ref": ""
        },
        {
          "node": "d",
          "type": "nonx",
          "ref": "Q007323.1",
          "strict": "0",
          "state": "other"
        },
        {
          "node": "c",
          "type": "discourse",
          "subtype": "body",
          "id": "Q007323.U1",
          "cdl": [
            {
              "node": "c",
              "type": "sentence",
              "implicit": "yes",
              "id": "Q007323.U2",
              "label": "1' - 5'",
              "cdl": [
                {
                  "node": "d",
                  "type": "line-start",
                  "ref": "Q007323.2",
                  "n": "1'",
                  "label": "1'"
                },
                {
                  "node": "l",
                  "frag": "x",
                  "id": "Q007323.l00e2a",
                  "ref": "Q007323.2.1",
                  "inst": "%sux:x=",
                  "f": {
                    "lang": "sux",
                    "form": "x",
                    "delim": "",
                    "gdl": [
                      {
                        "v": "x",
                        "gdl_utf8": "x",
                        "id": "Q007323.2.1.0"
                      }
                    ]
                  }
                },
                {
                  "node": "l",
                  "frag": "[...]",
                  "id": "Q007323.l00e2b",
                  "ref": "Q007323.2.2",
                  "inst": "%sux:x=",
                  "f": {
                    "lang": "sux",
                    "form": "x",
                    "gdl": [
                      {
                        "x": "ellipsis",
                        "id": "Q007323.2.2.0",
                        "breakStart": "1",
                        "break": "missing",
                        "o": "]",
                        "breakEnd": "Q007323.2.2.0"
                      }
                    ]
                  }
                },
                {
                  "node": "d",
                  "type": "line-start",
                  "ref": "Q007323.3",
                  "n": "2'",
                  "label": "2'"
                },
                {
                  "node": "l",
                  "frag": "⸢lugal⸣",
                  "id": "Q007323.l00e2c",
                  "ref": "Q007323.3.1",
                  "inst": "%sux:lugal=",
                  "f": {
                    "lang": "sux",
                    "form": "lugal",
                    "delim": "",
                    "gdl": [
                      {
                        "v": "lugal",
                        "gdl_utf8": "𒈗",
                        "id": "Q007323.3.1.0",
                        "break": "damaged",
                        "ho": "1",
                        "hc": "1"
                      }
                    ]
                  }
                },
                {
                  "node": "l",
                  "frag": "mar-⸢tu⸣",
                  "id": "Q007323.l00e2d",
                  "ref": "Q007323.3.2",
                  "inst": "%sux:mar-tu=",
                  "f": {
                    "lang": "sux",
                    "form": "mar-tu",
                    "gdl": [
                      {
                        "v": "mar",
                        "gdl_utf8": "𒈥",
                        "id": "Q007323.3.2.0",
                        "delim": "-"
                      },
                      {
                        "v": "tu",
                        "gdl_utf8": "𒌅",
                        "id": "Q007323.3.2.1",
                        "break": "damaged",
                        "ho": "1",
                        "hc": "1"
                      }
                    ]
                  }
                },
                {
                  "node": "d",
                  "type": "line-start",
                  "ref": "Q007323.4",
                  "n": "3'",
                  "label": "3'"
                },
                {
                  "node": "l",
                  "frag": "dumu",
                  "id": "Q007323.l00e2e",
                  "ref": "Q007323.4.1",
                  "inst": "%sux:dumu=",
                  "f": {
                    "lang": "sux",
                    "form": "dumu",
                    "delim": "",
                    "gdl": [
                      {
                        "v": "dumu",
                        "gdl_utf8": "𒌉",
                        "id": "Q007323.4.1.0"
                      }
                    ]
                  }
                },
                {
                  "node": "l",
                  "frag": "{d}suen-mu-ba-li₂-⸢iṭ⸣",
                  "id": "Q007323.l00e2f",
                  "ref": "Q007323.4.2",
                  "inst": "%sux:{d}suen-mu-ba-li₂-iṭ=",
                  "f": {
                    "lang": "sux",
                    "form": "{d}suen-mu-ba-li₂-iṭ",
                    "gdl": [
                      {
                        "det": "semantic",
                        "pos": "pre",
                        "seq": [
                          {
                            "v": "d",
                            "gdl_utf8": "𒀭",
                            "id": "Q007323.4.2.0"
                          }
                        ]
                      },
                      {
                        "v": "suen",
                        "gdl_utf8": "𒂗𒍪",
                        "id": "Q007323.4.2.1",
                        "delim": "-"
                      },
                      {
                        "v": "mu",
                        "gdl_utf8": "𒈬",
                        "id": "Q007323.4.2.2",
                        "delim": "-"
                      },
                      {
                        "v": "ba",
                        "gdl_utf8": "𒁀",
                        "id": "Q007323.4.2.3",
                        "delim": "-"
                      },
                      {
                        "v": "li₂",
                        "gdl_utf8": "𒉌",
                        "id": "Q007323.4.2.4",
                        "delim": "-"
                      },
                      {
                        "v": "iṭ",
                        "gdl_utf8": "𒀉",
                        "id": "Q007323.4.2.5",
                        "break": "damaged",
                        "ho": "1",
                        "hc": "1"
                      }
                    ]
                  }
                },
                {
                  "node": "d",
                  "type": "line-start",
                  "ref": "Q007323.5",
                  "n": "4'",
                  "label": "4'"
                },
                {
                  "node": "l",
                  "frag": "ibila-ni",
                  "id": "Q007323.l00e30",
                  "ref": "Q007323.5.1",
                  "inst": "%sux:ibila-ni=",
                  "f": {
                    "lang": "sux",
                    "form": "ibila-ni",
                    "gdl": [
                      {
                        "v": "ibila",
                        "gdl_utf8": "𒌉𒍑",
                        "id": "Q007323.5.1.0",
                        "delim": "-"
                      },
                      {
                        "v": "ni",
                        "gdl_utf8": "𒉌",
                        "id": "Q007323.5.1.1"
                      }
                    ]
                  }
                },
                {
                  "node": "d",
                  "type": "line-start",
                  "ref": "Q007323.6",
                  "n": "5'",
                  "label": "5'"
                },
                {
                  "node": "l",
                  "frag": "lugal",
                  "id": "Q007323.l00e31",
                  "ref": "Q007323.6.1",
                  "inst": "%sux:lugal=",
                  "f": {
                    "lang": "sux",
                    "form": "lugal",
                    "delim": "",
                    "gdl": [
                      {
                        "v": "lugal",
                        "gdl_utf8": "𒈗",
                        "id": "Q007323.6.1.0"
                      }
                    ]
                  }
                },
                {
                  "node": "l",
                  "frag": "ki-⸢uri⸣",
                  "id": "Q007323.l00e32",
                  "ref": "Q007323.6.2",
                  "inst": "%sux:ki-uri=",
                  "f": {
                    "lang": "sux",
                    "form": "ki-uri",
                    "gdl": [
                      {
                        "v": "ki",
                        "gdl_utf8": "𒆠",
                        "id": "Q007323.6.2.0",
                        "delim": "-"
                      },
                      {
                        "v": "uri",
                        "gdl_utf8": "𒌵",
                        "id": "Q007323.6.2.1",
                        "break": "damaged",
                        "ho": "1",
                        "hc": "1"
                      }
                    ]
                  }
                }
              ]
            }
          ]
        }
      ]
    }
  ]
}
