{
  "type": "cdl",
  "project": "ribo/babylon0",
  "source": "http://oracc.org/ribo/babylon0",
  "license": "This data is released under the CC0 license",
  "license-url": "https://creativecommons.org/publicdomain/zero/1.0/",
  "more-info": "http://oracc.org/doc/opendata/",
  "UTC-timestamp": "2019-01-12T08:23:20",
  "textid": "Q007646",
  "cdl": [
    {
      "node": "c",
      "type": "text",
      "id": "Q007646.U0",
      "cdl": [
        {
          "node": "d",
          "type": "object",
          "ref": ""
        },
        {
          "node": "d",
          "type": "surface",
          "ref": ""
        },
        {
          "node": "c",
          "type": "discourse",
          "subtype": "body",
          "id": "Q007646.U1",
          "cdl": [
            {
              "node": "c",
              "type": "sentence",
              "implicit": "yes",
              "id": "Q007646.U2",
              "label": "1",
              "cdl": [
                {
                  "node": "d",
                  "type": "line-start",
                  "ref": "Q007646.1",
                  "n": "1",
                  "label": "1"
                },
                {
                  "node": "l",
                  "frag": "mu",
                  "id": "Q007646.l001e6",
                  "ref": "Q007646.1.1",
                  "inst": "mu[year]N",
                  "sig": "@ribo/babylon0%sux:mu=mu[year//year]N'N$mu/mu#~",
                  "f": {
                    "lang": "sux",
                    "form": "mu",
                    "delim": "",
                    "gdl": [
                      {
                        "v": "mu",
                        "gdl_utf8": "𒈬",
                        "id": "Q007646.1.1.0"
                      }
                    ],
                    "cf": "mu",
                    "gw": "year",
                    "sense": "year",
                    "norm0": "mu",
                    "pos": "N",
                    "epos": "N",
                    "base": "mu",
                    "morph": "~"
                  }
                },
                {
                  "node": "l",
                  "frag": "am-mi-di-ta-na",
                  "id": "Q007646.l001e7",
                  "ref": "Q007646.1.2",
                  "inst": "Ammi-ditana[king of Babylon]RN",
                  "sig": "@ribo/babylon0%sux:am-mi-di-ta-na=Ammi-ditana[king of Babylon//king of Babylon]RN'RN$Ammi-ditana/am-mi-di-ta-na#~",
                  "f": {
                    "lang": "sux",
                    "form": "am-mi-di-ta-na",
                    "delim": "",
                    "gdl": [
                      {
                        "v": "am",
                        "gdl_utf8": "𒄠",
                        "id": "Q007646.1.2.0",
                        "delim": "-"
                      },
                      {
                        "v": "mi",
                        "gdl_utf8": "𒈪",
                        "id": "Q007646.1.2.1",
                        "delim": "-"
                      },
                      {
                        "v": "di",
                        "gdl_utf8": "𒁲",
                        "id": "Q007646.1.2.2",
                        "delim": "-"
                      },
                      {
                        "v": "ta",
                        "gdl_utf8": "𒋫",
                        "id": "Q007646.1.2.3",
                        "delim": "-"
                      },
                      {
                        "v": "na",
                        "gdl_utf8": "𒈾",
                        "id": "Q007646.1.2.4"
                      }
                    ],
                    "cf": "Ammi-ditana",
                    "gw": "king of Babylon",
                    "sense": "king of Babylon",
                    "norm0": "Ammi-ditana",
                    "pos": "RN",
                    "epos": "RN",
                    "base": "am-mi-di-ta-na",
                    "morph": "~"
                  }
                },
                {
                  "node": "l",
                  "frag": "lugal-e",
                  "id": "Q007646.l001e8",
                  "ref": "Q007646.1.3",
                  "inst": "lugal[king]N",
                  "sig": "@ribo/babylon0%sux:lugal-e=lugal[king//king]N'N$lugal,e/lugal#~,e",
                  "f": {
                    "lang": "sux",
                    "form": "lugal-e",
                    "delim": "",
                    "gdl": [
                      {
                        "v": "lugal",
                        "gdl_utf8": "𒈗",
                        "id": "Q007646.1.3.0",
                        "delim": "-"
                      },
                      {
                        "v": "e",
                        "gdl_utf8": "𒂊",
                        "id": "Q007646.1.3.1"
                      }
                    ],
                    "cf": "lugal",
                    "gw": "king",
                    "sense": "king",
                    "norm0": "lugal,e",
                    "pos": "N",
                    "epos": "N",
                    "base": "lugal",
                    "morph": "~,e"
                  }
                },
                {
                  "node": "l",
                  "frag": "{d}utu",
                  "id": "Q007646.l001e9",
                  "ref": "Q007646.1.4",
                  "inst": "Utu[1]DN",
                  "sig": "@ribo/babylon0%sux:{d}utu=Utu[1//1]DN'DN$Utu/{d}utu#~",
                  "f": {
                    "lang": "sux",
                    "form": "{d}utu",
                    "delim": "",
                    "gdl": [
                      {
                        "det": "semantic",
                        "pos": "pre",
                        "seq": [
                          {
                            "v": "d",
                            "gdl_utf8": "𒀭",
                            "id": "Q007646.1.4.0"
                          }
                        ]
                      },
                      {
                        "v": "utu",
                        "gdl_utf8": "𒌓",
                        "id": "Q007646.1.4.1"
                      }
                    ],
                    "cf": "Utu",
                    "gw": "1",
                    "sense": "1",
                    "norm0": "Utu",
                    "pos": "DN",
                    "epos": "DN",
                    "base": "{d}utu",
                    "morph": "~"
                  }
                },
                {
                  "node": "l",
                  "frag": "lugal",
                  "id": "Q007646.l001ea",
                  "ref": "Q007646.1.5",
                  "inst": "lugal[king]N",
                  "sig": "@ribo/babylon0%sux:lugal=lugal[king//king]N'N$lugal/lugal#~",
                  "f": {
                    "lang": "sux",
                    "form": "lugal",
                    "delim": "",
                    "gdl": [
                      {
                        "v": "lugal",
                        "gdl_utf8": "𒈗",
                        "id": "Q007646.1.5.0"
                      }
                    ],
                    "cf": "lugal",
                    "gw": "king",
                    "sense": "king",
                    "norm0": "lugal",
                    "pos": "N",
                    "epos": "N",
                    "base": "lugal",
                    "morph": "~"
                  }
                },
                {
                  "node": "l",
                  "frag": "(en)",
                  "id": "Q007646.l001eb",
                  "ref": "Q007646.1.6",
                  "inst": "en[lord]N",
                  "sig": "@ribo/babylon0%sux:en=en[lord//lord]N'N$en/en#~",
                  "f": {
                    "lang": "sux",
                    "form": "en",
                    "delim": "",
                    "gdl": [
                      {
                        "v": "en",
                        "gdl_utf8": "𒂗",
                        "id": "Q007646.1.6.0",
                        "statusStart": "Q007646.1.6.0",
                        "o": ")"
                      }
                    ],
                    "cf": "en",
                    "gw": "lord",
                    "sense": "lord",
                    "norm0": "en",
                    "pos": "N",
                    "epos": "N",
                    "base": "en",
                    "morph": "~"
                  }
                },
                {
                  "node": "l",
                  "frag": "bala-a-na",
                  "id": "Q007646.l001ec",
                  "ref": "Q007646.1.7",
                  "inst": "bala[reign]'N",
                  "sig": "@ribo/babylon0%sux:bala-a-na=bala[turn//reign]V/t'N$bala,ani.ak/bala#~,ani.ak",
                  "f": {
                    "lang": "sux",
                    "form": "bala-a-na",
                    "delim": "",
                    "gdl": [
                      {
                        "v": "bala",
                        "gdl_utf8": "𒁄",
                        "id": "Q007646.1.7.0",
                        "delim": "-"
                      },
                      {
                        "v": "a",
                        "gdl_utf8": "𒀀",
                        "id": "Q007646.1.7.1",
                        "delim": "-"
                      },
                      {
                        "v": "na",
                        "gdl_utf8": "𒈾",
                        "id": "Q007646.1.7.2"
                      }
                    ],
                    "cf": "bala",
                    "gw": "turn",
                    "sense": "reign",
                    "norm0": "bala,ani.ak",
                    "pos": "V/t",
                    "epos": "N",
                    "base": "bala",
                    "morph": "~,ani.ak"
                  }
                },
                {
                  "node": "l",
                  "frag": "(...)",
                  "id": "Q007646.l001ed",
                  "ref": "Q007646.1.8",
                  "inst": "u",
                  "f": {
                    "lang": "sux",
                    "form": "x",
                    "delim": "",
                    "gdl": [
                      {
                        "x": "ellipsis",
                        "id": "Q007646.1.8.0",
                        "statusStart": "Q007646.1.8.0",
                        "o": ")"
                      }
                    ],
                    "pos": "u"
                  }
                },
                {
                  "node": "l",
                  "frag": "{ŋeš}gu-za",
                  "id": "Q007646.l001ee",
                  "ref": "Q007646.1.9",
                  "inst": "guza[chair, throne]N",
                  "sig": "@ribo/babylon0%sux:{ŋeš}gu-za=guza[chair//chair, throne]N'N$guza/{ŋeš}gu-za#~",
                  "f": {
                    "lang": "sux",
                    "form": "{ŋeš}gu-za",
                    "delim": "",
                    "gdl": [
                      {
                        "det": "semantic",
                        "pos": "pre",
                        "seq": [
                          {
                            "v": "ŋeš",
                            "gdl_utf8": "𒄑",
                            "id": "Q007646.1.9.0"
                          }
                        ]
                      },
                      {
                        "v": "gu",
                        "gdl_utf8": "𒄖",
                        "id": "Q007646.1.9.1",
                        "delim": "-"
                      },
                      {
                        "v": "za",
                        "gdl_utf8": "𒍝",
                        "id": "Q007646.1.9.2"
                      }
                    ],
                    "cf": "guza",
                    "gw": "chair",
                    "sense": "chair, throne",
                    "norm0": "guza",
                    "pos": "N",
                    "epos": "N",
                    "base": "{ŋeš}gu-za",
                    "morph": "~"
                  }
                },
                {
                  "node": "l",
                  "frag": "ki",
                  "id": "Q007646.l001ef",
                  "ref": "Q007646.1.10",
                  "inst": "ki[place]N",
                  "sig": "@ribo/babylon0%sux:ki=ki[place//place]N'N$ki/ki#~",
                  "f": {
                    "lang": "sux",
                    "form": "ki",
                    "delim": "",
                    "gdl": [
                      {
                        "v": "ki",
                        "gdl_utf8": "𒆠",
                        "id": "Q007646.1.10.0"
                      }
                    ],
                    "cf": "ki",
                    "gw": "place",
                    "sense": "place",
                    "norm0": "ki",
                    "pos": "N",
                    "epos": "N",
                    "base": "ki",
                    "morph": "~"
                  }
                },
                {
                  "node": "l",
                  "frag": "bad-ra₂",
                  "id": "Q007646.l001f0",
                  "ref": "Q007646.1.11",
                  "inst": "bad[open//(to be) remote]V/t'V/i",
                  "sig": "@ribo/babylon0%sux:bad-ra₂=bad[open//(to be) remote]V/t'V/i$bad;a/bad+-ra₂=r.a#~;a",
                  "f": {
                    "lang": "sux",
                    "form": "bad-ra₂",
                    "delim": "",
                    "gdl": [
                      {
                        "v": "bad",
                        "gdl_utf8": "𒁁",
                        "id": "Q007646.1.11.0",
                        "delim": "-"
                      },
                      {
                        "v": "ra₂",
                        "gdl_utf8": "𒁺",
                        "id": "Q007646.1.11.1"
                      }
                    ],
                    "cf": "bad",
                    "gw": "open",
                    "sense": "(to be) remote",
                    "norm0": "bad;a",
                    "pos": "V/t",
                    "epos": "V/i",
                    "base": "bad",
                    "cont": "-ra₂=r.a",
                    "morph": "~;a"
                  }
                },
                {
                  "node": "l",
                  "frag": "ku₃-si₂₂-ga-ke₄",
                  "id": "Q007646.l001f1",
                  "ref": "Q007646.1.12",
                  "inst": "kugsig[gold]N",
                  "sig": "@ribo/babylon0%sux:ku₃-si₂₂-ga-ke₄=kugsig[gold//gold]N'N$kugsig,ak.e/ku₃-si₂₂-g·a#~,ak.e",
                  "f": {
                    "lang": "sux",
                    "form": "ku₃-si₂₂-ga-ke₄",
                    "delim": "",
                    "gdl": [
                      {
                        "v": "ku₃",
                        "gdl_utf8": "𒆬",
                        "id": "Q007646.1.12.0",
                        "delim": "-"
                      },
                      {
                        "v": "si₂₂",
                        "gdl_utf8": "𒄀",
                        "id": "Q007646.1.12.1",
                        "delim": "-"
                      },
                      {
                        "v": "ga",
                        "gdl_utf8": "𒂵",
                        "id": "Q007646.1.12.2",
                        "delim": "-"
                      },
                      {
                        "v": "ke₄",
                        "gdl_utf8": "𒆤",
                        "id": "Q007646.1.12.3"
                      }
                    ],
                    "cf": "kugsig",
                    "gw": "gold",
                    "sense": "gold",
                    "norm0": "kugsig,ak.e",
                    "pos": "N",
                    "epos": "N",
                    "base": "ku₃-si₂₂-g·a",
                    "morph": "~,ak.e"
                  }
                },
                {
                  "node": "l",
                  "frag": "u₃",
                  "id": "Q007646.l001f2",
                  "ref": "Q007646.1.13",
                  "inst": "u[and]CNJ",
                  "sig": "@ribo/babylon0%sux:u₃=u[and//and]CNJ'CNJ$u/u₃#~",
                  "f": {
                    "lang": "sux",
                    "form": "u₃",
                    "delim": "",
                    "gdl": [
                      {
                        "v": "u₃",
                        "gdl_utf8": "𒅇",
                        "id": "Q007646.1.13.0"
                      }
                    ],
                    "cf": "u",
                    "gw": "and",
                    "sense": "and",
                    "norm0": "u",
                    "pos": "CNJ",
                    "epos": "CNJ",
                    "base": "u₃",
                    "morph": "~"
                  }
                },
                {
                  "node": "l",
                  "frag": "alan-a-ni",
                  "id": "Q007646.l001f3",
                  "ref": "Q007646.1.14",
                  "inst": "alan[statue]N",
                  "sig": "@ribo/babylon0%sux:alan-a-ni=alan[statue//statue]N'N$alan,ani/alan#~,ani",
                  "f": {
                    "lang": "sux",
                    "form": "alan-a-ni",
                    "delim": "",
                    "gdl": [
                      {
                        "v": "alan",
                        "gdl_utf8": "𒀩",
                        "id": "Q007646.1.14.0",
                        "delim": "-"
                      },
                      {
                        "v": "a",
                        "gdl_utf8": "𒀀",
                        "id": "Q007646.1.14.1",
                        "delim": "-"
                      },
                      {
                        "v": "ni",
                        "gdl_utf8": "𒉌",
                        "id": "Q007646.1.14.2"
                      }
                    ],
                    "cf": "alan",
                    "gw": "statue",
                    "sense": "statue",
                    "norm0": "alan,ani",
                    "pos": "N",
                    "epos": "N",
                    "base": "alan",
                    "morph": "~,ani"
                  }
                },
                {
                  "node": "l",
                  "frag": "hub₂",
                  "id": "Q007646.l001f4",
                  "ref": "Q007646.1.15",
                  "inst": "hub[foot]N",
                  "sig": "@ribo/babylon0%sux:hub₂=hub[foot//foot]N'N$hub/hub₂#~",
                  "f": {
                    "lang": "sux",
                    "form": "hub₂",
                    "delim": "",
                    "gdl": [
                      {
                        "v": "hub₂",
                        "gdl_utf8": "𒄸",
                        "id": "Q007646.1.15.0"
                      }
                    ],
                    "cf": "hub",
                    "gw": "foot",
                    "sense": "foot",
                    "norm0": "hub",
                    "pos": "N",
                    "epos": "N",
                    "base": "hub₂",
                    "morph": "~"
                  }
                },
                {
                  "node": "l",
                  "frag": "ab-de-de-a",
                  "id": "Q007646.l001f5",
                  "ref": "Q007646.1.16",
                  "inst": "di[go//to go]V/i'V/i",
                  "sig": "@ribo/babylon0%sux:ab-de-de-a=di[go//to go]V/i'V/i$V.b:di;a/de-de#V.b:~;a",
                  "f": {
                    "lang": "sux",
                    "form": "ab-de-de-a",
                    "delim": "",
                    "gdl": [
                      {
                        "v": "ab",
                        "gdl_utf8": "𒀊",
                        "id": "Q007646.1.16.0",
                        "delim": "-"
                      },
                      {
                        "v": "de",
                        "gdl_utf8": "𒁲",
                        "id": "Q007646.1.16.1",
                        "delim": "-"
                      },
                      {
                        "v": "de",
                        "gdl_utf8": "𒁲",
                        "id": "Q007646.1.16.2",
                        "delim": "-"
                      },
                      {
                        "v": "a",
                        "gdl_utf8": "𒀀",
                        "id": "Q007646.1.16.3"
                      }
                    ],
                    "cf": "di",
                    "gw": "go",
                    "sense": "to go",
                    "norm0": "V.b:di;a",
                    "pos": "V/i",
                    "epos": "V/i",
                    "base": "de-de",
                    "morph": "V.b:~;a"
                  }
                },
                {
                  "node": "l",
                  "frag": "e₂-babbar-ra-še₃",
                  "id": "Q007646.l001f6",
                  "ref": "Q007646.1.17",
                  "inst": "Ebabbar[temple in Sippar]TN",
                  "sig": "@ribo/babylon0%sux:e₂-babbar-ra-še₃=Ebabbar[temple in Sippar//temple in Sippar]TN'TN$Ebabbar,eše/e₂-babbar-ra#~,eše",
                  "f": {
                    "lang": "sux",
                    "form": "e₂-babbar-ra-še₃",
                    "delim": "",
                    "gdl": [
                      {
                        "v": "e₂",
                        "gdl_utf8": "𒂍",
                        "id": "Q007646.1.17.0",
                        "delim": "-"
                      },
                      {
                        "v": "babbar",
                        "gdl_utf8": "𒌓",
                        "id": "Q007646.1.17.1",
                        "delim": "-"
                      },
                      {
                        "v": "ra",
                        "gdl_utf8": "𒊏",
                        "id": "Q007646.1.17.2",
                        "delim": "-"
                      },
                      {
                        "v": "še₃",
                        "gdl_utf8": "𒂠",
                        "id": "Q007646.1.17.3"
                      }
                    ],
                    "cf": "Ebabbar",
                    "gw": "temple in Sippar",
                    "sense": "temple in Sippar",
                    "norm0": "Ebabbar,eše",
                    "pos": "TN",
                    "epos": "TN",
                    "base": "e₂-babbar-ra",
                    "morph": "~,eše"
                  }
                },
                {
                  "node": "l",
                  "frag": "i-ni-in-ku₄-ra-am₃",
                  "id": "Q007646.l001f7",
                  "ref": "Q007646.1.18",
                  "inst": "kur[enter//to bring into]V/i'V/t",
                  "sig": "@ribo/babylon0%sux:i-ni-in-ku₄-ra-am₃=kur[enter//to bring into]V/i'V/t$V.i.n:kur;a.am/ku₄-r·a#V.i.n:~;a.am",
                  "f": {
                    "lang": "sux",
                    "form": "i-ni-in-ku₄-ra-am₃",
                    "gdl": [
                      {
                        "v": "i",
                        "gdl_utf8": "𒄿",
                        "id": "Q007646.1.18.0",
                        "delim": "-"
                      },
                      {
                        "v": "ni",
                        "gdl_utf8": "𒉌",
                        "id": "Q007646.1.18.1",
                        "delim": "-"
                      },
                      {
                        "v": "in",
                        "gdl_utf8": "𒅔",
                        "id": "Q007646.1.18.2",
                        "delim": "-"
                      },
                      {
                        "v": "ku₄",
                        "gdl_utf8": "𒆭",
                        "id": "Q007646.1.18.3",
                        "delim": "-"
                      },
                      {
                        "v": "ra",
                        "gdl_utf8": "𒊏",
                        "id": "Q007646.1.18.4",
                        "delim": "-"
                      },
                      {
                        "v": "am₃",
                        "gdl_utf8": "𒀀𒀭",
                        "id": "Q007646.1.18.5"
                      }
                    ],
                    "cf": "kur",
                    "gw": "enter",
                    "sense": "to bring into",
                    "norm0": "V.i.n:kur;a.am",
                    "pos": "V/i",
                    "epos": "V/t",
                    "base": "ku₄-r·a",
                    "morph": "V.i.n:~;a.am"
                  }
                }
              ]
            }
          ]
        }
      ]
    }
  ]
}
