{
  "type": "cdl",
  "project": "ribo/babylon0",
  "source": "http://oracc.org/ribo/babylon0",
  "license": "This data is released under the CC0 license",
  "license-url": "https://creativecommons.org/publicdomain/zero/1.0/",
  "more-info": "http://oracc.org/doc/opendata/",
  "UTC-timestamp": "2019-01-12T08:23:14",
  "textid": "Q007386",
  "cdl": [
    {
      "node": "c",
      "type": "text",
      "id": "Q007386.U0",
      "cdl": [
        {
          "node": "d",
          "type": "object",
          "ref": ""
        },
        {
          "node": "d",
          "type": "surface",
          "ref": ""
        },
        {
          "node": "c",
          "type": "discourse",
          "subtype": "body",
          "id": "Q007386.U1",
          "cdl": [
            {
              "node": "c",
              "type": "sentence",
              "implicit": "yes",
              "id": "Q007386.U2",
              "label": "8 - 9",
              "cdl": [
                {
                  "node": "d",
                  "type": "line-start",
                  "ref": "Q007386.1",
                  "n": "8",
                  "label": "8"
                },
                {
                  "node": "l",
                  "frag": "mu",
                  "id": "Q007386.l0368d",
                  "ref": "Q007386.1.1",
                  "inst": "mu[year]N",
                  "sig": "@ribo/babylon0%sux:mu=mu[year//year]N'N$mu/mu#~",
                  "f": {
                    "lang": "sux",
                    "form": "mu",
                    "delim": "",
                    "gdl": [
                      {
                        "v": "mu",
                        "gdl_utf8": "𒈬",
                        "id": "Q007386.1.1.0"
                      }
                    ],
                    "cf": "mu",
                    "gw": "year",
                    "sense": "year",
                    "norm0": "mu",
                    "pos": "N",
                    "epos": "N",
                    "base": "mu",
                    "morph": "~"
                  }
                },
                {
                  "node": "l",
                  "frag": "(sa-am-su-i-lu-na",
                  "id": "Q007386.l0368e",
                  "ref": "Q007386.1.2",
                  "inst": "Samsu-iluna[king of Babylon]RN",
                  "sig": "@ribo/babylon0%sux:sa-am-su-i-lu-na=Samsu-iluna[king of Babylon//king of Babylon]RN'RN$Samsu-iluna/sa-am-su-i-lu-na#~",
                  "f": {
                    "lang": "sux",
                    "form": "sa-am-su-i-lu-na",
                    "delim": "",
                    "gdl": [
                      {
                        "v": "sa",
                        "gdl_utf8": "𒊓",
                        "id": "Q007386.1.2.0",
                        "statusStart": "1",
                        "o": "(",
                        "delim": "-"
                      },
                      {
                        "v": "am",
                        "gdl_utf8": "𒄠",
                        "id": "Q007386.1.2.1",
                        "delim": "-"
                      },
                      {
                        "v": "su",
                        "gdl_utf8": "𒋢",
                        "id": "Q007386.1.2.2",
                        "delim": "-"
                      },
                      {
                        "v": "i",
                        "gdl_utf8": "𒄿",
                        "id": "Q007386.1.2.3",
                        "delim": "-"
                      },
                      {
                        "v": "lu",
                        "gdl_utf8": "𒇻",
                        "id": "Q007386.1.2.4",
                        "delim": "-"
                      },
                      {
                        "v": "na",
                        "gdl_utf8": "𒈾",
                        "id": "Q007386.1.2.5"
                      }
                    ],
                    "cf": "Samsu-iluna",
                    "gw": "king of Babylon",
                    "sense": "king of Babylon",
                    "norm0": "Samsu-iluna",
                    "pos": "RN",
                    "epos": "RN",
                    "base": "sa-am-su-i-lu-na",
                    "morph": "~"
                  }
                },
                {
                  "node": "l",
                  "frag": "lugal-e)",
                  "id": "Q007386.l0368f",
                  "ref": "Q007386.1.3",
                  "inst": "lugal[king]N",
                  "sig": "@ribo/babylon0%sux:lugal-e=lugal[king//king]N'N$lugal,e/lugal#~,e",
                  "f": {
                    "lang": "sux",
                    "form": "lugal-e",
                    "delim": "",
                    "gdl": [
                      {
                        "v": "lugal",
                        "gdl_utf8": "𒈗",
                        "id": "Q007386.1.3.0",
                        "delim": "-"
                      },
                      {
                        "v": "e",
                        "gdl_utf8": "𒂊",
                        "id": "Q007386.1.3.1",
                        "o": ")",
                        "statusStart": "Q007386.1.2.0"
                      }
                    ],
                    "cf": "lugal",
                    "gw": "king",
                    "sense": "king",
                    "norm0": "lugal,e",
                    "pos": "N",
                    "epos": "N",
                    "base": "lugal",
                    "morph": "~,e"
                  }
                },
                {
                  "node": "l",
                  "frag": "{⸢i₇⸣}[he₂]-⸢ŋal₂⸣",
                  "id": "Q007386.l03690",
                  "ref": "Q007386.1.4",
                  "inst": "Samsu-iluna-hengal[1]WN",
                  "sig": "@ribo/babylon0%sux:{i₇}he₂-ŋal₂=Samsu-iluna-hengal[1//1]WN'WN$Samsu-iluna-hengal/{i₇}he₂-ŋal₂#~",
                  "f": {
                    "lang": "sux",
                    "form": "{i₇}he₂-ŋal₂",
                    "delim": "",
                    "gdl": [
                      {
                        "det": "semantic",
                        "pos": "pre",
                        "seq": [
                          {
                            "v": "i₇",
                            "gdl_utf8": "𒀀𒇉",
                            "id": "Q007386.1.4.0",
                            "break": "damaged",
                            "ho": "1",
                            "hc": "1"
                          }
                        ]
                      },
                      {
                        "v": "he₂",
                        "gdl_utf8": "𒃶",
                        "id": "Q007386.1.4.1",
                        "breakStart": "1",
                        "o": "]",
                        "break": "missing",
                        "breakEnd": "Q007386.1.4.1",
                        "delim": "-"
                      },
                      {
                        "v": "ŋal₂",
                        "gdl_utf8": "𒅅",
                        "id": "Q007386.1.4.2",
                        "break": "damaged",
                        "ho": "1",
                        "hc": "1"
                      }
                    ],
                    "cf": "Samsu-iluna-hengal",
                    "gw": "1",
                    "sense": "1",
                    "norm0": "Samsu-iluna-hengal",
                    "pos": "WN",
                    "epos": "WN",
                    "base": "{i₇}he₂-ŋal₂",
                    "morph": "~"
                  }
                },
                {
                  "node": "l",
                  "frag": "{(i₇}sa-am-su-i-lu-na-he₂-ŋal₂)",
                  "id": "Q007386.l03691",
                  "ref": "Q007386.1.5",
                  "inst": "Samsu-iluna-hengal[1]WN",
                  "sig": "@ribo/babylon0%sux:{i₇}sa-am-su-i-lu-na-he₂-ŋal₂=Samsu-iluna-hengal[1//1]WN'WN$Samsu-iluna-hengal/{i₇}sa-am-su-i-lu-na-he₂-ŋal₂#~",
                  "f": {
                    "lang": "sux",
                    "form": "{i₇}sa-am-su-i-lu-na-he₂-ŋal₂",
                    "delim": "",
                    "gdl": [
                      {
                        "det": "semantic",
                        "pos": "pre",
                        "seq": [
                          {
                            "v": "i₇",
                            "gdl_utf8": "𒀀𒇉",
                            "id": "Q007386.1.5.0",
                            "statusStart": "1",
                            "o": "("
                          }
                        ]
                      },
                      {
                        "v": "sa",
                        "gdl_utf8": "𒊓",
                        "id": "Q007386.1.5.1",
                        "delim": "-"
                      },
                      {
                        "v": "am",
                        "gdl_utf8": "𒄠",
                        "id": "Q007386.1.5.2",
                        "delim": "-"
                      },
                      {
                        "v": "su",
                        "gdl_utf8": "𒋢",
                        "id": "Q007386.1.5.3",
                        "delim": "-"
                      },
                      {
                        "v": "i",
                        "gdl_utf8": "𒄿",
                        "id": "Q007386.1.5.4",
                        "delim": "-"
                      },
                      {
                        "v": "lu",
                        "gdl_utf8": "𒇻",
                        "id": "Q007386.1.5.5",
                        "delim": "-"
                      },
                      {
                        "v": "na",
                        "gdl_utf8": "𒈾",
                        "id": "Q007386.1.5.6",
                        "delim": "-"
                      },
                      {
                        "v": "he₂",
                        "gdl_utf8": "𒃶",
                        "id": "Q007386.1.5.7",
                        "delim": "-"
                      },
                      {
                        "v": "ŋal₂",
                        "gdl_utf8": "𒅅",
                        "id": "Q007386.1.5.8",
                        "o": ")",
                        "statusStart": "Q007386.1.5.0"
                      }
                    ],
                    "cf": "Samsu-iluna-hengal",
                    "gw": "1",
                    "sense": "1",
                    "norm0": "Samsu-iluna-hengal",
                    "pos": "WN",
                    "epos": "WN",
                    "base": "{i₇}sa-am-su-i-lu-na-he₂-ŋal₂",
                    "morph": "~"
                  }
                },
                {
                  "node": "l",
                  "frag": "mu-un-ba-al-la₂",
                  "id": "Q007386.l03692",
                  "ref": "Q007386.1.6",
                  "inst": "bal[to dig, excavate]V/t",
                  "sig": "@ribo/babylon0%sux:mu-un-ba-al-la₂=bal[dig//to dig, excavate]V/t'V/t$mu.n:bal;a/ba-al+-la₂=l.a#mu.n:~;a",
                  "f": {
                    "lang": "sux",
                    "form": "mu-un-ba-al-la₂",
                    "delim": "",
                    "gdl": [
                      {
                        "v": "mu",
                        "gdl_utf8": "𒈬",
                        "id": "Q007386.1.6.0",
                        "delim": "-"
                      },
                      {
                        "v": "un",
                        "gdl_utf8": "𒌦",
                        "id": "Q007386.1.6.1",
                        "delim": "-"
                      },
                      {
                        "v": "ba",
                        "gdl_utf8": "𒁀",
                        "id": "Q007386.1.6.2",
                        "delim": "-"
                      },
                      {
                        "v": "al",
                        "gdl_utf8": "𒀠",
                        "id": "Q007386.1.6.3",
                        "delim": "-"
                      },
                      {
                        "v": "la₂",
                        "gdl_utf8": "𒇲",
                        "id": "Q007386.1.6.4"
                      }
                    ],
                    "cf": "bal",
                    "gw": "dig",
                    "sense": "to dig, excavate",
                    "norm0": "mu.n:bal;a",
                    "pos": "V/t",
                    "epos": "V/t",
                    "base": "ba-al",
                    "cont": "-la₂=l.a",
                    "morph": "mu.n:~;a"
                  }
                },
                {
                  "node": "l",
                  "frag": "x",
                  "id": "Q007386.l03693",
                  "ref": "Q007386.1.7",
                  "inst": "u",
                  "f": {
                    "lang": "sux",
                    "form": "x",
                    "delim": "",
                    "gdl": [
                      {
                        "v": "x",
                        "gdl_utf8": "x",
                        "id": "Q007386.1.7.0"
                      }
                    ],
                    "pos": "u"
                  }
                },
                {
                  "node": "l",
                  "frag": "x",
                  "id": "Q007386.l03694",
                  "ref": "Q007386.1.8",
                  "inst": "u",
                  "f": {
                    "lang": "sux",
                    "form": "x",
                    "delim": "",
                    "gdl": [
                      {
                        "v": "x",
                        "gdl_utf8": "x",
                        "id": "Q007386.1.8.0"
                      }
                    ],
                    "pos": "u"
                  }
                },
                {
                  "node": "l",
                  "frag": "x",
                  "id": "Q007386.l03695",
                  "ref": "Q007386.1.9",
                  "inst": "u",
                  "f": {
                    "lang": "sux",
                    "form": "x",
                    "delim": "",
                    "gdl": [
                      {
                        "v": "x",
                        "gdl_utf8": "x",
                        "id": "Q007386.1.9.0"
                      }
                    ],
                    "pos": "u"
                  }
                },
                {
                  "node": "l",
                  "frag": "x",
                  "id": "Q007386.l03696",
                  "ref": "Q007386.1.10",
                  "inst": "u",
                  "f": {
                    "lang": "sux",
                    "form": "x",
                    "delim": "",
                    "gdl": [
                      {
                        "v": "x",
                        "gdl_utf8": "x",
                        "id": "Q007386.1.10.0"
                      }
                    ],
                    "pos": "u"
                  }
                },
                {
                  "node": "l",
                  "frag": "x",
                  "id": "Q007386.l03697",
                  "ref": "Q007386.1.11",
                  "inst": "u",
                  "f": {
                    "lang": "sux",
                    "form": "x",
                    "gdl": [
                      {
                        "v": "x",
                        "gdl_utf8": "x",
                        "id": "Q007386.1.11.0"
                      }
                    ],
                    "pos": "u"
                  }
                },
                {
                  "node": "d",
                  "type": "line-start",
                  "ref": "Q007386.2",
                  "n": "9",
                  "label": "9"
                },
                {
                  "node": "l",
                  "frag": "AN",
                  "id": "Q007386.l03698",
                  "ref": "Q007386.2.1",
                  "inst": "x",
                  "f": {
                    "lang": "sux",
                    "form": "AN",
                    "delim": "",
                    "gdl": [
                      {
                        "s": "AN",
                        "gdl_utf8": "𒀭",
                        "id": "Q007386.2.1.0"
                      }
                    ]
                  }
                },
                {
                  "node": "l",
                  "frag": "[...]",
                  "id": "Q007386.l03699",
                  "ref": "Q007386.2.2",
                  "inst": "u",
                  "f": {
                    "lang": "sux",
                    "form": "x",
                    "delim": "",
                    "gdl": [
                      {
                        "x": "ellipsis",
                        "id": "Q007386.2.2.0",
                        "breakStart": "1",
                        "break": "missing",
                        "o": "]",
                        "breakEnd": "Q007386.2.2.0"
                      }
                    ],
                    "pos": "u"
                  }
                },
                {
                  "node": "l",
                  "frag": "x",
                  "id": "Q007386.l0369a",
                  "ref": "Q007386.2.3",
                  "inst": "u",
                  "f": {
                    "lang": "sux",
                    "form": "x",
                    "delim": "",
                    "gdl": [
                      {
                        "v": "x",
                        "gdl_utf8": "x",
                        "id": "Q007386.2.3.0"
                      }
                    ],
                    "pos": "u"
                  }
                },
                {
                  "node": "l",
                  "frag": "⸢mi-ni-in-ŋar-ŋar-ra⸣",
                  "id": "Q007386.l0369b",
                  "ref": "Q007386.2.4",
                  "inst": "ŋar[to put, place, lay down]V/t",
                  "sig": "@ribo/babylon0%sux:mi-ni-in-ŋar-ŋar-ra=ŋar[place//to put, place, lay down]V/t'V/t$mu.i.n:ŋar;a/ŋar-ŋar+-ra=r.a#mu.i.n:~;a",
                  "f": {
                    "lang": "sux",
                    "form": "mi-ni-in-ŋar-ŋar-ra",
                    "gdl": [
                      {
                        "v": "mi",
                        "gdl_utf8": "𒈪",
                        "id": "Q007386.2.4.0",
                        "break": "damaged",
                        "ho": "1",
                        "delim": "-"
                      },
                      {
                        "v": "ni",
                        "gdl_utf8": "𒉌",
                        "id": "Q007386.2.4.1",
                        "break": "damaged",
                        "delim": "-"
                      },
                      {
                        "v": "in",
                        "gdl_utf8": "𒅔",
                        "id": "Q007386.2.4.2",
                        "break": "damaged",
                        "delim": "-"
                      },
                      {
                        "v": "ŋar",
                        "gdl_utf8": "𒃻",
                        "id": "Q007386.2.4.3",
                        "break": "damaged",
                        "delim": "-"
                      },
                      {
                        "v": "ŋar",
                        "gdl_utf8": "𒃻",
                        "id": "Q007386.2.4.4",
                        "break": "damaged",
                        "delim": "-"
                      },
                      {
                        "v": "ra",
                        "gdl_utf8": "𒊏",
                        "id": "Q007386.2.4.5",
                        "break": "damaged",
                        "hc": "1"
                      }
                    ],
                    "cf": "ŋar",
                    "gw": "place",
                    "sense": "to put, place, lay down",
                    "norm0": "mu.i.n:ŋar;a",
                    "pos": "V/t",
                    "epos": "V/t",
                    "base": "ŋar-ŋar",
                    "cont": "-ra=r.a",
                    "morph": "mu.i.n:~;a"
                  }
                }
              ]
            }
          ]
        }
      ]
    }
  ]
}
