{
  "type": "cdl",
  "project": "ribo/babylon0",
  "source": "http://oracc.org/ribo/babylon0",
  "license": "This data is released under the CC0 license",
  "license-url": "https://creativecommons.org/publicdomain/zero/1.0/",
  "more-info": "http://oracc.org/doc/opendata/",
  "UTC-timestamp": "2019-01-12T08:23:13",
  "textid": "Q007375",
  "cdl": [
    {
      "node": "c",
      "type": "text",
      "id": "Q007375.U0",
      "cdl": [
        {
          "node": "d",
          "type": "object",
          "ref": ""
        },
        {
          "node": "d",
          "type": "surface",
          "ref": ""
        },
        {
          "node": "d",
          "subtype": "column 3",
          "type": "column",
          "ref": "Q007375.iii.1",
          "n": "3",
          "label": "iii"
        },
        {
          "node": "c",
          "type": "discourse",
          "subtype": "body",
          "id": "Q007375.U1",
          "cdl": [
            {
              "node": "c",
              "type": "sentence",
              "implicit": "yes",
              "id": "Q007375.U2",
              "label": "iii 9' - iii 14'",
              "cdl": [
                {
                  "node": "d",
                  "type": "line-start",
                  "ref": "Q007375.2",
                  "n": "9'",
                  "label": "iii 9'"
                },
                {
                  "node": "l",
                  "frag": "mu",
                  "id": "Q007375.l02d1f",
                  "ref": "Q007375.2.1",
                  "inst": "mu[year]N",
                  "sig": "@ribo/babylon0%sux:mu=mu[year//year]N'N$mu/mu#~",
                  "f": {
                    "lang": "sux",
                    "form": "mu",
                    "delim": "",
                    "gdl": [
                      {
                        "v": "mu",
                        "gdl_utf8": "𒈬",
                        "id": "Q007375.2.1.0"
                      }
                    ],
                    "cf": "mu",
                    "gw": "year",
                    "sense": "year",
                    "norm0": "mu",
                    "pos": "N",
                    "epos": "N",
                    "base": "mu",
                    "morph": "~"
                  }
                },
                {
                  "node": "l",
                  "frag": "ha-am-mu-ra-pi₂",
                  "id": "Q007375.l02d20",
                  "ref": "Q007375.2.2",
                  "inst": "Hammu-rapi[king of Babylon]RN",
                  "sig": "@ribo/babylon0%sux:ha-am-mu-ra-pi₂=Hammu-rapi[king of Babylon//king of Babylon]RN'RN$Hammu-rapi/ha-am-mu-ra-pi₂#~",
                  "f": {
                    "lang": "sux",
                    "form": "ha-am-mu-ra-pi₂",
                    "delim": "",
                    "gdl": [
                      {
                        "v": "ha",
                        "gdl_utf8": "𒄩",
                        "id": "Q007375.2.2.0",
                        "delim": "-"
                      },
                      {
                        "v": "am",
                        "gdl_utf8": "𒄠",
                        "id": "Q007375.2.2.1",
                        "delim": "-"
                      },
                      {
                        "v": "mu",
                        "gdl_utf8": "𒈬",
                        "id": "Q007375.2.2.2",
                        "delim": "-"
                      },
                      {
                        "v": "ra",
                        "gdl_utf8": "𒊏",
                        "id": "Q007375.2.2.3",
                        "delim": "-"
                      },
                      {
                        "v": "pi₂",
                        "gdl_utf8": "𒁉",
                        "id": "Q007375.2.2.4"
                      }
                    ],
                    "cf": "Hammu-rapi",
                    "gw": "king of Babylon",
                    "sense": "king of Babylon",
                    "norm0": "Hammu-rapi",
                    "pos": "RN",
                    "epos": "RN",
                    "base": "ha-am-mu-ra-pi₂",
                    "morph": "~"
                  }
                },
                {
                  "node": "l",
                  "frag": "lugal-[e]",
                  "id": "Q007375.l02d21",
                  "ref": "Q007375.2.3",
                  "inst": "lugal[king]N",
                  "sig": "@ribo/babylon0%sux:lugal-e=lugal[king//king]N'N$lugal,e/lugal#~,e",
                  "f": {
                    "lang": "sux",
                    "form": "lugal-e",
                    "gdl": [
                      {
                        "v": "lugal",
                        "gdl_utf8": "𒈗",
                        "id": "Q007375.2.3.0",
                        "delim": "-"
                      },
                      {
                        "v": "e",
                        "gdl_utf8": "𒂊",
                        "id": "Q007375.2.3.1",
                        "breakStart": "1",
                        "o": "]",
                        "break": "missing",
                        "breakEnd": "Q007375.2.3.1"
                      }
                    ],
                    "cf": "lugal",
                    "gw": "king",
                    "sense": "king",
                    "norm0": "lugal,e",
                    "pos": "N",
                    "epos": "N",
                    "base": "lugal",
                    "morph": "~,e"
                  }
                },
                {
                  "node": "d",
                  "type": "line-start",
                  "ref": "Q007375.3",
                  "n": "10'",
                  "label": "iii 10'"
                },
                {
                  "node": "l",
                  "frag": "usu",
                  "id": "Q007375.l02d22",
                  "ref": "Q007375.3.1",
                  "inst": "usu[force]N",
                  "sig": "@ribo/babylon0%sux:usu=usu[strength//force]N'N$usu/usu#~",
                  "f": {
                    "lang": "sux",
                    "form": "usu",
                    "delim": "",
                    "gdl": [
                      {
                        "v": "usu",
                        "gdl_utf8": "𒀉𒆗",
                        "id": "Q007375.3.1.0"
                      }
                    ],
                    "cf": "usu",
                    "gw": "strength",
                    "sense": "force",
                    "norm0": "usu",
                    "pos": "N",
                    "epos": "N",
                    "base": "usu",
                    "morph": "~"
                  }
                },
                {
                  "node": "l",
                  "frag": "gal",
                  "id": "Q007375.l02d23",
                  "ref": "Q007375.3.2",
                  "inst": "gal[(to be) big, great]V/i",
                  "sig": "@ribo/babylon0%sux:gal=gal[big//(to be) big, great]V/i'V/i$gal/gal#~",
                  "f": {
                    "lang": "sux",
                    "form": "gal",
                    "delim": "",
                    "gdl": [
                      {
                        "v": "gal",
                        "gdl_utf8": "𒃲",
                        "id": "Q007375.3.2.0"
                      }
                    ],
                    "cf": "gal",
                    "gw": "big",
                    "sense": "(to be) big, great",
                    "norm0": "gal",
                    "pos": "V/i",
                    "epos": "V/i",
                    "base": "gal",
                    "morph": "~"
                  }
                },
                {
                  "node": "l",
                  "frag": "{d}amar-utu-ka-ta",
                  "id": "Q007375.l02d24",
                  "ref": "Q007375.3.3",
                  "inst": "Marduk[1]DN",
                  "sig": "@ribo/babylon0%sux:{d}amar-utu-ka-ta=Marduk[1//1]DN'DN$Marduk,ak.ak.ta/{d}amar-utu#~,ak.ak.ta",
                  "f": {
                    "lang": "sux",
                    "form": "{d}amar-utu-ka-ta",
                    "gdl": [
                      {
                        "det": "semantic",
                        "pos": "pre",
                        "seq": [
                          {
                            "v": "d",
                            "gdl_utf8": "𒀭",
                            "id": "Q007375.3.3.0"
                          }
                        ]
                      },
                      {
                        "v": "amar",
                        "gdl_utf8": "𒀫",
                        "id": "Q007375.3.3.1",
                        "delim": "-"
                      },
                      {
                        "v": "utu",
                        "gdl_utf8": "𒌓",
                        "id": "Q007375.3.3.2",
                        "delim": "-"
                      },
                      {
                        "v": "ka",
                        "gdl_utf8": "𒅗",
                        "id": "Q007375.3.3.3",
                        "delim": "-"
                      },
                      {
                        "v": "ta",
                        "gdl_utf8": "𒋫",
                        "id": "Q007375.3.3.4"
                      }
                    ],
                    "cf": "Marduk",
                    "gw": "1",
                    "sense": "1",
                    "norm0": "Marduk,ak.ak.ta",
                    "pos": "DN",
                    "epos": "DN",
                    "base": "{d}amar-utu",
                    "morph": "~,ak.ak.ta"
                  }
                },
                {
                  "node": "d",
                  "type": "line-start",
                  "ref": "Q007375.4",
                  "n": "11'",
                  "label": "iii 11'"
                },
                {
                  "node": "l",
                  "frag": "uŋnim",
                  "id": "Q007375.l02d25",
                  "ref": "Q007375.4.1",
                  "inst": "ugnim[army]N",
                  "sig": "@ribo/babylon0%sux:uŋnim=ugnim[army//army]N'N$ugnim/uŋnim#~",
                  "f": {
                    "lang": "sux",
                    "form": "uŋnim",
                    "delim": "",
                    "gdl": [
                      {
                        "v": "uŋnim",
                        "gdl_utf8": "𒆠𒋢𒇻𒂠𒃻",
                        "id": "Q007375.4.1.0"
                      }
                    ],
                    "cf": "ugnim",
                    "gw": "army",
                    "sense": "army",
                    "norm0": "ugnim",
                    "pos": "N",
                    "epos": "N",
                    "base": "uŋnim",
                    "morph": "~"
                  }
                },
                {
                  "node": "l",
                  "frag": "tu-ru-uk-kum",
                  "id": "Q007375.l02d26",
                  "ref": "Q007375.4.2",
                  "inst": "Turukkum[1]GN",
                  "sig": "@ribo/babylon0%sux:tu-ru-uk-kum=Turukkum[1//1]GN'GN$Turukkum/tu-ru-uk-kum#~",
                  "f": {
                    "lang": "sux",
                    "form": "tu-ru-uk-kum",
                    "gdl": [
                      {
                        "v": "tu",
                        "gdl_utf8": "𒌅",
                        "id": "Q007375.4.2.0",
                        "delim": "-"
                      },
                      {
                        "v": "ru",
                        "gdl_utf8": "𒊒",
                        "id": "Q007375.4.2.1",
                        "delim": "-"
                      },
                      {
                        "v": "uk",
                        "gdl_utf8": "𒊌",
                        "id": "Q007375.4.2.2",
                        "delim": "-"
                      },
                      {
                        "v": "kum",
                        "gdl_utf8": "𒄣",
                        "id": "Q007375.4.2.3"
                      }
                    ],
                    "cf": "Turukkum",
                    "gw": "1",
                    "sense": "1",
                    "norm0": "Turukkum",
                    "pos": "GN",
                    "epos": "GN",
                    "base": "tu-ru-uk-kum",
                    "morph": "~"
                  }
                },
                {
                  "node": "d",
                  "type": "line-start",
                  "ref": "Q007375.5",
                  "n": "12'",
                  "label": "iii 12'"
                },
                {
                  "node": "l",
                  "frag": "ka-ak-mu-um{ki}",
                  "id": "Q007375.l02d27",
                  "ref": "Q007375.5.1",
                  "inst": "Kakmum[1]SN",
                  "sig": "@ribo/babylon0%sux:ka-ak-mu-um{ki}=Kakmum[1//1]SN'SN$Kakmum/ka-ak-mu-um{ki}#~",
                  "f": {
                    "lang": "sux",
                    "form": "ka-ak-mu-um{ki}",
                    "gdl": [
                      {
                        "v": "ka",
                        "gdl_utf8": "𒅗",
                        "id": "Q007375.5.1.0",
                        "delim": "-"
                      },
                      {
                        "v": "ak",
                        "gdl_utf8": "𒀝",
                        "id": "Q007375.5.1.1",
                        "delim": "-"
                      },
                      {
                        "v": "mu",
                        "gdl_utf8": "𒈬",
                        "id": "Q007375.5.1.2",
                        "delim": "-"
                      },
                      {
                        "v": "um",
                        "gdl_utf8": "𒌝",
                        "id": "Q007375.5.1.3"
                      },
                      {
                        "det": "semantic",
                        "pos": "post",
                        "seq": [
                          {
                            "v": "ki",
                            "gdl_utf8": "𒆠",
                            "id": "Q007375.5.1.4"
                          }
                        ]
                      }
                    ],
                    "cf": "Kakmum",
                    "gw": "1",
                    "sense": "1",
                    "norm0": "Kakmum",
                    "pos": "SN",
                    "epos": "SN",
                    "base": "ka-ak-mu-um{ki}",
                    "morph": "~"
                  }
                },
                {
                  "node": "d",
                  "type": "line-start",
                  "ref": "Q007375.6",
                  "n": "13'",
                  "label": "iii 13'"
                },
                {
                  "node": "l",
                  "frag": "kur",
                  "id": "Q007375.l02d28",
                  "ref": "Q007375.6.1",
                  "inst": "kur[land, country]N",
                  "sig": "@ribo/babylon0%sux:kur=kur[mountain//land, country]N'N$kur/kur#~",
                  "f": {
                    "lang": "sux",
                    "form": "kur",
                    "delim": "",
                    "gdl": [
                      {
                        "v": "kur",
                        "gdl_utf8": "𒆳",
                        "id": "Q007375.6.1.0"
                      }
                    ],
                    "cf": "kur",
                    "gw": "mountain",
                    "sense": "land, country",
                    "norm0": "kur",
                    "pos": "N",
                    "epos": "N",
                    "base": "kur",
                    "morph": "~"
                  }
                },
                {
                  "node": "l",
                  "frag": "suburₓ(|SU.EDIN|){ki}bi-ta",
                  "id": "Q007375.l02d29",
                  "ref": "Q007375.6.2",
                  "inst": "Subartu[1]GN",
                  "sig": "@ribo/babylon0%sux:suburₓ(|SU.EDIN|){ki}-bi-ta=Subartu[1//1]GN'GN$Subartu,bi.ta/suburₓ(|SU.EDIN|){ki}#~,bi.ta",
                  "f": {
                    "lang": "sux",
                    "form": "suburₓ(|SU.EDIN|){ki}-bi-ta",
                    "gdl": [
                      {
                        "q": "suburₓ(|SU.EDIN|)",
                        "id": "Q007375.6.2.0",
                        "qualified": [
                          {
                            "v": "suburₓ"
                          },
                          {
                            "c": "|SU.EDIN|",
                            "gdl_utf8": "𒋢𒂔",
                            "seq": [
                              {
                                "s": "SU"
                              },
                              {
                                "o": "beside"
                              },
                              {
                                "s": "EDIN"
                              }
                            ]
                          }
                        ]
                      },
                      {
                        "det": "semantic",
                        "pos": "post",
                        "delim": "-",
                        "seq": [
                          {
                            "v": "ki",
                            "gdl_utf8": "𒆠",
                            "id": "Q007375.6.2.1"
                          }
                        ]
                      },
                      {
                        "v": "bi",
                        "gdl_utf8": "𒁉",
                        "id": "Q007375.6.2.2",
                        "delim": "-"
                      },
                      {
                        "v": "ta",
                        "gdl_utf8": "𒋫",
                        "id": "Q007375.6.2.3"
                      }
                    ],
                    "cf": "Subartu",
                    "gw": "1",
                    "sense": "1",
                    "norm0": "Subartu,bi.ta",
                    "pos": "GN",
                    "epos": "GN",
                    "base": "suburₓ(|SU.EDIN|){ki}",
                    "morph": "~,bi.ta"
                  }
                },
                {
                  "node": "d",
                  "type": "line-start",
                  "ref": "Q007375.7",
                  "n": "14'",
                  "label": "iii 14'"
                },
                {
                  "node": "l",
                  "frag": "me₃-ta",
                  "id": "Q007375.l02d2a",
                  "ref": "Q007375.7.1",
                  "inst": "me[battle]N",
                  "sig": "@ribo/babylon0%sux:me₃-ta=me[battle//battle]N'N$me,ta/me₃#~,ta",
                  "f": {
                    "lang": "sux",
                    "form": "me₃-ta",
                    "delim": "",
                    "gdl": [
                      {
                        "v": "me₃",
                        "gdl_utf8": "𒀞",
                        "id": "Q007375.7.1.0",
                        "delim": "-"
                      },
                      {
                        "v": "ta",
                        "gdl_utf8": "𒋫",
                        "id": "Q007375.7.1.1"
                      }
                    ],
                    "cf": "me",
                    "gw": "battle",
                    "sense": "battle",
                    "norm0": "me,ta",
                    "pos": "N",
                    "epos": "N",
                    "base": "me₃",
                    "morph": "~,ta"
                  }
                },
                {
                  "node": "l",
                  "frag": "bi₂-ib₂-šub-ba",
                  "id": "Q007375.l02d2b",
                  "ref": "Q007375.7.2",
                  "inst": "šub[fall//to drop, lay (down)]V/i'V/t",
                  "sig": "@ribo/babylon0%sux:bi₂-ib₂-šub-ba=šub[fall//to drop, lay (down)]V/i'V/t$ba.i.b:šub;a/šub+-ba=b.a#ba.i.b:~;a",
                  "f": {
                    "lang": "sux",
                    "form": "bi₂-ib₂-šub-ba",
                    "gdl": [
                      {
                        "v": "bi₂",
                        "gdl_utf8": "𒉈",
                        "id": "Q007375.7.2.0",
                        "delim": "-"
                      },
                      {
                        "v": "ib₂",
                        "gdl_utf8": "𒌈",
                        "id": "Q007375.7.2.1",
                        "delim": "-"
                      },
                      {
                        "v": "šub",
                        "gdl_utf8": "𒊒",
                        "id": "Q007375.7.2.2",
                        "delim": "-"
                      },
                      {
                        "v": "ba",
                        "gdl_utf8": "𒁀",
                        "id": "Q007375.7.2.3"
                      }
                    ],
                    "cf": "šub",
                    "gw": "fall",
                    "sense": "to drop, lay (down)",
                    "norm0": "ba.i.b:šub;a",
                    "pos": "V/i",
                    "epos": "V/t",
                    "base": "šub",
                    "cont": "-ba=b.a",
                    "morph": "ba.i.b:~;a"
                  }
                }
              ]
            }
          ]
        }
      ]
    }
  ]
}
