{
  "type": "cdl",
  "project": "ribo/babylon0",
  "source": "http://oracc.org/ribo/babylon0",
  "license": "This data is released under the CC0 license",
  "license-url": "https://creativecommons.org/publicdomain/zero/1.0/",
  "more-info": "http://oracc.org/doc/opendata/",
  "UTC-timestamp": "2019-01-12T08:23:20",
  "textid": "Q007647",
  "cdl": [
    {
      "node": "c",
      "type": "text",
      "id": "Q007647.U0",
      "cdl": [
        {
          "node": "d",
          "type": "object",
          "ref": ""
        },
        {
          "node": "d",
          "type": "surface",
          "ref": ""
        },
        {
          "node": "c",
          "type": "discourse",
          "subtype": "body",
          "id": "Q007647.U1",
          "cdl": [
            {
              "node": "c",
              "type": "sentence",
              "implicit": "yes",
              "id": "Q007647.U2",
              "label": "1",
              "cdl": [
                {
                  "node": "d",
                  "type": "line-start",
                  "ref": "Q007647.1",
                  "n": "1",
                  "label": "1"
                },
                {
                  "node": "l",
                  "frag": "mu",
                  "id": "Q007647.l001f8",
                  "ref": "Q007647.1.1",
                  "inst": "mu[year]N",
                  "sig": "@ribo/babylon0%sux:mu=mu[year//year]N'N$mu/mu#~",
                  "f": {
                    "lang": "sux",
                    "form": "mu",
                    "delim": "",
                    "gdl": [
                      {
                        "v": "mu",
                        "gdl_utf8": "𒈬",
                        "id": "Q007647.1.1.0"
                      }
                    ],
                    "cf": "mu",
                    "gw": "year",
                    "sense": "year",
                    "norm0": "mu",
                    "pos": "N",
                    "epos": "N",
                    "base": "mu",
                    "morph": "~"
                  }
                },
                {
                  "node": "l",
                  "frag": "am-mi-di-ta-na",
                  "id": "Q007647.l001f9",
                  "ref": "Q007647.1.2",
                  "inst": "Ammi-ditana[king of Babylon]RN",
                  "sig": "@ribo/babylon0%sux:am-mi-di-ta-na=Ammi-ditana[king of Babylon//king of Babylon]RN'RN$Ammi-ditana/am-mi-di-ta-na#~",
                  "f": {
                    "lang": "sux",
                    "form": "am-mi-di-ta-na",
                    "delim": "",
                    "gdl": [
                      {
                        "v": "am",
                        "gdl_utf8": "𒄠",
                        "id": "Q007647.1.2.0",
                        "delim": "-"
                      },
                      {
                        "v": "mi",
                        "gdl_utf8": "𒈪",
                        "id": "Q007647.1.2.1",
                        "delim": "-"
                      },
                      {
                        "v": "di",
                        "gdl_utf8": "𒁲",
                        "id": "Q007647.1.2.2",
                        "delim": "-"
                      },
                      {
                        "v": "ta",
                        "gdl_utf8": "𒋫",
                        "id": "Q007647.1.2.3",
                        "delim": "-"
                      },
                      {
                        "v": "na",
                        "gdl_utf8": "𒈾",
                        "id": "Q007647.1.2.4"
                      }
                    ],
                    "cf": "Ammi-ditana",
                    "gw": "king of Babylon",
                    "sense": "king of Babylon",
                    "norm0": "Ammi-ditana",
                    "pos": "RN",
                    "epos": "RN",
                    "base": "am-mi-di-ta-na",
                    "morph": "~"
                  }
                },
                {
                  "node": "l",
                  "frag": "lugal-e",
                  "id": "Q007647.l001fa",
                  "ref": "Q007647.1.3",
                  "inst": "lugal[king]N",
                  "sig": "@ribo/babylon0%sux:lugal-e=lugal[king//king]N'N$lugal,e/lugal#~,e",
                  "f": {
                    "lang": "sux",
                    "form": "lugal-e",
                    "delim": "",
                    "gdl": [
                      {
                        "v": "lugal",
                        "gdl_utf8": "𒈗",
                        "id": "Q007647.1.3.0",
                        "delim": "-"
                      },
                      {
                        "v": "e",
                        "gdl_utf8": "𒂊",
                        "id": "Q007647.1.3.1"
                      }
                    ],
                    "cf": "lugal",
                    "gw": "king",
                    "sense": "king",
                    "norm0": "lugal,e",
                    "pos": "N",
                    "epos": "N",
                    "base": "lugal",
                    "morph": "~,e"
                  }
                },
                {
                  "node": "l",
                  "frag": "alan-a-ni",
                  "id": "Q007647.l001fb",
                  "ref": "Q007647.1.4",
                  "inst": "alan[statue]N",
                  "sig": "@ribo/babylon0%sux:alan-a-ni=alan[statue//statue]N'N$alan,ani/alan#~,ani",
                  "f": {
                    "lang": "sux",
                    "form": "alan-a-ni",
                    "delim": "",
                    "gdl": [
                      {
                        "v": "alan",
                        "gdl_utf8": "𒀩",
                        "id": "Q007647.1.4.0",
                        "delim": "-"
                      },
                      {
                        "v": "a",
                        "gdl_utf8": "𒀀",
                        "id": "Q007647.1.4.1",
                        "delim": "-"
                      },
                      {
                        "v": "ni",
                        "gdl_utf8": "𒉌",
                        "id": "Q007647.1.4.2"
                      }
                    ],
                    "cf": "alan",
                    "gw": "statue",
                    "sense": "statue",
                    "norm0": "alan,ani",
                    "pos": "N",
                    "epos": "N",
                    "base": "alan",
                    "morph": "~,ani"
                  }
                },
                {
                  "node": "l",
                  "frag": "šudu₃",
                  "id": "Q007647.l001fc",
                  "ref": "Q007647.1.5",
                  "inst": "šud[prayer, dedication]N",
                  "sig": "@ribo/babylon0%sux:šudu₃=šud[prayer//prayer, dedication]N'N$šud/šudu₃#~",
                  "f": {
                    "lang": "sux",
                    "form": "šudu₃",
                    "delim": "",
                    "gdl": [
                      {
                        "v": "šudu₃",
                        "gdl_utf8": "𒆃",
                        "id": "Q007647.1.5.0"
                      }
                    ],
                    "cf": "šud",
                    "gw": "prayer",
                    "sense": "prayer, dedication",
                    "norm0": "šud",
                    "pos": "N",
                    "epos": "N",
                    "base": "šudu₃",
                    "morph": "~"
                  }
                },
                {
                  "node": "l",
                  "frag": "an-di-di-a",
                  "id": "Q007647.l001fd",
                  "ref": "Q007647.1.6",
                  "inst": "di[non-finite imperfect stem of dug⟦to speak⟧]V/t",
                  "sig": "@ribo/babylon0%sux:an-di-di-a=di[speak//non-finite imperfect stem of dug⟦to speak⟧]V/t'V/t$V.n:di;a/di-di#V.n:~;a",
                  "f": {
                    "lang": "sux",
                    "form": "an-di-di-a",
                    "delim": "",
                    "gdl": [
                      {
                        "v": "an",
                        "gdl_utf8": "𒀭",
                        "id": "Q007647.1.6.0",
                        "delim": "-"
                      },
                      {
                        "v": "di",
                        "gdl_utf8": "𒁲",
                        "id": "Q007647.1.6.1",
                        "delim": "-"
                      },
                      {
                        "v": "di",
                        "gdl_utf8": "𒁲",
                        "id": "Q007647.1.6.2",
                        "delim": "-"
                      },
                      {
                        "v": "a",
                        "gdl_utf8": "𒀀",
                        "id": "Q007647.1.6.3"
                      }
                    ],
                    "cf": "di",
                    "gw": "speak",
                    "sense": "non-finite imperfect stem of dug⟦to speak⟧",
                    "norm0": "V.n:di;a",
                    "pos": "V/t",
                    "epos": "V/t",
                    "base": "di-di",
                    "morph": "V.n:~;a"
                  }
                },
                {
                  "node": "l",
                  "frag": "{ŋeš}ŋidru",
                  "id": "Q007647.l001fe",
                  "ref": "Q007647.1.7",
                  "inst": "ŋidru[scepter]N",
                  "sig": "@ribo/babylon0%sux:{ŋeš}ŋidru=ŋidru[scepter//scepter]N'N$ŋidru/{ŋeš}ŋidru#~",
                  "f": {
                    "lang": "sux",
                    "form": "{ŋeš}ŋidru",
                    "delim": "",
                    "gdl": [
                      {
                        "det": "semantic",
                        "pos": "pre",
                        "seq": [
                          {
                            "v": "ŋeš",
                            "gdl_utf8": "𒄑",
                            "id": "Q007647.1.7.0"
                          }
                        ]
                      },
                      {
                        "v": "ŋidru",
                        "gdl_utf8": "𒉺",
                        "id": "Q007647.1.7.1"
                      }
                    ],
                    "cf": "ŋidru",
                    "gw": "scepter",
                    "sense": "scepter",
                    "norm0": "ŋidru",
                    "pos": "N",
                    "epos": "N",
                    "base": "{ŋeš}ŋidru",
                    "morph": "~"
                  }
                },
                {
                  "node": "c",
                  "type": "phrase",
                  "tag": "phr",
                  "id": "Q007647.U4",
                  "ref": "Q007647.ls00000",
                  "cdl": [
                    {
                      "node": "l",
                      "frag": "šu",
                      "id": "Q007647.l001ff",
                      "ref": "Q007647.1.8",
                      "inst": "šu[hand]N",
                      "sig": "@ribo/babylon0%sux:šu=šu[hand//hand]N'N$šu/šu#~",
                      "f": {
                        "lang": "sux",
                        "form": "šu",
                        "delim": "",
                        "gdl": [
                          {
                            "v": "šu",
                            "gdl_utf8": "𒋗",
                            "id": "Q007647.1.8.0"
                          }
                        ],
                        "cf": "šu",
                        "gw": "hand",
                        "sense": "hand",
                        "norm0": "šu",
                        "pos": "N",
                        "epos": "N",
                        "base": "šu",
                        "morph": "~"
                      }
                    },
                    {
                      "node": "l",
                      "frag": "an-du₈-a",
                      "id": "Q007647.l00200",
                      "ref": "Q007647.1.9",
                      "inst": "du[spread]V/t",
                      "sig": "@ribo/babylon0%sux:an-du₈-a=du[spread//to spread out (mud to make bricks)]V/t'V/t$V.n:du;a/du₈#V.n:~;a",
                      "f": {
                        "lang": "sux",
                        "form": "an-du₈-a",
                        "delim": "",
                        "gdl": [
                          {
                            "v": "an",
                            "gdl_utf8": "𒀭",
                            "id": "Q007647.1.9.0",
                            "delim": "-"
                          },
                          {
                            "v": "du₈",
                            "gdl_utf8": "𒃮",
                            "id": "Q007647.1.9.1",
                            "delim": "-"
                          },
                          {
                            "v": "a",
                            "gdl_utf8": "𒀀",
                            "id": "Q007647.1.9.2"
                          }
                        ],
                        "cf": "du",
                        "gw": "spread",
                        "sense": "to spread out (mud to make bricks)",
                        "norm0": "V.n:du;a",
                        "pos": "V/t",
                        "epos": "V/t",
                        "base": "du₈",
                        "morph": "V.n:~;a"
                      }
                    }
                  ]
                },
                {
                  "node": "l",
                  "frag": "u₃",
                  "id": "Q007647.l00201",
                  "ref": "Q007647.1.10",
                  "inst": "u[and]CNJ",
                  "sig": "@ribo/babylon0%sux:u₃=u[and//and]CNJ'CNJ$u/u₃#~",
                  "f": {
                    "lang": "sux",
                    "form": "u₃",
                    "delim": "",
                    "gdl": [
                      {
                        "v": "u₃",
                        "gdl_utf8": "𒅇",
                        "id": "Q007647.1.10.0"
                      }
                    ],
                    "cf": "u",
                    "gw": "and",
                    "sense": "and",
                    "norm0": "u",
                    "pos": "CNJ",
                    "epos": "CNJ",
                    "base": "u₃",
                    "morph": "~"
                  }
                },
                {
                  "node": "l",
                  "frag": "alan-a-ni",
                  "id": "Q007647.l00202",
                  "ref": "Q007647.1.11",
                  "inst": "alan[statue]N",
                  "sig": "@ribo/babylon0%sux:alan-a-ni=alan[statue//statue]N'N$alan,ani/alan#~,ani",
                  "f": {
                    "lang": "sux",
                    "form": "alan-a-ni",
                    "delim": "",
                    "gdl": [
                      {
                        "v": "alan",
                        "gdl_utf8": "𒀩",
                        "id": "Q007647.1.11.0",
                        "delim": "-"
                      },
                      {
                        "v": "a",
                        "gdl_utf8": "𒀀",
                        "id": "Q007647.1.11.1",
                        "delim": "-"
                      },
                      {
                        "v": "ni",
                        "gdl_utf8": "𒉌",
                        "id": "Q007647.1.11.2"
                      }
                    ],
                    "cf": "alan",
                    "gw": "statue",
                    "sense": "statue",
                    "norm0": "alan,ani",
                    "pos": "N",
                    "epos": "N",
                    "base": "alan",
                    "morph": "~,ani"
                  }
                },
                {
                  "node": "l",
                  "frag": "maš₂",
                  "id": "Q007647.l00203",
                  "ref": "Q007647.1.12",
                  "inst": "maš[goat]N",
                  "sig": "@ribo/babylon0%sux:maš₂=maš[goat//goat]N'N$maš/maš₂#~",
                  "f": {
                    "lang": "sux",
                    "form": "maš₂",
                    "delim": "",
                    "gdl": [
                      {
                        "v": "maš₂",
                        "gdl_utf8": "𒈧",
                        "id": "Q007647.1.12.0"
                      }
                    ],
                    "cf": "maš",
                    "gw": "goat",
                    "sense": "goat",
                    "norm0": "maš",
                    "pos": "N",
                    "epos": "N",
                    "base": "maš₂",
                    "morph": "~"
                  }
                },
                {
                  "node": "l",
                  "frag": "igi-du₈-a",
                  "id": "Q007647.l00204",
                  "ref": "Q007647.1.13",
                  "inst": "igidu[audience gift]N",
                  "sig": "@ribo/babylon0%sux:igi-du₈-a=igidu[gift//audience gift]N'N$igidu/igi-du₈-a#~",
                  "f": {
                    "lang": "sux",
                    "form": "igi-du₈-a",
                    "delim": "",
                    "gdl": [
                      {
                        "v": "igi",
                        "gdl_utf8": "𒅆",
                        "id": "Q007647.1.13.0",
                        "delim": "-"
                      },
                      {
                        "v": "du₈",
                        "gdl_utf8": "𒃮",
                        "id": "Q007647.1.13.1",
                        "delim": "-"
                      },
                      {
                        "v": "a",
                        "gdl_utf8": "𒀀",
                        "id": "Q007647.1.13.2"
                      }
                    ],
                    "cf": "igidu",
                    "gw": "gift",
                    "sense": "audience gift",
                    "norm0": "igidu",
                    "pos": "N",
                    "epos": "N",
                    "base": "igi-du₈-a",
                    "morph": "~"
                  }
                },
                {
                  "node": "l",
                  "frag": "e₂-saŋ-il₂-la-še₃",
                  "id": "Q007647.l00205",
                  "ref": "Q007647.1.14",
                  "inst": "Esagil[1]TN",
                  "sig": "@ribo/babylon0%sux:e₂-saŋ-il₂-la-še₃=Esagil[1//1]TN'TN$Esagil,eše/e₂-saŋ-il₂-la#~,eše",
                  "f": {
                    "lang": "sux",
                    "form": "e₂-saŋ-il₂-la-še₃",
                    "delim": "",
                    "gdl": [
                      {
                        "v": "e₂",
                        "gdl_utf8": "𒂍",
                        "id": "Q007647.1.14.0",
                        "delim": "-"
                      },
                      {
                        "v": "saŋ",
                        "gdl_utf8": "𒊕",
                        "id": "Q007647.1.14.1",
                        "delim": "-"
                      },
                      {
                        "v": "il₂",
                        "gdl_utf8": "𒅍",
                        "id": "Q007647.1.14.2",
                        "delim": "-"
                      },
                      {
                        "v": "la",
                        "gdl_utf8": "𒆷",
                        "id": "Q007647.1.14.3",
                        "delim": "-"
                      },
                      {
                        "v": "še₃",
                        "gdl_utf8": "𒂠",
                        "id": "Q007647.1.14.4"
                      }
                    ],
                    "cf": "Esagil",
                    "gw": "1",
                    "sense": "1",
                    "norm0": "Esagil,eše",
                    "pos": "TN",
                    "epos": "TN",
                    "base": "e₂-saŋ-il₂-la",
                    "morph": "~,eše"
                  }
                },
                {
                  "node": "l",
                  "frag": "in-ne-ku₄-ra",
                  "id": "Q007647.l00206",
                  "ref": "Q007647.1.15",
                  "inst": "kur[enter//to bring into]V/i'V/t",
                  "sig": "@ribo/babylon0%sux:in-ne-ku₄-ra=kur[enter//to bring into]V/i'V/t$V.ne:kur;a/ku₄-r·a#V.ne:~;a",
                  "f": {
                    "lang": "sux",
                    "form": "in-ne-ku₄-ra",
                    "delim": "",
                    "gdl": [
                      {
                        "v": "in",
                        "gdl_utf8": "𒅔",
                        "id": "Q007647.1.15.0",
                        "delim": "-"
                      },
                      {
                        "v": "ne",
                        "gdl_utf8": "𒉈",
                        "id": "Q007647.1.15.1",
                        "delim": "-"
                      },
                      {
                        "v": "ku₄",
                        "gdl_utf8": "𒆭",
                        "id": "Q007647.1.15.2",
                        "delim": "-"
                      },
                      {
                        "v": "ra",
                        "gdl_utf8": "𒊏",
                        "id": "Q007647.1.15.3"
                      }
                    ],
                    "cf": "kur",
                    "gw": "enter",
                    "sense": "to bring into",
                    "norm0": "V.ne:kur;a",
                    "pos": "V/i",
                    "epos": "V/t",
                    "base": "ku₄-r·a",
                    "morph": "V.ne:~;a"
                  }
                },
                {
                  "node": "l",
                  "frag": "(i-ni-in-ku₄-ra)",
                  "id": "Q007647.l00207",
                  "ref": "Q007647.1.16",
                  "inst": "kur[enter//to bring into]V/i'V/t",
                  "sig": "@ribo/babylon0%sux:i-ni-in-ku₄-ra=kur[enter//to bring into]V/i'V/t$V.i.n:kur;a/ku₄-r·a#V.i.n:~;a",
                  "f": {
                    "lang": "sux",
                    "form": "i-ni-in-ku₄-ra",
                    "gdl": [
                      {
                        "v": "i",
                        "gdl_utf8": "𒄿",
                        "id": "Q007647.1.16.0",
                        "statusStart": "1",
                        "o": "(",
                        "delim": "-"
                      },
                      {
                        "v": "ni",
                        "gdl_utf8": "𒉌",
                        "id": "Q007647.1.16.1",
                        "delim": "-"
                      },
                      {
                        "v": "in",
                        "gdl_utf8": "𒅔",
                        "id": "Q007647.1.16.2",
                        "delim": "-"
                      },
                      {
                        "v": "ku₄",
                        "gdl_utf8": "𒆭",
                        "id": "Q007647.1.16.3",
                        "delim": "-"
                      },
                      {
                        "v": "ra",
                        "gdl_utf8": "𒊏",
                        "id": "Q007647.1.16.4",
                        "o": ")",
                        "statusStart": "Q007647.1.16.0"
                      }
                    ],
                    "cf": "kur",
                    "gw": "enter",
                    "sense": "to bring into",
                    "norm0": "V.i.n:kur;a",
                    "pos": "V/i",
                    "epos": "V/t",
                    "base": "ku₄-r·a",
                    "morph": "V.i.n:~;a"
                  }
                }
              ]
            }
          ]
        }
      ]
    },
    {
      "linkbase": [
        {
          "type": "linkset",
          "xlink_title": "šu du[bind//to bind the hands]V/t'V/t",
          "id": "Q007647.ls00000",
          "xlink_type": "extended",
          "xlink_role": "psu",
          "sig": "{šu an-du₈-a = šu[hand]N du[spread]V/t += šu du[hold//to hold]V/t'V/t}::@ribo/babylon0%sux:šu=šu[hand//hand]N'N$šu/šu#~++@ribo/babylon0%sux:an-du₈-a=du[spread//to spread out (mud to make bricks)]V/t'V/t$V.n:du;a/du₈#V.n:~;a",
          "links": [
            {
              "type": "link",
              "xlink_title": "šu",
              "xlink_type": "locator",
              "xlink_href": "#Q007647.l001ff",
              "xlink_role": "elt"
            },
            {
              "type": "link",
              "xlink_title": "du",
              "xlink_type": "locator",
              "xlink_href": "#Q007647.l00200",
              "xlink_role": "elt"
            }
          ]
        }
      ]
    }
  ]
}
