{
  "type": "cdl",
  "project": "ribo/babylon0",
  "source": "http://oracc.org/ribo/babylon0",
  "license": "This data is released under the CC0 license",
  "license-url": "https://creativecommons.org/publicdomain/zero/1.0/",
  "more-info": "http://oracc.org/doc/opendata/",
  "UTC-timestamp": "2019-01-12T08:23:13",
  "textid": "Q007374",
  "cdl": [
    {
      "node": "c",
      "type": "text",
      "id": "Q007374.U0",
      "cdl": [
        {
          "node": "d",
          "type": "object",
          "ref": ""
        },
        {
          "node": "d",
          "type": "surface",
          "ref": ""
        },
        {
          "node": "d",
          "subtype": "column 3",
          "type": "column",
          "ref": "Q007374.iii.1",
          "n": "3",
          "label": "iii"
        },
        {
          "node": "c",
          "type": "discourse",
          "subtype": "body",
          "id": "Q007374.U1",
          "cdl": [
            {
              "node": "c",
              "type": "sentence",
              "implicit": "yes",
              "id": "Q007374.U2",
              "label": "iii 1' - iii 8'",
              "cdl": [
                {
                  "node": "d",
                  "type": "line-start",
                  "ref": "Q007374.2",
                  "n": "1'",
                  "label": "iii 1'"
                },
                {
                  "node": "l",
                  "frag": "mu",
                  "id": "Q007374.l02d09",
                  "ref": "Q007374.2.1",
                  "inst": "mu[year]N",
                  "sig": "@ribo/babylon0%sux:mu=mu[year//year]N'N$mu/mu#~",
                  "f": {
                    "lang": "sux",
                    "form": "mu",
                    "delim": "",
                    "gdl": [
                      {
                        "v": "mu",
                        "gdl_utf8": "𒈬",
                        "id": "Q007374.2.1.0"
                      }
                    ],
                    "cf": "mu",
                    "gw": "year",
                    "sense": "year",
                    "norm0": "mu",
                    "pos": "N",
                    "epos": "N",
                    "base": "mu",
                    "morph": "~"
                  }
                },
                {
                  "node": "l",
                  "frag": "ha-⸢am⸣-[mu-ra-pi₂",
                  "id": "Q007374.l02d0a",
                  "ref": "Q007374.2.2",
                  "inst": "Hammu-rapi[king of Babylon]RN",
                  "sig": "@ribo/babylon0%sux:ha-am-mu-ra-pi₂=Hammu-rapi[king of Babylon//king of Babylon]RN'RN$Hammu-rapi/ha-am-mu-ra-pi₂#~",
                  "f": {
                    "lang": "sux",
                    "form": "ha-am-mu-ra-pi₂",
                    "delim": "",
                    "gdl": [
                      {
                        "v": "ha",
                        "gdl_utf8": "𒄩",
                        "id": "Q007374.2.2.0",
                        "delim": "-"
                      },
                      {
                        "v": "am",
                        "gdl_utf8": "𒄠",
                        "id": "Q007374.2.2.1",
                        "break": "damaged",
                        "ho": "1",
                        "delim": "-",
                        "hc": "1"
                      },
                      {
                        "v": "mu",
                        "gdl_utf8": "𒈬",
                        "id": "Q007374.2.2.2",
                        "breakStart": "1",
                        "o": "[",
                        "break": "missing",
                        "delim": "-"
                      },
                      {
                        "v": "ra",
                        "gdl_utf8": "𒊏",
                        "id": "Q007374.2.2.3",
                        "break": "missing",
                        "delim": "-"
                      },
                      {
                        "v": "pi₂",
                        "gdl_utf8": "𒁉",
                        "id": "Q007374.2.2.4",
                        "break": "missing"
                      }
                    ],
                    "cf": "Hammu-rapi",
                    "gw": "king of Babylon",
                    "sense": "king of Babylon",
                    "norm0": "Hammu-rapi",
                    "pos": "RN",
                    "epos": "RN",
                    "base": "ha-am-mu-ra-pi₂",
                    "morph": "~"
                  }
                },
                {
                  "node": "l",
                  "frag": "lugal-e]",
                  "id": "Q007374.l02d0b",
                  "ref": "Q007374.2.3",
                  "inst": "lugal[king]N",
                  "sig": "@ribo/babylon0%sux:lugal-e=lugal[king//king]N'N$lugal,e/lugal#~,e",
                  "f": {
                    "lang": "sux",
                    "form": "lugal-e",
                    "gdl": [
                      {
                        "v": "lugal",
                        "gdl_utf8": "𒈗",
                        "id": "Q007374.2.3.0",
                        "break": "missing",
                        "delim": "-"
                      },
                      {
                        "v": "e",
                        "gdl_utf8": "𒂊",
                        "id": "Q007374.2.3.1",
                        "break": "missing",
                        "o": "]",
                        "breakEnd": "Q007374.2.2.2"
                      }
                    ],
                    "cf": "lugal",
                    "gw": "king",
                    "sense": "king",
                    "norm0": "lugal,e",
                    "pos": "N",
                    "epos": "N",
                    "base": "lugal",
                    "morph": "~,e"
                  }
                },
                {
                  "node": "d",
                  "type": "line-start",
                  "ref": "Q007374.3",
                  "n": "2'",
                  "label": "iii 2'"
                },
                {
                  "node": "l",
                  "frag": "e₂-me-te-ur-saŋ",
                  "id": "Q007374.l02d0c",
                  "ref": "Q007374.3.1",
                  "inst": "Emeteursag[1]TN",
                  "sig": "@ribo/babylon0%sux:e₂-me-te-ur-saŋ=Emeteursag[1//1]TN'TN$Emeteursag/e₂-me-te-ur-saŋ#~",
                  "f": {
                    "lang": "sux",
                    "form": "e₂-me-te-ur-saŋ",
                    "delim": "",
                    "gdl": [
                      {
                        "v": "e₂",
                        "gdl_utf8": "𒂍",
                        "id": "Q007374.3.1.0",
                        "delim": "-"
                      },
                      {
                        "v": "me",
                        "gdl_utf8": "𒈨",
                        "id": "Q007374.3.1.1",
                        "delim": "-"
                      },
                      {
                        "v": "te",
                        "gdl_utf8": "𒋼",
                        "id": "Q007374.3.1.2",
                        "delim": "-"
                      },
                      {
                        "v": "ur",
                        "gdl_utf8": "𒌨",
                        "id": "Q007374.3.1.3",
                        "delim": "-"
                      },
                      {
                        "v": "saŋ",
                        "gdl_utf8": "𒊕",
                        "id": "Q007374.3.1.4"
                      }
                    ],
                    "cf": "Emeteursag",
                    "gw": "1",
                    "sense": "1",
                    "norm0": "Emeteursag",
                    "pos": "TN",
                    "epos": "TN",
                    "base": "e₂-me-te-ur-saŋ",
                    "morph": "~"
                  }
                },
                {
                  "node": "l",
                  "frag": "[mu-un-gibil-a]",
                  "id": "Q007374.l02d0d",
                  "ref": "Q007374.3.2",
                  "inst": "gibil[new//to make new]V/i'V/t",
                  "sig": "@ribo/babylon0%sux:mu-un-gibil-a=gibil[new//to make new]V/i'V/t$mu.n:gibil;a/gibil#mu.n:~;a",
                  "f": {
                    "lang": "sux",
                    "form": "mu-un-gibil-a",
                    "gdl": [
                      {
                        "v": "mu",
                        "gdl_utf8": "𒈬",
                        "id": "Q007374.3.2.0",
                        "breakStart": "1",
                        "o": "[",
                        "break": "missing",
                        "delim": "-"
                      },
                      {
                        "v": "un",
                        "gdl_utf8": "𒌦",
                        "id": "Q007374.3.2.1",
                        "break": "missing",
                        "delim": "-"
                      },
                      {
                        "v": "gibil",
                        "gdl_utf8": "𒉋",
                        "id": "Q007374.3.2.2",
                        "break": "missing",
                        "delim": "-"
                      },
                      {
                        "v": "a",
                        "gdl_utf8": "𒀀",
                        "id": "Q007374.3.2.3",
                        "break": "missing",
                        "o": "]",
                        "breakEnd": "Q007374.3.2.0"
                      }
                    ],
                    "cf": "gibil",
                    "gw": "new",
                    "sense": "to make new",
                    "norm0": "mu.n:gibil;a",
                    "pos": "V/i",
                    "epos": "V/t",
                    "base": "gibil",
                    "morph": "mu.n:~;a"
                  }
                },
                {
                  "node": "d",
                  "type": "line-start",
                  "ref": "Q007374.4",
                  "n": "3'",
                  "label": "iii 3'"
                },
                {
                  "node": "l",
                  "frag": "u₃-{e₂}nir",
                  "id": "Q007374.l02d0e",
                  "ref": "Q007374.4.1",
                  "inst": "unir[ziggurat]N",
                  "sig": "@ribo/babylon0%sux:u₃-{e₂}nir=unir[ziggurat//ziggurat]N'N$unir/u₃-{e₂}nir#~",
                  "f": {
                    "lang": "sux",
                    "form": "u₃-{e₂}nir",
                    "delim": "",
                    "gdl": [
                      {
                        "v": "u₃",
                        "gdl_utf8": "𒅇",
                        "id": "Q007374.4.1.0",
                        "delim": "-"
                      },
                      {
                        "det": "semantic",
                        "pos": "pre",
                        "seq": [
                          {
                            "v": "e₂",
                            "gdl_utf8": "𒂍",
                            "id": "Q007374.4.1.1"
                          }
                        ]
                      },
                      {
                        "v": "nir",
                        "gdl_utf8": "𒉪",
                        "id": "Q007374.4.1.2"
                      }
                    ],
                    "cf": "unir",
                    "gw": "ziggurat",
                    "sense": "ziggurat",
                    "norm0": "unir",
                    "pos": "N",
                    "epos": "N",
                    "base": "u₃-{e₂}nir",
                    "morph": "~"
                  }
                },
                {
                  "node": "l",
                  "frag": "(u₆-nir)",
                  "id": "Q007374.l02d0f",
                  "ref": "Q007374.4.2",
                  "inst": "unir[ziggurat]N",
                  "sig": "@ribo/babylon0%sux:u₆-nir=unir[ziggurat//ziggurat]N'N$unir/u₆-nir#~",
                  "f": {
                    "lang": "sux",
                    "form": "u₆-nir",
                    "delim": "",
                    "gdl": [
                      {
                        "v": "u₆",
                        "gdl_utf8": "𒅆𒂍",
                        "id": "Q007374.4.2.0",
                        "statusStart": "1",
                        "o": "(",
                        "delim": "-"
                      },
                      {
                        "v": "nir",
                        "gdl_utf8": "𒉪",
                        "id": "Q007374.4.2.1",
                        "o": ")",
                        "statusStart": "Q007374.4.2.0"
                      }
                    ],
                    "cf": "unir",
                    "gw": "ziggurat",
                    "sense": "ziggurat",
                    "norm0": "unir",
                    "pos": "N",
                    "epos": "N",
                    "base": "u₆-nir",
                    "morph": "~"
                  }
                },
                {
                  "node": "l",
                  "frag": "ki-tuš",
                  "id": "Q007374.l02d10",
                  "ref": "Q007374.4.3",
                  "inst": "kituš[dwelling place]N",
                  "sig": "@ribo/babylon0%sux:ki-tuš=kituš[dwelling//dwelling place]N'N$kituš/ki-tuš#~",
                  "f": {
                    "lang": "sux",
                    "form": "ki-tuš",
                    "delim": "",
                    "gdl": [
                      {
                        "v": "ki",
                        "gdl_utf8": "𒆠",
                        "id": "Q007374.4.3.0",
                        "delim": "-"
                      },
                      {
                        "v": "tuš",
                        "gdl_utf8": "𒆪",
                        "id": "Q007374.4.3.1"
                      }
                    ],
                    "cf": "kituš",
                    "gw": "dwelling",
                    "sense": "dwelling place",
                    "norm0": "kituš",
                    "pos": "N",
                    "epos": "N",
                    "base": "ki-tuš",
                    "morph": "~"
                  }
                },
                {
                  "node": "l",
                  "frag": "[mah]",
                  "id": "Q007374.l02d11",
                  "ref": "Q007374.4.4",
                  "inst": "mah[(to be) great]V/i",
                  "sig": "@ribo/babylon0%sux:mah=mah[great//(to be) great]V/i'V/i$mah/mah#~",
                  "f": {
                    "lang": "sux",
                    "form": "mah",
                    "gdl": [
                      {
                        "v": "mah",
                        "gdl_utf8": "𒈤",
                        "id": "Q007374.4.4.0",
                        "breakStart": "1",
                        "o": "]",
                        "break": "missing",
                        "breakEnd": "Q007374.4.4.0"
                      }
                    ],
                    "cf": "mah",
                    "gw": "great",
                    "sense": "(to be) great",
                    "norm0": "mah",
                    "pos": "V/i",
                    "epos": "V/i",
                    "base": "mah",
                    "morph": "~"
                  }
                },
                {
                  "node": "d",
                  "type": "line-start",
                  "ref": "Q007374.5",
                  "n": "4'",
                  "label": "iii 4'"
                },
                {
                  "node": "l",
                  "frag": "{d}za-ba₄-ba₄",
                  "id": "Q007374.l02d12",
                  "ref": "Q007374.5.1",
                  "inst": "Zababa[1]DN",
                  "sig": "@ribo/babylon0%sux:{d}za-ba₄-ba₄=Zababa[1//1]DN'DN$Zababa/{d}za-ba₄-ba₄#~",
                  "f": {
                    "lang": "sux",
                    "form": "{d}za-ba₄-ba₄",
                    "delim": "",
                    "gdl": [
                      {
                        "det": "semantic",
                        "pos": "pre",
                        "seq": [
                          {
                            "v": "d",
                            "gdl_utf8": "𒀭",
                            "id": "Q007374.5.1.0"
                          }
                        ]
                      },
                      {
                        "v": "za",
                        "gdl_utf8": "𒍝",
                        "id": "Q007374.5.1.1",
                        "delim": "-"
                      },
                      {
                        "v": "ba₄",
                        "gdl_utf8": "𒂷",
                        "id": "Q007374.5.1.2",
                        "delim": "-"
                      },
                      {
                        "v": "ba₄",
                        "gdl_utf8": "𒂷",
                        "id": "Q007374.5.1.3"
                      }
                    ],
                    "cf": "Zababa",
                    "gw": "1",
                    "sense": "1",
                    "norm0": "Zababa",
                    "pos": "DN",
                    "epos": "DN",
                    "base": "{d}za-ba₄-ba₄",
                    "morph": "~"
                  }
                },
                {
                  "node": "l",
                  "frag": "{d}inanna-[ke₄]",
                  "id": "Q007374.l02d13",
                  "ref": "Q007374.5.2",
                  "inst": "Inana[1]DN",
                  "sig": "@ribo/babylon0%sux:{d}inanna-ke₄=Inana[1//1]DN'DN$Inana,ak.e/{d}inanna#~,ak.e",
                  "f": {
                    "lang": "sux",
                    "form": "{d}inanna-ke₄",
                    "gdl": [
                      {
                        "det": "semantic",
                        "pos": "pre",
                        "seq": [
                          {
                            "v": "d",
                            "gdl_utf8": "𒀭",
                            "id": "Q007374.5.2.0"
                          }
                        ]
                      },
                      {
                        "v": "inanna",
                        "gdl_utf8": "𒈹",
                        "id": "Q007374.5.2.1",
                        "delim": "-"
                      },
                      {
                        "v": "ke₄",
                        "gdl_utf8": "𒆤",
                        "id": "Q007374.5.2.2",
                        "breakStart": "1",
                        "o": "]",
                        "break": "missing",
                        "breakEnd": "Q007374.5.2.2"
                      }
                    ],
                    "cf": "Inana",
                    "gw": "1",
                    "sense": "1",
                    "norm0": "Inana,ak.e",
                    "pos": "DN",
                    "epos": "DN",
                    "base": "{d}inanna",
                    "morph": "~,ak.e"
                  }
                },
                {
                  "node": "d",
                  "type": "line-start",
                  "ref": "Q007374.6",
                  "n": "5'",
                  "label": "iii 5'"
                },
                {
                  "node": "l",
                  "frag": "saŋ-bi",
                  "id": "Q007374.l02d14",
                  "ref": "Q007374.6.1",
                  "inst": "saŋ[head]N",
                  "sig": "@ribo/babylon0%sux:saŋ-bi=saŋ[head//head]N'N$saŋ,bi/saŋ#~,bi",
                  "f": {
                    "lang": "sux",
                    "form": "saŋ-bi",
                    "delim": "",
                    "gdl": [
                      {
                        "v": "saŋ",
                        "gdl_utf8": "𒊕",
                        "id": "Q007374.6.1.0",
                        "delim": "-"
                      },
                      {
                        "v": "bi",
                        "gdl_utf8": "𒁉",
                        "id": "Q007374.6.1.1"
                      }
                    ],
                    "cf": "saŋ",
                    "gw": "head",
                    "sense": "head",
                    "norm0": "saŋ,bi",
                    "pos": "N",
                    "epos": "N",
                    "base": "saŋ",
                    "morph": "~,bi"
                  }
                },
                {
                  "node": "l",
                  "frag": "an-gen₇",
                  "id": "Q007374.l02d15",
                  "ref": "Q007374.6.2",
                  "inst": "an[sky, heaven]N",
                  "sig": "@ribo/babylon0%sux:an-gen₇=an[sky//sky, heaven]N'N$an,gin/an#~,gin",
                  "f": {
                    "lang": "sux",
                    "form": "an-gen₇",
                    "delim": "",
                    "gdl": [
                      {
                        "v": "an",
                        "gdl_utf8": "𒀭",
                        "id": "Q007374.6.2.0",
                        "delim": "-"
                      },
                      {
                        "v": "gen₇",
                        "gdl_utf8": "𒁶",
                        "id": "Q007374.6.2.1"
                      }
                    ],
                    "cf": "an",
                    "gw": "sky",
                    "sense": "sky, heaven",
                    "norm0": "an,gin",
                    "pos": "N",
                    "epos": "N",
                    "base": "an",
                    "morph": "~,gin"
                  }
                },
                {
                  "node": "l",
                  "frag": "il₂-la",
                  "id": "Q007374.l02d16",
                  "ref": "Q007374.6.3",
                  "inst": "il[to raise, carry]V/t",
                  "sig": "@ribo/babylon0%sux:il₂-la=il[raise//to raise, carry]V/t'V/t$il;a/il₂+-la=l.a#~;a",
                  "f": {
                    "lang": "sux",
                    "form": "il₂-la",
                    "delim": "",
                    "gdl": [
                      {
                        "v": "il₂",
                        "gdl_utf8": "𒅍",
                        "id": "Q007374.6.3.0",
                        "delim": "-"
                      },
                      {
                        "v": "la",
                        "gdl_utf8": "𒆷",
                        "id": "Q007374.6.3.1"
                      }
                    ],
                    "cf": "il",
                    "gw": "raise",
                    "sense": "to raise, carry",
                    "norm0": "il;a",
                    "pos": "V/t",
                    "epos": "V/t",
                    "base": "il₂",
                    "cont": "-la=l.a",
                    "morph": "~;a"
                  }
                },
                {
                  "node": "l",
                  "frag": "mu-[un-du₃-a]",
                  "id": "Q007374.l02d17",
                  "ref": "Q007374.6.4",
                  "inst": "du[to build, make]V/t",
                  "sig": "@ribo/babylon0%sux:mu-un-du₃-a=du[build//to build, make]V/t'V/t$mu.n:du;a/du₃#mu.n:~;a",
                  "f": {
                    "lang": "sux",
                    "form": "mu-un-du₃-a",
                    "gdl": [
                      {
                        "v": "mu",
                        "gdl_utf8": "𒈬",
                        "id": "Q007374.6.4.0",
                        "delim": "-"
                      },
                      {
                        "v": "un",
                        "gdl_utf8": "𒌦",
                        "id": "Q007374.6.4.1",
                        "breakStart": "1",
                        "o": "[",
                        "break": "missing",
                        "delim": "-"
                      },
                      {
                        "v": "du₃",
                        "gdl_utf8": "𒆕",
                        "id": "Q007374.6.4.2",
                        "break": "missing",
                        "delim": "-"
                      },
                      {
                        "v": "a",
                        "gdl_utf8": "𒀀",
                        "id": "Q007374.6.4.3",
                        "break": "missing",
                        "o": "]",
                        "breakEnd": "Q007374.6.4.1"
                      }
                    ],
                    "cf": "du",
                    "gw": "build",
                    "sense": "to build, make",
                    "norm0": "mu.n:du;a",
                    "pos": "V/t",
                    "epos": "V/t",
                    "base": "du₃",
                    "morph": "mu.n:~;a"
                  }
                },
                {
                  "node": "d",
                  "type": "line-start",
                  "ref": "Q007374.7",
                  "n": "6'",
                  "label": "iii 6'"
                },
                {
                  "node": "l",
                  "frag": "me-lim₄",
                  "id": "Q007374.l02d18",
                  "ref": "Q007374.7.1",
                  "inst": "melim[frightening splendor]N",
                  "sig": "@ribo/babylon0%sux:me-lim₄=melim[splendor//frightening splendor]N'N$melim/me-lim₄#~",
                  "f": {
                    "lang": "sux",
                    "form": "me-lim₄",
                    "delim": "",
                    "gdl": [
                      {
                        "v": "me",
                        "gdl_utf8": "𒈨",
                        "id": "Q007374.7.1.0",
                        "delim": "-"
                      },
                      {
                        "v": "lim₄",
                        "gdl_utf8": "𒉈",
                        "id": "Q007374.7.1.1"
                      }
                    ],
                    "cf": "melim",
                    "gw": "splendor",
                    "sense": "frightening splendor",
                    "norm0": "melim",
                    "pos": "N",
                    "epos": "N",
                    "base": "me-lim₄",
                    "morph": "~"
                  }
                },
                {
                  "node": "l",
                  "frag": "{d}za-ba₄-ba₄",
                  "id": "Q007374.l02d19",
                  "ref": "Q007374.7.2",
                  "inst": "Zababa[1]DN",
                  "sig": "@ribo/babylon0%sux:{d}za-ba₄-ba₄=Zababa[1//1]DN'DN$Zababa/{d}za-ba₄-ba₄#~",
                  "f": {
                    "lang": "sux",
                    "form": "{d}za-ba₄-ba₄",
                    "delim": "",
                    "gdl": [
                      {
                        "det": "semantic",
                        "pos": "pre",
                        "seq": [
                          {
                            "v": "d",
                            "gdl_utf8": "𒀭",
                            "id": "Q007374.7.2.0"
                          }
                        ]
                      },
                      {
                        "v": "za",
                        "gdl_utf8": "𒍝",
                        "id": "Q007374.7.2.1",
                        "delim": "-"
                      },
                      {
                        "v": "ba₄",
                        "gdl_utf8": "𒂷",
                        "id": "Q007374.7.2.2",
                        "delim": "-"
                      },
                      {
                        "v": "ba₄",
                        "gdl_utf8": "𒂷",
                        "id": "Q007374.7.2.3"
                      }
                    ],
                    "cf": "Zababa",
                    "gw": "1",
                    "sense": "1",
                    "norm0": "Zababa",
                    "pos": "DN",
                    "epos": "DN",
                    "base": "{d}za-ba₄-ba₄",
                    "morph": "~"
                  }
                },
                {
                  "node": "l",
                  "frag": "{d}inanna-e-ne-bi-ta",
                  "id": "Q007374.l02d1a",
                  "ref": "Q007374.7.3",
                  "inst": "Inana[1]DN",
                  "sig": "@ribo/babylon0%sux:{d}inanna-e-ne-bi-ta=Inana[1//1]DN'DN$Inana,ene.bi.ta/{d}inanna#~,ene.bi.ta",
                  "f": {
                    "lang": "sux",
                    "form": "{d}inanna-e-ne-bi-ta",
                    "delim": "",
                    "gdl": [
                      {
                        "det": "semantic",
                        "pos": "pre",
                        "seq": [
                          {
                            "v": "d",
                            "gdl_utf8": "𒀭",
                            "id": "Q007374.7.3.0"
                          }
                        ]
                      },
                      {
                        "v": "inanna",
                        "gdl_utf8": "𒈹",
                        "id": "Q007374.7.3.1",
                        "delim": "-"
                      },
                      {
                        "v": "e",
                        "gdl_utf8": "𒂊",
                        "id": "Q007374.7.3.2",
                        "delim": "-"
                      },
                      {
                        "v": "ne",
                        "gdl_utf8": "𒉈",
                        "id": "Q007374.7.3.3",
                        "delim": "-"
                      },
                      {
                        "v": "bi",
                        "gdl_utf8": "𒁉",
                        "id": "Q007374.7.3.4",
                        "delim": "-"
                      },
                      {
                        "v": "ta",
                        "gdl_utf8": "𒋫",
                        "id": "Q007374.7.3.5"
                      }
                    ],
                    "cf": "Inana",
                    "gw": "1",
                    "sense": "1",
                    "norm0": "Inana,ene.bi.ta",
                    "pos": "DN",
                    "epos": "DN",
                    "base": "{d}inanna",
                    "morph": "~,ene.bi.ta"
                  }
                },
                {
                  "node": "l",
                  "frag": "za₃",
                  "id": "Q007374.l02d1b",
                  "ref": "Q007374.7.4",
                  "inst": "zag[side]N",
                  "sig": "@ribo/babylon0%sux:za₃=zag[side//side]N'N$zag/za₃#~",
                  "f": {
                    "lang": "sux",
                    "form": "za₃",
                    "delim": "",
                    "gdl": [
                      {
                        "v": "za₃",
                        "gdl_utf8": "𒍠",
                        "id": "Q007374.7.4.0"
                      }
                    ],
                    "cf": "zag",
                    "gw": "side",
                    "sense": "side",
                    "norm0": "zag",
                    "pos": "N",
                    "epos": "N",
                    "base": "za₃",
                    "morph": "~"
                  }
                },
                {
                  "node": "l",
                  "frag": "zi-da",
                  "id": "Q007374.l02d1c",
                  "ref": "Q007374.7.5",
                  "inst": "zid[right]V/i",
                  "sig": "@ribo/babylon0%sux:zi-da=zid[right//right]V/i'V/i$zid;a/zi-d·a#~;a",
                  "f": {
                    "lang": "sux",
                    "form": "zi-da",
                    "gdl": [
                      {
                        "v": "zi",
                        "gdl_utf8": "𒍣",
                        "id": "Q007374.7.5.0",
                        "delim": "-"
                      },
                      {
                        "v": "da",
                        "gdl_utf8": "𒁕",
                        "id": "Q007374.7.5.1"
                      }
                    ],
                    "cf": "zid",
                    "gw": "right",
                    "sense": "right",
                    "norm0": "zid;a",
                    "pos": "V/i",
                    "epos": "V/i",
                    "base": "zi-d·a",
                    "morph": "~;a"
                  }
                },
                {
                  "node": "d",
                  "type": "line-start",
                  "ref": "Q007374.8",
                  "n": "8'",
                  "label": "iii 8'"
                },
                {
                  "node": "l",
                  "frag": "gal-bi",
                  "id": "Q007374.l02d1d",
                  "ref": "Q007374.8.1",
                  "inst": "gal[(to be) big, great]V/i",
                  "sig": "@ribo/babylon0%sux:gal-bi=gal[big//(to be) big, great]V/i'V/i$gal;*a,bi/gal#~;*a,bi",
                  "f": {
                    "lang": "sux",
                    "form": "gal-bi",
                    "delim": "",
                    "gdl": [
                      {
                        "v": "gal",
                        "gdl_utf8": "𒃲",
                        "id": "Q007374.8.1.0",
                        "delim": "-"
                      },
                      {
                        "v": "bi",
                        "gdl_utf8": "𒁉",
                        "id": "Q007374.8.1.1"
                      }
                    ],
                    "cf": "gal",
                    "gw": "big",
                    "sense": "(to be) big, great",
                    "norm0": "gal;*a,bi",
                    "pos": "V/i",
                    "epos": "V/i",
                    "base": "gal",
                    "morph": "~;*a,bi"
                  }
                },
                {
                  "node": "l",
                  "frag": "bi₂-in-diri-ga",
                  "id": "Q007374.l02d1e",
                  "ref": "Q007374.8.2",
                  "inst": "dirig[exceed//to make more than]V/i'V/t",
                  "sig": "@ribo/babylon0%sux:bi₂-in-diri-ga=dirig[exceed//to make more than]V/i'V/t$ba.i.n:dirig;a/diri-g·a#ba.i.n:~;a",
                  "f": {
                    "lang": "sux",
                    "form": "bi₂-in-diri-ga",
                    "gdl": [
                      {
                        "v": "bi₂",
                        "gdl_utf8": "𒉈",
                        "id": "Q007374.8.2.0",
                        "delim": "-"
                      },
                      {
                        "v": "in",
                        "gdl_utf8": "𒅔",
                        "id": "Q007374.8.2.1",
                        "delim": "-"
                      },
                      {
                        "v": "diri",
                        "gdl_utf8": "𒋛𒀀",
                        "id": "Q007374.8.2.2",
                        "delim": "-"
                      },
                      {
                        "v": "ga",
                        "gdl_utf8": "𒂵",
                        "id": "Q007374.8.2.3"
                      }
                    ],
                    "cf": "dirig",
                    "gw": "exceed",
                    "sense": "to make more than",
                    "norm0": "ba.i.n:dirig;a",
                    "pos": "V/i",
                    "epos": "V/t",
                    "base": "diri-g·a",
                    "morph": "ba.i.n:~;a"
                  }
                }
              ]
            }
          ]
        }
      ]
    }
  ]
}
