{
  "type": "cdl",
  "project": "ribo/babylon0",
  "source": "http://oracc.org/ribo/babylon0",
  "license": "This data is released under the CC0 license",
  "license-url": "https://creativecommons.org/publicdomain/zero/1.0/",
  "more-info": "http://oracc.org/doc/opendata/",
  "UTC-timestamp": "2019-01-12T08:23:19",
  "textid": "Q007417",
  "cdl": [
    {
      "node": "c",
      "type": "text",
      "id": "Q007417.U0",
      "cdl": [
        {
          "node": "d",
          "type": "object",
          "ref": ""
        },
        {
          "node": "d",
          "type": "surface",
          "ref": ""
        },
        {
          "node": "c",
          "type": "discourse",
          "subtype": "body",
          "id": "Q007417.U1",
          "cdl": [
            {
              "node": "c",
              "type": "sentence",
              "implicit": "yes",
              "id": "Q007417.U2",
              "label": "1",
              "cdl": [
                {
                  "node": "d",
                  "type": "line-start",
                  "ref": "Q007417.1",
                  "n": "1",
                  "label": "1"
                },
                {
                  "node": "l",
                  "frag": "mu",
                  "id": "Q007417.l038fe",
                  "ref": "Q007417.1.1",
                  "inst": "mu[year]N",
                  "sig": "@ribo/babylon0%sux:mu=mu[year//year]N'N$mu/mu#~",
                  "f": {
                    "lang": "sux",
                    "form": "mu",
                    "delim": "",
                    "gdl": [
                      {
                        "v": "mu",
                        "gdl_utf8": "𒈬",
                        "id": "Q007417.1.1.0"
                      }
                    ],
                    "cf": "mu",
                    "gw": "year",
                    "sense": "year",
                    "norm0": "mu",
                    "pos": "N",
                    "epos": "N",
                    "base": "mu",
                    "morph": "~"
                  }
                },
                {
                  "node": "l",
                  "frag": "sa-am-su-i-lu-na",
                  "id": "Q007417.l038ff",
                  "ref": "Q007417.1.2",
                  "inst": "Samsu-iluna[king of Babylon]RN",
                  "sig": "@ribo/babylon0%sux:sa-am-su-i-lu-na=Samsu-iluna[king of Babylon//king of Babylon]RN'RN$Samsu-iluna/sa-am-su-i-lu-na#~",
                  "f": {
                    "lang": "sux",
                    "form": "sa-am-su-i-lu-na",
                    "delim": "",
                    "gdl": [
                      {
                        "v": "sa",
                        "gdl_utf8": "𒊓",
                        "id": "Q007417.1.2.0",
                        "delim": "-"
                      },
                      {
                        "v": "am",
                        "gdl_utf8": "𒄠",
                        "id": "Q007417.1.2.1",
                        "delim": "-"
                      },
                      {
                        "v": "su",
                        "gdl_utf8": "𒋢",
                        "id": "Q007417.1.2.2",
                        "delim": "-"
                      },
                      {
                        "v": "i",
                        "gdl_utf8": "𒄿",
                        "id": "Q007417.1.2.3",
                        "delim": "-"
                      },
                      {
                        "v": "lu",
                        "gdl_utf8": "𒇻",
                        "id": "Q007417.1.2.4",
                        "delim": "-"
                      },
                      {
                        "v": "na",
                        "gdl_utf8": "𒈾",
                        "id": "Q007417.1.2.5"
                      }
                    ],
                    "cf": "Samsu-iluna",
                    "gw": "king of Babylon",
                    "sense": "king of Babylon",
                    "norm0": "Samsu-iluna",
                    "pos": "RN",
                    "epos": "RN",
                    "base": "sa-am-su-i-lu-na",
                    "morph": "~"
                  }
                },
                {
                  "node": "l",
                  "frag": "lugal-e",
                  "id": "Q007417.l03900",
                  "ref": "Q007417.1.3",
                  "inst": "lugal[king]N",
                  "sig": "@ribo/babylon0%sux:lugal-e=lugal[king//king]N'N$lugal,e/lugal#~,e",
                  "f": {
                    "lang": "sux",
                    "form": "lugal-e",
                    "delim": "",
                    "gdl": [
                      {
                        "v": "lugal",
                        "gdl_utf8": "𒈗",
                        "id": "Q007417.1.3.0",
                        "delim": "-"
                      },
                      {
                        "v": "e",
                        "gdl_utf8": "𒂊",
                        "id": "Q007417.1.3.1"
                      }
                    ],
                    "cf": "lugal",
                    "gw": "king",
                    "sense": "king",
                    "norm0": "lugal,e",
                    "pos": "N",
                    "epos": "N",
                    "base": "lugal",
                    "morph": "~,e"
                  }
                },
                {
                  "node": "l",
                  "frag": "nam-kala-ga",
                  "id": "Q007417.l03901",
                  "ref": "Q007417.1.4",
                  "inst": "namkalag[strength]N",
                  "sig": "@ribo/babylon0%sux:nam-kala-ga=namkalag[strength//strength]N'N$namkalag,a/nam-kala-g·a#~,a",
                  "f": {
                    "lang": "sux",
                    "form": "nam-kala-ga",
                    "delim": "",
                    "gdl": [
                      {
                        "v": "nam",
                        "gdl_utf8": "𒉆",
                        "id": "Q007417.1.4.0",
                        "delim": "-"
                      },
                      {
                        "v": "kala",
                        "gdl_utf8": "𒆗",
                        "id": "Q007417.1.4.1",
                        "delim": "-"
                      },
                      {
                        "v": "ga",
                        "gdl_utf8": "𒂵",
                        "id": "Q007417.1.4.2"
                      }
                    ],
                    "cf": "namkalag",
                    "gw": "strength",
                    "sense": "strength",
                    "norm0": "namkalag,a",
                    "pos": "N",
                    "epos": "N",
                    "base": "nam-kala-g·a",
                    "morph": "~,a"
                  }
                },
                {
                  "node": "l",
                  "frag": "nam-ur-saŋ-ŋa₂",
                  "id": "Q007417.l03902",
                  "ref": "Q007417.1.5",
                  "inst": "namursaŋ[heroism]N",
                  "sig": "@ribo/babylon0%sux:nam-ur-saŋ-ŋa₂=namursaŋ[heroism//heroism]N'N$namursaŋ,a/nam-ur-saŋ+-ŋa₂=ŋ.a#~,a",
                  "f": {
                    "lang": "sux",
                    "form": "nam-ur-saŋ-ŋa₂",
                    "delim": "",
                    "gdl": [
                      {
                        "v": "nam",
                        "gdl_utf8": "𒉆",
                        "id": "Q007417.1.5.0",
                        "delim": "-"
                      },
                      {
                        "v": "ur",
                        "gdl_utf8": "𒌨",
                        "id": "Q007417.1.5.1",
                        "delim": "-"
                      },
                      {
                        "v": "saŋ",
                        "gdl_utf8": "𒊕",
                        "id": "Q007417.1.5.2",
                        "delim": "-"
                      },
                      {
                        "v": "ŋa₂",
                        "gdl_utf8": "𒂷",
                        "id": "Q007417.1.5.3"
                      }
                    ],
                    "cf": "namursaŋ",
                    "gw": "heroism",
                    "sense": "heroism",
                    "norm0": "namursaŋ,a",
                    "pos": "N",
                    "epos": "N",
                    "base": "nam-ur-saŋ",
                    "cont": "-ŋa₂=ŋ.a",
                    "morph": "~,a"
                  }
                },
                {
                  "node": "l",
                  "frag": "{d}en-lil₂",
                  "id": "Q007417.l03903",
                  "ref": "Q007417.1.6",
                  "inst": "Enlil[1]DN",
                  "sig": "@ribo/babylon0%sux:{d}en-lil₂=Enlil[1//1]DN'DN$Enlil/{d}en-lil₂#~",
                  "f": {
                    "lang": "sux",
                    "form": "{d}en-lil₂",
                    "delim": "",
                    "gdl": [
                      {
                        "det": "semantic",
                        "pos": "pre",
                        "seq": [
                          {
                            "v": "d",
                            "gdl_utf8": "𒀭",
                            "id": "Q007417.1.6.0"
                          }
                        ]
                      },
                      {
                        "v": "en",
                        "gdl_utf8": "𒂗",
                        "id": "Q007417.1.6.1",
                        "delim": "-"
                      },
                      {
                        "v": "lil₂",
                        "gdl_utf8": "𒆤",
                        "id": "Q007417.1.6.2"
                      }
                    ],
                    "cf": "Enlil",
                    "gw": "1",
                    "sense": "1",
                    "norm0": "Enlil",
                    "pos": "DN",
                    "epos": "DN",
                    "base": "{d}en-lil₂",
                    "morph": "~"
                  }
                },
                {
                  "node": "l",
                  "frag": "lugal-a-ni",
                  "id": "Q007417.l03904",
                  "ref": "Q007417.1.7",
                  "inst": "lugal[king]N",
                  "sig": "@ribo/babylon0%sux:lugal-a-ni=lugal[king//king]N'N$lugal,ani/lugal#~,ani",
                  "f": {
                    "lang": "sux",
                    "form": "lugal-a-ni",
                    "delim": "",
                    "gdl": [
                      {
                        "v": "lugal",
                        "gdl_utf8": "𒈗",
                        "id": "Q007417.1.7.0",
                        "delim": "-"
                      },
                      {
                        "v": "a",
                        "gdl_utf8": "𒀀",
                        "id": "Q007417.1.7.1",
                        "delim": "-"
                      },
                      {
                        "v": "ni",
                        "gdl_utf8": "𒉌",
                        "id": "Q007417.1.7.2"
                      }
                    ],
                    "cf": "lugal",
                    "gw": "king",
                    "sense": "king",
                    "norm0": "lugal,ani",
                    "pos": "N",
                    "epos": "N",
                    "base": "lugal",
                    "morph": "~,ani"
                  }
                },
                {
                  "node": "l",
                  "frag": "mu-un-na-an-šum₂-ma-a",
                  "id": "Q007417.l03905",
                  "ref": "Q007417.1.8",
                  "inst": "šum[to give]V/t",
                  "sig": "@ribo/babylon0%sux:mu-un-na-an-šum₂-ma-a=šum[give//to give]V/t'V/t$mu.na.n:šum;a/šum₂+-ma=m.a#mu.na.n:~;a",
                  "f": {
                    "lang": "sux",
                    "form": "mu-un-na-an-šum₂-ma-a",
                    "delim": "",
                    "gdl": [
                      {
                        "v": "mu",
                        "gdl_utf8": "𒈬",
                        "id": "Q007417.1.8.0",
                        "delim": "-"
                      },
                      {
                        "v": "un",
                        "gdl_utf8": "𒌦",
                        "id": "Q007417.1.8.1",
                        "delim": "-"
                      },
                      {
                        "v": "na",
                        "gdl_utf8": "𒈾",
                        "id": "Q007417.1.8.2",
                        "delim": "-"
                      },
                      {
                        "v": "an",
                        "gdl_utf8": "𒀭",
                        "id": "Q007417.1.8.3",
                        "delim": "-"
                      },
                      {
                        "v": "šum₂",
                        "gdl_utf8": "𒋧",
                        "id": "Q007417.1.8.4",
                        "delim": "-"
                      },
                      {
                        "v": "ma",
                        "gdl_utf8": "𒈠",
                        "id": "Q007417.1.8.5",
                        "delim": "-"
                      },
                      {
                        "v": "a",
                        "gdl_utf8": "𒀀",
                        "id": "Q007417.1.8.6"
                      }
                    ],
                    "cf": "šum",
                    "gw": "give",
                    "sense": "to give",
                    "norm0": "mu.na.n:šum;a",
                    "pos": "V/t",
                    "epos": "V/t",
                    "base": "šum₂",
                    "cont": "-ma=m.a",
                    "morph": "mu.na.n:~;a"
                  }
                },
                {
                  "node": "l",
                  "frag": "MAŠ-UR₂-ba{ki}",
                  "id": "Q007417.l03906",
                  "ref": "Q007417.1.9",
                  "inst": "X",
                  "f": {
                    "lang": "sux",
                    "form": "MAŠ-UR₂-ba{ki}",
                    "delim": "",
                    "gdl": [
                      {
                        "s": "MAŠ",
                        "gdl_utf8": "𒈦",
                        "id": "Q007417.1.9.0",
                        "delim": "-"
                      },
                      {
                        "s": "UR₂",
                        "gdl_utf8": "𒌫",
                        "id": "Q007417.1.9.1",
                        "delim": "-"
                      },
                      {
                        "v": "ba",
                        "gdl_utf8": "𒁀",
                        "id": "Q007417.1.9.2"
                      },
                      {
                        "det": "semantic",
                        "pos": "post",
                        "seq": [
                          {
                            "v": "ki",
                            "gdl_utf8": "𒆠",
                            "id": "Q007417.1.9.3"
                          }
                        ]
                      }
                    ],
                    "pos": "X"
                  }
                },
                {
                  "node": "l",
                  "frag": "iri",
                  "id": "Q007417.l03907",
                  "ref": "Q007417.1.10",
                  "inst": "iri[city]N",
                  "sig": "@ribo/babylon0%sux:iri=iri[city//city]N'N$iri/iri#~",
                  "f": {
                    "lang": "sux",
                    "form": "iri",
                    "delim": "",
                    "gdl": [
                      {
                        "v": "iri",
                        "gdl_utf8": "𒌷",
                        "id": "Q007417.1.10.0"
                      }
                    ],
                    "cf": "iri",
                    "gw": "city",
                    "sense": "city",
                    "norm0": "iri",
                    "pos": "N",
                    "epos": "N",
                    "base": "iri",
                    "morph": "~"
                  }
                },
                {
                  "node": "l",
                  "frag": "ka-ma-an{ki}",
                  "id": "Q007417.l03908",
                  "ref": "Q007417.1.11",
                  "inst": "Kamanu[1]SN",
                  "sig": "@ribo/babylon0%sux:ka-ma-an{ki}=Kamanu[1//1]SN'SN$Kamanu/ka-ma-an{ki}#~",
                  "f": {
                    "lang": "sux",
                    "form": "ka-ma-an{ki}",
                    "delim": "",
                    "gdl": [
                      {
                        "v": "ka",
                        "gdl_utf8": "𒅗",
                        "id": "Q007417.1.11.0",
                        "delim": "-"
                      },
                      {
                        "v": "ma",
                        "gdl_utf8": "𒈠",
                        "id": "Q007417.1.11.1",
                        "delim": "-"
                      },
                      {
                        "v": "an",
                        "gdl_utf8": "𒀭",
                        "id": "Q007417.1.11.2"
                      },
                      {
                        "det": "semantic",
                        "pos": "post",
                        "seq": [
                          {
                            "v": "ki",
                            "gdl_utf8": "𒆠",
                            "id": "Q007417.1.11.3"
                          }
                        ]
                      }
                    ],
                    "cf": "Kamanu",
                    "gw": "1",
                    "sense": "1",
                    "norm0": "Kamanu",
                    "pos": "SN",
                    "epos": "SN",
                    "base": "ka-ma-an{ki}",
                    "morph": "~"
                  }
                },
                {
                  "node": "l",
                  "frag": "a-wa-al{ki}",
                  "id": "Q007417.l03909",
                  "ref": "Q007417.1.12",
                  "inst": "Awal[1]SN",
                  "sig": "@ribo/babylon0%sux:a-wa-al{ki}=Awal[1//1]SN'SN$Awal/a-wa-al{ki}#~",
                  "f": {
                    "lang": "sux",
                    "form": "a-wa-al{ki}",
                    "delim": "",
                    "gdl": [
                      {
                        "v": "a",
                        "gdl_utf8": "𒀀",
                        "id": "Q007417.1.12.0",
                        "delim": "-"
                      },
                      {
                        "v": "wa",
                        "gdl_utf8": "𒉿",
                        "id": "Q007417.1.12.1",
                        "delim": "-"
                      },
                      {
                        "v": "al",
                        "gdl_utf8": "𒀠",
                        "id": "Q007417.1.12.2"
                      },
                      {
                        "det": "semantic",
                        "pos": "post",
                        "seq": [
                          {
                            "v": "ki",
                            "gdl_utf8": "𒆠",
                            "id": "Q007417.1.12.3"
                          }
                        ]
                      }
                    ],
                    "cf": "Awal",
                    "gw": "1",
                    "sense": "1",
                    "norm0": "Awal",
                    "pos": "SN",
                    "epos": "SN",
                    "base": "a-wa-al{ki}",
                    "morph": "~"
                  }
                },
                {
                  "node": "l",
                  "frag": "u₃",
                  "id": "Q007417.l0390a",
                  "ref": "Q007417.1.13",
                  "inst": "u[and]CNJ",
                  "sig": "@ribo/babylon0%sux:u₃=u[and//and]CNJ'CNJ$u/u₃#~",
                  "f": {
                    "lang": "sux",
                    "form": "u₃",
                    "delim": "",
                    "gdl": [
                      {
                        "v": "u₃",
                        "gdl_utf8": "𒅇",
                        "id": "Q007417.1.13.0"
                      }
                    ],
                    "cf": "u",
                    "gw": "and",
                    "sense": "and",
                    "norm0": "u",
                    "pos": "CNJ",
                    "epos": "CNJ",
                    "base": "u₃",
                    "morph": "~"
                  }
                },
                {
                  "node": "l",
                  "frag": "maš-gan₂-lugal{ki}",
                  "id": "Q007417.l0390b",
                  "ref": "Q007417.1.14",
                  "inst": "Maškan-šarri[1]SN",
                  "sig": "@ribo/babylon0%sux:maš-gan₂-lugal{ki}=Maškan-šarri[1//1]SN'SN$Maškan-šarri/maš-gan₂-lugal{ki}#~",
                  "f": {
                    "lang": "sux",
                    "form": "maš-gan₂-lugal{ki}",
                    "delim": "",
                    "gdl": [
                      {
                        "v": "maš",
                        "gdl_utf8": "𒈦",
                        "id": "Q007417.1.14.0",
                        "delim": "-"
                      },
                      {
                        "v": "gan₂",
                        "gdl_utf8": "𒃷",
                        "id": "Q007417.1.14.1",
                        "delim": "-"
                      },
                      {
                        "v": "lugal",
                        "gdl_utf8": "𒈗",
                        "id": "Q007417.1.14.2"
                      },
                      {
                        "det": "semantic",
                        "pos": "post",
                        "seq": [
                          {
                            "v": "ki",
                            "gdl_utf8": "𒆠",
                            "id": "Q007417.1.14.3"
                          }
                        ]
                      }
                    ],
                    "cf": "Maškan-šarri",
                    "gw": "1",
                    "sense": "1",
                    "norm0": "Maškan-šarri",
                    "pos": "SN",
                    "epos": "SN",
                    "base": "maš-gan₂-lugal{ki}",
                    "morph": "~"
                  }
                },
                {
                  "node": "l",
                  "frag": "uru₁₇{ru}gen₇",
                  "id": "Q007417.l0390c",
                  "ref": "Q007417.1.15",
                  "inst": "uru[flood, deluge]N",
                  "sig": "@ribo/babylon0%sux:uru₁₇{ru}-gen₇=uru[flood//flood, deluge]N'N$uru,gin/uru₁₇{ru}#~,gin",
                  "f": {
                    "lang": "sux",
                    "form": "uru₁₇{ru}-gen₇",
                    "delim": "",
                    "gdl": [
                      {
                        "v": "uru₁₇",
                        "gdl_utf8": "𒍇",
                        "id": "Q007417.1.15.0"
                      },
                      {
                        "det": "semantic",
                        "pos": "post",
                        "delim": "-",
                        "seq": [
                          {
                            "v": "ru",
                            "gdl_utf8": "𒊒",
                            "id": "Q007417.1.15.1"
                          }
                        ]
                      },
                      {
                        "v": "gen₇",
                        "gdl_utf8": "𒁶",
                        "id": "Q007417.1.15.2"
                      }
                    ],
                    "cf": "uru",
                    "gw": "flood",
                    "sense": "flood, deluge",
                    "norm0": "uru,gin",
                    "pos": "N",
                    "epos": "N",
                    "base": "uru₁₇{ru}",
                    "morph": "~,gin"
                  }
                },
                {
                  "node": "l",
                  "frag": "[...]",
                  "id": "Q007417.l0390d",
                  "ref": "Q007417.1.16",
                  "inst": "u",
                  "f": {
                    "lang": "sux",
                    "form": "x",
                    "gdl": [
                      {
                        "x": "ellipsis",
                        "id": "Q007417.1.16.0",
                        "breakStart": "1",
                        "break": "missing",
                        "o": "]",
                        "breakEnd": "Q007417.1.16.0"
                      }
                    ],
                    "pos": "u"
                  }
                }
              ]
            }
          ]
        }
      ]
    }
  ]
}
