{
  "type": "cdl",
  "project": "ribo/babylon0",
  "source": "http://oracc.org/ribo/babylon0",
  "license": "This data is released under the CC0 license",
  "license-url": "https://creativecommons.org/publicdomain/zero/1.0/",
  "more-info": "http://oracc.org/doc/opendata/",
  "UTC-timestamp": "2019-01-12T08:23:09",
  "textid": "Q007340",
  "cdl": [
    {
      "node": "c",
      "type": "text",
      "id": "Q007340.U0",
      "cdl": [
        {
          "node": "d",
          "type": "object",
          "ref": ""
        },
        {
          "node": "d",
          "type": "surface",
          "ref": ""
        },
        {
          "node": "c",
          "type": "discourse",
          "subtype": "body",
          "id": "Q007340.U1",
          "cdl": [
            {
              "node": "c",
              "type": "sentence",
              "implicit": "yes",
              "id": "Q007340.U2",
              "label": "1",
              "cdl": [
                {
                  "node": "d",
                  "type": "line-start",
                  "ref": "Q007340.1",
                  "n": "1",
                  "label": "1"
                },
                {
                  "node": "l",
                  "frag": "mu",
                  "id": "Q007340.l02b81",
                  "ref": "Q007340.1.1",
                  "inst": "mu[year]N",
                  "sig": "@ribo/babylon0%sux:mu=mu[year//year]N'N$mu/mu#~",
                  "f": {
                    "lang": "sux",
                    "form": "mu",
                    "delim": "",
                    "gdl": [
                      {
                        "v": "mu",
                        "gdl_utf8": "𒈬",
                        "id": "Q007340.1.1.0"
                      }
                    ],
                    "cf": "mu",
                    "gw": "year",
                    "sense": "year",
                    "norm0": "mu",
                    "pos": "N",
                    "epos": "N",
                    "base": "mu",
                    "morph": "~"
                  }
                },
                {
                  "node": "l",
                  "frag": "ha-am-mu-ra-pi₂",
                  "id": "Q007340.l02b82",
                  "ref": "Q007340.1.2",
                  "inst": "Hammu-rapi[king of Babylon]RN",
                  "sig": "@ribo/babylon0%sux:ha-am-mu-ra-pi₂=Hammu-rapi[king of Babylon//king of Babylon]RN'RN$Hammu-rapi/ha-am-mu-ra-pi₂#~",
                  "f": {
                    "lang": "sux",
                    "form": "ha-am-mu-ra-pi₂",
                    "delim": "",
                    "gdl": [
                      {
                        "v": "ha",
                        "gdl_utf8": "𒄩",
                        "id": "Q007340.1.2.0",
                        "delim": "-"
                      },
                      {
                        "v": "am",
                        "gdl_utf8": "𒄠",
                        "id": "Q007340.1.2.1",
                        "delim": "-"
                      },
                      {
                        "v": "mu",
                        "gdl_utf8": "𒈬",
                        "id": "Q007340.1.2.2",
                        "delim": "-"
                      },
                      {
                        "v": "ra",
                        "gdl_utf8": "𒊏",
                        "id": "Q007340.1.2.3",
                        "delim": "-"
                      },
                      {
                        "v": "pi₂",
                        "gdl_utf8": "𒁉",
                        "id": "Q007340.1.2.4"
                      }
                    ],
                    "cf": "Hammu-rapi",
                    "gw": "king of Babylon",
                    "sense": "king of Babylon",
                    "norm0": "Hammu-rapi",
                    "pos": "RN",
                    "epos": "RN",
                    "base": "ha-am-mu-ra-pi₂",
                    "morph": "~"
                  }
                },
                {
                  "node": "l",
                  "frag": "lugal-e",
                  "id": "Q007340.l02b83",
                  "ref": "Q007340.1.3",
                  "inst": "lugal[king]N",
                  "sig": "@ribo/babylon0%sux:lugal-e=lugal[king//king]N'N$lugal,e/lugal#~,e",
                  "f": {
                    "lang": "sux",
                    "form": "lugal-e",
                    "delim": "",
                    "gdl": [
                      {
                        "v": "lugal",
                        "gdl_utf8": "𒈗",
                        "id": "Q007340.1.3.0",
                        "delim": "-"
                      },
                      {
                        "v": "e",
                        "gdl_utf8": "𒂊",
                        "id": "Q007340.1.3.1"
                      }
                    ],
                    "cf": "lugal",
                    "gw": "king",
                    "sense": "king",
                    "norm0": "lugal,e",
                    "pos": "N",
                    "epos": "N",
                    "base": "lugal",
                    "morph": "~,e"
                  }
                },
                {
                  "node": "l",
                  "frag": "ša₃-ga",
                  "id": "Q007340.l02b84",
                  "ref": "Q007340.1.4",
                  "inst": "šag[heart]N",
                  "sig": "@ribo/babylon0%sux:ša₃-ga=šag[heart//heart]N'N$šag,a/ša₃-g·a#~,a",
                  "f": {
                    "lang": "sux",
                    "form": "ša₃-ga",
                    "delim": "",
                    "gdl": [
                      {
                        "v": "ša₃",
                        "gdl_utf8": "𒊮",
                        "id": "Q007340.1.4.0",
                        "delim": "-"
                      },
                      {
                        "v": "ga",
                        "gdl_utf8": "𒂵",
                        "id": "Q007340.1.4.1"
                      }
                    ],
                    "cf": "šag",
                    "gw": "heart",
                    "sense": "heart",
                    "norm0": "šag,a",
                    "pos": "N",
                    "epos": "N",
                    "base": "ša₃-g·a",
                    "morph": "~,a"
                  }
                },
                {
                  "node": "l",
                  "frag": "kalam-ma",
                  "id": "Q007340.l02b85",
                  "ref": "Q007340.1.5",
                  "inst": "kalam[the Land (of Sumer)]N",
                  "sig": "@ribo/babylon0%sux:kalam-ma=kalam[land//the Land (of Sumer)]N'N$kalam,a/kalam+-ma=m.a#~,a",
                  "f": {
                    "lang": "sux",
                    "form": "kalam-ma",
                    "delim": "",
                    "gdl": [
                      {
                        "v": "kalam",
                        "gdl_utf8": "𒌦",
                        "id": "Q007340.1.5.0",
                        "delim": "-"
                      },
                      {
                        "v": "ma",
                        "gdl_utf8": "𒈠",
                        "id": "Q007340.1.5.1"
                      }
                    ],
                    "cf": "kalam",
                    "gw": "land",
                    "sense": "the Land (of Sumer)",
                    "norm0": "kalam,a",
                    "pos": "N",
                    "epos": "N",
                    "base": "kalam",
                    "cont": "-ma=m.a",
                    "morph": "~,a"
                  }
                },
                {
                  "node": "l",
                  "frag": "(ma-da-na)",
                  "id": "Q007340.l02b86",
                  "ref": "Q007340.1.6",
                  "inst": "mada[land//land, country]N'N/ma-da#~,ani.a",
                  "sig": "@ribo/babylon0%sux:ma-da-na=mada[land//land, country]N'N$mada,ani.a/ma-da#~,ani.a",
                  "f": {
                    "lang": "sux",
                    "form": "ma-da-na",
                    "delim": "",
                    "gdl": [
                      {
                        "v": "ma",
                        "gdl_utf8": "𒈠",
                        "id": "Q007340.1.6.0",
                        "statusStart": "1",
                        "o": "(",
                        "delim": "-"
                      },
                      {
                        "v": "da",
                        "gdl_utf8": "𒁕",
                        "id": "Q007340.1.6.1",
                        "delim": "-"
                      },
                      {
                        "v": "na",
                        "gdl_utf8": "𒈾",
                        "id": "Q007340.1.6.2",
                        "o": ")",
                        "statusStart": "Q007340.1.6.0"
                      }
                    ],
                    "cf": "mada",
                    "gw": "land",
                    "sense": "land, country",
                    "norm0": "mada,ani.a",
                    "pos": "N",
                    "epos": "N",
                    "base": "ma-da",
                    "morph": "~,ani.a"
                  }
                },
                {
                  "node": "l",
                  "frag": "nam-si-sa₂",
                  "id": "Q007340.l02b87",
                  "ref": "Q007340.1.7",
                  "inst": "namsisa[justness//justness, righteousness]N'N/nam-si-sa₂#~",
                  "sig": "@ribo/babylon0%sux:nam-si-sa₂=namsisa[justness//justness, righteousness]N'N$namsisa/nam-si-sa₂#~",
                  "f": {
                    "lang": "sux",
                    "form": "nam-si-sa₂",
                    "delim": "",
                    "gdl": [
                      {
                        "v": "nam",
                        "gdl_utf8": "𒉆",
                        "id": "Q007340.1.7.0",
                        "delim": "-"
                      },
                      {
                        "v": "si",
                        "gdl_utf8": "𒋛",
                        "id": "Q007340.1.7.1",
                        "delim": "-"
                      },
                      {
                        "v": "sa₂",
                        "gdl_utf8": "𒁲",
                        "id": "Q007340.1.7.2"
                      }
                    ],
                    "cf": "namsisa",
                    "gw": "justness",
                    "sense": "justness, righteousness",
                    "norm0": "namsisa",
                    "pos": "N",
                    "epos": "N",
                    "base": "nam-si-sa₂",
                    "morph": "~"
                  }
                },
                {
                  "node": "l",
                  "frag": "(niŋ₂-si-sa₂)",
                  "id": "Q007340.l02b88",
                  "ref": "Q007340.1.8",
                  "inst": "niŋsisa[justice]N",
                  "sig": "@ribo/babylon0%sux:niŋ₂-si-sa₂=niŋsisa[justice//justice]N'N$niŋsisa/niŋ₂-si-sa₂#~",
                  "f": {
                    "lang": "sux",
                    "form": "niŋ₂-si-sa₂",
                    "delim": "",
                    "gdl": [
                      {
                        "v": "niŋ₂",
                        "gdl_utf8": "𒃻",
                        "id": "Q007340.1.8.0",
                        "statusStart": "1",
                        "o": "(",
                        "delim": "-"
                      },
                      {
                        "v": "si",
                        "gdl_utf8": "𒋛",
                        "id": "Q007340.1.8.1",
                        "delim": "-"
                      },
                      {
                        "v": "sa₂",
                        "gdl_utf8": "𒁲",
                        "id": "Q007340.1.8.2",
                        "o": ")",
                        "statusStart": "Q007340.1.8.0"
                      }
                    ],
                    "cf": "niŋsisa",
                    "gw": "justice",
                    "sense": "justice",
                    "norm0": "niŋsisa",
                    "pos": "N",
                    "epos": "N",
                    "base": "niŋ₂-si-sa₂",
                    "morph": "~"
                  }
                },
                {
                  "node": "l",
                  "frag": "ama-ar-gi",
                  "id": "Q007340.l02b89",
                  "ref": "Q007340.1.9",
                  "inst": "amargi[reversion//reversion to a previous state]N'N/ama-ar-gi#~",
                  "sig": "@ribo/babylon0%sux:ama-ar-gi=amargi[reversion//reversion to a previous state]N'N$amargi/ama-ar-gi#~",
                  "f": {
                    "lang": "sux",
                    "form": "ama-ar-gi",
                    "delim": "",
                    "gdl": [
                      {
                        "v": "ama",
                        "gdl_utf8": "𒂼",
                        "id": "Q007340.1.9.0",
                        "delim": "-"
                      },
                      {
                        "v": "ar",
                        "gdl_utf8": "𒅈",
                        "id": "Q007340.1.9.1",
                        "delim": "-"
                      },
                      {
                        "v": "gi",
                        "gdl_utf8": "𒄀",
                        "id": "Q007340.1.9.2"
                      }
                    ],
                    "cf": "amargi",
                    "gw": "reversion",
                    "sense": "reversion to a previous state",
                    "norm0": "amargi",
                    "pos": "N",
                    "epos": "N",
                    "base": "ama-ar-gi",
                    "morph": "~"
                  }
                },
                {
                  "node": "l",
                  "frag": "i-ni-in-ŋar-ra",
                  "id": "Q007340.l02b8a",
                  "ref": "Q007340.1.10",
                  "inst": "ŋar[place//to put, place, lay down]V/t'V/t/ŋar+-ra=r.a#V.i.n:~;a",
                  "sig": "@ribo/babylon0%sux:i-ni-in-ŋar-ra=ŋar[place//to put, place, lay down]V/t'V/t$V.i.n:ŋar;a/ŋar+-ra=r.a#V.i.n:~;a",
                  "f": {
                    "lang": "sux",
                    "form": "i-ni-in-ŋar-ra",
                    "gdl": [
                      {
                        "v": "i",
                        "gdl_utf8": "𒄿",
                        "id": "Q007340.1.10.0",
                        "delim": "-"
                      },
                      {
                        "v": "ni",
                        "gdl_utf8": "𒉌",
                        "id": "Q007340.1.10.1",
                        "delim": "-"
                      },
                      {
                        "v": "in",
                        "gdl_utf8": "𒅔",
                        "id": "Q007340.1.10.2",
                        "delim": "-"
                      },
                      {
                        "v": "ŋar",
                        "gdl_utf8": "𒃻",
                        "id": "Q007340.1.10.3",
                        "delim": "-"
                      },
                      {
                        "v": "ra",
                        "gdl_utf8": "𒊏",
                        "id": "Q007340.1.10.4"
                      }
                    ],
                    "cf": "ŋar",
                    "gw": "place",
                    "sense": "to put, place, lay down",
                    "norm0": "V.i.n:ŋar;a",
                    "pos": "V/t",
                    "epos": "V/t",
                    "base": "ŋar",
                    "cont": "-ra=r.a",
                    "morph": "V.i.n:~;a"
                  }
                }
              ]
            }
          ]
        }
      ]
    }
  ]
}
