{
  "type": "cdl",
  "project": "ribo/babylon0",
  "source": "http://oracc.org/ribo/babylon0",
  "license": "This data is released under the CC0 license",
  "license-url": "https://creativecommons.org/publicdomain/zero/1.0/",
  "more-info": "http://oracc.org/doc/opendata/",
  "UTC-timestamp": "2019-01-12T08:23:08",
  "textid": "Q007336",
  "cdl": [
    {
      "node": "c",
      "type": "text",
      "id": "Q007336.U0",
      "cdl": [
        {
          "node": "d",
          "type": "object",
          "ref": ""
        },
        {
          "node": "d",
          "type": "surface",
          "ref": ""
        },
        {
          "node": "c",
          "type": "discourse",
          "subtype": "body",
          "id": "Q007336.U1",
          "cdl": [
            {
              "node": "c",
              "type": "sentence",
              "implicit": "yes",
              "id": "Q007336.U2",
              "label": "1 - 30",
              "cdl": [
                {
                  "node": "d",
                  "type": "line-start",
                  "ref": "Q007336.1",
                  "n": "1",
                  "label": "1"
                },
                {
                  "node": "l",
                  "frag": "{d}utu",
                  "id": "Q007336.l00c34",
                  "ref": "Q007336.1.1",
                  "inst": "Utu[1]DN",
                  "sig": "@ribo/babylon0%sux:{d}utu=Utu[1//1]DN'DN$Utu/{d}utu#~",
                  "f": {
                    "lang": "sux",
                    "form": "{d}utu",
                    "gdl": [
                      {
                        "det": "semantic",
                        "pos": "pre",
                        "seq": [
                          {
                            "v": "d",
                            "gdl_utf8": "𒀭",
                            "id": "Q007336.1.1.0"
                          }
                        ]
                      },
                      {
                        "v": "utu",
                        "gdl_utf8": "𒌓",
                        "id": "Q007336.1.1.1"
                      }
                    ],
                    "cf": "Utu",
                    "gw": "1",
                    "sense": "1",
                    "norm0": "Utu",
                    "pos": "DN",
                    "epos": "DN",
                    "base": "{d}utu",
                    "morph": "~"
                  }
                },
                {
                  "node": "d",
                  "type": "line-start",
                  "ref": "Q007336.2",
                  "n": "2",
                  "label": "2"
                },
                {
                  "node": "l",
                  "frag": "en",
                  "id": "Q007336.l00c35",
                  "ref": "Q007336.2.1",
                  "inst": "en[lord]N",
                  "sig": "@ribo/babylon0%sux:en=en[lord//lord]N'N$en/en#~",
                  "f": {
                    "lang": "sux",
                    "form": "en",
                    "delim": "",
                    "gdl": [
                      {
                        "v": "en",
                        "gdl_utf8": "𒂗",
                        "id": "Q007336.2.1.0"
                      }
                    ],
                    "cf": "en",
                    "gw": "lord",
                    "sense": "lord",
                    "norm0": "en",
                    "pos": "N",
                    "epos": "N",
                    "base": "en",
                    "morph": "~"
                  }
                },
                {
                  "node": "l",
                  "frag": "an",
                  "id": "Q007336.l00c36",
                  "ref": "Q007336.2.2",
                  "inst": "an[sky, heaven]N",
                  "sig": "@ribo/babylon0%sux:an=an[sky//sky, heaven]N'N$an/an#~",
                  "f": {
                    "lang": "sux",
                    "form": "an",
                    "delim": "",
                    "gdl": [
                      {
                        "v": "an",
                        "gdl_utf8": "𒀭",
                        "id": "Q007336.2.2.0"
                      }
                    ],
                    "cf": "an",
                    "gw": "sky",
                    "sense": "sky, heaven",
                    "norm0": "an",
                    "pos": "N",
                    "epos": "N",
                    "base": "an",
                    "morph": "~"
                  }
                },
                {
                  "node": "l",
                  "frag": "ki-bi-da",
                  "id": "Q007336.l00c37",
                  "ref": "Q007336.2.3",
                  "inst": "ki[ground, earth, land]N",
                  "sig": "@ribo/babylon0%sux:ki-bi-da=ki[place//ground, earth, land]N'N$ki/ki#~",
                  "f": {
                    "lang": "sux",
                    "form": "ki-bi-da",
                    "gdl": [
                      {
                        "v": "ki",
                        "gdl_utf8": "𒆠",
                        "id": "Q007336.2.3.0",
                        "delim": "-"
                      },
                      {
                        "v": "bi",
                        "gdl_utf8": "𒁉",
                        "id": "Q007336.2.3.1",
                        "delim": "-"
                      },
                      {
                        "v": "da",
                        "gdl_utf8": "𒁕",
                        "id": "Q007336.2.3.2"
                      }
                    ],
                    "cf": "ki",
                    "gw": "place",
                    "sense": "ground, earth, land",
                    "norm0": "ki",
                    "pos": "N",
                    "epos": "N",
                    "base": "ki",
                    "morph": "~"
                  }
                },
                {
                  "node": "d",
                  "type": "line-start",
                  "ref": "Q007336.3",
                  "n": "3",
                  "label": "3"
                },
                {
                  "node": "l",
                  "frag": "lugal-a-ni-ir",
                  "id": "Q007336.l00c38",
                  "ref": "Q007336.3.1",
                  "inst": "lugal[king]N",
                  "sig": "@ribo/babylon0%sux:lugal-a-ni-ir=lugal[king//king]N'N$lugal,ani.ra/lugal#~,ani.ra",
                  "f": {
                    "lang": "sux",
                    "form": "lugal-a-ni-ir",
                    "gdl": [
                      {
                        "v": "lugal",
                        "gdl_utf8": "𒈗",
                        "id": "Q007336.3.1.0",
                        "delim": "-"
                      },
                      {
                        "v": "a",
                        "gdl_utf8": "𒀀",
                        "id": "Q007336.3.1.1",
                        "delim": "-"
                      },
                      {
                        "v": "ni",
                        "gdl_utf8": "𒉌",
                        "id": "Q007336.3.1.2",
                        "delim": "-"
                      },
                      {
                        "v": "ir",
                        "gdl_utf8": "𒅕",
                        "id": "Q007336.3.1.3"
                      }
                    ],
                    "cf": "lugal",
                    "gw": "king",
                    "sense": "king",
                    "norm0": "lugal,ani.ra",
                    "pos": "N",
                    "epos": "N",
                    "base": "lugal",
                    "morph": "~,ani.ra"
                  }
                },
                {
                  "node": "d",
                  "type": "line-start",
                  "ref": "Q007336.4",
                  "n": "4",
                  "label": "4"
                },
                {
                  "node": "l",
                  "frag": "ha-am-mu-ra-pi₂",
                  "id": "Q007336.l00c39",
                  "ref": "Q007336.4.1",
                  "inst": "Hammu-rapi[king of Babylon]RN",
                  "sig": "@ribo/babylon0%sux:ha-am-mu-ra-pi₂=Hammu-rapi[king of Babylon//king of Babylon]RN'RN$Hammu-rapi/ha-am-mu-ra-pi₂#~",
                  "f": {
                    "lang": "sux",
                    "form": "ha-am-mu-ra-pi₂",
                    "gdl": [
                      {
                        "v": "ha",
                        "gdl_utf8": "𒄩",
                        "id": "Q007336.4.1.0",
                        "delim": "-"
                      },
                      {
                        "v": "am",
                        "gdl_utf8": "𒄠",
                        "id": "Q007336.4.1.1",
                        "delim": "-"
                      },
                      {
                        "v": "mu",
                        "gdl_utf8": "𒈬",
                        "id": "Q007336.4.1.2",
                        "delim": "-"
                      },
                      {
                        "v": "ra",
                        "gdl_utf8": "𒊏",
                        "id": "Q007336.4.1.3",
                        "delim": "-"
                      },
                      {
                        "v": "pi₂",
                        "gdl_utf8": "𒁉",
                        "id": "Q007336.4.1.4"
                      }
                    ],
                    "cf": "Hammu-rapi",
                    "gw": "king of Babylon",
                    "sense": "king of Babylon",
                    "norm0": "Hammu-rapi",
                    "pos": "RN",
                    "epos": "RN",
                    "base": "ha-am-mu-ra-pi₂",
                    "morph": "~"
                  }
                },
                {
                  "node": "d",
                  "type": "line-start",
                  "ref": "Q007336.5",
                  "n": "5",
                  "label": "5"
                },
                {
                  "node": "c",
                  "type": "phrase",
                  "tag": "phr",
                  "id": "Q007336.U4",
                  "ref": "Q007336.ls00000",
                  "cdl": [
                    {
                      "node": "l",
                      "frag": "gu₃",
                      "id": "Q007336.l00c3a",
                      "ref": "Q007336.5.1",
                      "inst": "gu[voice]N",
                      "sig": "@ribo/babylon0%sux:gu₃=gu[voice//voice, cry, noise]N'N$gu/gu₃#~",
                      "f": {
                        "lang": "sux",
                        "form": "gu₃",
                        "delim": "",
                        "gdl": [
                          {
                            "v": "gu₃",
                            "gdl_utf8": "𒅗",
                            "id": "Q007336.5.1.0"
                          }
                        ],
                        "cf": "gu",
                        "gw": "voice",
                        "sense": "voice, cry, noise",
                        "norm0": "gu",
                        "pos": "N",
                        "epos": "N",
                        "base": "gu₃",
                        "morph": "~"
                      }
                    },
                    {
                      "node": "l",
                      "frag": "de₂-a",
                      "id": "Q007336.l00c3b",
                      "ref": "Q007336.5.2",
                      "inst": "de[pour//to pour]V/t'V/t/de₂#~;a",
                      "sig": "@ribo/babylon0%sux:de₂-a=de[pour//to pour]V/t'V/t$de;a/de₂#~;a",
                      "f": {
                        "lang": "sux",
                        "form": "de₂-a",
                        "delim": "",
                        "gdl": [
                          {
                            "v": "de₂",
                            "gdl_utf8": "𒌤",
                            "id": "Q007336.5.2.0",
                            "delim": "-"
                          },
                          {
                            "v": "a",
                            "gdl_utf8": "𒀀",
                            "id": "Q007336.5.2.1"
                          }
                        ],
                        "cf": "de",
                        "gw": "pour",
                        "sense": "to pour",
                        "norm0": "de;a",
                        "pos": "V/t",
                        "epos": "V/t",
                        "base": "de₂",
                        "morph": "~;a"
                      }
                    }
                  ]
                },
                {
                  "node": "l",
                  "frag": "an-na",
                  "id": "Q007336.l00c3c",
                  "ref": "Q007336.5.3",
                  "inst": "An[1]DN",
                  "sig": "@ribo/babylon0%sux:an-na=An[1//1]DN'DN$An,ak/an+-na=n.a#~,ak",
                  "f": {
                    "lang": "sux",
                    "form": "an-na",
                    "gdl": [
                      {
                        "v": "an",
                        "gdl_utf8": "𒀭",
                        "id": "Q007336.5.3.0",
                        "delim": "-"
                      },
                      {
                        "v": "na",
                        "gdl_utf8": "𒈾",
                        "id": "Q007336.5.3.1"
                      }
                    ],
                    "cf": "An",
                    "gw": "1",
                    "sense": "1",
                    "norm0": "An,ak",
                    "pos": "DN",
                    "epos": "DN",
                    "base": "an",
                    "cont": "-na=n.a",
                    "morph": "~,ak"
                  }
                },
                {
                  "node": "d",
                  "type": "line-start",
                  "ref": "Q007336.6",
                  "n": "6",
                  "label": "6"
                },
                {
                  "node": "l",
                  "frag": "{d}en-lil₂-da",
                  "id": "Q007336.l00c3d",
                  "ref": "Q007336.6.1",
                  "inst": "Enlil[1]DN",
                  "sig": "@ribo/babylon0%sux:{d}en-lil₂-da=Enlil[1//1]DN'DN$Enlil,da/{d}en-lil₂#~,da",
                  "f": {
                    "lang": "sux",
                    "form": "{d}en-lil₂-da",
                    "delim": "",
                    "gdl": [
                      {
                        "det": "semantic",
                        "pos": "pre",
                        "seq": [
                          {
                            "v": "d",
                            "gdl_utf8": "𒀭",
                            "id": "Q007336.6.1.0"
                          }
                        ]
                      },
                      {
                        "v": "en",
                        "gdl_utf8": "𒂗",
                        "id": "Q007336.6.1.1",
                        "delim": "-"
                      },
                      {
                        "v": "lil₂",
                        "gdl_utf8": "𒆤",
                        "id": "Q007336.6.1.2",
                        "delim": "-"
                      },
                      {
                        "v": "da",
                        "gdl_utf8": "𒁕",
                        "id": "Q007336.6.1.3"
                      }
                    ],
                    "cf": "Enlil",
                    "gw": "1",
                    "sense": "1",
                    "norm0": "Enlil,da",
                    "pos": "DN",
                    "epos": "DN",
                    "base": "{d}en-lil₂",
                    "morph": "~,da"
                  }
                },
                {
                  "node": "c",
                  "type": "phrase",
                  "tag": "phr",
                  "id": "Q007336.U5",
                  "ref": "Q007336.ls00001",
                  "cdl": [
                    {
                      "node": "l",
                      "frag": "ŋeš",
                      "id": "Q007336.l00c3e",
                      "ref": "Q007336.6.2",
                      "inst": "ŋeš[tree]N",
                      "sig": "@ribo/babylon0%sux:ŋeš=ŋeš[tree//wood]N'N$ŋeš/ŋeš#~",
                      "f": {
                        "lang": "sux",
                        "form": "ŋeš",
                        "delim": "",
                        "gdl": [
                          {
                            "v": "ŋeš",
                            "gdl_utf8": "𒄑",
                            "id": "Q007336.6.2.0"
                          }
                        ],
                        "cf": "ŋeš",
                        "gw": "tree",
                        "sense": "wood",
                        "norm0": "ŋeš",
                        "pos": "N",
                        "epos": "N",
                        "base": "ŋeš",
                        "morph": "~"
                      }
                    },
                    {
                      "node": "l",
                      "frag": "tuku",
                      "id": "Q007336.l00c3f",
                      "ref": "Q007336.6.3",
                      "inst": "tuku[to acquire, get]V/t",
                      "sig": "@ribo/babylon0%sux:tuku=tuku[acquire//to acquire, get]V/t'V/t$tuku/tuku#~",
                      "f": {
                        "lang": "sux",
                        "form": "tuku",
                        "gdl": [
                          {
                            "v": "tuku",
                            "gdl_utf8": "𒌇",
                            "id": "Q007336.6.3.0"
                          }
                        ],
                        "cf": "tuku",
                        "gw": "acquire",
                        "sense": "to acquire, get",
                        "norm0": "tuku",
                        "pos": "V/t",
                        "epos": "V/t",
                        "base": "tuku",
                        "morph": "~"
                      }
                    }
                  ]
                },
                {
                  "node": "d",
                  "type": "line-start",
                  "ref": "Q007336.7",
                  "n": "7",
                  "label": "7"
                },
                {
                  "node": "l",
                  "frag": "še-ga",
                  "id": "Q007336.l00c40",
                  "ref": "Q007336.7.1",
                  "inst": "šeg[favourite]'N",
                  "sig": "@ribo/babylon0%sux:še-ga=šeg[agree//favourite]V/t'N$šeg;a/še-g·a#~;a",
                  "f": {
                    "lang": "sux",
                    "form": "še-ga",
                    "delim": "",
                    "gdl": [
                      {
                        "v": "še",
                        "gdl_utf8": "𒊺",
                        "id": "Q007336.7.1.0",
                        "delim": "-"
                      },
                      {
                        "v": "ga",
                        "gdl_utf8": "𒂵",
                        "id": "Q007336.7.1.1"
                      }
                    ],
                    "cf": "šeg",
                    "gw": "agree",
                    "sense": "favourite",
                    "norm0": "šeg;a",
                    "pos": "V/t",
                    "epos": "N",
                    "base": "še-g·a",
                    "morph": "~;a"
                  }
                },
                {
                  "node": "l",
                  "frag": "{d}utu",
                  "id": "Q007336.l00c41",
                  "ref": "Q007336.7.2",
                  "inst": "Utu[1]DN",
                  "sig": "@ribo/babylon0%sux:{d}utu=Utu[1//1]DN'DN$Utu/{d}utu#~",
                  "f": {
                    "lang": "sux",
                    "form": "{d}utu",
                    "gdl": [
                      {
                        "det": "semantic",
                        "pos": "pre",
                        "seq": [
                          {
                            "v": "d",
                            "gdl_utf8": "𒀭",
                            "id": "Q007336.7.2.0"
                          }
                        ]
                      },
                      {
                        "v": "utu",
                        "gdl_utf8": "𒌓",
                        "id": "Q007336.7.2.1"
                      }
                    ],
                    "cf": "Utu",
                    "gw": "1",
                    "sense": "1",
                    "norm0": "Utu",
                    "pos": "DN",
                    "epos": "DN",
                    "base": "{d}utu",
                    "morph": "~"
                  }
                },
                {
                  "node": "d",
                  "type": "line-start",
                  "ref": "Q007336.8",
                  "n": "8",
                  "label": "8"
                },
                {
                  "node": "l",
                  "frag": "sipa",
                  "id": "Q007336.l00c42",
                  "ref": "Q007336.8.1",
                  "inst": "sipad[shepherd]N'N/sipa#~",
                  "sig": "@ribo/babylon0%sux:sipa=sipad[shepherd//shepherd]N'N$sipad/sipa#~",
                  "f": {
                    "lang": "sux",
                    "form": "sipa",
                    "delim": "",
                    "gdl": [
                      {
                        "v": "sipa",
                        "gdl_utf8": "𒉺𒇻",
                        "id": "Q007336.8.1.0"
                      }
                    ],
                    "cf": "sipad",
                    "gw": "shepherd",
                    "sense": "shepherd",
                    "norm0": "sipad",
                    "pos": "N",
                    "epos": "N",
                    "base": "sipa",
                    "morph": "~"
                  }
                },
                {
                  "node": "l",
                  "frag": "ki-aŋ₂",
                  "id": "Q007336.l00c43",
                  "ref": "Q007336.8.2",
                  "inst": "kiʾaŋa[beloved]AJ",
                  "sig": "@ribo/babylon0%sux:ki-aŋ₂=kiʾaŋa[beloved//beloved]AJ'AJ$kiʾaŋa/ki-aŋ₂#~",
                  "f": {
                    "lang": "sux",
                    "form": "ki-aŋ₂",
                    "gdl": [
                      {
                        "v": "ki",
                        "gdl_utf8": "𒆠",
                        "id": "Q007336.8.2.0",
                        "delim": "-"
                      },
                      {
                        "v": "aŋ₂",
                        "gdl_utf8": "𒉘",
                        "id": "Q007336.8.2.1"
                      }
                    ],
                    "cf": "kiʾaŋa",
                    "gw": "beloved",
                    "sense": "beloved",
                    "norm0": "kiʾaŋa",
                    "pos": "AJ",
                    "epos": "AJ",
                    "base": "ki-aŋ₂",
                    "morph": "~"
                  }
                },
                {
                  "node": "d",
                  "type": "line-start",
                  "ref": "Q007336.9",
                  "n": "9",
                  "label": "9"
                },
                {
                  "node": "l",
                  "frag": "{d}amar-utu-ke₄",
                  "id": "Q007336.l00c44",
                  "ref": "Q007336.9.1",
                  "inst": "Marduk[]DN/{d}amar-utu#~,ak.e",
                  "sig": "@ribo/babylon0%sux:{d}amar-utu-ke₄=Marduk[1//1]DN'DN$Marduk,ak.e/{d}amar-utu#~,ak.e",
                  "f": {
                    "lang": "sux",
                    "form": "{d}amar-utu-ke₄",
                    "gdl": [
                      {
                        "det": "semantic",
                        "pos": "pre",
                        "seq": [
                          {
                            "v": "d",
                            "gdl_utf8": "𒀭",
                            "id": "Q007336.9.1.0"
                          }
                        ]
                      },
                      {
                        "v": "amar",
                        "gdl_utf8": "𒀫",
                        "id": "Q007336.9.1.1",
                        "delim": "-"
                      },
                      {
                        "v": "utu",
                        "gdl_utf8": "𒌓",
                        "id": "Q007336.9.1.2",
                        "delim": "-"
                      },
                      {
                        "v": "ke₄",
                        "gdl_utf8": "𒆤",
                        "id": "Q007336.9.1.3"
                      }
                    ],
                    "cf": "Marduk",
                    "gw": "1",
                    "sense": "1",
                    "norm0": "Marduk,ak.e",
                    "pos": "DN",
                    "epos": "DN",
                    "base": "{d}amar-utu",
                    "morph": "~,ak.e"
                  }
                },
                {
                  "node": "d",
                  "type": "line-start",
                  "ref": "Q007336.10",
                  "n": "10",
                  "label": "10"
                },
                {
                  "node": "l",
                  "frag": "lugal",
                  "id": "Q007336.l00c45",
                  "ref": "Q007336.10.1",
                  "inst": "lugal[king]N",
                  "sig": "@ribo/babylon0%sux:lugal=lugal[king//king]N'N$lugal/lugal#~",
                  "f": {
                    "lang": "sux",
                    "form": "lugal",
                    "delim": "",
                    "gdl": [
                      {
                        "v": "lugal",
                        "gdl_utf8": "𒈗",
                        "id": "Q007336.10.1.0"
                      }
                    ],
                    "cf": "lugal",
                    "gw": "king",
                    "sense": "king",
                    "norm0": "lugal",
                    "pos": "N",
                    "epos": "N",
                    "base": "lugal",
                    "morph": "~"
                  }
                },
                {
                  "node": "l",
                  "frag": "kala-ga",
                  "id": "Q007336.l00c46",
                  "ref": "Q007336.10.2",
                  "inst": "kalag[(to be) strong, powerful, mighty]V/i",
                  "sig": "@ribo/babylon0%sux:kala-ga=kalag[strong//(to be) strong, powerful, mighty]V/i'V/i$kalag;a/kala-g·a#~;a",
                  "f": {
                    "lang": "sux",
                    "form": "kala-ga",
                    "gdl": [
                      {
                        "v": "kala",
                        "gdl_utf8": "𒆗",
                        "id": "Q007336.10.2.0",
                        "delim": "-"
                      },
                      {
                        "v": "ga",
                        "gdl_utf8": "𒂵",
                        "id": "Q007336.10.2.1"
                      }
                    ],
                    "cf": "kalag",
                    "gw": "strong",
                    "sense": "(to be) strong, powerful, mighty",
                    "norm0": "kalag;a",
                    "pos": "V/i",
                    "epos": "V/i",
                    "base": "kala-g·a",
                    "morph": "~;a"
                  }
                },
                {
                  "node": "d",
                  "type": "line-start",
                  "ref": "Q007336.11",
                  "n": "11",
                  "label": "11"
                },
                {
                  "node": "l",
                  "frag": "lugal",
                  "id": "Q007336.l00c47",
                  "ref": "Q007336.11.1",
                  "inst": "lugal[king]N",
                  "sig": "@ribo/babylon0%sux:lugal=lugal[king//king]N'N$lugal/lugal#~",
                  "f": {
                    "lang": "sux",
                    "form": "lugal",
                    "delim": "",
                    "gdl": [
                      {
                        "v": "lugal",
                        "gdl_utf8": "𒈗",
                        "id": "Q007336.11.1.0"
                      }
                    ],
                    "cf": "lugal",
                    "gw": "king",
                    "sense": "king",
                    "norm0": "lugal",
                    "pos": "N",
                    "epos": "N",
                    "base": "lugal",
                    "morph": "~"
                  }
                },
                {
                  "node": "l",
                  "frag": "babilim₂{ki}",
                  "id": "Q007336.l00c48",
                  "ref": "Q007336.11.2",
                  "inst": "Babili[Babylon]SN",
                  "sig": "@ribo/babylon0%sux:babilim₂{ki}=Babili[Babylon//Babylon]SN'SN$Babilim/babilim₂{ki}#Babilim",
                  "f": {
                    "lang": "sux",
                    "form": "babilim₂{ki}",
                    "gdl": [
                      {
                        "v": "babilim₂",
                        "gdl_utf8": "𒆍𒀭𒊏",
                        "id": "Q007336.11.2.0"
                      },
                      {
                        "det": "semantic",
                        "pos": "post",
                        "seq": [
                          {
                            "v": "ki",
                            "gdl_utf8": "𒆠",
                            "id": "Q007336.11.2.1"
                          }
                        ]
                      }
                    ],
                    "cf": "Babili",
                    "gw": "Babylon",
                    "sense": "Babylon",
                    "norm": "Babilim",
                    "pos": "SN",
                    "epos": "SN",
                    "base": "babilim₂{ki}",
                    "morph": "Babilim"
                  }
                },
                {
                  "node": "d",
                  "type": "line-start",
                  "ref": "Q007336.12",
                  "n": "12",
                  "label": "12"
                },
                {
                  "node": "l",
                  "frag": "lugal",
                  "id": "Q007336.l00c49",
                  "ref": "Q007336.12.1",
                  "inst": "lugal[king]N",
                  "sig": "@ribo/babylon0%sux:lugal=lugal[king//king]N'N$lugal/lugal#~",
                  "f": {
                    "lang": "sux",
                    "form": "lugal",
                    "delim": "",
                    "gdl": [
                      {
                        "v": "lugal",
                        "gdl_utf8": "𒈗",
                        "id": "Q007336.12.1.0"
                      }
                    ],
                    "cf": "lugal",
                    "gw": "king",
                    "sense": "king",
                    "norm0": "lugal",
                    "pos": "N",
                    "epos": "N",
                    "base": "lugal",
                    "morph": "~"
                  }
                },
                {
                  "node": "l",
                  "frag": "ki-en-gi",
                  "id": "Q007336.l00c4a",
                  "ref": "Q007336.12.2",
                  "inst": "Kiʾengir[Sumer]GN",
                  "sig": "@ribo/babylon0%sux:ki-en-gi=Kiʾengir[Sumer//Sumer]GN'GN$Kiʾengir/ki-en-gi#~",
                  "f": {
                    "lang": "sux",
                    "form": "ki-en-gi",
                    "delim": "",
                    "gdl": [
                      {
                        "v": "ki",
                        "gdl_utf8": "𒆠",
                        "id": "Q007336.12.2.0",
                        "delim": "-"
                      },
                      {
                        "v": "en",
                        "gdl_utf8": "𒂗",
                        "id": "Q007336.12.2.1",
                        "delim": "-"
                      },
                      {
                        "v": "gi",
                        "gdl_utf8": "𒄀",
                        "id": "Q007336.12.2.2"
                      }
                    ],
                    "cf": "Kiʾengir",
                    "gw": "Sumer",
                    "sense": "Sumer",
                    "norm0": "Kiʾengir",
                    "pos": "GN",
                    "epos": "GN",
                    "base": "ki-en-gi",
                    "morph": "~"
                  }
                },
                {
                  "node": "l",
                  "frag": "ki-uri",
                  "id": "Q007336.l00c4b",
                  "ref": "Q007336.12.3",
                  "inst": "Uri[Akkad]GN",
                  "sig": "@ribo/babylon0%sux:ki-uri=Uri[Akkad//Akkad]GN'GN$Uri/ki-uri#~",
                  "f": {
                    "lang": "sux",
                    "form": "ki-uri",
                    "gdl": [
                      {
                        "v": "ki",
                        "gdl_utf8": "𒆠",
                        "id": "Q007336.12.3.0",
                        "delim": "-"
                      },
                      {
                        "v": "uri",
                        "gdl_utf8": "𒌵",
                        "id": "Q007336.12.3.1"
                      }
                    ],
                    "cf": "Uri",
                    "gw": "Akkad",
                    "sense": "Akkad",
                    "norm0": "Uri",
                    "pos": "GN",
                    "epos": "GN",
                    "base": "ki-uri",
                    "morph": "~"
                  }
                },
                {
                  "node": "d",
                  "type": "line-start",
                  "ref": "Q007336.13",
                  "n": "13",
                  "label": "13"
                },
                {
                  "node": "l",
                  "frag": "lugal",
                  "id": "Q007336.l00c4c",
                  "ref": "Q007336.13.1",
                  "inst": "lugal[king]N",
                  "sig": "@ribo/babylon0%sux:lugal=lugal[king//king]N'N$lugal/lugal#~",
                  "f": {
                    "lang": "sux",
                    "form": "lugal",
                    "delim": "",
                    "gdl": [
                      {
                        "v": "lugal",
                        "gdl_utf8": "𒈗",
                        "id": "Q007336.13.1.0"
                      }
                    ],
                    "cf": "lugal",
                    "gw": "king",
                    "sense": "king",
                    "norm0": "lugal",
                    "pos": "N",
                    "epos": "N",
                    "base": "lugal",
                    "morph": "~"
                  }
                },
                {
                  "node": "l",
                  "frag": "an-ub-da",
                  "id": "Q007336.l00c4d",
                  "ref": "Q007336.13.2",
                  "inst": "anubda[a cosmographic or geographic term, quarter (of the universe)]N",
                  "sig": "@ribo/babylon0%sux:an-ub-da=anubda[quarter//a cosmographic or geographic term, quarter (of the universe)]N'N$anubda/an-ub-da#~",
                  "f": {
                    "lang": "sux",
                    "form": "an-ub-da",
                    "delim": "",
                    "gdl": [
                      {
                        "v": "an",
                        "gdl_utf8": "𒀭",
                        "id": "Q007336.13.2.0",
                        "delim": "-"
                      },
                      {
                        "v": "ub",
                        "gdl_utf8": "𒌒",
                        "id": "Q007336.13.2.1",
                        "delim": "-"
                      },
                      {
                        "v": "da",
                        "gdl_utf8": "𒁕",
                        "id": "Q007336.13.2.2"
                      }
                    ],
                    "cf": "anubda",
                    "gw": "quarter",
                    "sense": "a cosmographic or geographic term, quarter (of the universe)",
                    "norm0": "anubda",
                    "pos": "N",
                    "epos": "N",
                    "base": "an-ub-da",
                    "morph": "~"
                  }
                },
                {
                  "node": "l",
                  "frag": "limmu₂-ba-ke₄",
                  "id": "Q007336.l00c4e",
                  "ref": "Q007336.13.3",
                  "inst": "limmu[four]NU",
                  "sig": "@ribo/babylon0%sux:limmu₂-ba-ke₄=limmu[four//four]NU'NU$limmu,bi.ak.e/limmu₂#~,bi.ak.e",
                  "f": {
                    "lang": "sux",
                    "form": "limmu₂-ba-ke₄",
                    "gdl": [
                      {
                        "v": "limmu₂",
                        "gdl_utf8": "𒇹",
                        "id": "Q007336.13.3.0",
                        "delim": "-"
                      },
                      {
                        "v": "ba",
                        "gdl_utf8": "𒁀",
                        "id": "Q007336.13.3.1",
                        "delim": "-"
                      },
                      {
                        "v": "ke₄",
                        "gdl_utf8": "𒆤",
                        "id": "Q007336.13.3.2"
                      }
                    ],
                    "cf": "limmu",
                    "gw": "four",
                    "sense": "four",
                    "norm0": "limmu,bi.ak.e",
                    "pos": "NU",
                    "epos": "NU",
                    "base": "limmu₂",
                    "morph": "~,bi.ak.e"
                  }
                },
                {
                  "node": "d",
                  "type": "line-start",
                  "ref": "Q007336.14",
                  "n": "14",
                  "label": "14"
                },
                {
                  "node": "l",
                  "frag": "lugal",
                  "id": "Q007336.l00c4f",
                  "ref": "Q007336.14.1",
                  "inst": "lugal[king]N",
                  "sig": "@ribo/babylon0%sux:lugal=lugal[king//king]N'N$lugal/lugal#~",
                  "f": {
                    "lang": "sux",
                    "form": "lugal",
                    "delim": "",
                    "gdl": [
                      {
                        "v": "lugal",
                        "gdl_utf8": "𒈗",
                        "id": "Q007336.14.1.0"
                      }
                    ],
                    "cf": "lugal",
                    "gw": "king",
                    "sense": "king",
                    "norm0": "lugal",
                    "pos": "N",
                    "epos": "N",
                    "base": "lugal",
                    "morph": "~"
                  }
                },
                {
                  "node": "l",
                  "frag": "para₁₀-para₁₀",
                  "id": "Q007336.l00c50",
                  "ref": "Q007336.14.2",
                  "inst": "barag[dais, seat]N",
                  "sig": "@ribo/babylon0%sux:para₁₀-para₁₀=barag[sanctum//dais, seat]N'N$barag/para₁₀-para₁₀#~",
                  "f": {
                    "lang": "sux",
                    "form": "para₁₀-para₁₀",
                    "gdl": [
                      {
                        "v": "para₁₀",
                        "gdl_utf8": "𒁈",
                        "id": "Q007336.14.2.0",
                        "delim": "-"
                      },
                      {
                        "v": "para₁₀",
                        "gdl_utf8": "𒁈",
                        "id": "Q007336.14.2.1"
                      }
                    ],
                    "cf": "barag",
                    "gw": "sanctum",
                    "sense": "dais, seat",
                    "norm0": "barag",
                    "pos": "N",
                    "epos": "N",
                    "base": "para₁₀-para₁₀",
                    "morph": "~"
                  }
                },
                {
                  "node": "d",
                  "type": "line-start",
                  "ref": "Q007336.15",
                  "n": "15",
                  "label": "15"
                },
                {
                  "node": "l",
                  "frag": "diŋir",
                  "id": "Q007336.l00c51",
                  "ref": "Q007336.15.1",
                  "inst": "diŋir[deity, god, goddess]N",
                  "sig": "@ribo/babylon0%sux:diŋir=diŋir[deity//deity, god, goddess]N'N$diŋir/diŋir#~",
                  "f": {
                    "lang": "sux",
                    "form": "diŋir",
                    "delim": "",
                    "gdl": [
                      {
                        "v": "diŋir",
                        "gdl_utf8": "𒀭",
                        "id": "Q007336.15.1.0"
                      }
                    ],
                    "cf": "diŋir",
                    "gw": "deity",
                    "sense": "deity, god, goddess",
                    "norm0": "diŋir",
                    "pos": "N",
                    "epos": "N",
                    "base": "diŋir",
                    "morph": "~"
                  }
                },
                {
                  "node": "l",
                  "frag": "gal-gal-e-ne",
                  "id": "Q007336.l00c52",
                  "ref": "Q007336.15.2",
                  "inst": "gal[(to be) big, great]V/i",
                  "sig": "@ribo/babylon0%sux:gal-gal-e-ne=gal[big//(to be) big, great]V/i'V/i$gal;e.ene/gal-gal#~;e.ene",
                  "f": {
                    "lang": "sux",
                    "form": "gal-gal-e-ne",
                    "gdl": [
                      {
                        "v": "gal",
                        "gdl_utf8": "𒃲",
                        "id": "Q007336.15.2.0",
                        "delim": "-"
                      },
                      {
                        "v": "gal",
                        "gdl_utf8": "𒃲",
                        "id": "Q007336.15.2.1",
                        "delim": "-"
                      },
                      {
                        "v": "e",
                        "gdl_utf8": "𒂊",
                        "id": "Q007336.15.2.2",
                        "delim": "-"
                      },
                      {
                        "v": "ne",
                        "gdl_utf8": "𒉈",
                        "id": "Q007336.15.2.3"
                      }
                    ],
                    "cf": "gal",
                    "gw": "big",
                    "sense": "(to be) big, great",
                    "norm0": "gal;e.ene",
                    "pos": "V/i",
                    "epos": "V/i",
                    "base": "gal-gal",
                    "morph": "~;e.ene"
                  }
                },
                {
                  "node": "d",
                  "type": "line-start",
                  "ref": "Q007336.16",
                  "n": "16",
                  "label": "16"
                },
                {
                  "node": "l",
                  "frag": "šu",
                  "id": "Q007336.l00c53",
                  "ref": "Q007336.16.1",
                  "inst": "šu[hand]N",
                  "sig": "@ribo/babylon0%sux:šu=šu[hand//hand]N'N$šu/šu#~",
                  "f": {
                    "lang": "sux",
                    "form": "šu",
                    "delim": "",
                    "gdl": [
                      {
                        "v": "šu",
                        "gdl_utf8": "𒋗",
                        "id": "Q007336.16.1.0"
                      }
                    ],
                    "cf": "šu",
                    "gw": "hand",
                    "sense": "hand",
                    "norm0": "šu",
                    "pos": "N",
                    "epos": "N",
                    "base": "šu",
                    "morph": "~"
                  }
                },
                {
                  "node": "l",
                  "frag": "gibil",
                  "id": "Q007336.l00c54",
                  "ref": "Q007336.16.2",
                  "inst": "gibil[(to be) new]V/i",
                  "sig": "@ribo/babylon0%sux:gibil=gibil[new//(to be) new]V/i'V/i$gibil/gibil#~",
                  "f": {
                    "lang": "sux",
                    "form": "gibil",
                    "delim": "",
                    "gdl": [
                      {
                        "v": "gibil",
                        "gdl_utf8": "𒉋",
                        "id": "Q007336.16.2.0"
                      }
                    ],
                    "cf": "gibil",
                    "gw": "new",
                    "sense": "(to be) new",
                    "norm0": "gibil",
                    "pos": "V/i",
                    "epos": "V/i",
                    "base": "gibil",
                    "morph": "~"
                  }
                },
                {
                  "node": "l",
                  "frag": "bi₂-in-ak-a",
                  "id": "Q007336.l00c55",
                  "ref": "Q007336.16.3",
                  "inst": "ak[do//to do]V/t'V/t",
                  "sig": "@ribo/babylon0%sux:bi₂-in-ak-a=ak[do//to do]V/t'V/t$ba.i.n:ak;a/ak#ba.i.n:~;a",
                  "f": {
                    "lang": "sux",
                    "form": "bi₂-in-ak-a",
                    "gdl": [
                      {
                        "v": "bi₂",
                        "gdl_utf8": "𒉈",
                        "id": "Q007336.16.3.0",
                        "delim": "-"
                      },
                      {
                        "v": "in",
                        "gdl_utf8": "𒅔",
                        "id": "Q007336.16.3.1",
                        "delim": "-"
                      },
                      {
                        "v": "ak",
                        "gdl_utf8": "𒀝",
                        "id": "Q007336.16.3.2",
                        "delim": "-"
                      },
                      {
                        "v": "a",
                        "gdl_utf8": "𒀀",
                        "id": "Q007336.16.3.3"
                      }
                    ],
                    "cf": "ak",
                    "gw": "do",
                    "sense": "to do",
                    "norm0": "ba.i.n:ak;a",
                    "pos": "V/t",
                    "epos": "V/t",
                    "base": "ak",
                    "morph": "ba.i.n:~;a"
                  }
                },
                {
                  "node": "d",
                  "type": "line-start",
                  "ref": "Q007336.17",
                  "n": "17",
                  "label": "17"
                },
                {
                  "node": "l",
                  "frag": "u₄",
                  "id": "Q007336.l00c56",
                  "ref": "Q007336.17.1",
                  "inst": "ud[day]N",
                  "sig": "@ribo/babylon0%sux:u₄=ud[sun//day]N'N$ud/u₄#~",
                  "f": {
                    "lang": "sux",
                    "form": "u₄",
                    "delim": "",
                    "gdl": [
                      {
                        "v": "u₄",
                        "gdl_utf8": "𒌓",
                        "id": "Q007336.17.1.0"
                      }
                    ],
                    "cf": "ud",
                    "gw": "sun",
                    "sense": "day",
                    "norm0": "ud",
                    "pos": "N",
                    "epos": "N",
                    "base": "u₄",
                    "morph": "~"
                  }
                },
                {
                  "node": "l",
                  "frag": "{d}utu",
                  "id": "Q007336.l00c57",
                  "ref": "Q007336.17.2",
                  "inst": "Utu[1]DN",
                  "sig": "@ribo/babylon0%sux:{d}utu=Utu[1//1]DN'DN$Utu/{d}utu#~",
                  "f": {
                    "lang": "sux",
                    "form": "{d}utu",
                    "gdl": [
                      {
                        "det": "semantic",
                        "pos": "pre",
                        "seq": [
                          {
                            "v": "d",
                            "gdl_utf8": "𒀭",
                            "id": "Q007336.17.2.0"
                          }
                        ]
                      },
                      {
                        "v": "utu",
                        "gdl_utf8": "𒌓",
                        "id": "Q007336.17.2.1"
                      }
                    ],
                    "cf": "Utu",
                    "gw": "1",
                    "sense": "1",
                    "norm0": "Utu",
                    "pos": "DN",
                    "epos": "DN",
                    "base": "{d}utu",
                    "morph": "~"
                  }
                },
                {
                  "node": "d",
                  "type": "line-start",
                  "ref": "Q007336.18",
                  "n": "18",
                  "label": "18"
                },
                {
                  "node": "l",
                  "frag": "ki-en-gi",
                  "id": "Q007336.l00c58",
                  "ref": "Q007336.18.1",
                  "inst": "Kiʾengir[Sumer]GN",
                  "sig": "@ribo/babylon0%sux:ki-en-gi=Kiʾengir[Sumer//Sumer]GN'GN$Kiʾengir/ki-en-gi#~",
                  "f": {
                    "lang": "sux",
                    "form": "ki-en-gi",
                    "delim": "",
                    "gdl": [
                      {
                        "v": "ki",
                        "gdl_utf8": "𒆠",
                        "id": "Q007336.18.1.0",
                        "delim": "-"
                      },
                      {
                        "v": "en",
                        "gdl_utf8": "𒂗",
                        "id": "Q007336.18.1.1",
                        "delim": "-"
                      },
                      {
                        "v": "gi",
                        "gdl_utf8": "𒄀",
                        "id": "Q007336.18.1.2"
                      }
                    ],
                    "cf": "Kiʾengir",
                    "gw": "Sumer",
                    "sense": "Sumer",
                    "norm0": "Kiʾengir",
                    "pos": "GN",
                    "epos": "GN",
                    "base": "ki-en-gi",
                    "morph": "~"
                  }
                },
                {
                  "node": "l",
                  "frag": "ki-uri",
                  "id": "Q007336.l00c59",
                  "ref": "Q007336.18.2",
                  "inst": "Uri[Akkad]GN",
                  "sig": "@ribo/babylon0%sux:ki-uri=Uri[Akkad//Akkad]GN'GN$Uri/ki-uri#~",
                  "f": {
                    "lang": "sux",
                    "form": "ki-uri",
                    "gdl": [
                      {
                        "v": "ki",
                        "gdl_utf8": "𒆠",
                        "id": "Q007336.18.2.0",
                        "delim": "-"
                      },
                      {
                        "v": "uri",
                        "gdl_utf8": "𒌵",
                        "id": "Q007336.18.2.1"
                      }
                    ],
                    "cf": "Uri",
                    "gw": "Akkad",
                    "sense": "Akkad",
                    "norm0": "Uri",
                    "pos": "GN",
                    "epos": "GN",
                    "base": "ki-uri",
                    "morph": "~"
                  }
                },
                {
                  "node": "d",
                  "type": "line-start",
                  "ref": "Q007336.19",
                  "n": "19",
                  "label": "19"
                },
                {
                  "node": "l",
                  "frag": "nam-en-bi",
                  "id": "Q007336.l00c5a",
                  "ref": "Q007336.19.1",
                  "inst": "namen[kingship]N",
                  "sig": "@ribo/babylon0%sux:nam-en-bi=namen[priesthood//kingship]N'N$namen,bi/nam-en#~,bi",
                  "f": {
                    "lang": "sux",
                    "form": "nam-en-bi",
                    "delim": "",
                    "gdl": [
                      {
                        "v": "nam",
                        "gdl_utf8": "𒉆",
                        "id": "Q007336.19.1.0",
                        "delim": "-"
                      },
                      {
                        "v": "en",
                        "gdl_utf8": "𒂗",
                        "id": "Q007336.19.1.1",
                        "delim": "-"
                      },
                      {
                        "v": "bi",
                        "gdl_utf8": "𒁉",
                        "id": "Q007336.19.1.2"
                      }
                    ],
                    "cf": "namen",
                    "gw": "priesthood",
                    "sense": "kingship",
                    "norm0": "namen,bi",
                    "pos": "N",
                    "epos": "N",
                    "base": "nam-en",
                    "morph": "~,bi"
                  }
                },
                {
                  "node": "l",
                  "frag": "ke₃-de₃",
                  "id": "Q007336.l00c5b",
                  "ref": "Q007336.19.2",
                  "inst": "ak[to act, perform]V/t",
                  "sig": "@ribo/babylon0%sux:ke₃-de₃=ak[do//to act, perform]V/t'V/t$ak;ed.e/k·e₃#~;ed.e",
                  "f": {
                    "lang": "sux",
                    "form": "ke₃-de₃",
                    "gdl": [
                      {
                        "v": "ke₃",
                        "gdl_utf8": "𒀝",
                        "id": "Q007336.19.2.0",
                        "delim": "-"
                      },
                      {
                        "v": "de₃",
                        "gdl_utf8": "𒉈",
                        "id": "Q007336.19.2.1"
                      }
                    ],
                    "cf": "ak",
                    "gw": "do",
                    "sense": "to act, perform",
                    "norm0": "ak;ed.e",
                    "pos": "V/t",
                    "epos": "V/t",
                    "base": "k·e₃",
                    "morph": "~;ed.e"
                  }
                },
                {
                  "node": "d",
                  "type": "line-start",
                  "ref": "Q007336.20",
                  "n": "20",
                  "label": "20"
                },
                {
                  "node": "l",
                  "frag": "mu-na-an-šum₂-ma-ta",
                  "id": "Q007336.l00c5c",
                  "ref": "Q007336.20.1",
                  "inst": "šum[to give]V/t",
                  "sig": "@ribo/babylon0%sux:mu-na-an-šum₂-ma-ta=šum[give//to give]V/t'V/t$mu.na.n:šum;a,ta/šum₂#mu.na.n:~;a,ta",
                  "f": {
                    "lang": "sux",
                    "form": "mu-na-an-šum₂-ma-ta",
                    "gdl": [
                      {
                        "v": "mu",
                        "gdl_utf8": "𒈬",
                        "id": "Q007336.20.1.0",
                        "delim": "-"
                      },
                      {
                        "v": "na",
                        "gdl_utf8": "𒈾",
                        "id": "Q007336.20.1.1",
                        "delim": "-"
                      },
                      {
                        "v": "an",
                        "gdl_utf8": "𒀭",
                        "id": "Q007336.20.1.2",
                        "delim": "-"
                      },
                      {
                        "v": "šum₂",
                        "gdl_utf8": "𒋧",
                        "id": "Q007336.20.1.3",
                        "delim": "-"
                      },
                      {
                        "v": "ma",
                        "gdl_utf8": "𒈠",
                        "id": "Q007336.20.1.4",
                        "delim": "-"
                      },
                      {
                        "v": "ta",
                        "gdl_utf8": "𒋫",
                        "id": "Q007336.20.1.5"
                      }
                    ],
                    "cf": "šum",
                    "gw": "give",
                    "sense": "to give",
                    "norm0": "mu.na.n:šum;a,ta",
                    "pos": "V/t",
                    "epos": "V/t",
                    "base": "šum₂",
                    "morph": "mu.na.n:~;a,ta"
                  }
                },
                {
                  "node": "d",
                  "type": "line-start",
                  "ref": "Q007336.21",
                  "n": "21",
                  "label": "21"
                },
                {
                  "node": "l",
                  "frag": "eše₂-giri₁₇-bi",
                  "id": "Q007336.l00c5d",
                  "ref": "Q007336.21.1",
                  "inst": "eškiri[nose rope, tether]N",
                  "sig": "@ribo/babylon0%sux:eše₂-giri₁₇-bi=eškiri[rope//nose rope, tether]N'N$eškiri,bi/eše₂-giri₁₇#~,bi",
                  "f": {
                    "lang": "sux",
                    "form": "eše₂-giri₁₇-bi",
                    "gdl": [
                      {
                        "v": "eše₂",
                        "gdl_utf8": "𒂠",
                        "id": "Q007336.21.1.0",
                        "delim": "-"
                      },
                      {
                        "v": "giri₁₇",
                        "gdl_utf8": "𒅗",
                        "id": "Q007336.21.1.1",
                        "delim": "-"
                      },
                      {
                        "v": "bi",
                        "gdl_utf8": "𒁉",
                        "id": "Q007336.21.1.2"
                      }
                    ],
                    "cf": "eškiri",
                    "gw": "rope",
                    "sense": "nose rope, tether",
                    "norm0": "eškiri,bi",
                    "pos": "N",
                    "epos": "N",
                    "base": "eše₂-giri₁₇",
                    "morph": "~,bi"
                  }
                },
                {
                  "node": "d",
                  "type": "line-start",
                  "ref": "Q007336.22",
                  "n": "22",
                  "label": "22"
                },
                {
                  "node": "l",
                  "frag": "šu-ni-še₃",
                  "id": "Q007336.l00c5e",
                  "ref": "Q007336.22.1",
                  "inst": "šu[hand]N",
                  "sig": "@ribo/babylon0%sux:šu-ni-še₃=šu[hand//hand]N'N$šu,ani.eše/šu#~,ani.eše",
                  "f": {
                    "lang": "sux",
                    "form": "šu-ni-še₃",
                    "gdl": [
                      {
                        "v": "šu",
                        "gdl_utf8": "𒋗",
                        "id": "Q007336.22.1.0",
                        "delim": "-"
                      },
                      {
                        "v": "ni",
                        "gdl_utf8": "𒉌",
                        "id": "Q007336.22.1.1",
                        "delim": "-"
                      },
                      {
                        "v": "še₃",
                        "gdl_utf8": "𒂠",
                        "id": "Q007336.22.1.2"
                      }
                    ],
                    "cf": "šu",
                    "gw": "hand",
                    "sense": "hand",
                    "norm0": "šu,ani.eše",
                    "pos": "N",
                    "epos": "N",
                    "base": "šu",
                    "morph": "~,ani.eše"
                  }
                },
                {
                  "node": "d",
                  "type": "line-start",
                  "ref": "Q007336.23",
                  "n": "23",
                  "label": "23"
                },
                {
                  "node": "l",
                  "frag": "bi₂-in-si-a",
                  "id": "Q007336.l00c5f",
                  "ref": "Q007336.23.1",
                  "inst": "si[fill//to fill, load up]V/t'V/t",
                  "sig": "@ribo/babylon0%sux:bi₂-in-si-a=si[fill//to fill, load up]V/t'V/t$ba.i.n:si;a/si#ba.i.n:~;a",
                  "f": {
                    "lang": "sux",
                    "form": "bi₂-in-si-a",
                    "gdl": [
                      {
                        "v": "bi₂",
                        "gdl_utf8": "𒉈",
                        "id": "Q007336.23.1.0",
                        "delim": "-"
                      },
                      {
                        "v": "in",
                        "gdl_utf8": "𒅔",
                        "id": "Q007336.23.1.1",
                        "delim": "-"
                      },
                      {
                        "v": "si",
                        "gdl_utf8": "𒋛",
                        "id": "Q007336.23.1.2",
                        "delim": "-"
                      },
                      {
                        "v": "a",
                        "gdl_utf8": "𒀀",
                        "id": "Q007336.23.1.3"
                      }
                    ],
                    "cf": "si",
                    "gw": "fill",
                    "sense": "to fill, load up",
                    "norm0": "ba.i.n:si;a",
                    "pos": "V/t",
                    "epos": "V/t",
                    "base": "si",
                    "morph": "ba.i.n:~;a"
                  }
                },
                {
                  "node": "d",
                  "type": "line-start",
                  "ref": "Q007336.24",
                  "n": "24",
                  "label": "24"
                },
                {
                  "node": "l",
                  "frag": "{d}utu",
                  "id": "Q007336.l00c60",
                  "ref": "Q007336.24.1",
                  "inst": "Utu[1]DN",
                  "sig": "@ribo/babylon0%sux:{d}utu=Utu[1//1]DN'DN$Utu/{d}utu#~",
                  "f": {
                    "lang": "sux",
                    "form": "{d}utu",
                    "gdl": [
                      {
                        "det": "semantic",
                        "pos": "pre",
                        "seq": [
                          {
                            "v": "d",
                            "gdl_utf8": "𒀭",
                            "id": "Q007336.24.1.0"
                          }
                        ]
                      },
                      {
                        "v": "utu",
                        "gdl_utf8": "𒌓",
                        "id": "Q007336.24.1.1"
                      }
                    ],
                    "cf": "Utu",
                    "gw": "1",
                    "sense": "1",
                    "norm0": "Utu",
                    "pos": "DN",
                    "epos": "DN",
                    "base": "{d}utu",
                    "morph": "~"
                  }
                },
                {
                  "node": "d",
                  "type": "line-start",
                  "ref": "Q007336.25",
                  "n": "25",
                  "label": "25"
                },
                {
                  "node": "l",
                  "frag": "en",
                  "id": "Q007336.l00c61",
                  "ref": "Q007336.25.1",
                  "inst": "en[lord]N",
                  "sig": "@ribo/babylon0%sux:en=en[lord//lord]N'N$en/en#~",
                  "f": {
                    "lang": "sux",
                    "form": "en",
                    "delim": "",
                    "gdl": [
                      {
                        "v": "en",
                        "gdl_utf8": "𒂗",
                        "id": "Q007336.25.1.0"
                      }
                    ],
                    "cf": "en",
                    "gw": "lord",
                    "sense": "lord",
                    "norm0": "en",
                    "pos": "N",
                    "epos": "N",
                    "base": "en",
                    "morph": "~"
                  }
                },
                {
                  "node": "l",
                  "frag": "ŋešgem-til₃-la-ni-ir",
                  "id": "Q007336.l00c62",
                  "ref": "Q007336.25.2",
                  "inst": "ŋeškimtil[trust//trust, aid]N'N",
                  "sig": "@ribo/babylon0%sux:ŋešgem-til₃-la-ni-ir=ŋeškimtil[trust//trust]N'N$ŋeškimtil,ani.ra/ŋešgem-til₃+-la=l.a#~,ani.ra",
                  "f": {
                    "lang": "sux",
                    "form": "ŋešgem-til₃-la-ni-ir",
                    "gdl": [
                      {
                        "v": "ŋešgem",
                        "gdl_utf8": "𒅆𒁾",
                        "id": "Q007336.25.2.0",
                        "delim": "-"
                      },
                      {
                        "v": "til₃",
                        "gdl_utf8": "𒋾",
                        "id": "Q007336.25.2.1",
                        "delim": "-"
                      },
                      {
                        "v": "la",
                        "gdl_utf8": "𒆷",
                        "id": "Q007336.25.2.2",
                        "delim": "-"
                      },
                      {
                        "v": "ni",
                        "gdl_utf8": "𒉌",
                        "id": "Q007336.25.2.3",
                        "delim": "-"
                      },
                      {
                        "v": "ir",
                        "gdl_utf8": "𒅕",
                        "id": "Q007336.25.2.4"
                      }
                    ],
                    "cf": "ŋeškimtil",
                    "gw": "trust",
                    "sense": "trust",
                    "norm0": "ŋeškimtil,ani.ra",
                    "pos": "N",
                    "epos": "N",
                    "base": "ŋešgem-til₃",
                    "cont": "-la=l.a",
                    "morph": "~,ani.ra"
                  }
                },
                {
                  "node": "d",
                  "type": "line-start",
                  "ref": "Q007336.26",
                  "n": "26",
                  "label": "26"
                },
                {
                  "node": "l",
                  "frag": "larsa{ki}ma",
                  "id": "Q007336.l00c63",
                  "ref": "Q007336.26.1",
                  "inst": "Larsa[1]SN",
                  "sig": "@ribo/babylon0%sux:larsa{ki}-ma=Larsa[1//1]SN'SN$Larsa,a/larsa{ki}+-ma=m·a#~,a",
                  "f": {
                    "lang": "sux",
                    "form": "larsa{ki}-ma",
                    "gdl": [
                      {
                        "v": "larsa",
                        "gdl_utf8": "𒌓𒀕",
                        "id": "Q007336.26.1.0"
                      },
                      {
                        "det": "semantic",
                        "pos": "post",
                        "delim": "-",
                        "seq": [
                          {
                            "v": "ki",
                            "gdl_utf8": "𒆠",
                            "id": "Q007336.26.1.1"
                          }
                        ]
                      },
                      {
                        "v": "ma",
                        "gdl_utf8": "𒈠",
                        "id": "Q007336.26.1.2"
                      }
                    ],
                    "cf": "Larsa",
                    "gw": "1",
                    "sense": "1",
                    "norm0": "Larsa,a",
                    "pos": "SN",
                    "epos": "SN",
                    "base": "larsa{ki}",
                    "cont": "-ma=m·a",
                    "morph": "~,a"
                  }
                },
                {
                  "node": "d",
                  "type": "line-start",
                  "ref": "Q007336.27",
                  "n": "27",
                  "label": "27"
                },
                {
                  "node": "l",
                  "frag": "iri",
                  "id": "Q007336.l00c64",
                  "ref": "Q007336.27.1",
                  "inst": "iri[city]N/iri#~",
                  "sig": "@ribo/babylon0%sux:iri=iri[city//city]N'N$iri/iri#~",
                  "f": {
                    "lang": "sux",
                    "form": "iri",
                    "delim": "",
                    "gdl": [
                      {
                        "v": "iri",
                        "gdl_utf8": "𒌷",
                        "id": "Q007336.27.1.0"
                      }
                    ],
                    "cf": "iri",
                    "gw": "city",
                    "sense": "city",
                    "norm0": "iri",
                    "pos": "N",
                    "epos": "N",
                    "base": "iri",
                    "morph": "~"
                  }
                },
                {
                  "node": "l",
                  "frag": "nam-en-na-ka-na",
                  "id": "Q007336.l00c65",
                  "ref": "Q007336.27.2",
                  "inst": "namen[kingship]N",
                  "sig": "@ribo/babylon0%sux:nam-en-na-ka-na=namen[priesthood//kingship]N'N$namen,ak.ani.a/nam-en+-na=n.a#~,ak.ani.a",
                  "f": {
                    "lang": "sux",
                    "form": "nam-en-na-ka-na",
                    "gdl": [
                      {
                        "v": "nam",
                        "gdl_utf8": "𒉆",
                        "id": "Q007336.27.2.0",
                        "delim": "-"
                      },
                      {
                        "v": "en",
                        "gdl_utf8": "𒂗",
                        "id": "Q007336.27.2.1",
                        "delim": "-"
                      },
                      {
                        "v": "na",
                        "gdl_utf8": "𒈾",
                        "id": "Q007336.27.2.2",
                        "delim": "-"
                      },
                      {
                        "v": "ka",
                        "gdl_utf8": "𒅗",
                        "id": "Q007336.27.2.3",
                        "delim": "-"
                      },
                      {
                        "v": "na",
                        "gdl_utf8": "𒈾",
                        "id": "Q007336.27.2.4"
                      }
                    ],
                    "cf": "namen",
                    "gw": "priesthood",
                    "sense": "kingship",
                    "norm0": "namen,ak.ani.a",
                    "pos": "N",
                    "epos": "N",
                    "base": "nam-en",
                    "cont": "-na=n.a",
                    "morph": "~,ak.ani.a"
                  }
                },
                {
                  "node": "d",
                  "type": "line-start",
                  "ref": "Q007336.28",
                  "n": "28",
                  "label": "28"
                },
                {
                  "node": "l",
                  "frag": "e₂-babbar",
                  "id": "Q007336.l00c66",
                  "ref": "Q007336.28.1",
                  "inst": "Ebabbar[temple in Larsa]TN",
                  "sig": "@ribo/babylon0%sux:e₂-babbar=Ebabbar[temple in Larsa//temple in Larsa]TN'TN$Ebabbar/e₂-babbar#~",
                  "f": {
                    "lang": "sux",
                    "form": "e₂-babbar",
                    "gdl": [
                      {
                        "v": "e₂",
                        "gdl_utf8": "𒂍",
                        "id": "Q007336.28.1.0",
                        "delim": "-"
                      },
                      {
                        "v": "babbar",
                        "gdl_utf8": "𒌓",
                        "id": "Q007336.28.1.1"
                      }
                    ],
                    "cf": "Ebabbar",
                    "gw": "temple in Larsa",
                    "sense": "temple in Larsa",
                    "norm0": "Ebabbar",
                    "pos": "TN",
                    "epos": "TN",
                    "base": "e₂-babbar",
                    "morph": "~"
                  }
                },
                {
                  "node": "d",
                  "type": "line-start",
                  "ref": "Q007336.29",
                  "n": "29",
                  "label": "29"
                },
                {
                  "node": "l",
                  "frag": "e₂",
                  "id": "Q007336.l00c67",
                  "ref": "Q007336.29.1",
                  "inst": "e[temple]N",
                  "sig": "@ribo/babylon0%sux:e₂=e[house//temple]N'N$e/e₂#~",
                  "f": {
                    "lang": "sux",
                    "form": "e₂",
                    "delim": "",
                    "gdl": [
                      {
                        "v": "e₂",
                        "gdl_utf8": "𒂍",
                        "id": "Q007336.29.1.0"
                      }
                    ],
                    "cf": "e",
                    "gw": "house",
                    "sense": "temple",
                    "norm0": "e",
                    "pos": "N",
                    "epos": "N",
                    "base": "e₂",
                    "morph": "~"
                  }
                },
                {
                  "node": "l",
                  "frag": "ki-aŋ₂-ŋa₂-ni",
                  "id": "Q007336.l00c68",
                  "ref": "Q007336.29.2",
                  "inst": "kiʾaŋa[beloved]AJ",
                  "sig": "@ribo/babylon0%sux:ki-aŋ₂-ŋa₂-ni=kiʾaŋa[beloved//beloved]AJ'AJ$kiʾaŋa,ani/ki-aŋ₂-ŋa₂#~,ani",
                  "f": {
                    "lang": "sux",
                    "form": "ki-aŋ₂-ŋa₂-ni",
                    "gdl": [
                      {
                        "v": "ki",
                        "gdl_utf8": "𒆠",
                        "id": "Q007336.29.2.0",
                        "delim": "-"
                      },
                      {
                        "v": "aŋ₂",
                        "gdl_utf8": "𒉘",
                        "id": "Q007336.29.2.1",
                        "delim": "-"
                      },
                      {
                        "v": "ŋa₂",
                        "gdl_utf8": "𒂷",
                        "id": "Q007336.29.2.2",
                        "delim": "-"
                      },
                      {
                        "v": "ni",
                        "gdl_utf8": "𒉌",
                        "id": "Q007336.29.2.3"
                      }
                    ],
                    "cf": "kiʾaŋa",
                    "gw": "beloved",
                    "sense": "beloved",
                    "norm0": "kiʾaŋa,ani",
                    "pos": "AJ",
                    "epos": "AJ",
                    "base": "ki-aŋ₂-ŋa₂",
                    "morph": "~,ani"
                  }
                },
                {
                  "node": "d",
                  "type": "line-start",
                  "ref": "Q007336.30",
                  "n": "30",
                  "label": "30"
                },
                {
                  "node": "l",
                  "frag": "mu-na-ni-in-du₃",
                  "id": "Q007336.l00c69",
                  "ref": "Q007336.30.1",
                  "inst": "du[to build, make]V/t",
                  "sig": "@ribo/babylon0%sux:mu-na-ni-in-du₃=du[build//to build, make]V/t'V/t$mu.na.ni.n:du/du₃#mu.na.ni.n:~",
                  "f": {
                    "lang": "sux",
                    "form": "mu-na-ni-in-du₃",
                    "gdl": [
                      {
                        "v": "mu",
                        "gdl_utf8": "𒈬",
                        "id": "Q007336.30.1.0",
                        "delim": "-"
                      },
                      {
                        "v": "na",
                        "gdl_utf8": "𒈾",
                        "id": "Q007336.30.1.1",
                        "delim": "-"
                      },
                      {
                        "v": "ni",
                        "gdl_utf8": "𒉌",
                        "id": "Q007336.30.1.2",
                        "delim": "-"
                      },
                      {
                        "v": "in",
                        "gdl_utf8": "𒅔",
                        "id": "Q007336.30.1.3",
                        "delim": "-"
                      },
                      {
                        "v": "du₃",
                        "gdl_utf8": "𒆕",
                        "id": "Q007336.30.1.4"
                      }
                    ],
                    "cf": "du",
                    "gw": "build",
                    "sense": "to build, make",
                    "norm0": "mu.na.ni.n:du",
                    "pos": "V/t",
                    "epos": "V/t",
                    "base": "du₃",
                    "morph": "mu.na.ni.n:~"
                  }
                }
              ]
            }
          ]
        }
      ]
    },
    {
      "linkbase": [
        {
          "type": "linkset",
          "xlink_title": "gu de[say//to call]V/t'V/t",
          "id": "Q007336.ls00000",
          "xlink_type": "extended",
          "xlink_role": "psu",
          "sig": "{gu₃ de₂-a = gu[voice]N de[pour]V/t += gu de[say//to call]V/t'V/t}::@ribo/babylon0%sux:gu₃=gu[voice//voice, cry, noise]N'N$gu/gu₃#~++@ribo/babylon0%sux:de₂-a=de[pour//to pour]V/t'V/t$de;a/de₂#~;a",
          "links": [
            {
              "type": "link",
              "xlink_title": "gu",
              "xlink_type": "locator",
              "xlink_href": "#Q007336.l00c3a",
              "xlink_role": "elt"
            },
            {
              "type": "link",
              "xlink_title": "de",
              "xlink_type": "locator",
              "xlink_href": "#Q007336.l00c3b",
              "xlink_role": "elt"
            }
          ]
        },
        {
          "type": "linkset",
          "xlink_title": "ŋeš tuku[listen//to listen, to hear]V/t'V/t",
          "id": "Q007336.ls00001",
          "xlink_type": "extended",
          "xlink_role": "psu",
          "sig": "{ŋeš tuku = ŋeš[tree]N tuku[acquire]V/t += ŋeš tuku[listen//to listen, to hear]V/t'V/t}::@ribo/babylon0%sux:ŋeš=ŋeš[tree//wood]N'N$ŋeš/ŋeš#~++@ribo/babylon0%sux:tuku=tuku[acquire//to acquire, get]V/t'V/t$tuku/tuku#~",
          "links": [
            {
              "type": "link",
              "xlink_title": "ŋeš",
              "xlink_type": "locator",
              "xlink_href": "#Q007336.l00c3e",
              "xlink_role": "elt"
            },
            {
              "type": "link",
              "xlink_title": "tuku",
              "xlink_type": "locator",
              "xlink_href": "#Q007336.l00c3f",
              "xlink_role": "elt"
            }
          ]
        }
      ]
    }
  ]
}
