{
  "type": "cdl",
  "project": "ribo/babylon0",
  "source": "http://oracc.org/ribo/babylon0",
  "license": "This data is released under the CC0 license",
  "license-url": "https://creativecommons.org/publicdomain/zero/1.0/",
  "more-info": "http://oracc.org/doc/opendata/",
  "UTC-timestamp": "2019-01-12T08:23:21",
  "textid": "Q007658",
  "cdl": [
    {
      "node": "c",
      "type": "text",
      "id": "Q007658.U0",
      "cdl": [
        {
          "node": "d",
          "type": "object",
          "ref": ""
        },
        {
          "node": "d",
          "type": "surface",
          "ref": ""
        },
        {
          "node": "c",
          "type": "discourse",
          "subtype": "body",
          "id": "Q007658.U1",
          "cdl": [
            {
              "node": "c",
              "type": "sentence",
              "implicit": "yes",
              "id": "Q007658.U2",
              "label": "1",
              "cdl": [
                {
                  "node": "d",
                  "type": "line-start",
                  "ref": "Q007658.1",
                  "n": "1",
                  "label": "1"
                },
                {
                  "node": "l",
                  "frag": "mu",
                  "id": "Q007658.l002ab",
                  "ref": "Q007658.1.1",
                  "inst": "mu[year]N",
                  "sig": "@ribo/babylon0%sux:mu=mu[year//year]N'N$mu/mu#~",
                  "f": {
                    "lang": "sux",
                    "form": "mu",
                    "delim": "",
                    "gdl": [
                      {
                        "v": "mu",
                        "gdl_utf8": "𒈬",
                        "id": "Q007658.1.1.0"
                      }
                    ],
                    "cf": "mu",
                    "gw": "year",
                    "sense": "year",
                    "norm0": "mu",
                    "pos": "N",
                    "epos": "N",
                    "base": "mu",
                    "morph": "~"
                  }
                },
                {
                  "node": "l",
                  "frag": "am-mi-di-ta-na",
                  "id": "Q007658.l002ac",
                  "ref": "Q007658.1.2",
                  "inst": "Ammi-ditana[king of Babylon]RN",
                  "sig": "@ribo/babylon0%sux:am-mi-di-ta-na=Ammi-ditana[king of Babylon//king of Babylon]RN'RN$Ammi-ditana/am-mi-di-ta-na#~",
                  "f": {
                    "lang": "sux",
                    "form": "am-mi-di-ta-na",
                    "delim": "",
                    "gdl": [
                      {
                        "v": "am",
                        "gdl_utf8": "𒄠",
                        "id": "Q007658.1.2.0",
                        "delim": "-"
                      },
                      {
                        "v": "mi",
                        "gdl_utf8": "𒈪",
                        "id": "Q007658.1.2.1",
                        "delim": "-"
                      },
                      {
                        "v": "di",
                        "gdl_utf8": "𒁲",
                        "id": "Q007658.1.2.2",
                        "delim": "-"
                      },
                      {
                        "v": "ta",
                        "gdl_utf8": "𒋫",
                        "id": "Q007658.1.2.3",
                        "delim": "-"
                      },
                      {
                        "v": "na",
                        "gdl_utf8": "𒈾",
                        "id": "Q007658.1.2.4"
                      }
                    ],
                    "cf": "Ammi-ditana",
                    "gw": "king of Babylon",
                    "sense": "king of Babylon",
                    "norm0": "Ammi-ditana",
                    "pos": "RN",
                    "epos": "RN",
                    "base": "am-mi-di-ta-na",
                    "morph": "~"
                  }
                },
                {
                  "node": "l",
                  "frag": "lugal-e",
                  "id": "Q007658.l002ad",
                  "ref": "Q007658.1.3",
                  "inst": "lugal[king]N",
                  "sig": "@ribo/babylon0%sux:lugal-e=lugal[king//king]N'N$lugal,e/lugal#~,e",
                  "f": {
                    "lang": "sux",
                    "form": "lugal-e",
                    "delim": "",
                    "gdl": [
                      {
                        "v": "lugal",
                        "gdl_utf8": "𒈗",
                        "id": "Q007658.1.3.0",
                        "delim": "-"
                      },
                      {
                        "v": "e",
                        "gdl_utf8": "𒂊",
                        "id": "Q007658.1.3.1"
                      }
                    ],
                    "cf": "lugal",
                    "gw": "king",
                    "sense": "king",
                    "norm0": "lugal,e",
                    "pos": "N",
                    "epos": "N",
                    "base": "lugal",
                    "morph": "~,e"
                  }
                },
                {
                  "node": "l",
                  "frag": "du₁₁-ga",
                  "id": "Q007658.l002ae",
                  "ref": "Q007658.1.4",
                  "inst": "duga[command]N",
                  "sig": "@ribo/babylon0%sux:du₁₁-ga=duga[command//command]N'N$duga/du₁₁-ga#~",
                  "f": {
                    "lang": "sux",
                    "form": "du₁₁-ga",
                    "delim": "",
                    "gdl": [
                      {
                        "v": "du₁₁",
                        "gdl_utf8": "𒅗",
                        "id": "Q007658.1.4.0",
                        "delim": "-"
                      },
                      {
                        "v": "ga",
                        "gdl_utf8": "𒂵",
                        "id": "Q007658.1.4.1"
                      }
                    ],
                    "cf": "duga",
                    "gw": "command",
                    "sense": "command",
                    "norm0": "duga",
                    "pos": "N",
                    "epos": "N",
                    "base": "du₁₁-ga",
                    "morph": "~"
                  }
                },
                {
                  "node": "l",
                  "frag": "gu-la",
                  "id": "Q007658.l002af",
                  "ref": "Q007658.1.5",
                  "inst": "gal[(to be) big, great]V/i",
                  "sig": "@ribo/babylon0%sux:gu-la=gal[big//(to be) big, great]V/i'V/i$gal;a/gu-l·a#~;a",
                  "f": {
                    "lang": "sux",
                    "form": "gu-la",
                    "delim": "",
                    "gdl": [
                      {
                        "v": "gu",
                        "gdl_utf8": "𒄖",
                        "id": "Q007658.1.5.0",
                        "delim": "-"
                      },
                      {
                        "v": "la",
                        "gdl_utf8": "𒆷",
                        "id": "Q007658.1.5.1"
                      }
                    ],
                    "cf": "gal",
                    "gw": "big",
                    "sense": "(to be) big, great",
                    "norm0": "gal;a",
                    "pos": "V/i",
                    "epos": "V/i",
                    "base": "gu-l·a",
                    "morph": "~;a"
                  }
                },
                {
                  "node": "l",
                  "frag": "{d}utu",
                  "id": "Q007658.l002b0",
                  "ref": "Q007658.1.6",
                  "inst": "Utu[1]DN",
                  "sig": "@ribo/babylon0%sux:{d}utu=Utu[1//1]DN'DN$Utu/{d}utu#~",
                  "f": {
                    "lang": "sux",
                    "form": "{d}utu",
                    "delim": "",
                    "gdl": [
                      {
                        "det": "semantic",
                        "pos": "pre",
                        "seq": [
                          {
                            "v": "d",
                            "gdl_utf8": "𒀭",
                            "id": "Q007658.1.6.0"
                          }
                        ]
                      },
                      {
                        "v": "utu",
                        "gdl_utf8": "𒌓",
                        "id": "Q007658.1.6.1"
                      }
                    ],
                    "cf": "Utu",
                    "gw": "1",
                    "sense": "1",
                    "norm0": "Utu",
                    "pos": "DN",
                    "epos": "DN",
                    "base": "{d}utu",
                    "morph": "~"
                  }
                },
                {
                  "node": "l",
                  "frag": "lugal-a-ni-ta",
                  "id": "Q007658.l002b1",
                  "ref": "Q007658.1.7",
                  "inst": "+lugal[king]N/lugal#~,ani.ta",
                  "sig": "@ribo/babylon0%sux:lugal-a-ni-ta=lugal[king//king]N'N$lugal,ani.ta/lugal#~,ani.ta",
                  "f": {
                    "lang": "sux",
                    "form": "lugal-a-ni-ta",
                    "delim": "",
                    "gdl": [
                      {
                        "v": "lugal",
                        "gdl_utf8": "𒈗",
                        "id": "Q007658.1.7.0",
                        "delim": "-"
                      },
                      {
                        "v": "a",
                        "gdl_utf8": "𒀀",
                        "id": "Q007658.1.7.1",
                        "delim": "-"
                      },
                      {
                        "v": "ni",
                        "gdl_utf8": "𒉌",
                        "id": "Q007658.1.7.2",
                        "delim": "-"
                      },
                      {
                        "v": "ta",
                        "gdl_utf8": "𒋫",
                        "id": "Q007658.1.7.3"
                      }
                    ],
                    "cf": "lugal",
                    "gw": "king",
                    "sense": "king",
                    "norm0": "lugal,ani.ta",
                    "pos": "N",
                    "epos": "N",
                    "base": "lugal",
                    "morph": "~,ani.ta"
                  }
                },
                {
                  "node": "l",
                  "frag": "ŋa₂-ge₄-a",
                  "id": "Q007658.l002b2",
                  "ref": "Q007658.1.8",
                  "inst": "ŋagia[cloister]N",
                  "sig": "@ribo/babylon0%sux:ŋa₂-ge₄-a=ŋagia[cloister//cloister]N'N$ŋagia/ŋa₂-ge₄-a#~",
                  "f": {
                    "lang": "sux",
                    "form": "ŋa₂-ge₄-a",
                    "delim": "",
                    "gdl": [
                      {
                        "v": "ŋa₂",
                        "gdl_utf8": "𒂷",
                        "id": "Q007658.1.8.0",
                        "delim": "-"
                      },
                      {
                        "v": "ge₄",
                        "gdl_utf8": "𒄄",
                        "id": "Q007658.1.8.1",
                        "delim": "-"
                      },
                      {
                        "v": "a",
                        "gdl_utf8": "𒀀",
                        "id": "Q007658.1.8.2"
                      }
                    ],
                    "cf": "ŋagia",
                    "gw": "cloister",
                    "sense": "cloister",
                    "norm0": "ŋagia",
                    "pos": "N",
                    "epos": "N",
                    "base": "ŋa₂-ge₄-a",
                    "morph": "~"
                  }
                },
                {
                  "node": "l",
                  "frag": "(ŋa₂-ge-a)",
                  "id": "Q007658.l002b3",
                  "ref": "Q007658.1.9",
                  "inst": "+ŋagia[cloister]N/ŋa₂-ge-a#~",
                  "sig": "@ribo/babylon0%sux:ŋa₂-ge-a=ŋagia[cloister//cloister]N'N$ŋagia/ŋa₂-ge-a#~",
                  "f": {
                    "lang": "sux",
                    "form": "ŋa₂-ge-a",
                    "delim": "",
                    "gdl": [
                      {
                        "v": "ŋa₂",
                        "gdl_utf8": "𒂷",
                        "id": "Q007658.1.9.0",
                        "statusStart": "1",
                        "o": "(",
                        "delim": "-"
                      },
                      {
                        "v": "ge",
                        "gdl_utf8": "𒄀",
                        "id": "Q007658.1.9.1",
                        "delim": "-"
                      },
                      {
                        "v": "a",
                        "gdl_utf8": "𒀀",
                        "id": "Q007658.1.9.2",
                        "o": ")",
                        "statusStart": "Q007658.1.9.0"
                      }
                    ],
                    "cf": "ŋagia",
                    "gw": "cloister",
                    "sense": "cloister",
                    "norm0": "ŋagia",
                    "pos": "N",
                    "epos": "N",
                    "base": "ŋa₂-ge-a",
                    "morph": "~"
                  }
                },
                {
                  "node": "l",
                  "frag": "tur₃",
                  "id": "Q007658.l002b4",
                  "ref": "Q007658.1.10",
                  "inst": "+tur[stall]N/tur₃#~",
                  "sig": "@ribo/babylon0%sux:tur₃=tur[stall//stall]N'N$tur/tur₃#~",
                  "f": {
                    "lang": "sux",
                    "form": "tur₃",
                    "delim": "",
                    "gdl": [
                      {
                        "v": "tur₃",
                        "gdl_utf8": "𒉣𒇬",
                        "id": "Q007658.1.10.0"
                      }
                    ],
                    "cf": "tur",
                    "gw": "stall",
                    "sense": "stall",
                    "norm0": "tur",
                    "pos": "N",
                    "epos": "N",
                    "base": "tur₃",
                    "morph": "~"
                  }
                },
                {
                  "node": "l",
                  "frag": "daŋal-la",
                  "id": "Q007658.l002b5",
                  "ref": "Q007658.1.11",
                  "inst": "daŋal[(to be) wide]V/i",
                  "sig": "@ribo/babylon0%sux:daŋal-la=daŋal[wide//(to be) wide]V/i'V/i$daŋal;a/daŋal+-la=l.a#~;a",
                  "f": {
                    "lang": "sux",
                    "form": "daŋal-la",
                    "delim": "",
                    "gdl": [
                      {
                        "v": "daŋal",
                        "gdl_utf8": "𒂼",
                        "id": "Q007658.1.11.0",
                        "delim": "-"
                      },
                      {
                        "v": "la",
                        "gdl_utf8": "𒆷",
                        "id": "Q007658.1.11.1"
                      }
                    ],
                    "cf": "daŋal",
                    "gw": "wide",
                    "sense": "(to be) wide",
                    "norm0": "daŋal;a",
                    "pos": "V/i",
                    "epos": "V/i",
                    "base": "daŋal",
                    "cont": "-la=l.a",
                    "morph": "~;a"
                  }
                },
                {
                  "node": "l",
                  "frag": "{d}utu-ke₄",
                  "id": "Q007658.l002b6",
                  "ref": "Q007658.1.12",
                  "inst": "Utu[1]DN",
                  "sig": "@ribo/babylon0%sux:{d}utu-ke₄=Utu[1//1]DN'DN$Utu,ak.e/{d}utu#~,ak.e",
                  "f": {
                    "lang": "sux",
                    "form": "{d}utu-ke₄",
                    "delim": "",
                    "gdl": [
                      {
                        "det": "semantic",
                        "pos": "pre",
                        "seq": [
                          {
                            "v": "d",
                            "gdl_utf8": "𒀭",
                            "id": "Q007658.1.12.0"
                          }
                        ]
                      },
                      {
                        "v": "utu",
                        "gdl_utf8": "𒌓",
                        "id": "Q007658.1.12.1",
                        "delim": "-"
                      },
                      {
                        "v": "ke₄",
                        "gdl_utf8": "𒆤",
                        "id": "Q007658.1.12.2"
                      }
                    ],
                    "cf": "Utu",
                    "gw": "1",
                    "sense": "1",
                    "norm0": "Utu,ak.e",
                    "pos": "DN",
                    "epos": "DN",
                    "base": "{d}utu",
                    "morph": "~,ak.e"
                  }
                },
                {
                  "node": "l",
                  "frag": "bad₃",
                  "id": "Q007658.l002b7",
                  "ref": "Q007658.1.13",
                  "inst": "bad[wall, fortification]N",
                  "sig": "@ribo/babylon0%sux:bad₃=bad[wall//wall, fortification]N'N$bad/bad₃#~",
                  "f": {
                    "lang": "sux",
                    "form": "bad₃",
                    "delim": "",
                    "gdl": [
                      {
                        "v": "bad₃",
                        "gdl_utf8": "𒂦",
                        "id": "Q007658.1.13.0"
                      }
                    ],
                    "cf": "bad",
                    "gw": "wall",
                    "sense": "wall, fortification",
                    "norm0": "bad",
                    "pos": "N",
                    "epos": "N",
                    "base": "bad₃",
                    "morph": "~"
                  }
                },
                {
                  "node": "l",
                  "frag": "mah-a-ni",
                  "id": "Q007658.l002b8",
                  "ref": "Q007658.1.14",
                  "inst": "mah[(to be) great]V/i",
                  "sig": "@ribo/babylon0%sux:mah-a-ni=mah[great//(to be) great]V/i'V/i$mah;a,ani/mah#~;a,ani",
                  "f": {
                    "lang": "sux",
                    "form": "mah-a-ni",
                    "delim": "",
                    "gdl": [
                      {
                        "v": "mah",
                        "gdl_utf8": "𒈤",
                        "id": "Q007658.1.14.0",
                        "delim": "-"
                      },
                      {
                        "v": "a",
                        "gdl_utf8": "𒀀",
                        "id": "Q007658.1.14.1",
                        "delim": "-"
                      },
                      {
                        "v": "ni",
                        "gdl_utf8": "𒉌",
                        "id": "Q007658.1.14.2"
                      }
                    ],
                    "cf": "mah",
                    "gw": "great",
                    "sense": "(to be) great",
                    "norm0": "mah;a,ani",
                    "pos": "V/i",
                    "epos": "V/i",
                    "base": "mah",
                    "morph": "~;a,ani"
                  }
                },
                {
                  "node": "l",
                  "frag": "ši-in-ga-an-du₃-a",
                  "id": "Q007658.l002b9",
                  "ref": "Q007658.1.15",
                  "inst": "+du[build//to build, make]V/t'V/t/du₃#ši.nga.n:~;a",
                  "sig": "@ribo/babylon0%sux:ši-in-ga-an-du₃-a=du[build//to build, make]V/t'V/t$ši.nga.n:du;a/du₃#ši.nga.n:~;a",
                  "f": {
                    "lang": "sux",
                    "form": "ši-in-ga-an-du₃-a",
                    "gdl": [
                      {
                        "v": "ši",
                        "gdl_utf8": "𒅆",
                        "id": "Q007658.1.15.0",
                        "delim": "-"
                      },
                      {
                        "v": "in",
                        "gdl_utf8": "𒅔",
                        "id": "Q007658.1.15.1",
                        "delim": "-"
                      },
                      {
                        "v": "ga",
                        "gdl_utf8": "𒂵",
                        "id": "Q007658.1.15.2",
                        "delim": "-"
                      },
                      {
                        "v": "an",
                        "gdl_utf8": "𒀭",
                        "id": "Q007658.1.15.3",
                        "delim": "-"
                      },
                      {
                        "v": "du₃",
                        "gdl_utf8": "𒆕",
                        "id": "Q007658.1.15.4",
                        "delim": "-"
                      },
                      {
                        "v": "a",
                        "gdl_utf8": "𒀀",
                        "id": "Q007658.1.15.5"
                      }
                    ],
                    "cf": "du",
                    "gw": "build",
                    "sense": "to build, make",
                    "norm0": "ši.nga.n:du;a",
                    "pos": "V/t",
                    "epos": "V/t",
                    "base": "du₃",
                    "morph": "ši.nga.n:~;a"
                  }
                }
              ]
            }
          ]
        }
      ]
    }
  ]
}
