{
  "type": "cdl",
  "project": "ribo/babylon0",
  "source": "http://oracc.org/ribo/babylon0",
  "license": "This data is released under the CC0 license",
  "license-url": "https://creativecommons.org/publicdomain/zero/1.0/",
  "more-info": "http://oracc.org/doc/opendata/",
  "UTC-timestamp": "2019-01-12T08:23:09",
  "textid": "Q007346",
  "cdl": [
    {
      "node": "c",
      "type": "text",
      "id": "Q007346.U0",
      "cdl": [
        {
          "node": "d",
          "type": "object",
          "ref": ""
        },
        {
          "node": "d",
          "type": "surface",
          "ref": ""
        },
        {
          "node": "c",
          "type": "discourse",
          "subtype": "body",
          "id": "Q007346.U1",
          "cdl": [
            {
              "node": "c",
              "type": "sentence",
              "implicit": "yes",
              "id": "Q007346.U2",
              "label": "1 - 2",
              "cdl": [
                {
                  "node": "d",
                  "type": "line-start",
                  "ref": "Q007346.1",
                  "n": "1",
                  "label": "1"
                },
                {
                  "node": "l",
                  "frag": "mu",
                  "id": "Q007346.l02bb1",
                  "ref": "Q007346.1.1",
                  "inst": "mu[year]N",
                  "sig": "@ribo/babylon0%sux:mu=mu[year//year]N'N$mu/mu#~",
                  "f": {
                    "lang": "sux",
                    "form": "mu",
                    "delim": "",
                    "gdl": [
                      {
                        "v": "mu",
                        "gdl_utf8": "𒈬",
                        "id": "Q007346.1.1.0"
                      }
                    ],
                    "cf": "mu",
                    "gw": "year",
                    "sense": "year",
                    "norm0": "mu",
                    "pos": "N",
                    "epos": "N",
                    "base": "mu",
                    "morph": "~"
                  }
                },
                {
                  "node": "l",
                  "frag": "ma-da",
                  "id": "Q007346.l02bb2",
                  "ref": "Q007346.1.2",
                  "inst": "mada[land, country]N",
                  "sig": "@ribo/babylon0%sux:ma-da=mada[land//land, country]N'N$mada/ma-da#~",
                  "f": {
                    "lang": "sux",
                    "form": "ma-da",
                    "delim": "",
                    "gdl": [
                      {
                        "v": "ma",
                        "gdl_utf8": "𒈠",
                        "id": "Q007346.1.2.0",
                        "delim": "-"
                      },
                      {
                        "v": "da",
                        "gdl_utf8": "𒁕",
                        "id": "Q007346.1.2.1"
                      }
                    ],
                    "cf": "mada",
                    "gw": "land",
                    "sense": "land, country",
                    "norm0": "mada",
                    "pos": "N",
                    "epos": "N",
                    "base": "ma-da",
                    "morph": "~"
                  }
                },
                {
                  "node": "l",
                  "frag": "gu₂",
                  "id": "Q007346.l02bb3",
                  "ref": "Q007346.1.3",
                  "inst": "gu[bank, side]N",
                  "sig": "@ribo/babylon0%sux:gu₂=gu[neck//bank, side]N'N$gu/gu₂#~",
                  "f": {
                    "lang": "sux",
                    "form": "gu₂",
                    "delim": "",
                    "gdl": [
                      {
                        "v": "gu₂",
                        "gdl_utf8": "𒄘",
                        "id": "Q007346.1.3.0"
                      }
                    ],
                    "cf": "gu",
                    "gw": "neck",
                    "sense": "bank, side",
                    "norm0": "gu",
                    "pos": "N",
                    "epos": "N",
                    "base": "gu₂",
                    "morph": "~"
                  }
                },
                {
                  "node": "l",
                  "frag": "{i₇}šu-mu-dar",
                  "id": "Q007346.l02bb4",
                  "ref": "Q007346.1.4",
                  "inst": "Sumundar[1]WN",
                  "sig": "@ribo/babylon0%sux:{i₇}šu-mu-dar=Sumundar[1//1]WN'WN$Sumundar/{i₇}šu-mu-dar#~",
                  "f": {
                    "lang": "sux",
                    "form": "{i₇}šu-mu-dar",
                    "delim": "",
                    "gdl": [
                      {
                        "det": "semantic",
                        "pos": "pre",
                        "seq": [
                          {
                            "v": "i₇",
                            "gdl_utf8": "𒀀𒇉",
                            "id": "Q007346.1.4.0"
                          }
                        ]
                      },
                      {
                        "v": "šu",
                        "gdl_utf8": "𒋗",
                        "id": "Q007346.1.4.1",
                        "delim": "-"
                      },
                      {
                        "v": "mu",
                        "gdl_utf8": "𒈬",
                        "id": "Q007346.1.4.2",
                        "delim": "-"
                      },
                      {
                        "v": "dar",
                        "gdl_utf8": "𒁯",
                        "id": "Q007346.1.4.3"
                      }
                    ],
                    "cf": "Sumundar",
                    "gw": "1",
                    "sense": "1",
                    "norm0": "Sumundar",
                    "pos": "WN",
                    "epos": "WN",
                    "base": "{i₇}šu-mu-dar",
                    "morph": "~"
                  }
                },
                {
                  "node": "l",
                  "frag": "{(i₇}šumun-dar)",
                  "id": "Q007346.l02bb5",
                  "ref": "Q007346.1.5",
                  "inst": "Sumundar[1]WN",
                  "sig": "@ribo/babylon0%sux:{i₇}šumun-dar=Sumundar[1//1]WN'WN$Sumundar/{i₇}šumun-dar#~",
                  "f": {
                    "lang": "sux",
                    "form": "{i₇}šumun-dar",
                    "delim": "",
                    "gdl": [
                      {
                        "det": "semantic",
                        "pos": "pre",
                        "seq": [
                          {
                            "v": "i₇",
                            "gdl_utf8": "𒀀𒇉",
                            "id": "Q007346.1.5.0",
                            "statusStart": "1",
                            "o": "("
                          }
                        ]
                      },
                      {
                        "v": "šumun",
                        "gdl_utf8": "𒌀",
                        "id": "Q007346.1.5.1",
                        "delim": "-"
                      },
                      {
                        "v": "dar",
                        "gdl_utf8": "𒁯",
                        "id": "Q007346.1.5.2",
                        "o": ")",
                        "statusStart": "Q007346.1.5.0"
                      }
                    ],
                    "cf": "Sumundar",
                    "gw": "1",
                    "sense": "1",
                    "norm0": "Sumundar",
                    "pos": "WN",
                    "epos": "WN",
                    "base": "{i₇}šumun-dar",
                    "morph": "~"
                  }
                },
                {
                  "node": "l",
                  "frag": "{(i₇}šu-mu-da-ri)",
                  "id": "Q007346.l02bb6",
                  "ref": "Q007346.1.6",
                  "inst": "Sumundar[1]WN",
                  "sig": "@ribo/babylon0%sux:{i₇}šu-mu-da-ri=Sumundar[1//1]WN'WN$Sumundar/{i₇}šu-mu-da-ri#~",
                  "f": {
                    "lang": "sux",
                    "form": "{i₇}šu-mu-da-ri",
                    "delim": "",
                    "gdl": [
                      {
                        "det": "semantic",
                        "pos": "pre",
                        "seq": [
                          {
                            "v": "i₇",
                            "gdl_utf8": "𒀀𒇉",
                            "id": "Q007346.1.6.0",
                            "statusStart": "1",
                            "o": "("
                          }
                        ]
                      },
                      {
                        "v": "šu",
                        "gdl_utf8": "𒋗",
                        "id": "Q007346.1.6.1",
                        "delim": "-"
                      },
                      {
                        "v": "mu",
                        "gdl_utf8": "𒈬",
                        "id": "Q007346.1.6.2",
                        "delim": "-"
                      },
                      {
                        "v": "da",
                        "gdl_utf8": "𒁕",
                        "id": "Q007346.1.6.3",
                        "delim": "-"
                      },
                      {
                        "v": "ri",
                        "gdl_utf8": "𒊑",
                        "id": "Q007346.1.6.4",
                        "o": ")",
                        "statusStart": "Q007346.1.6.0"
                      }
                    ],
                    "cf": "Sumundar",
                    "gw": "1",
                    "sense": "1",
                    "norm0": "Sumundar",
                    "pos": "WN",
                    "epos": "WN",
                    "base": "{i₇}šu-mu-da-ri",
                    "morph": "~"
                  }
                },
                {
                  "node": "l",
                  "frag": "{(i₇}šu-numun-dar)",
                  "id": "Q007346.l02bb7",
                  "ref": "Q007346.1.7",
                  "inst": "Sumundar[1]WN",
                  "sig": "@ribo/babylon0%sux:{i₇}šu-numun-dar=Sumundar[1//1]WN'WN$Sumundar/{i₇}šu-numun-dar#~",
                  "f": {
                    "lang": "sux",
                    "form": "{i₇}šu-numun-dar",
                    "gdl": [
                      {
                        "det": "semantic",
                        "pos": "pre",
                        "seq": [
                          {
                            "v": "i₇",
                            "gdl_utf8": "𒀀𒇉",
                            "id": "Q007346.1.7.0",
                            "statusStart": "1",
                            "o": "("
                          }
                        ]
                      },
                      {
                        "v": "šu",
                        "gdl_utf8": "𒋗",
                        "id": "Q007346.1.7.1",
                        "delim": "-"
                      },
                      {
                        "v": "numun",
                        "gdl_utf8": "𒆰",
                        "id": "Q007346.1.7.2",
                        "delim": "-"
                      },
                      {
                        "v": "dar",
                        "gdl_utf8": "𒁯",
                        "id": "Q007346.1.7.3",
                        "o": ")",
                        "statusStart": "Q007346.1.7.0"
                      }
                    ],
                    "cf": "Sumundar",
                    "gw": "1",
                    "sense": "1",
                    "norm0": "Sumundar",
                    "pos": "WN",
                    "epos": "WN",
                    "base": "{i₇}šu-numun-dar",
                    "morph": "~"
                  }
                },
                {
                  "node": "d",
                  "type": "nonx",
                  "ref": "Q007346.2",
                  "strict": "0",
                  "extent": "8",
                  "state": "other"
                },
                {
                  "node": "d",
                  "type": "line-start",
                  "ref": "Q007346.3",
                  "n": "2",
                  "label": "2"
                },
                {
                  "node": "l",
                  "frag": "[mu]",
                  "id": "Q007346.l02bb8",
                  "ref": "Q007346.3.1",
                  "inst": "mu[year]N",
                  "sig": "@ribo/babylon0%sux:mu=mu[year//year]N'N$mu/mu#~",
                  "f": {
                    "lang": "sux",
                    "form": "mu",
                    "delim": "",
                    "gdl": [
                      {
                        "v": "mu",
                        "gdl_utf8": "𒈬",
                        "id": "Q007346.3.1.0",
                        "breakStart": "1",
                        "o": "]",
                        "break": "missing",
                        "breakEnd": "Q007346.3.1.0"
                      }
                    ],
                    "cf": "mu",
                    "gw": "year",
                    "sense": "year",
                    "norm0": "mu",
                    "pos": "N",
                    "epos": "N",
                    "base": "mu",
                    "morph": "~"
                  }
                },
                {
                  "node": "l",
                  "frag": "⸢bad₃⸣",
                  "id": "Q007346.l02bb9",
                  "ref": "Q007346.3.2",
                  "inst": "bad[wall, fortification]N",
                  "sig": "@ribo/babylon0%sux:bad₃=bad[wall//wall, fortification]N'N$bad/bad₃#~",
                  "f": {
                    "lang": "sux",
                    "form": "bad₃",
                    "delim": "",
                    "gdl": [
                      {
                        "v": "bad₃",
                        "gdl_utf8": "𒂦",
                        "id": "Q007346.3.2.0",
                        "break": "damaged",
                        "queried": "1",
                        "ho": "1",
                        "hc": "1"
                      }
                    ],
                    "cf": "bad",
                    "gw": "wall",
                    "sense": "wall, fortification",
                    "norm0": "bad",
                    "pos": "N",
                    "epos": "N",
                    "base": "bad₃",
                    "morph": "~"
                  }
                },
                {
                  "node": "l",
                  "frag": "e-mu-ut-ba-lum{ki}",
                  "id": "Q007346.l02bba",
                  "ref": "Q007346.3.3",
                  "inst": "Yamut-balum[1]GN",
                  "sig": "@ribo/babylon0%sux:e-mu-ut-ba-lum{ki}=Yamut-balum[1//1]GN'GN$Yamut-balum/e-mu-ut-ba-lum{ki}#~",
                  "f": {
                    "lang": "sux",
                    "form": "e-mu-ut-ba-lum{ki}",
                    "gdl": [
                      {
                        "v": "e",
                        "gdl_utf8": "𒂊",
                        "id": "Q007346.3.3.0",
                        "delim": "-"
                      },
                      {
                        "v": "mu",
                        "gdl_utf8": "𒈬",
                        "id": "Q007346.3.3.1",
                        "delim": "-"
                      },
                      {
                        "v": "ut",
                        "gdl_utf8": "𒌓",
                        "id": "Q007346.3.3.2",
                        "delim": "-"
                      },
                      {
                        "v": "ba",
                        "gdl_utf8": "𒁀",
                        "id": "Q007346.3.3.3",
                        "delim": "-"
                      },
                      {
                        "v": "lum",
                        "gdl_utf8": "𒈝",
                        "id": "Q007346.3.3.4"
                      },
                      {
                        "det": "semantic",
                        "pos": "post",
                        "seq": [
                          {
                            "v": "ki",
                            "gdl_utf8": "𒆠",
                            "id": "Q007346.3.3.5"
                          }
                        ]
                      }
                    ],
                    "cf": "Yamut-balum",
                    "gw": "1",
                    "sense": "1",
                    "norm0": "Yamut-balum",
                    "pos": "GN",
                    "epos": "GN",
                    "base": "e-mu-ut-ba-lum{ki}",
                    "morph": "~"
                  }
                }
              ]
            }
          ]
        }
      ]
    }
  ]
}
