{
  "type": "cdl",
  "project": "ribo/babylon0",
  "source": "http://oracc.org/ribo/babylon0",
  "license": "This data is released under the CC0 license",
  "license-url": "https://creativecommons.org/publicdomain/zero/1.0/",
  "more-info": "http://oracc.org/doc/opendata/",
  "UTC-timestamp": "2019-01-12T08:23:18",
  "textid": "Q007416",
  "cdl": [
    {
      "node": "c",
      "type": "text",
      "id": "Q007416.U0",
      "cdl": [
        {
          "node": "d",
          "type": "object",
          "ref": ""
        },
        {
          "node": "d",
          "type": "surface",
          "ref": ""
        },
        {
          "node": "c",
          "type": "discourse",
          "subtype": "body",
          "id": "Q007416.U1",
          "cdl": [
            {
              "node": "c",
              "type": "sentence",
              "implicit": "yes",
              "id": "Q007416.U2",
              "label": "1",
              "cdl": [
                {
                  "node": "d",
                  "type": "line-start",
                  "ref": "Q007416.1",
                  "n": "1",
                  "label": "1"
                },
                {
                  "node": "l",
                  "frag": "mu",
                  "id": "Q007416.l038f0",
                  "ref": "Q007416.1.1",
                  "inst": "mu[year]N",
                  "sig": "@ribo/babylon0%sux:mu=mu[year//year]N'N$mu/mu#~",
                  "f": {
                    "lang": "sux",
                    "form": "mu",
                    "delim": "",
                    "gdl": [
                      {
                        "v": "mu",
                        "gdl_utf8": "𒈬",
                        "id": "Q007416.1.1.0"
                      }
                    ],
                    "cf": "mu",
                    "gw": "year",
                    "sense": "year",
                    "norm0": "mu",
                    "pos": "N",
                    "epos": "N",
                    "base": "mu",
                    "morph": "~"
                  }
                },
                {
                  "node": "l",
                  "frag": "sa-am-su-i-lu-na",
                  "id": "Q007416.l038f1",
                  "ref": "Q007416.1.2",
                  "inst": "Samsu-iluna[king of Babylon]RN",
                  "sig": "@ribo/babylon0%sux:sa-am-su-i-lu-na=Samsu-iluna[king of Babylon//king of Babylon]RN'RN$Samsu-iluna/sa-am-su-i-lu-na#~",
                  "f": {
                    "lang": "sux",
                    "form": "sa-am-su-i-lu-na",
                    "delim": "",
                    "gdl": [
                      {
                        "v": "sa",
                        "gdl_utf8": "𒊓",
                        "id": "Q007416.1.2.0",
                        "delim": "-"
                      },
                      {
                        "v": "am",
                        "gdl_utf8": "𒄠",
                        "id": "Q007416.1.2.1",
                        "delim": "-"
                      },
                      {
                        "v": "su",
                        "gdl_utf8": "𒋢",
                        "id": "Q007416.1.2.2",
                        "delim": "-"
                      },
                      {
                        "v": "i",
                        "gdl_utf8": "𒄿",
                        "id": "Q007416.1.2.3",
                        "delim": "-"
                      },
                      {
                        "v": "lu",
                        "gdl_utf8": "𒇻",
                        "id": "Q007416.1.2.4",
                        "delim": "-"
                      },
                      {
                        "v": "na",
                        "gdl_utf8": "𒈾",
                        "id": "Q007416.1.2.5"
                      }
                    ],
                    "cf": "Samsu-iluna",
                    "gw": "king of Babylon",
                    "sense": "king of Babylon",
                    "norm0": "Samsu-iluna",
                    "pos": "RN",
                    "epos": "RN",
                    "base": "sa-am-su-i-lu-na",
                    "morph": "~"
                  }
                },
                {
                  "node": "l",
                  "frag": "lugal-e",
                  "id": "Q007416.l038f2",
                  "ref": "Q007416.1.3",
                  "inst": "lugal[king]N",
                  "sig": "@ribo/babylon0%sux:lugal-e=lugal[king//king]N'N$lugal,e/lugal#~,e",
                  "f": {
                    "lang": "sux",
                    "form": "lugal-e",
                    "delim": "",
                    "gdl": [
                      {
                        "v": "lugal",
                        "gdl_utf8": "𒈗",
                        "id": "Q007416.1.3.0",
                        "delim": "-"
                      },
                      {
                        "v": "e",
                        "gdl_utf8": "𒂊",
                        "id": "Q007416.1.3.1"
                      }
                    ],
                    "cf": "lugal",
                    "gw": "king",
                    "sense": "king",
                    "norm0": "lugal,e",
                    "pos": "N",
                    "epos": "N",
                    "base": "lugal",
                    "morph": "~,e"
                  }
                },
                {
                  "node": "l",
                  "frag": "e₂-gal",
                  "id": "Q007416.l038f3",
                  "ref": "Q007416.1.4",
                  "inst": "egal[palace]N",
                  "sig": "@ribo/babylon0%sux:e₂-gal=egal[palace//palace]N'N$egal/e₂-gal#~",
                  "f": {
                    "lang": "sux",
                    "form": "e₂-gal",
                    "delim": "",
                    "gdl": [
                      {
                        "v": "e₂",
                        "gdl_utf8": "𒂍",
                        "id": "Q007416.1.4.0",
                        "delim": "-"
                      },
                      {
                        "v": "gal",
                        "gdl_utf8": "𒃲",
                        "id": "Q007416.1.4.1"
                      }
                    ],
                    "cf": "egal",
                    "gw": "palace",
                    "sense": "palace",
                    "norm0": "egal",
                    "pos": "N",
                    "epos": "N",
                    "base": "e₂-gal",
                    "morph": "~"
                  }
                },
                {
                  "node": "l",
                  "frag": "nam-nun-na",
                  "id": "Q007416.l038f4",
                  "ref": "Q007416.1.5",
                  "inst": "namnun[magnificience]N",
                  "sig": "@ribo/babylon0%sux:nam-nun-na=namnun[magnificience//magnificience]N'N$namnun,a/nam-nun+-na=n.a#~,a",
                  "f": {
                    "lang": "sux",
                    "form": "nam-nun-na",
                    "delim": "",
                    "gdl": [
                      {
                        "v": "nam",
                        "gdl_utf8": "𒉆",
                        "id": "Q007416.1.5.0",
                        "delim": "-"
                      },
                      {
                        "v": "nun",
                        "gdl_utf8": "𒉣",
                        "id": "Q007416.1.5.1",
                        "delim": "-"
                      },
                      {
                        "v": "na",
                        "gdl_utf8": "𒈾",
                        "id": "Q007416.1.5.2"
                      }
                    ],
                    "cf": "namnun",
                    "gw": "magnificience",
                    "sense": "magnificience",
                    "norm0": "namnun,a",
                    "pos": "N",
                    "epos": "N",
                    "base": "nam-nun",
                    "cont": "-na=n.a",
                    "morph": "~,a"
                  }
                },
                {
                  "node": "l",
                  "frag": "e₂",
                  "id": "Q007416.l038f5",
                  "ref": "Q007416.1.6",
                  "inst": "e[house]N",
                  "sig": "@ribo/babylon0%sux:e₂=e[house//house]N'N$e/e₂#~",
                  "f": {
                    "lang": "sux",
                    "form": "e₂",
                    "delim": "",
                    "gdl": [
                      {
                        "v": "e₂",
                        "gdl_utf8": "𒂍",
                        "id": "Q007416.1.6.0"
                      }
                    ],
                    "cf": "e",
                    "gw": "house",
                    "sense": "house",
                    "norm0": "e",
                    "pos": "N",
                    "epos": "N",
                    "base": "e₂",
                    "morph": "~"
                  }
                },
                {
                  "node": "l",
                  "frag": "he₂-du₇",
                  "id": "Q007416.l038f6",
                  "ref": "Q007416.1.7",
                  "inst": "hedu[ornament]N",
                  "sig": "@ribo/babylon0%sux:he₂-du₇=hedu[ornament//ornament]N'N$hedu/he₂-du₇#~",
                  "f": {
                    "lang": "sux",
                    "form": "he₂-du₇",
                    "delim": "",
                    "gdl": [
                      {
                        "v": "he₂",
                        "gdl_utf8": "𒃶",
                        "id": "Q007416.1.7.0",
                        "delim": "-"
                      },
                      {
                        "v": "du₇",
                        "gdl_utf8": "𒌌",
                        "id": "Q007416.1.7.1"
                      }
                    ],
                    "cf": "hedu",
                    "gw": "ornament",
                    "sense": "ornament",
                    "norm0": "hedu",
                    "pos": "N",
                    "epos": "N",
                    "base": "he₂-du₇",
                    "morph": "~"
                  }
                },
                {
                  "node": "l",
                  "frag": "nam-lugal-la-na",
                  "id": "Q007416.l038f7",
                  "ref": "Q007416.1.8",
                  "inst": "namlugal[kingship]N",
                  "sig": "@ribo/babylon0%sux:nam-lugal-la-na=namlugal[kingship//kingship]N'N$namlugal,ani.ak/nam-lugal+-la=l.a#~,ani.ak",
                  "f": {
                    "lang": "sux",
                    "form": "nam-lugal-la-na",
                    "delim": "",
                    "gdl": [
                      {
                        "v": "nam",
                        "gdl_utf8": "𒉆",
                        "id": "Q007416.1.8.0",
                        "delim": "-"
                      },
                      {
                        "v": "lugal",
                        "gdl_utf8": "𒈗",
                        "id": "Q007416.1.8.1",
                        "delim": "-"
                      },
                      {
                        "v": "la",
                        "gdl_utf8": "𒆷",
                        "id": "Q007416.1.8.2",
                        "delim": "-"
                      },
                      {
                        "v": "na",
                        "gdl_utf8": "𒈾",
                        "id": "Q007416.1.8.3"
                      }
                    ],
                    "cf": "namlugal",
                    "gw": "kingship",
                    "sense": "kingship",
                    "norm0": "namlugal,ani.ak",
                    "pos": "N",
                    "epos": "N",
                    "base": "nam-lugal",
                    "cont": "-la=l.a",
                    "morph": "~,ani.ak"
                  }
                },
                {
                  "node": "c",
                  "type": "phrase",
                  "tag": "phr",
                  "id": "Q007416.U4",
                  "ref": "Q007416.ls00000",
                  "cdl": [
                    {
                      "node": "l",
                      "frag": "ša₃",
                      "id": "Q007416.l038f8",
                      "ref": "Q007416.1.9",
                      "inst": "šag[heart]N",
                      "sig": "@ribo/babylon0%sux:ša₃=šag[heart//heart]N'N$šag/ša₃#~",
                      "f": {
                        "lang": "sux",
                        "form": "ša₃",
                        "delim": "",
                        "gdl": [
                          {
                            "v": "ša₃",
                            "gdl_utf8": "𒊮",
                            "id": "Q007416.1.9.0"
                          }
                        ],
                        "cf": "šag",
                        "gw": "heart",
                        "sense": "heart",
                        "norm0": "šag",
                        "pos": "N",
                        "epos": "N",
                        "base": "ša₃",
                        "morph": "~"
                      }
                    },
                    {
                      "node": "l",
                      "frag": "bi₂-du₁₀-ga-a",
                      "id": "Q007416.l038f9",
                      "ref": "Q007416.1.10",
                      "inst": "dug[(to be) good]V/i",
                      "sig": "@ribo/babylon0%sux:bi₂-du₁₀-ga-a=dug[good//(to be) good]V/i'V/i$ba.i:dug;a/du₁₀-g·a#ba.i:~;a",
                      "f": {
                        "lang": "sux",
                        "form": "bi₂-du₁₀-ga-a",
                        "delim": "",
                        "gdl": [
                          {
                            "v": "bi₂",
                            "gdl_utf8": "𒉈",
                            "id": "Q007416.1.10.0",
                            "delim": "-"
                          },
                          {
                            "v": "du₁₀",
                            "gdl_utf8": "𒄭",
                            "id": "Q007416.1.10.1",
                            "delim": "-"
                          },
                          {
                            "v": "ga",
                            "gdl_utf8": "𒂵",
                            "id": "Q007416.1.10.2",
                            "delim": "-"
                          },
                          {
                            "v": "a",
                            "gdl_utf8": "𒀀",
                            "id": "Q007416.1.10.3"
                          }
                        ],
                        "cf": "dug",
                        "gw": "good",
                        "sense": "(to be) good",
                        "norm0": "ba.i:dug;a",
                        "pos": "V/i",
                        "epos": "V/i",
                        "base": "du₁₀-g·a",
                        "morph": "ba.i:~;a"
                      }
                    }
                  ]
                },
                {
                  "node": "l",
                  "frag": "ša₃",
                  "id": "Q007416.l038fa",
                  "ref": "Q007416.1.11",
                  "inst": "šag[heart]N",
                  "sig": "@ribo/babylon0%sux:ša₃=šag[heart//heart]N'N$šag/ša₃#~",
                  "f": {
                    "lang": "sux",
                    "form": "ša₃",
                    "delim": "",
                    "gdl": [
                      {
                        "v": "ša₃",
                        "gdl_utf8": "𒊮",
                        "id": "Q007416.1.11.0"
                      }
                    ],
                    "cf": "šag",
                    "gw": "heart",
                    "sense": "heart",
                    "norm0": "šag",
                    "pos": "N",
                    "epos": "N",
                    "base": "ša₃",
                    "morph": "~"
                  }
                },
                {
                  "node": "l",
                  "frag": "mu",
                  "id": "Q007416.l038fb",
                  "ref": "Q007416.1.12",
                  "inst": "mu[year]N",
                  "sig": "@ribo/babylon0%sux:mu=mu[year//year]N'N$mu/mu#~",
                  "f": {
                    "lang": "sux",
                    "form": "mu",
                    "delim": "",
                    "gdl": [
                      {
                        "v": "mu",
                        "gdl_utf8": "𒈬",
                        "id": "Q007416.1.12.0"
                      }
                    ],
                    "cf": "mu",
                    "gw": "year",
                    "sense": "year",
                    "norm0": "mu",
                    "pos": "N",
                    "epos": "N",
                    "base": "mu",
                    "morph": "~"
                  }
                },
                {
                  "node": "l",
                  "frag": "diš-kam",
                  "id": "Q007416.l038fc",
                  "ref": "Q007416.1.13",
                  "inst": "diš[one]NU",
                  "sig": "@ribo/babylon0%sux:diš-kam=diš[one//one]NU'NU$diš,ak.am/diš#~,ak.am",
                  "f": {
                    "lang": "sux",
                    "form": "diš-kam",
                    "delim": "",
                    "gdl": [
                      {
                        "v": "diš",
                        "gdl_utf8": "𒁹",
                        "id": "Q007416.1.13.0",
                        "delim": "-"
                      },
                      {
                        "v": "kam",
                        "gdl_utf8": "𒄰",
                        "id": "Q007416.1.13.1"
                      }
                    ],
                    "cf": "diš",
                    "gw": "one",
                    "sense": "one",
                    "norm0": "diš,ak.am",
                    "pos": "NU",
                    "epos": "NU",
                    "base": "diš",
                    "morph": "~,ak.am"
                  }
                },
                {
                  "node": "l",
                  "frag": "mu-un-du₃-a",
                  "id": "Q007416.l038fd",
                  "ref": "Q007416.1.14",
                  "inst": "du[to build, make]V/t",
                  "sig": "@ribo/babylon0%sux:mu-un-du₃-a=du[build//to build, make]V/t'V/t$mu.n:du;a/du₃#mu.n:~;a",
                  "f": {
                    "lang": "sux",
                    "form": "mu-un-du₃-a",
                    "gdl": [
                      {
                        "v": "mu",
                        "gdl_utf8": "𒈬",
                        "id": "Q007416.1.14.0",
                        "delim": "-"
                      },
                      {
                        "v": "un",
                        "gdl_utf8": "𒌦",
                        "id": "Q007416.1.14.1",
                        "delim": "-"
                      },
                      {
                        "v": "du₃",
                        "gdl_utf8": "𒆕",
                        "id": "Q007416.1.14.2",
                        "delim": "-"
                      },
                      {
                        "v": "a",
                        "gdl_utf8": "𒀀",
                        "id": "Q007416.1.14.3"
                      }
                    ],
                    "cf": "du",
                    "gw": "build",
                    "sense": "to build, make",
                    "norm0": "mu.n:du;a",
                    "pos": "V/t",
                    "epos": "V/t",
                    "base": "du₃",
                    "morph": "mu.n:~;a"
                  }
                }
              ]
            }
          ]
        }
      ]
    },
    {
      "linkbase": [
        {
          "type": "linkset",
          "xlink_title": "šag dug[satisfied//to be satisfied]V/i'V/i",
          "id": "Q007416.ls00000",
          "xlink_type": "extended",
          "xlink_role": "psu",
          "sig": "{ša₃ bi₂-du₁₀-ga-a = šag[heart]N dug[good]V/i += šag dug[satisfied//to be satisfied]V/i'V/i}::@ribo/babylon0%sux:ša₃=šag[heart//heart]N'N$šag/ša₃#~++@ribo/babylon0%sux:bi₂-du₁₀-ga-a=dug[good//(to make) good]V/i'V/t$ba.i:dug;a/du₁₀-g·a#ba.i:~;a",
          "links": [
            {
              "type": "link",
              "xlink_title": "šag",
              "xlink_type": "locator",
              "xlink_href": "#Q007416.l038f8",
              "xlink_role": "elt"
            },
            {
              "type": "link",
              "xlink_title": "dug",
              "xlink_type": "locator",
              "xlink_href": "#Q007416.l038f9",
              "xlink_role": "elt"
            }
          ]
        }
      ]
    }
  ]
}
