{
  "type": "cdl",
  "project": "ribo/babylon0",
  "source": "http://oracc.org/ribo/babylon0",
  "license": "This data is released under the CC0 license",
  "license-url": "https://creativecommons.org/publicdomain/zero/1.0/",
  "more-info": "http://oracc.org/doc/opendata/",
  "UTC-timestamp": "2019-01-12T08:23:19",
  "textid": "Q007418",
  "cdl": [
    {
      "node": "c",
      "type": "text",
      "id": "Q007418.U0",
      "cdl": [
        {
          "node": "d",
          "type": "object",
          "ref": ""
        },
        {
          "node": "d",
          "type": "surface",
          "ref": ""
        },
        {
          "node": "c",
          "type": "discourse",
          "subtype": "body",
          "id": "Q007418.U1",
          "cdl": [
            {
              "node": "c",
              "type": "sentence",
              "implicit": "yes",
              "id": "Q007418.U2",
              "label": "1",
              "cdl": [
                {
                  "node": "d",
                  "type": "line-start",
                  "ref": "Q007418.1",
                  "n": "1",
                  "label": "1"
                },
                {
                  "node": "l",
                  "frag": "mu",
                  "id": "Q007418.l0390e",
                  "ref": "Q007418.1.1",
                  "inst": "mu[year]N",
                  "sig": "@ribo/babylon0%sux:mu=mu[year//year]N'N$mu/mu#~",
                  "f": {
                    "lang": "sux",
                    "form": "mu",
                    "delim": "",
                    "gdl": [
                      {
                        "v": "mu",
                        "gdl_utf8": "𒈬",
                        "id": "Q007418.1.1.0"
                      }
                    ],
                    "cf": "mu",
                    "gw": "year",
                    "sense": "year",
                    "norm0": "mu",
                    "pos": "N",
                    "epos": "N",
                    "base": "mu",
                    "morph": "~"
                  }
                },
                {
                  "node": "l",
                  "frag": "sa-am-su-i-lu-na",
                  "id": "Q007418.l0390f",
                  "ref": "Q007418.1.2",
                  "inst": "Samsu-iluna[king of Babylon]RN",
                  "sig": "@ribo/babylon0%sux:sa-am-su-i-lu-na=Samsu-iluna[king of Babylon//king of Babylon]RN'RN$Samsu-iluna/sa-am-su-i-lu-na#~",
                  "f": {
                    "lang": "sux",
                    "form": "sa-am-su-i-lu-na",
                    "delim": "",
                    "gdl": [
                      {
                        "v": "sa",
                        "gdl_utf8": "𒊓",
                        "id": "Q007418.1.2.0",
                        "delim": "-"
                      },
                      {
                        "v": "am",
                        "gdl_utf8": "𒄠",
                        "id": "Q007418.1.2.1",
                        "delim": "-"
                      },
                      {
                        "v": "su",
                        "gdl_utf8": "𒋢",
                        "id": "Q007418.1.2.2",
                        "delim": "-"
                      },
                      {
                        "v": "i",
                        "gdl_utf8": "𒄿",
                        "id": "Q007418.1.2.3",
                        "delim": "-"
                      },
                      {
                        "v": "lu",
                        "gdl_utf8": "𒇻",
                        "id": "Q007418.1.2.4",
                        "delim": "-"
                      },
                      {
                        "v": "na",
                        "gdl_utf8": "𒈾",
                        "id": "Q007418.1.2.5"
                      }
                    ],
                    "cf": "Samsu-iluna",
                    "gw": "king of Babylon",
                    "sense": "king of Babylon",
                    "norm0": "Samsu-iluna",
                    "pos": "RN",
                    "epos": "RN",
                    "base": "sa-am-su-i-lu-na",
                    "morph": "~"
                  }
                },
                {
                  "node": "l",
                  "frag": "lugal-e",
                  "id": "Q007418.l03910",
                  "ref": "Q007418.1.3",
                  "inst": "lugal[king]N",
                  "sig": "@ribo/babylon0%sux:lugal-e=lugal[king//king]N'N$lugal,e/lugal#~,e",
                  "f": {
                    "lang": "sux",
                    "form": "lugal-e",
                    "delim": "",
                    "gdl": [
                      {
                        "v": "lugal",
                        "gdl_utf8": "𒈗",
                        "id": "Q007418.1.3.0",
                        "delim": "-"
                      },
                      {
                        "v": "e",
                        "gdl_utf8": "𒂊",
                        "id": "Q007418.1.3.1"
                      }
                    ],
                    "cf": "lugal",
                    "gw": "king",
                    "sense": "king",
                    "norm0": "lugal,e",
                    "pos": "N",
                    "epos": "N",
                    "base": "lugal",
                    "morph": "~,e"
                  }
                },
                {
                  "node": "l",
                  "frag": "erin₂",
                  "id": "Q007418.l03911",
                  "ref": "Q007418.1.4",
                  "inst": "erin[troops]N",
                  "sig": "@ribo/babylon0%sux:erin₂=erin[people//troops]N'N$erin/erin₂#~",
                  "f": {
                    "lang": "sux",
                    "form": "erin₂",
                    "delim": "",
                    "gdl": [
                      {
                        "v": "erin₂",
                        "gdl_utf8": "𒂟",
                        "id": "Q007418.1.4.0"
                      }
                    ],
                    "cf": "erin",
                    "gw": "people",
                    "sense": "troops",
                    "norm0": "erin",
                    "pos": "N",
                    "epos": "N",
                    "base": "erin₂",
                    "morph": "~"
                  }
                },
                {
                  "node": "l",
                  "frag": "mar-tu-a",
                  "id": "Q007418.l03912",
                  "ref": "Q007418.1.5",
                  "inst": "Amurru[Amorite]EN",
                  "sig": "@ribo/babylon0%sux:mar-tu-a=Amurru[Amorite//Amorite]EN'EN$Amurru,ak/mar-tu#~,ak",
                  "f": {
                    "lang": "sux",
                    "form": "mar-tu-a",
                    "delim": "",
                    "gdl": [
                      {
                        "v": "mar",
                        "gdl_utf8": "𒈥",
                        "id": "Q007418.1.5.0",
                        "delim": "-"
                      },
                      {
                        "v": "tu",
                        "gdl_utf8": "𒌅",
                        "id": "Q007418.1.5.1",
                        "delim": "-"
                      },
                      {
                        "v": "a",
                        "gdl_utf8": "𒀀",
                        "id": "Q007418.1.5.2"
                      }
                    ],
                    "cf": "Amurru",
                    "gw": "Amorite",
                    "sense": "Amorite",
                    "norm0": "Amurru,ak",
                    "pos": "EN",
                    "epos": "EN",
                    "base": "mar-tu",
                    "morph": "~,ak"
                  }
                },
                {
                  "node": "l",
                  "frag": "kur",
                  "id": "Q007418.l03913",
                  "ref": "Q007418.1.6",
                  "inst": "kur[land, country]N",
                  "sig": "@ribo/babylon0%sux:kur=kur[mountain//land, country]N'N$kur/kur#~",
                  "f": {
                    "lang": "sux",
                    "form": "kur",
                    "delim": "",
                    "gdl": [
                      {
                        "v": "kur",
                        "gdl_utf8": "𒆳",
                        "id": "Q007418.1.6.0"
                      }
                    ],
                    "cf": "kur",
                    "gw": "mountain",
                    "sense": "land, country",
                    "norm0": "kur",
                    "pos": "N",
                    "epos": "N",
                    "base": "kur",
                    "morph": "~"
                  }
                },
                {
                  "node": "l",
                  "frag": "hur-saŋ-ŋa₂-ka",
                  "id": "Q007418.l03914",
                  "ref": "Q007418.1.7",
                  "inst": "hursaŋ[mountain]N",
                  "sig": "@ribo/babylon0%sux:hur-saŋ-ŋa₂-ka=hursaŋ[mountain//mountain]N'N$hursaŋ,ak.a/hur-saŋ+-ŋa₂=ŋ.a#~,ak.a",
                  "f": {
                    "lang": "sux",
                    "form": "hur-saŋ-ŋa₂-ka",
                    "delim": "",
                    "gdl": [
                      {
                        "v": "hur",
                        "gdl_utf8": "𒄯",
                        "id": "Q007418.1.7.0",
                        "delim": "-"
                      },
                      {
                        "v": "saŋ",
                        "gdl_utf8": "𒊕",
                        "id": "Q007418.1.7.1",
                        "delim": "-"
                      },
                      {
                        "v": "ŋa₂",
                        "gdl_utf8": "𒂷",
                        "id": "Q007418.1.7.2",
                        "delim": "-"
                      },
                      {
                        "v": "ka",
                        "gdl_utf8": "𒅗",
                        "id": "Q007418.1.7.3"
                      }
                    ],
                    "cf": "hursaŋ",
                    "gw": "mountain",
                    "sense": "mountain",
                    "norm0": "hursaŋ,ak.a",
                    "pos": "N",
                    "epos": "N",
                    "base": "hur-saŋ",
                    "cont": "-ŋa₂=ŋ.a",
                    "morph": "~,ak.a"
                  }
                },
                {
                  "node": "l",
                  "frag": "i₃-ba-šub-be₇-eš-a",
                  "id": "Q007418.l03915",
                  "ref": "Q007418.1.8",
                  "inst": "šub[fall//to drop, lay (down)]V/i'V/t",
                  "sig": "@ribo/babylon0%sux:i₃-ba-šub-be₇-eš-a=šub[fall//to drop, lay (down)]V/i'V/t$V.ba:šub;eš.a/šub+-be₇=b.e#V.ba:~;eš.a",
                  "f": {
                    "lang": "sux",
                    "form": "i₃-ba-šub-be₇-eš-a",
                    "gdl": [
                      {
                        "v": "i₃",
                        "gdl_utf8": "𒉌",
                        "id": "Q007418.1.8.0",
                        "delim": "-"
                      },
                      {
                        "v": "ba",
                        "gdl_utf8": "𒁀",
                        "id": "Q007418.1.8.1",
                        "delim": "-"
                      },
                      {
                        "v": "šub",
                        "gdl_utf8": "𒊒",
                        "id": "Q007418.1.8.2",
                        "delim": "-"
                      },
                      {
                        "v": "be₇",
                        "gdl_utf8": "𒉈",
                        "id": "Q007418.1.8.3",
                        "delim": "-"
                      },
                      {
                        "v": "eš",
                        "gdl_utf8": "𒌍",
                        "id": "Q007418.1.8.4",
                        "delim": "-"
                      },
                      {
                        "v": "a",
                        "gdl_utf8": "𒀀",
                        "id": "Q007418.1.8.5"
                      }
                    ],
                    "cf": "šub",
                    "gw": "fall",
                    "sense": "to drop, lay (down)",
                    "norm0": "V.ba:šub;eš.a",
                    "pos": "V/i",
                    "epos": "V/t",
                    "base": "šub",
                    "cont": "-be₇=b.e",
                    "morph": "V.ba:~;eš.a"
                  }
                }
              ]
            }
          ]
        }
      ]
    }
  ]
}
