{
  "type": "cdl",
  "project": "ribo/babylon0",
  "source": "http://oracc.org/ribo/babylon0",
  "license": "This data is released under the CC0 license",
  "license-url": "https://creativecommons.org/publicdomain/zero/1.0/",
  "more-info": "http://oracc.org/doc/opendata/",
  "UTC-timestamp": "2019-01-12T08:23:14",
  "textid": "Q007383",
  "cdl": [
    {
      "node": "c",
      "type": "text",
      "id": "Q007383.U0",
      "cdl": [
        {
          "node": "d",
          "type": "object",
          "ref": ""
        },
        {
          "node": "d",
          "type": "surface",
          "ref": ""
        },
        {
          "node": "c",
          "type": "discourse",
          "subtype": "body",
          "id": "Q007383.U1",
          "cdl": [
            {
              "node": "c",
              "type": "sentence",
              "implicit": "yes",
              "id": "Q007383.U2",
              "label": "1 - 2",
              "cdl": [
                {
                  "node": "d",
                  "type": "line-start",
                  "ref": "Q007383.1",
                  "n": "1",
                  "label": "1"
                },
                {
                  "node": "l",
                  "frag": "mu",
                  "id": "Q007383.l03655",
                  "ref": "Q007383.1.1",
                  "inst": "mu[year]N",
                  "sig": "@ribo/babylon0%sux:mu=mu[year//year]N'N$mu/mu#~",
                  "f": {
                    "lang": "sux",
                    "form": "mu",
                    "delim": "",
                    "gdl": [
                      {
                        "v": "mu",
                        "gdl_utf8": "𒈬",
                        "id": "Q007383.1.1.0"
                      }
                    ],
                    "cf": "mu",
                    "gw": "year",
                    "sense": "year",
                    "norm0": "mu",
                    "pos": "N",
                    "epos": "N",
                    "base": "mu",
                    "morph": "~"
                  }
                },
                {
                  "node": "l",
                  "frag": "(sa-am-su-i-lu-na",
                  "id": "Q007383.l03656",
                  "ref": "Q007383.1.2",
                  "inst": "Samsu-iluna[king of Babylon]RN",
                  "sig": "@ribo/babylon0%sux:sa-am-su-i-lu-na=Samsu-iluna[king of Babylon//king of Babylon]RN'RN$Samsu-iluna/sa-am-su-i-lu-na#~",
                  "f": {
                    "lang": "sux",
                    "form": "sa-am-su-i-lu-na",
                    "delim": "",
                    "gdl": [
                      {
                        "v": "sa",
                        "gdl_utf8": "𒊓",
                        "id": "Q007383.1.2.0",
                        "statusStart": "1",
                        "o": "(",
                        "delim": "-"
                      },
                      {
                        "v": "am",
                        "gdl_utf8": "𒄠",
                        "id": "Q007383.1.2.1",
                        "delim": "-"
                      },
                      {
                        "v": "su",
                        "gdl_utf8": "𒋢",
                        "id": "Q007383.1.2.2",
                        "delim": "-"
                      },
                      {
                        "v": "i",
                        "gdl_utf8": "𒄿",
                        "id": "Q007383.1.2.3",
                        "delim": "-"
                      },
                      {
                        "v": "lu",
                        "gdl_utf8": "𒇻",
                        "id": "Q007383.1.2.4",
                        "delim": "-"
                      },
                      {
                        "v": "na",
                        "gdl_utf8": "𒈾",
                        "id": "Q007383.1.2.5"
                      }
                    ],
                    "cf": "Samsu-iluna",
                    "gw": "king of Babylon",
                    "sense": "king of Babylon",
                    "norm0": "Samsu-iluna",
                    "pos": "RN",
                    "epos": "RN",
                    "base": "sa-am-su-i-lu-na",
                    "morph": "~"
                  }
                },
                {
                  "node": "l",
                  "frag": "lugal-e)",
                  "id": "Q007383.l03657",
                  "ref": "Q007383.1.3",
                  "inst": "lugal[king]N",
                  "sig": "@ribo/babylon0%sux:lugal-e=lugal[king//king]N'N$lugal,e/lugal#~,e",
                  "f": {
                    "lang": "sux",
                    "form": "lugal-e",
                    "delim": "",
                    "gdl": [
                      {
                        "v": "lugal",
                        "gdl_utf8": "𒈗",
                        "id": "Q007383.1.3.0",
                        "delim": "-"
                      },
                      {
                        "v": "e",
                        "gdl_utf8": "𒂊",
                        "id": "Q007383.1.3.1",
                        "o": ")",
                        "statusStart": "Q007383.1.2.0"
                      }
                    ],
                    "cf": "lugal",
                    "gw": "king",
                    "sense": "king",
                    "norm0": "lugal,e",
                    "pos": "N",
                    "epos": "N",
                    "base": "lugal",
                    "morph": "~,e"
                  }
                },
                {
                  "node": "l",
                  "frag": "du₁₁-ga",
                  "id": "Q007383.l03658",
                  "ref": "Q007383.1.4",
                  "inst": "duga[command]N",
                  "sig": "@ribo/babylon0%sux:du₁₁-ga=duga[command//command]N'N$duga/du₁₁-ga#~",
                  "f": {
                    "lang": "sux",
                    "form": "du₁₁-ga",
                    "delim": "",
                    "gdl": [
                      {
                        "v": "du₁₁",
                        "gdl_utf8": "𒅗",
                        "id": "Q007383.1.4.0",
                        "delim": "-"
                      },
                      {
                        "v": "ga",
                        "gdl_utf8": "𒂵",
                        "id": "Q007383.1.4.1"
                      }
                    ],
                    "cf": "duga",
                    "gw": "command",
                    "sense": "command",
                    "norm0": "duga",
                    "pos": "N",
                    "epos": "N",
                    "base": "du₁₁-ga",
                    "morph": "~"
                  }
                },
                {
                  "node": "l",
                  "frag": "zi-da",
                  "id": "Q007383.l03659",
                  "ref": "Q007383.1.5",
                  "inst": "zid[(to be) right, true, loyal]V/i",
                  "sig": "@ribo/babylon0%sux:zi-da=zid[right//(to be) right, true, loyal]V/i'V/i$zid;a/zi-d·a#~;a",
                  "f": {
                    "lang": "sux",
                    "form": "zi-da",
                    "delim": "",
                    "gdl": [
                      {
                        "v": "zi",
                        "gdl_utf8": "𒍣",
                        "id": "Q007383.1.5.0",
                        "delim": "-"
                      },
                      {
                        "v": "da",
                        "gdl_utf8": "𒁕",
                        "id": "Q007383.1.5.1"
                      }
                    ],
                    "cf": "zid",
                    "gw": "right",
                    "sense": "(to be) right, true, loyal",
                    "norm0": "zid;a",
                    "pos": "V/i",
                    "epos": "V/i",
                    "base": "zi-d·a",
                    "morph": "~;a"
                  }
                },
                {
                  "node": "l",
                  "frag": "{d}amar-utu-ke₄",
                  "id": "Q007383.l0365a",
                  "ref": "Q007383.1.6",
                  "inst": "Marduk[1]DN",
                  "sig": "@ribo/babylon0%sux:{d}amar-utu-ke₄=Marduk[1//1]DN'DN$Marduk,ak.e/{d}amar-utu#~,ak.e",
                  "f": {
                    "lang": "sux",
                    "form": "{d}amar-utu-ke₄",
                    "delim": "",
                    "gdl": [
                      {
                        "det": "semantic",
                        "pos": "pre",
                        "seq": [
                          {
                            "v": "d",
                            "gdl_utf8": "𒀭",
                            "id": "Q007383.1.6.0"
                          }
                        ]
                      },
                      {
                        "v": "amar",
                        "gdl_utf8": "𒀫",
                        "id": "Q007383.1.6.1",
                        "delim": "-"
                      },
                      {
                        "v": "utu",
                        "gdl_utf8": "𒌓",
                        "id": "Q007383.1.6.2",
                        "delim": "-"
                      },
                      {
                        "v": "ke₄",
                        "gdl_utf8": "𒆤",
                        "id": "Q007383.1.6.3"
                      }
                    ],
                    "cf": "Marduk",
                    "gw": "1",
                    "sense": "1",
                    "norm0": "Marduk,ak.e",
                    "pos": "DN",
                    "epos": "DN",
                    "base": "{d}amar-utu",
                    "morph": "~,ak.e"
                  }
                },
                {
                  "node": "d",
                  "frag": "<<mu>>",
                  "type": "excised",
                  "ref": "Q007383.1.7",
                  "lang": "sux",
                  "delim": ""
                },
                {
                  "node": "l",
                  "frag": "⸢nam-en⸣",
                  "id": "Q007383.l0365b",
                  "ref": "Q007383.1.8",
                  "inst": "namen[kingship]N",
                  "sig": "@ribo/babylon0%sux:nam-en=namen[priesthood//kingship]N'N$namen/nam-en#~",
                  "f": {
                    "lang": "sux",
                    "form": "nam-en",
                    "delim": "",
                    "gdl": [
                      {
                        "v": "nam",
                        "gdl_utf8": "𒉆",
                        "id": "Q007383.1.8.0",
                        "break": "damaged",
                        "ho": "1",
                        "delim": "-"
                      },
                      {
                        "v": "en",
                        "gdl_utf8": "𒂗",
                        "id": "Q007383.1.8.1",
                        "break": "damaged",
                        "hc": "1"
                      }
                    ],
                    "cf": "namen",
                    "gw": "priesthood",
                    "sense": "kingship",
                    "norm0": "namen",
                    "pos": "N",
                    "epos": "N",
                    "base": "nam-en",
                    "morph": "~"
                  }
                },
                {
                  "node": "l",
                  "frag": "kur-kur-ra",
                  "id": "Q007383.l0365c",
                  "ref": "Q007383.1.9",
                  "inst": "kur[mountain(s)]N",
                  "sig": "@ribo/babylon0%sux:kur-kur-ra=kur[mountain//mountain(s)]N'N$kur,ak/kur-kur+-ra=r.a#~,ak",
                  "f": {
                    "lang": "sux",
                    "form": "kur-kur-ra",
                    "gdl": [
                      {
                        "v": "kur",
                        "gdl_utf8": "𒆳",
                        "id": "Q007383.1.9.0",
                        "delim": "-"
                      },
                      {
                        "v": "kur",
                        "gdl_utf8": "𒆳",
                        "id": "Q007383.1.9.1",
                        "delim": "-"
                      },
                      {
                        "v": "ra",
                        "gdl_utf8": "𒊏",
                        "id": "Q007383.1.9.2"
                      }
                    ],
                    "cf": "kur",
                    "gw": "mountain",
                    "sense": "mountain(s)",
                    "norm0": "kur,ak",
                    "pos": "N",
                    "epos": "N",
                    "base": "kur-kur",
                    "cont": "-ra=r.a",
                    "morph": "~,ak"
                  }
                },
                {
                  "node": "d",
                  "type": "line-start",
                  "ref": "Q007383.2",
                  "n": "2",
                  "label": "2"
                },
                {
                  "node": "c",
                  "type": "phrase",
                  "tag": "phr",
                  "id": "Q007383.U4",
                  "ref": "Q007383.ls00000",
                  "cdl": [
                    {
                      "node": "l",
                      "frag": "pa",
                      "id": "Q007383.l0365d",
                      "ref": "Q007383.2.1",
                      "inst": "pa[branch]N",
                      "sig": "@ribo/babylon0%sux:pa=pa[branch//branch]N'N$pa/pa#~",
                      "f": {
                        "lang": "sux",
                        "form": "pa",
                        "delim": "",
                        "gdl": [
                          {
                            "v": "pa",
                            "gdl_utf8": "𒉺",
                            "id": "Q007383.2.1.0"
                          }
                        ],
                        "cf": "pa",
                        "gw": "branch",
                        "sense": "branch",
                        "norm0": "pa",
                        "pos": "N",
                        "epos": "N",
                        "base": "pa",
                        "morph": "~"
                      }
                    },
                    {
                      "node": "l",
                      "frag": "e₃",
                      "id": "Q007383.l0365e",
                      "ref": "Q007383.2.2",
                      "inst": "e[leave]V/i",
                      "sig": "@ribo/babylon0%sux:e₃=e[leave//to leave, go out]V/i'V/i$e/e₃#~",
                      "f": {
                        "lang": "sux",
                        "form": "e₃",
                        "delim": "",
                        "gdl": [
                          {
                            "v": "e₃",
                            "gdl_utf8": "𒌓𒁺",
                            "id": "Q007383.2.2.0"
                          }
                        ],
                        "cf": "e",
                        "gw": "leave",
                        "sense": "to leave, go out",
                        "norm0": "e",
                        "pos": "V/i",
                        "epos": "V/i",
                        "base": "e₃",
                        "morph": "~"
                      }
                    }
                  ]
                },
                {
                  "node": "l",
                  "frag": "ba-AK-e",
                  "id": "Q007383.l0365f",
                  "ref": "Q007383.2.3",
                  "inst": "ak[do//to do]V/t'V/t",
                  "sig": "@ribo/babylon0%sux:ba-AK-e=ak[do//to do]V/t'V/t$ba:ak;e/AK#ba:~;e",
                  "f": {
                    "lang": "sux",
                    "form": "ba-AK-e",
                    "delim": "",
                    "gdl": [
                      {
                        "v": "ba",
                        "gdl_utf8": "𒁀",
                        "id": "Q007383.2.3.0",
                        "delim": "-"
                      },
                      {
                        "s": "AK",
                        "gdl_utf8": "𒀝",
                        "id": "Q007383.2.3.1",
                        "delim": "-"
                      },
                      {
                        "v": "e",
                        "gdl_utf8": "𒂊",
                        "id": "Q007383.2.3.2"
                      }
                    ],
                    "cf": "ak",
                    "gw": "do",
                    "sense": "to do",
                    "norm0": "ba:ak;e",
                    "pos": "V/t",
                    "epos": "V/t",
                    "base": "AK",
                    "morph": "ba:~;e"
                  }
                },
                {
                  "node": "l",
                  "frag": "ki-en-gi",
                  "id": "Q007383.l03660",
                  "ref": "Q007383.2.4",
                  "inst": "Kiʾengir[Sumer]GN",
                  "sig": "@ribo/babylon0%sux:ki-en-gi=Kiʾengir[Sumer//Sumer]GN'GN$Kiʾengir/ki-en-gi#~",
                  "f": {
                    "lang": "sux",
                    "form": "ki-en-gi",
                    "delim": "",
                    "gdl": [
                      {
                        "v": "ki",
                        "gdl_utf8": "𒆠",
                        "id": "Q007383.2.4.0",
                        "delim": "-"
                      },
                      {
                        "v": "en",
                        "gdl_utf8": "𒂗",
                        "id": "Q007383.2.4.1",
                        "delim": "-"
                      },
                      {
                        "v": "gi",
                        "gdl_utf8": "𒄀",
                        "id": "Q007383.2.4.2"
                      }
                    ],
                    "cf": "Kiʾengir",
                    "gw": "Sumer",
                    "sense": "Sumer",
                    "norm0": "Kiʾengir",
                    "pos": "GN",
                    "epos": "GN",
                    "base": "ki-en-gi",
                    "morph": "~"
                  }
                },
                {
                  "node": "l",
                  "frag": "ki-uri",
                  "id": "Q007383.l03661",
                  "ref": "Q007383.2.5",
                  "inst": "Uri[Akkad]GN",
                  "sig": "@ribo/babylon0%sux:ki-uri=Uri[Akkad//Akkad]GN'GN$Uri/ki-uri#~",
                  "f": {
                    "lang": "sux",
                    "form": "ki-uri",
                    "delim": "",
                    "gdl": [
                      {
                        "v": "ki",
                        "gdl_utf8": "𒆠",
                        "id": "Q007383.2.5.0",
                        "delim": "-"
                      },
                      {
                        "v": "uri",
                        "gdl_utf8": "𒌵",
                        "id": "Q007383.2.5.1"
                      }
                    ],
                    "cf": "Uri",
                    "gw": "Akkad",
                    "sense": "Akkad",
                    "norm0": "Uri",
                    "pos": "GN",
                    "epos": "GN",
                    "base": "ki-uri",
                    "morph": "~"
                  }
                },
                {
                  "node": "l",
                  "frag": "kalam",
                  "id": "Q007383.l03662",
                  "ref": "Q007383.2.6",
                  "inst": "kalam[the Land (of Sumer)]N",
                  "sig": "@ribo/babylon0%sux:kalam=kalam[land//the Land (of Sumer)]N'N$kalam/kalam#~",
                  "f": {
                    "lang": "sux",
                    "form": "kalam",
                    "delim": "",
                    "gdl": [
                      {
                        "v": "kalam",
                        "gdl_utf8": "𒌦",
                        "id": "Q007383.2.6.0"
                      }
                    ],
                    "cf": "kalam",
                    "gw": "land",
                    "sense": "the Land (of Sumer)",
                    "norm0": "kalam",
                    "pos": "N",
                    "epos": "N",
                    "base": "kalam",
                    "morph": "~"
                  }
                },
                {
                  "node": "l",
                  "frag": "gana₂-bi",
                  "id": "Q007383.l03663",
                  "ref": "Q007383.2.7",
                  "inst": "gana[field]N",
                  "sig": "@ribo/babylon0%sux:gana₂-bi=gana[field//field]N'N$gana,bi/gana₂#~,bi",
                  "f": {
                    "lang": "sux",
                    "form": "gana₂-bi",
                    "delim": "",
                    "gdl": [
                      {
                        "v": "gana₂",
                        "gdl_utf8": "𒃷",
                        "id": "Q007383.2.7.0",
                        "delim": "-"
                      },
                      {
                        "v": "bi",
                        "gdl_utf8": "𒁉",
                        "id": "Q007383.2.7.1"
                      }
                    ],
                    "cf": "gana",
                    "gw": "field",
                    "sense": "field",
                    "norm0": "gana,bi",
                    "pos": "N",
                    "epos": "N",
                    "base": "gana₂",
                    "morph": "~,bi"
                  }
                },
                {
                  "node": "c",
                  "type": "phrase",
                  "tag": "phr",
                  "id": "Q007383.U5",
                  "ref": "Q007383.ls00001",
                  "cdl": [
                    {
                      "node": "l",
                      "frag": "si",
                      "id": "Q007383.l03664",
                      "ref": "Q007383.2.8",
                      "inst": "si[horn]N",
                      "sig": "@ribo/babylon0%sux:si=si[horn//horn]N'N$si/si#~",
                      "f": {
                        "lang": "sux",
                        "form": "si",
                        "delim": "",
                        "gdl": [
                          {
                            "v": "si",
                            "gdl_utf8": "𒋛",
                            "id": "Q007383.2.8.0"
                          }
                        ],
                        "cf": "si",
                        "gw": "horn",
                        "sense": "horn",
                        "norm0": "si",
                        "pos": "N",
                        "epos": "N",
                        "base": "si",
                        "morph": "~"
                      }
                    },
                    {
                      "node": "l",
                      "frag": "bi₂-in-sa₂-sa₂",
                      "id": "Q007383.l03665",
                      "ref": "Q007383.2.9",
                      "inst": "sa[to equal, compare, compete, be equal to, rival]V/t",
                      "sig": "@ribo/babylon0%sux:bi₂-in-sa₂-sa₂=sa[equal//to equal, compare, compete, be equal to, rival]V/t'V/t$ba.i.n:sa/sa₂-sa₂#ba.i.n:~",
                      "f": {
                        "lang": "sux",
                        "form": "bi₂-in-sa₂-sa₂",
                        "gdl": [
                          {
                            "v": "bi₂",
                            "gdl_utf8": "𒉈",
                            "id": "Q007383.2.9.0",
                            "delim": "-"
                          },
                          {
                            "v": "in",
                            "gdl_utf8": "𒅔",
                            "id": "Q007383.2.9.1",
                            "delim": "-"
                          },
                          {
                            "v": "sa₂",
                            "gdl_utf8": "𒁲",
                            "id": "Q007383.2.9.2",
                            "delim": "-"
                          },
                          {
                            "v": "sa₂",
                            "gdl_utf8": "𒁲",
                            "id": "Q007383.2.9.3"
                          }
                        ],
                        "cf": "sa",
                        "gw": "equal",
                        "sense": "to equal, compare, compete, be equal to, rival",
                        "norm0": "ba.i.n:sa",
                        "pos": "V/t",
                        "epos": "V/t",
                        "base": "sa₂-sa₂",
                        "morph": "ba.i.n:~"
                      }
                    }
                  ]
                }
              ]
            }
          ]
        }
      ]
    },
    {
      "linkbase": [
        {
          "type": "linkset",
          "xlink_title": "pa e[appear//to cause to appear]V/t'V/t",
          "id": "Q007383.ls00000",
          "xlink_type": "extended",
          "xlink_role": "psu",
          "sig": "{pa e₃ = pa[branch]N e[leave]V/i += pa e[appear//to cause to appear]V/t'V/t}::@ribo/babylon0%sux:pa=pa[branch//branch]N'N$pa/pa#~++@ribo/babylon0%sux:e₃=e[leave//to leave, go out]V/i'V/i$e/e₃#~",
          "links": [
            {
              "type": "link",
              "xlink_title": "pa",
              "xlink_type": "locator",
              "xlink_href": "#Q007383.l0365d",
              "xlink_role": "elt"
            },
            {
              "type": "link",
              "xlink_title": "e",
              "xlink_type": "locator",
              "xlink_href": "#Q007383.l0365e",
              "xlink_role": "elt"
            }
          ]
        },
        {
          "type": "linkset",
          "xlink_title": "si sa[straighten//to make straight]V/t'V/t",
          "id": "Q007383.ls00001",
          "xlink_type": "extended",
          "xlink_role": "psu",
          "sig": "{si bi₂-in-sa₂-sa₂ = si[horn]N sa[equal]V/t += si sa[straighten//to make straight]V/t'V/t}::@ribo/babylon0%sux:si=si[horn//horn]N'N$si/si#~++@ribo/babylon0%sux:bi₂-in-sa₂-sa₂=sa[equal//to equal, compare, compete, be equal to, rival]V/t'V/t$ba.i.n:sa/sa₂-sa₂#ba.i.n:~",
          "links": [
            {
              "type": "link",
              "xlink_title": "si",
              "xlink_type": "locator",
              "xlink_href": "#Q007383.l03664",
              "xlink_role": "elt"
            },
            {
              "type": "link",
              "xlink_title": "sa",
              "xlink_type": "locator",
              "xlink_href": "#Q007383.l03665",
              "xlink_role": "elt"
            }
          ]
        }
      ]
    }
  ]
}
