{
  "type": "cdl",
  "project": "ribo/babylon0",
  "source": "http://oracc.org/ribo/babylon0",
  "license": "This data is released under the CC0 license",
  "license-url": "https://creativecommons.org/publicdomain/zero/1.0/",
  "more-info": "http://oracc.org/doc/opendata/",
  "UTC-timestamp": "2019-01-12T08:23:12",
  "textid": "Q007365",
  "cdl": [
    {
      "node": "c",
      "type": "text",
      "id": "Q007365.U0",
      "cdl": [
        {
          "node": "d",
          "type": "object",
          "ref": ""
        },
        {
          "node": "d",
          "type": "surface",
          "ref": ""
        },
        {
          "node": "c",
          "type": "discourse",
          "subtype": "body",
          "id": "Q007365.U1",
          "cdl": [
            {
              "node": "c",
              "type": "sentence",
              "implicit": "yes",
              "id": "Q007365.U2",
              "label": "1",
              "cdl": [
                {
                  "node": "d",
                  "type": "line-start",
                  "ref": "Q007365.1",
                  "n": "1",
                  "label": "1"
                },
                {
                  "node": "l",
                  "frag": "mu",
                  "id": "Q007365.l02c3b",
                  "ref": "Q007365.1.1",
                  "inst": "mu[year]N",
                  "sig": "@ribo/babylon0%sux:mu=mu[year//year]N'N$mu/mu#~",
                  "f": {
                    "lang": "sux",
                    "form": "mu",
                    "delim": "",
                    "gdl": [
                      {
                        "v": "mu",
                        "gdl_utf8": "𒈬",
                        "id": "Q007365.1.1.0"
                      }
                    ],
                    "cf": "mu",
                    "gw": "year",
                    "sense": "year",
                    "norm0": "mu",
                    "pos": "N",
                    "epos": "N",
                    "base": "mu",
                    "morph": "~"
                  }
                },
                {
                  "node": "l",
                  "frag": "šu-nir",
                  "id": "Q007365.l02c3c",
                  "ref": "Q007365.1.2",
                  "inst": "šunir[emblem]N",
                  "sig": "@ribo/babylon0%sux:šu-nir=šunir[emblem//emblem]N'N$šunir/šu-nir#~",
                  "f": {
                    "lang": "sux",
                    "form": "šu-nir",
                    "delim": "",
                    "gdl": [
                      {
                        "v": "šu",
                        "gdl_utf8": "𒋗",
                        "id": "Q007365.1.2.0",
                        "delim": "-"
                      },
                      {
                        "v": "nir",
                        "gdl_utf8": "𒉪",
                        "id": "Q007365.1.2.1"
                      }
                    ],
                    "cf": "šunir",
                    "gw": "emblem",
                    "sense": "emblem",
                    "norm0": "šunir",
                    "pos": "N",
                    "epos": "N",
                    "base": "šu-nir",
                    "morph": "~"
                  }
                },
                {
                  "node": "l",
                  "frag": "mah",
                  "id": "Q007365.l02c3d",
                  "ref": "Q007365.1.3",
                  "inst": "mah[(to be) great]V/i",
                  "sig": "@ribo/babylon0%sux:mah=mah[great//(to be) great]V/i'V/i$mah/mah#~",
                  "f": {
                    "lang": "sux",
                    "form": "mah",
                    "delim": "",
                    "gdl": [
                      {
                        "v": "mah",
                        "gdl_utf8": "𒈤",
                        "id": "Q007365.1.3.0"
                      }
                    ],
                    "cf": "mah",
                    "gw": "great",
                    "sense": "(to be) great",
                    "norm0": "mah",
                    "pos": "V/i",
                    "epos": "V/i",
                    "base": "mah",
                    "morph": "~"
                  }
                },
                {
                  "node": "l",
                  "frag": "ku₃-si₂₂",
                  "id": "Q007365.l02c3e",
                  "ref": "Q007365.1.4",
                  "inst": "kugsig[gold]N",
                  "sig": "@ribo/babylon0%sux:ku₃-si₂₂=kugsig[gold//gold]N'N$kugsig/ku₃-si₂₂#~",
                  "f": {
                    "lang": "sux",
                    "form": "ku₃-si₂₂",
                    "delim": "",
                    "gdl": [
                      {
                        "v": "ku₃",
                        "gdl_utf8": "𒆬",
                        "id": "Q007365.1.4.0",
                        "delim": "-"
                      },
                      {
                        "v": "si₂₂",
                        "gdl_utf8": "𒄀",
                        "id": "Q007365.1.4.1"
                      }
                    ],
                    "cf": "kugsig",
                    "gw": "gold",
                    "sense": "gold",
                    "norm0": "kugsig",
                    "pos": "N",
                    "epos": "N",
                    "base": "ku₃-si₂₂",
                    "morph": "~"
                  }
                },
                {
                  "node": "l",
                  "frag": "palil",
                  "id": "Q007365.l02c3f",
                  "ref": "Q007365.1.5",
                  "inst": "palil[foremost//first and foremost, pre-eminent]AJ'AJ/palil#~",
                  "sig": "@ribo/babylon0%sux:palil=palil[foremost//first and foremost, pre-eminent]AJ'AJ$palil/palil#~",
                  "f": {
                    "lang": "sux",
                    "form": "palil",
                    "delim": "",
                    "gdl": [
                      {
                        "v": "palil",
                        "gdl_utf8": "𒅆𒁺",
                        "id": "Q007365.1.5.0"
                      }
                    ],
                    "cf": "palil",
                    "gw": "foremost",
                    "sense": "first and foremost, pre-eminent",
                    "norm0": "palil",
                    "pos": "AJ",
                    "epos": "AJ",
                    "base": "palil",
                    "morph": "~"
                  }
                },
                {
                  "node": "l",
                  "frag": "erin₂-na-ke₄",
                  "id": "Q007365.l02c40",
                  "ref": "Q007365.1.6",
                  "inst": "erin[people//troops]N'N/erin₂+-na=n.a#~,ak.e",
                  "sig": "@ribo/babylon0%sux:erin₂-na-ke₄=erin[people//troops]N'N$erin,ak.e/erin₂+-na=n.a#~,ak.e",
                  "f": {
                    "lang": "sux",
                    "form": "erin₂-na-ke₄",
                    "delim": "",
                    "gdl": [
                      {
                        "v": "erin₂",
                        "gdl_utf8": "𒂟",
                        "id": "Q007365.1.6.0",
                        "delim": "-"
                      },
                      {
                        "v": "na",
                        "gdl_utf8": "𒈾",
                        "id": "Q007365.1.6.1",
                        "delim": "-"
                      },
                      {
                        "v": "ke₄",
                        "gdl_utf8": "𒆤",
                        "id": "Q007365.1.6.2"
                      }
                    ],
                    "cf": "erin",
                    "gw": "people",
                    "sense": "troops",
                    "norm0": "erin,ak.e",
                    "pos": "N",
                    "epos": "N",
                    "base": "erin₂",
                    "cont": "-na=n.a",
                    "morph": "~,ak.e"
                  }
                },
                {
                  "node": "l",
                  "frag": "diŋir",
                  "id": "Q007365.l02c41",
                  "ref": "Q007365.1.7",
                  "inst": "diŋir[deity, god, goddess]N",
                  "sig": "@ribo/babylon0%sux:diŋir=diŋir[deity//deity, god, goddess]N'N$diŋir/diŋir#~",
                  "f": {
                    "lang": "sux",
                    "form": "diŋir",
                    "delim": "",
                    "gdl": [
                      {
                        "v": "diŋir",
                        "gdl_utf8": "𒀭",
                        "id": "Q007365.1.7.0"
                      }
                    ],
                    "cf": "diŋir",
                    "gw": "deity",
                    "sense": "deity, god, goddess",
                    "norm0": "diŋir",
                    "pos": "N",
                    "epos": "N",
                    "base": "diŋir",
                    "morph": "~"
                  }
                },
                {
                  "node": "l",
                  "frag": "gal-gal-e-ne-še₃",
                  "id": "Q007365.l02c42",
                  "ref": "Q007365.1.8",
                  "inst": "gal[big//(to be) big, great]V/i'V/i/gal-gal#~;e.ene.*a,eše",
                  "sig": "@ribo/babylon0%sux:gal-gal-e-ne-še₃=gal[big//(to be) big, great]V/i'V/i$gal;e.ene.*a,eše/gal-gal#~;e.ene.*a,eše",
                  "f": {
                    "lang": "sux",
                    "form": "gal-gal-e-ne-še₃",
                    "delim": "",
                    "gdl": [
                      {
                        "v": "gal",
                        "gdl_utf8": "𒃲",
                        "id": "Q007365.1.8.0",
                        "delim": "-"
                      },
                      {
                        "v": "gal",
                        "gdl_utf8": "𒃲",
                        "id": "Q007365.1.8.1",
                        "delim": "-"
                      },
                      {
                        "v": "e",
                        "gdl_utf8": "𒂊",
                        "id": "Q007365.1.8.2",
                        "delim": "-"
                      },
                      {
                        "v": "ne",
                        "gdl_utf8": "𒉈",
                        "id": "Q007365.1.8.3",
                        "delim": "-"
                      },
                      {
                        "v": "še₃",
                        "gdl_utf8": "𒂠",
                        "id": "Q007365.1.8.4"
                      }
                    ],
                    "cf": "gal",
                    "gw": "big",
                    "sense": "(to be) big, great",
                    "norm0": "gal;e.ene.*a,eše",
                    "pos": "V/i",
                    "epos": "V/i",
                    "base": "gal-gal",
                    "morph": "~;e.ene.*a,eše"
                  }
                },
                {
                  "node": "l",
                  "frag": "a₂-tah-a-ni-ra",
                  "id": "Q007365.l02c43",
                  "ref": "Q007365.1.9",
                  "inst": "atah[helper]N'N/a₂-tah#~,ani.ra",
                  "sig": "@ribo/babylon0%sux:a₂-tah-a-ni-ra=atah[helper//helper]N'N$atah,ani.ra/a₂-tah#~,ani.ra",
                  "f": {
                    "lang": "sux",
                    "form": "a₂-tah-a-ni-ra",
                    "delim": "",
                    "gdl": [
                      {
                        "v": "a₂",
                        "gdl_utf8": "𒀉",
                        "id": "Q007365.1.9.0",
                        "delim": "-"
                      },
                      {
                        "v": "tah",
                        "gdl_utf8": "𒈭",
                        "id": "Q007365.1.9.1",
                        "delim": "-"
                      },
                      {
                        "v": "a",
                        "gdl_utf8": "𒀀",
                        "id": "Q007365.1.9.2",
                        "delim": "-"
                      },
                      {
                        "v": "ni",
                        "gdl_utf8": "𒉌",
                        "id": "Q007365.1.9.3",
                        "delim": "-"
                      },
                      {
                        "v": "ra",
                        "gdl_utf8": "𒊏",
                        "id": "Q007365.1.9.4"
                      }
                    ],
                    "cf": "atah",
                    "gw": "helper",
                    "sense": "helper",
                    "norm0": "atah,ani.ra",
                    "pos": "N",
                    "epos": "N",
                    "base": "a₂-tah",
                    "morph": "~,ani.ra"
                  }
                },
                {
                  "node": "l",
                  "frag": "(diŋir",
                  "id": "Q007365.l02c44",
                  "ref": "Q007365.1.10",
                  "inst": "diŋir[deity, god, goddess]N",
                  "sig": "@ribo/babylon0%sux:diŋir=diŋir[deity//deity, god, goddess]N'N$diŋir/diŋir#~",
                  "f": {
                    "lang": "sux",
                    "form": "diŋir",
                    "delim": "",
                    "gdl": [
                      {
                        "v": "diŋir",
                        "gdl_utf8": "𒀭",
                        "id": "Q007365.1.10.0",
                        "statusStart": "1",
                        "o": "("
                      }
                    ],
                    "cf": "diŋir",
                    "gw": "deity",
                    "sense": "deity, god, goddess",
                    "norm0": "diŋir",
                    "pos": "N",
                    "epos": "N",
                    "base": "diŋir",
                    "morph": "~"
                  }
                },
                {
                  "node": "l",
                  "frag": "gal-gal",
                  "id": "Q007365.l02c45",
                  "ref": "Q007365.1.11",
                  "inst": "gal[big//(to be) big, great]V/i'V/i/gal-gal#~",
                  "sig": "@ribo/babylon0%sux:gal-gal=gal[big//(to be) big, great]V/i'V/i$gal/gal-gal#~",
                  "f": {
                    "lang": "sux",
                    "form": "gal-gal",
                    "delim": "",
                    "gdl": [
                      {
                        "v": "gal",
                        "gdl_utf8": "𒃲",
                        "id": "Q007365.1.11.0",
                        "delim": "-"
                      },
                      {
                        "v": "gal",
                        "gdl_utf8": "𒃲",
                        "id": "Q007365.1.11.1"
                      }
                    ],
                    "cf": "gal",
                    "gw": "big",
                    "sense": "(to be) big, great",
                    "norm0": "gal",
                    "pos": "V/i",
                    "epos": "V/i",
                    "base": "gal-gal",
                    "morph": "~"
                  }
                },
                {
                  "node": "l",
                  "frag": "a₂-tah-ne-ne-ra)",
                  "id": "Q007365.l02c46",
                  "ref": "Q007365.1.12",
                  "inst": "atah[helper]N'N/a₂-tah#~,anene.ra",
                  "sig": "@ribo/babylon0%sux:a₂-tah-ne-ne-ra=atah[helper//helper]N'N$atah,anene.ra/a₂-tah#~,anene.ra",
                  "f": {
                    "lang": "sux",
                    "form": "a₂-tah-ne-ne-ra",
                    "delim": "",
                    "gdl": [
                      {
                        "v": "a₂",
                        "gdl_utf8": "𒀉",
                        "id": "Q007365.1.12.0",
                        "delim": "-"
                      },
                      {
                        "v": "tah",
                        "gdl_utf8": "𒈭",
                        "id": "Q007365.1.12.1",
                        "delim": "-"
                      },
                      {
                        "v": "ne",
                        "gdl_utf8": "𒉈",
                        "id": "Q007365.1.12.2",
                        "delim": "-"
                      },
                      {
                        "v": "ne",
                        "gdl_utf8": "𒉈",
                        "id": "Q007365.1.12.3",
                        "delim": "-"
                      },
                      {
                        "v": "ra",
                        "gdl_utf8": "𒊏",
                        "id": "Q007365.1.12.4",
                        "o": ")",
                        "statusStart": "Q007365.1.10.0"
                      }
                    ],
                    "cf": "atah",
                    "gw": "helper",
                    "sense": "helper",
                    "norm0": "atah,anene.ra",
                    "pos": "N",
                    "epos": "N",
                    "base": "a₂-tah",
                    "morph": "~,anene.ra"
                  }
                },
                {
                  "node": "l",
                  "frag": "mu-un-ne-dim₂",
                  "id": "Q007365.l02c47",
                  "ref": "Q007365.1.13",
                  "inst": "dim[create//to create, make, manufacture]V/t'V/t/dim₂#mu.ne:~",
                  "sig": "@ribo/babylon0%sux:mu-un-ne-dim₂=dim[create//to create, make, manufacture]V/t'V/t$mu.ne:dim/dim₂#mu.ne:~",
                  "f": {
                    "lang": "sux",
                    "form": "mu-un-ne-dim₂",
                    "gdl": [
                      {
                        "v": "mu",
                        "gdl_utf8": "𒈬",
                        "id": "Q007365.1.13.0",
                        "delim": "-"
                      },
                      {
                        "v": "un",
                        "gdl_utf8": "𒌦",
                        "id": "Q007365.1.13.1",
                        "delim": "-"
                      },
                      {
                        "v": "ne",
                        "gdl_utf8": "𒉈",
                        "id": "Q007365.1.13.2",
                        "delim": "-"
                      },
                      {
                        "v": "dim₂",
                        "gdl_utf8": "𒁶",
                        "id": "Q007365.1.13.3"
                      }
                    ],
                    "cf": "dim",
                    "gw": "create",
                    "sense": "to create, make, manufacture",
                    "norm0": "mu.ne:dim",
                    "pos": "V/t",
                    "epos": "V/t",
                    "base": "dim₂",
                    "morph": "mu.ne:~"
                  }
                }
              ]
            }
          ]
        }
      ]
    }
  ]
}
