{
  "type": "cdl",
  "project": "ribo/babylon0",
  "source": "http://oracc.org/ribo/babylon0",
  "license": "This data is released under the CC0 license",
  "license-url": "https://creativecommons.org/publicdomain/zero/1.0/",
  "more-info": "http://oracc.org/doc/opendata/",
  "UTC-timestamp": "2019-01-12T08:23:18",
  "textid": "Q007413",
  "cdl": [
    {
      "node": "c",
      "type": "text",
      "id": "Q007413.U0",
      "cdl": [
        {
          "node": "d",
          "type": "object",
          "ref": ""
        },
        {
          "node": "d",
          "type": "surface",
          "ref": ""
        },
        {
          "node": "c",
          "type": "discourse",
          "subtype": "body",
          "id": "Q007413.U1",
          "cdl": [
            {
              "node": "c",
              "type": "sentence",
              "implicit": "yes",
              "id": "Q007413.U2",
              "label": "1 - 3",
              "cdl": [
                {
                  "node": "d",
                  "type": "line-start",
                  "ref": "Q007413.1",
                  "n": "1",
                  "label": "1"
                },
                {
                  "node": "l",
                  "frag": "mu",
                  "id": "Q007413.l038b2",
                  "ref": "Q007413.1.1",
                  "inst": "mu[year]N",
                  "sig": "@ribo/babylon0%sux:mu=mu[year//year]N'N$mu/mu#~",
                  "f": {
                    "lang": "sux",
                    "form": "mu",
                    "delim": "",
                    "gdl": [
                      {
                        "v": "mu",
                        "gdl_utf8": "𒈬",
                        "id": "Q007413.1.1.0"
                      }
                    ],
                    "cf": "mu",
                    "gw": "year",
                    "sense": "year",
                    "norm0": "mu",
                    "pos": "N",
                    "epos": "N",
                    "base": "mu",
                    "morph": "~"
                  }
                },
                {
                  "node": "l",
                  "frag": "alan-a-ni",
                  "id": "Q007413.l038b3",
                  "ref": "Q007413.1.2",
                  "inst": "alan[statue]N",
                  "sig": "@ribo/babylon0%sux:alan-a-ni=alan[statue//statue]N'N$alan,ani/alan#~,ani",
                  "f": {
                    "lang": "sux",
                    "form": "alan-a-ni",
                    "delim": "",
                    "gdl": [
                      {
                        "v": "alan",
                        "gdl_utf8": "𒀩",
                        "id": "Q007413.1.2.0",
                        "delim": "-"
                      },
                      {
                        "v": "a",
                        "gdl_utf8": "𒀀",
                        "id": "Q007413.1.2.1",
                        "delim": "-"
                      },
                      {
                        "v": "ni",
                        "gdl_utf8": "𒉌",
                        "id": "Q007413.1.2.2"
                      }
                    ],
                    "cf": "alan",
                    "gw": "statue",
                    "sense": "statue",
                    "norm0": "alan,ani",
                    "pos": "N",
                    "epos": "N",
                    "base": "alan",
                    "morph": "~,ani"
                  }
                },
                {
                  "node": "l",
                  "frag": "{na₄}ŋeš-nu₁₁-gal",
                  "id": "Q007413.l038b4",
                  "ref": "Q007413.1.3",
                  "inst": "ŋešnugal[alabaster]N",
                  "sig": "@ribo/babylon0%sux:{na₄}ŋeš-nu₁₁-gal=ŋešnugal[alabaster//alabaster]N'N$ŋešnugal/{na₄}ŋeš-nu₁₁-gal#~",
                  "f": {
                    "lang": "sux",
                    "form": "{na₄}ŋeš-nu₁₁-gal",
                    "delim": "",
                    "gdl": [
                      {
                        "det": "semantic",
                        "pos": "pre",
                        "seq": [
                          {
                            "v": "na₄",
                            "gdl_utf8": "𒉌𒌓",
                            "id": "Q007413.1.3.0"
                          }
                        ]
                      },
                      {
                        "v": "ŋeš",
                        "gdl_utf8": "𒄑",
                        "id": "Q007413.1.3.1",
                        "delim": "-"
                      },
                      {
                        "v": "nu₁₁",
                        "gdl_utf8": "𒉢",
                        "id": "Q007413.1.3.2",
                        "delim": "-"
                      },
                      {
                        "v": "gal",
                        "gdl_utf8": "𒃲",
                        "id": "Q007413.1.3.3"
                      }
                    ],
                    "cf": "ŋešnugal",
                    "gw": "alabaster",
                    "sense": "alabaster",
                    "norm0": "ŋešnugal",
                    "pos": "N",
                    "epos": "N",
                    "base": "{na₄}ŋeš-nu₁₁-gal",
                    "morph": "~"
                  }
                },
                {
                  "node": "l",
                  "frag": "{(na₄}du₈-ši-a)",
                  "id": "Q007413.l038b5",
                  "ref": "Q007413.1.4",
                  "inst": "dušia[a stone, turquoise?, quartz?]N",
                  "sig": "@ribo/babylon0%sux:{na₄}du₈-ši-a=dušia[stone//a stone, turquoise?, quartz?]N'N$dušia/{na₄}du₈-ši-a#~",
                  "f": {
                    "lang": "sux",
                    "form": "{na₄}du₈-ši-a",
                    "delim": "",
                    "gdl": [
                      {
                        "det": "semantic",
                        "pos": "pre",
                        "seq": [
                          {
                            "v": "na₄",
                            "gdl_utf8": "𒉌𒌓",
                            "id": "Q007413.1.4.0",
                            "statusStart": "1",
                            "o": "("
                          }
                        ]
                      },
                      {
                        "v": "du₈",
                        "gdl_utf8": "𒃮",
                        "id": "Q007413.1.4.1",
                        "queried": "1",
                        "delim": "-"
                      },
                      {
                        "v": "ši",
                        "gdl_utf8": "𒅆",
                        "id": "Q007413.1.4.2",
                        "queried": "1",
                        "delim": "-"
                      },
                      {
                        "v": "a",
                        "gdl_utf8": "𒀀",
                        "id": "Q007413.1.4.3",
                        "o": ")",
                        "statusStart": "Q007413.1.4.0"
                      }
                    ],
                    "cf": "dušia",
                    "gw": "stone",
                    "sense": "a stone, turquoise?, quartz?",
                    "norm0": "dušia",
                    "pos": "N",
                    "epos": "N",
                    "base": "{na₄}du₈-ši-a",
                    "morph": "~"
                  }
                },
                {
                  "node": "l",
                  "frag": "e₂-tur₃-kalam-[ma",
                  "id": "Q007413.l038b6",
                  "ref": "Q007413.1.5",
                  "inst": "Eturkalama[1]TN",
                  "sig": "@ribo/babylon0%sux:e₂-tur₃-kalam-ma=Eturkalama[1//1]TN'TN$Eturkalama/e₂-tur₃-kalam-ma#~",
                  "f": {
                    "lang": "sux",
                    "form": "e₂-tur₃-kalam-ma",
                    "delim": "",
                    "gdl": [
                      {
                        "v": "e₂",
                        "gdl_utf8": "𒂍",
                        "id": "Q007413.1.5.0",
                        "delim": "-"
                      },
                      {
                        "v": "tur₃",
                        "gdl_utf8": "𒉣𒇬",
                        "id": "Q007413.1.5.1",
                        "delim": "-"
                      },
                      {
                        "v": "kalam",
                        "gdl_utf8": "𒌦",
                        "id": "Q007413.1.5.2",
                        "delim": "-"
                      },
                      {
                        "v": "ma",
                        "gdl_utf8": "𒈠",
                        "id": "Q007413.1.5.3",
                        "breakStart": "1",
                        "o": "[",
                        "break": "missing"
                      }
                    ],
                    "cf": "Eturkalama",
                    "gw": "1",
                    "sense": "1",
                    "norm0": "Eturkalama",
                    "pos": "TN",
                    "epos": "TN",
                    "base": "e₂-tur₃-kalam-ma",
                    "morph": "~"
                  }
                },
                {
                  "node": "l",
                  "frag": "...]",
                  "id": "Q007413.l038b7",
                  "ref": "Q007413.1.6",
                  "inst": "x",
                  "f": {
                    "lang": "sux",
                    "form": "x",
                    "delim": "",
                    "gdl": [
                      {
                        "x": "ellipsis",
                        "id": "Q007413.1.6.0",
                        "break": "missing",
                        "o": "]",
                        "breakEnd": "Q007413.1.5.3"
                      }
                    ]
                  }
                },
                {
                  "node": "c",
                  "type": "phrase",
                  "tag": "phr",
                  "id": "Q007413.U4",
                  "ref": "Q007413.ls00000",
                  "cdl": [
                    {
                      "node": "l",
                      "frag": "saŋ",
                      "id": "Q007413.l038b8",
                      "ref": "Q007413.1.7",
                      "inst": "saŋ[head]N",
                      "sig": "@ribo/babylon0%sux:saŋ=saŋ[head//head]N'N$saŋ/saŋ#~",
                      "f": {
                        "lang": "sux",
                        "form": "saŋ",
                        "delim": "",
                        "gdl": [
                          {
                            "v": "saŋ",
                            "gdl_utf8": "𒊕",
                            "id": "Q007413.1.7.0"
                          }
                        ],
                        "cf": "saŋ",
                        "gw": "head",
                        "sense": "head",
                        "norm0": "saŋ",
                        "pos": "N",
                        "epos": "N",
                        "base": "saŋ",
                        "morph": "~"
                      }
                    },
                    {
                      "node": "l",
                      "frag": "il₂-⸢la⸣",
                      "id": "Q007413.l038b9",
                      "ref": "Q007413.1.8",
                      "inst": "il[to raise, carry]V/t",
                      "sig": "@ribo/babylon0%sux:il₂-la=il[raise//to raise, carry]V/t'V/t$il;a/il₂+-la=l.a#~;a",
                      "f": {
                        "lang": "sux",
                        "form": "il₂-la",
                        "delim": "",
                        "gdl": [
                          {
                            "v": "il₂",
                            "gdl_utf8": "𒅍",
                            "id": "Q007413.1.8.0",
                            "delim": "-"
                          },
                          {
                            "v": "la",
                            "gdl_utf8": "𒆷",
                            "id": "Q007413.1.8.1",
                            "break": "damaged",
                            "ho": "1",
                            "hc": "1"
                          }
                        ],
                        "cf": "il",
                        "gw": "raise",
                        "sense": "to raise, carry",
                        "norm0": "il;a",
                        "pos": "V/t",
                        "epos": "V/t",
                        "base": "il₂",
                        "cont": "-la=l.a",
                        "morph": "~;a"
                      }
                    }
                  ]
                },
                {
                  "node": "l",
                  "frag": "[...]",
                  "id": "Q007413.l038ba",
                  "ref": "Q007413.1.9",
                  "inst": "x",
                  "f": {
                    "lang": "sux",
                    "form": "x",
                    "delim": "",
                    "gdl": [
                      {
                        "x": "ellipsis",
                        "id": "Q007413.1.9.0",
                        "breakStart": "1",
                        "break": "missing",
                        "o": "]",
                        "breakEnd": "Q007413.1.9.0"
                      }
                    ]
                  }
                },
                {
                  "node": "l",
                  "frag": "in-ne-in-[...]",
                  "id": "Q007413.l038bb",
                  "ref": "Q007413.1.10",
                  "inst": "x",
                  "f": {
                    "lang": "sux",
                    "form": "in-ne-in-x",
                    "gdl": [
                      {
                        "v": "in",
                        "gdl_utf8": "𒅔",
                        "id": "Q007413.1.10.0",
                        "delim": "-"
                      },
                      {
                        "v": "ne",
                        "gdl_utf8": "𒉈",
                        "id": "Q007413.1.10.1",
                        "delim": "-"
                      },
                      {
                        "v": "in",
                        "gdl_utf8": "𒅔",
                        "id": "Q007413.1.10.2",
                        "queried": "1",
                        "delim": "-"
                      },
                      {
                        "x": "ellipsis",
                        "id": "Q007413.1.10.3",
                        "breakStart": "1",
                        "break": "missing",
                        "o": "]",
                        "breakEnd": "Q007413.1.10.3"
                      }
                    ]
                  }
                },
                {
                  "node": "d",
                  "type": "nonx",
                  "ref": "Q007413.2",
                  "strict": "0",
                  "extent": "238",
                  "state": "other"
                },
                {
                  "node": "d",
                  "type": "line-start",
                  "ref": "Q007413.3",
                  "n": "2",
                  "label": "2"
                },
                {
                  "node": "l",
                  "frag": "mu",
                  "id": "Q007413.l038bc",
                  "ref": "Q007413.3.1",
                  "inst": "mu[year]N",
                  "sig": "@ribo/babylon0%sux:mu=mu[year//year]N'N$mu/mu#~",
                  "f": {
                    "lang": "sux",
                    "form": "mu",
                    "delim": "",
                    "gdl": [
                      {
                        "v": "mu",
                        "gdl_utf8": "𒈬",
                        "id": "Q007413.3.1.0"
                      }
                    ],
                    "cf": "mu",
                    "gw": "year",
                    "sense": "year",
                    "norm0": "mu",
                    "pos": "N",
                    "epos": "N",
                    "base": "mu",
                    "morph": "~"
                  }
                },
                {
                  "node": "l",
                  "frag": "us₂-sa",
                  "id": "Q007413.l038bd",
                  "ref": "Q007413.3.2",
                  "inst": "us[follow//(to be) adjacent to, border on]V/t'V/i",
                  "sig": "@ribo/babylon0%sux:us₂-sa=us[follow//(to be) adjacent to, border on]V/t'V/i$us;a/us₂+-sa=s.a#~;a",
                  "f": {
                    "lang": "sux",
                    "form": "us₂-sa",
                    "delim": "",
                    "gdl": [
                      {
                        "v": "us₂",
                        "gdl_utf8": "𒍑",
                        "id": "Q007413.3.2.0",
                        "delim": "-"
                      },
                      {
                        "v": "sa",
                        "gdl_utf8": "𒊓",
                        "id": "Q007413.3.2.1"
                      }
                    ],
                    "cf": "us",
                    "gw": "follow",
                    "sense": "(to be) adjacent to, border on",
                    "norm0": "us;a",
                    "pos": "V/t",
                    "epos": "V/i",
                    "base": "us₂",
                    "cont": "-sa=s.a",
                    "morph": "~;a"
                  }
                },
                {
                  "node": "l",
                  "frag": "egir",
                  "id": "Q007413.l038be",
                  "ref": "Q007413.3.3",
                  "inst": "egir[back, rear]N",
                  "sig": "@ribo/babylon0%sux:egir=egir[back//back, rear]N'N$egir/egir#~",
                  "f": {
                    "lang": "sux",
                    "form": "egir",
                    "delim": "",
                    "gdl": [
                      {
                        "v": "egir",
                        "gdl_utf8": "𒂕",
                        "id": "Q007413.3.3.0"
                      }
                    ],
                    "cf": "egir",
                    "gw": "back",
                    "sense": "back, rear",
                    "norm0": "egir",
                    "pos": "N",
                    "epos": "N",
                    "base": "egir",
                    "morph": "~"
                  }
                },
                {
                  "node": "l",
                  "frag": "gibil",
                  "id": "Q007413.l038bf",
                  "ref": "Q007413.3.4",
                  "inst": "gibil[(to be) new]V/i",
                  "sig": "@ribo/babylon0%sux:gibil=gibil[new//(to be) new]V/i'V/i$gibil/gibil#~",
                  "f": {
                    "lang": "sux",
                    "form": "gibil",
                    "delim": "",
                    "gdl": [
                      {
                        "v": "gibil",
                        "gdl_utf8": "𒉋",
                        "id": "Q007413.3.4.0"
                      }
                    ],
                    "cf": "gibil",
                    "gw": "new",
                    "sense": "(to be) new",
                    "norm0": "gibil",
                    "pos": "V/i",
                    "epos": "V/i",
                    "base": "gibil",
                    "morph": "~"
                  }
                },
                {
                  "node": "l",
                  "frag": "min-[kam-ma]",
                  "id": "Q007413.l038c0",
                  "ref": "Q007413.3.5",
                  "inst": "min[two]NU",
                  "sig": "@ribo/babylon0%sux:min-kam-ma=min[two//two]NU'NU$min,ak.am.ak/min#~,ak.am.ak",
                  "f": {
                    "lang": "sux",
                    "form": "min-kam-ma",
                    "gdl": [
                      {
                        "v": "min",
                        "gdl_utf8": "𒈫",
                        "id": "Q007413.3.5.0",
                        "delim": "-"
                      },
                      {
                        "v": "kam",
                        "gdl_utf8": "𒄰",
                        "id": "Q007413.3.5.1",
                        "breakStart": "1",
                        "o": "[",
                        "break": "missing",
                        "delim": "-"
                      },
                      {
                        "v": "ma",
                        "gdl_utf8": "𒈠",
                        "id": "Q007413.3.5.2",
                        "break": "missing",
                        "o": "]",
                        "breakEnd": "Q007413.3.5.1"
                      }
                    ],
                    "cf": "min",
                    "gw": "two",
                    "sense": "two",
                    "norm0": "min,ak.am.ak",
                    "pos": "NU",
                    "epos": "NU",
                    "base": "min",
                    "morph": "~,ak.am.ak"
                  }
                },
                {
                  "node": "d",
                  "type": "nonx",
                  "ref": "Q007413.4",
                  "strict": "0",
                  "extent": "022636",
                  "state": "other"
                },
                {
                  "node": "d",
                  "type": "line-start",
                  "ref": "Q007413.5",
                  "n": "3",
                  "label": "3"
                },
                {
                  "node": "l",
                  "frag": "mu",
                  "id": "Q007413.l038c1",
                  "ref": "Q007413.5.1",
                  "inst": "mu[year]N",
                  "sig": "@ribo/babylon0%sux:mu=mu[year//year]N'N$mu/mu#~",
                  "f": {
                    "lang": "sux",
                    "form": "mu",
                    "delim": "",
                    "gdl": [
                      {
                        "v": "mu",
                        "gdl_utf8": "𒈬",
                        "id": "Q007413.5.1.0"
                      }
                    ],
                    "cf": "mu",
                    "gw": "year",
                    "sense": "year",
                    "norm0": "mu",
                    "pos": "N",
                    "epos": "N",
                    "base": "mu",
                    "morph": "~"
                  }
                },
                {
                  "node": "l",
                  "frag": "gibil",
                  "id": "Q007413.l038c2",
                  "ref": "Q007413.5.2",
                  "inst": "gibil[(to be) new]V/i",
                  "sig": "@ribo/babylon0%sux:gibil=gibil[new//(to be) new]V/i'V/i$gibil/gibil#~",
                  "f": {
                    "lang": "sux",
                    "form": "gibil",
                    "delim": "",
                    "gdl": [
                      {
                        "v": "gibil",
                        "gdl_utf8": "𒉋",
                        "id": "Q007413.5.2.0"
                      }
                    ],
                    "cf": "gibil",
                    "gw": "new",
                    "sense": "(to be) new",
                    "norm0": "gibil",
                    "pos": "V/i",
                    "epos": "V/i",
                    "base": "gibil",
                    "morph": "~"
                  }
                },
                {
                  "node": "l",
                  "frag": "eš₅-kam-ma",
                  "id": "Q007413.l038c3",
                  "ref": "Q007413.5.3",
                  "inst": "eš[three]NU",
                  "sig": "@ribo/babylon0%sux:eš₅-kam-ma=eš[three//three]NU'NU$eš,ak.am.ak/eš₅#~,ak.am.ak",
                  "f": {
                    "lang": "sux",
                    "form": "eš₅-kam-ma",
                    "gdl": [
                      {
                        "v": "eš₅",
                        "gdl_utf8": "𒁹𒁹𒁹",
                        "id": "Q007413.5.3.0",
                        "delim": "-"
                      },
                      {
                        "v": "kam",
                        "gdl_utf8": "𒄰",
                        "id": "Q007413.5.3.1",
                        "delim": "-"
                      },
                      {
                        "v": "ma",
                        "gdl_utf8": "𒈠",
                        "id": "Q007413.5.3.2"
                      }
                    ],
                    "cf": "eš",
                    "gw": "three",
                    "sense": "three",
                    "norm0": "eš,ak.am.ak",
                    "pos": "NU",
                    "epos": "NU",
                    "base": "eš₅",
                    "morph": "~,ak.am.ak"
                  }
                }
              ]
            }
          ]
        }
      ]
    },
    {
      "linkbase": [
        {
          "type": "linkset",
          "xlink_title": "saŋ il[raise//to raise the head]V/t'V/t",
          "id": "Q007413.ls00000",
          "xlink_type": "extended",
          "xlink_role": "psu",
          "sig": "{saŋ il₂-la = saŋ[head]N il[raise]V/t += saŋ il[raise//to raise the head]V/t'V/t}::@ribo/babylon0%sux:saŋ=saŋ[head//head]N'N$saŋ/saŋ#~++@ribo/babylon0%sux:il₂-la=il[raise//to raise, carry]V/t'V/t$il;a/il₂+-la=l.a#~;a",
          "links": [
            {
              "type": "link",
              "xlink_title": "saŋ",
              "xlink_type": "locator",
              "xlink_href": "#Q007413.l038b8",
              "xlink_role": "elt"
            },
            {
              "type": "link",
              "xlink_title": "il",
              "xlink_type": "locator",
              "xlink_href": "#Q007413.l038b9",
              "xlink_role": "elt"
            }
          ]
        }
      ]
    }
  ]
}
