{
  "type": "cdl",
  "project": "ribo/babylon0",
  "source": "http://oracc.org/ribo/babylon0",
  "license": "This data is released under the CC0 license",
  "license-url": "https://creativecommons.org/publicdomain/zero/1.0/",
  "more-info": "http://oracc.org/doc/opendata/",
  "UTC-timestamp": "2019-01-12T08:23:11",
  "textid": "Q007356",
  "cdl": [
    {
      "node": "c",
      "type": "text",
      "id": "Q007356.U0",
      "cdl": [
        {
          "node": "d",
          "type": "object",
          "ref": ""
        },
        {
          "node": "d",
          "type": "surface",
          "ref": ""
        },
        {
          "node": "c",
          "type": "discourse",
          "subtype": "body",
          "id": "Q007356.U1",
          "cdl": [
            {
              "node": "c",
              "type": "sentence",
              "implicit": "yes",
              "id": "Q007356.U2",
              "label": "1",
              "cdl": [
                {
                  "node": "d",
                  "type": "line-start",
                  "ref": "Q007356.1",
                  "n": "1",
                  "label": "1"
                },
                {
                  "node": "l",
                  "frag": "mu",
                  "id": "Q007356.l02c03",
                  "ref": "Q007356.1.1",
                  "inst": "mu[year]N",
                  "sig": "@ribo/babylon0%sux:mu=mu[year//year]N'N$mu/mu#~",
                  "f": {
                    "lang": "sux",
                    "form": "mu",
                    "delim": "",
                    "gdl": [
                      {
                        "v": "mu",
                        "gdl_utf8": "𒈬",
                        "id": "Q007356.1.1.0"
                      }
                    ],
                    "cf": "mu",
                    "gw": "year",
                    "sense": "year",
                    "norm0": "mu",
                    "pos": "N",
                    "epos": "N",
                    "base": "mu",
                    "morph": "~"
                  }
                },
                {
                  "node": "l",
                  "frag": "gu-za",
                  "id": "Q007356.l02c04",
                  "ref": "Q007356.1.2",
                  "inst": "guza[chair//chair, throne]N'N/gu-za#~",
                  "sig": "@ribo/babylon0%sux:gu-za=guza[chair//chair, throne]N'N$guza/gu-za#~",
                  "f": {
                    "lang": "sux",
                    "form": "gu-za",
                    "delim": "",
                    "gdl": [
                      {
                        "v": "gu",
                        "gdl_utf8": "𒄖",
                        "id": "Q007356.1.2.0",
                        "delim": "-"
                      },
                      {
                        "v": "za",
                        "gdl_utf8": "𒍝",
                        "id": "Q007356.1.2.1"
                      }
                    ],
                    "cf": "guza",
                    "gw": "chair",
                    "sense": "chair, throne",
                    "norm0": "guza",
                    "pos": "N",
                    "epos": "N",
                    "base": "gu-za",
                    "morph": "~"
                  }
                },
                {
                  "node": "l",
                  "frag": "para₁₀",
                  "id": "Q007356.l02c05",
                  "ref": "Q007356.1.3",
                  "inst": "barag[dais, seat]N",
                  "sig": "@ribo/babylon0%sux:para₁₀=barag[dais//dais, seat]N'N$barag/para₁₀#~",
                  "f": {
                    "lang": "sux",
                    "form": "para₁₀",
                    "delim": "",
                    "gdl": [
                      {
                        "v": "para₁₀",
                        "gdl_utf8": "𒁈",
                        "id": "Q007356.1.3.0"
                      }
                    ],
                    "cf": "barag",
                    "gw": "dais",
                    "sense": "dais, seat",
                    "norm0": "barag",
                    "pos": "N",
                    "epos": "N",
                    "base": "para₁₀",
                    "morph": "~"
                  }
                },
                {
                  "node": "l",
                  "frag": "mah",
                  "id": "Q007356.l02c06",
                  "ref": "Q007356.1.4",
                  "inst": "mah[(to be) great]V/i",
                  "sig": "@ribo/babylon0%sux:mah=mah[great//(to be) great]V/i'V/i$mah/mah#~",
                  "f": {
                    "lang": "sux",
                    "form": "mah",
                    "delim": "",
                    "gdl": [
                      {
                        "v": "mah",
                        "gdl_utf8": "𒈤",
                        "id": "Q007356.1.4.0"
                      }
                    ],
                    "cf": "mah",
                    "gw": "great",
                    "sense": "(to be) great",
                    "norm0": "mah",
                    "pos": "V/i",
                    "epos": "V/i",
                    "base": "mah",
                    "morph": "~"
                  }
                },
                {
                  "node": "l",
                  "frag": "{d}en-lil₂",
                  "id": "Q007356.l02c07",
                  "ref": "Q007356.1.5",
                  "inst": "Enlil[1]DN",
                  "sig": "@ribo/babylon0%sux:{d}en-lil₂=Enlil[1//1]DN'DN$Enlil/{d}en-lil₂#~",
                  "f": {
                    "lang": "sux",
                    "form": "{d}en-lil₂",
                    "delim": "",
                    "gdl": [
                      {
                        "det": "semantic",
                        "pos": "pre",
                        "seq": [
                          {
                            "v": "d",
                            "gdl_utf8": "𒀭",
                            "id": "Q007356.1.5.0"
                          }
                        ]
                      },
                      {
                        "v": "en",
                        "gdl_utf8": "𒂗",
                        "id": "Q007356.1.5.1",
                        "delim": "-"
                      },
                      {
                        "v": "lil₂",
                        "gdl_utf8": "𒆤",
                        "id": "Q007356.1.5.2"
                      }
                    ],
                    "cf": "Enlil",
                    "gw": "1",
                    "sense": "1",
                    "norm0": "Enlil",
                    "pos": "DN",
                    "epos": "DN",
                    "base": "{d}en-lil₂",
                    "morph": "~"
                  }
                },
                {
                  "node": "l",
                  "frag": "babilim₂{ki}",
                  "id": "Q007356.l02c08",
                  "ref": "Q007356.1.6",
                  "inst": "Babili[Babylon]SN",
                  "sig": "@ribo/babylon0%sux:babilim₂{ki}=Babili[Babylon//Babylon]SN'SN$Babilim/babilim₂{ki}#Babilim",
                  "f": {
                    "lang": "sux",
                    "form": "babilim₂{ki}",
                    "delim": "",
                    "gdl": [
                      {
                        "v": "babilim₂",
                        "gdl_utf8": "𒆍𒀭𒊏",
                        "id": "Q007356.1.6.0"
                      },
                      {
                        "det": "semantic",
                        "pos": "post",
                        "seq": [
                          {
                            "v": "ki",
                            "gdl_utf8": "𒆠",
                            "id": "Q007356.1.6.1"
                          }
                        ]
                      }
                    ],
                    "cf": "Babili",
                    "gw": "Babylon",
                    "sense": "Babylon",
                    "norm": "Babilim",
                    "pos": "SN",
                    "epos": "SN",
                    "base": "babilim₂{ki}",
                    "morph": "Babilim"
                  }
                },
                {
                  "node": "l",
                  "frag": "mu-na-dim₂",
                  "id": "Q007356.l02c09",
                  "ref": "Q007356.1.7",
                  "inst": "dim[to create, make, manufacture]V/t",
                  "sig": "@ribo/babylon0%sux:mu-na-dim₂=dim[create//to create, make, manufacture]V/t'V/t$mu.na:dim/dim₂#mu.na:~",
                  "f": {
                    "lang": "sux",
                    "form": "mu-na-dim₂",
                    "gdl": [
                      {
                        "v": "mu",
                        "gdl_utf8": "𒈬",
                        "id": "Q007356.1.7.0",
                        "delim": "-"
                      },
                      {
                        "v": "na",
                        "gdl_utf8": "𒈾",
                        "id": "Q007356.1.7.1",
                        "delim": "-"
                      },
                      {
                        "v": "dim₂",
                        "gdl_utf8": "𒁶",
                        "id": "Q007356.1.7.2"
                      }
                    ],
                    "cf": "dim",
                    "gw": "create",
                    "sense": "to create, make, manufacture",
                    "norm0": "mu.na:dim",
                    "pos": "V/t",
                    "epos": "V/t",
                    "base": "dim₂",
                    "morph": "mu.na:~"
                  }
                }
              ]
            }
          ]
        }
      ]
    }
  ]
}
