{
  "type": "cdl",
  "project": "ribo/babylon0",
  "source": "http://oracc.org/ribo/babylon0",
  "license": "This data is released under the CC0 license",
  "license-url": "https://creativecommons.org/publicdomain/zero/1.0/",
  "more-info": "http://oracc.org/doc/opendata/",
  "UTC-timestamp": "2019-01-12T08:23:16",
  "textid": "Q007400",
  "cdl": [
    {
      "node": "c",
      "type": "text",
      "id": "Q007400.U0",
      "cdl": [
        {
          "node": "d",
          "type": "object",
          "ref": ""
        },
        {
          "node": "d",
          "type": "surface",
          "ref": ""
        },
        {
          "node": "c",
          "type": "discourse",
          "subtype": "body",
          "id": "Q007400.U1",
          "cdl": [
            {
              "node": "c",
              "type": "sentence",
              "implicit": "yes",
              "id": "Q007400.U2",
              "label": "1",
              "cdl": [
                {
                  "node": "d",
                  "type": "line-start",
                  "ref": "Q007400.1",
                  "n": "1",
                  "label": "1"
                },
                {
                  "node": "l",
                  "frag": "mu",
                  "id": "Q007400.l0379e",
                  "ref": "Q007400.1.1",
                  "inst": "mu[year]N",
                  "sig": "@ribo/babylon0%sux:mu=mu[year//year]N'N$mu/mu#~",
                  "f": {
                    "lang": "sux",
                    "form": "mu",
                    "delim": "",
                    "gdl": [
                      {
                        "v": "mu",
                        "gdl_utf8": "𒈬",
                        "id": "Q007400.1.1.0"
                      }
                    ],
                    "cf": "mu",
                    "gw": "year",
                    "sense": "year",
                    "norm0": "mu",
                    "pos": "N",
                    "epos": "N",
                    "base": "mu",
                    "morph": "~"
                  }
                },
                {
                  "node": "l",
                  "frag": "sa-am-su-i-lu-na",
                  "id": "Q007400.l0379f",
                  "ref": "Q007400.1.2",
                  "inst": "Samsu-iluna[king of Babylon]RN",
                  "sig": "@ribo/babylon0%sux:sa-am-su-i-lu-na=Samsu-iluna[king of Babylon//king of Babylon]RN'RN$Samsu-iluna/sa-am-su-i-lu-na#~",
                  "f": {
                    "lang": "sux",
                    "form": "sa-am-su-i-lu-na",
                    "delim": "",
                    "gdl": [
                      {
                        "v": "sa",
                        "gdl_utf8": "𒊓",
                        "id": "Q007400.1.2.0",
                        "delim": "-"
                      },
                      {
                        "v": "am",
                        "gdl_utf8": "𒄠",
                        "id": "Q007400.1.2.1",
                        "delim": "-"
                      },
                      {
                        "v": "su",
                        "gdl_utf8": "𒋢",
                        "id": "Q007400.1.2.2",
                        "delim": "-"
                      },
                      {
                        "v": "i",
                        "gdl_utf8": "𒄿",
                        "id": "Q007400.1.2.3",
                        "delim": "-"
                      },
                      {
                        "v": "lu",
                        "gdl_utf8": "𒇻",
                        "id": "Q007400.1.2.4",
                        "delim": "-"
                      },
                      {
                        "v": "na",
                        "gdl_utf8": "𒈾",
                        "id": "Q007400.1.2.5"
                      }
                    ],
                    "cf": "Samsu-iluna",
                    "gw": "king of Babylon",
                    "sense": "king of Babylon",
                    "norm0": "Samsu-iluna",
                    "pos": "RN",
                    "epos": "RN",
                    "base": "sa-am-su-i-lu-na",
                    "morph": "~"
                  }
                },
                {
                  "node": "l",
                  "frag": "lugal-e",
                  "id": "Q007400.l037a0",
                  "ref": "Q007400.1.3",
                  "inst": "lugal[king]N",
                  "sig": "@ribo/babylon0%sux:lugal-e=lugal[king//king]N'N$lugal,e/lugal#~,e",
                  "f": {
                    "lang": "sux",
                    "form": "lugal-e",
                    "delim": "",
                    "gdl": [
                      {
                        "v": "lugal",
                        "gdl_utf8": "𒈗",
                        "id": "Q007400.1.3.0",
                        "delim": "-"
                      },
                      {
                        "v": "e",
                        "gdl_utf8": "𒂊",
                        "id": "Q007400.1.3.1"
                      }
                    ],
                    "cf": "lugal",
                    "gw": "king",
                    "sense": "king",
                    "norm0": "lugal,e",
                    "pos": "N",
                    "epos": "N",
                    "base": "lugal",
                    "morph": "~,e"
                  }
                },
                {
                  "node": "l",
                  "frag": "e₂-babbar-ra",
                  "id": "Q007400.l037a1",
                  "ref": "Q007400.1.4",
                  "inst": "Ebabbar[temple in Sippar]TN",
                  "sig": "@ribo/babylon0%sux:e₂-babbar-ra=Ebabbar[temple in Sippar//temple in Sippar]TN'TN$Ebabbar,a/e₂-babbar+-ra=r.a#~,a",
                  "f": {
                    "lang": "sux",
                    "form": "e₂-babbar-ra",
                    "delim": "",
                    "gdl": [
                      {
                        "v": "e₂",
                        "gdl_utf8": "𒂍",
                        "id": "Q007400.1.4.0",
                        "delim": "-"
                      },
                      {
                        "v": "babbar",
                        "gdl_utf8": "𒌓",
                        "id": "Q007400.1.4.1",
                        "delim": "-"
                      },
                      {
                        "v": "ra",
                        "gdl_utf8": "𒊏",
                        "id": "Q007400.1.4.2"
                      }
                    ],
                    "cf": "Ebabbar",
                    "gw": "temple in Sippar",
                    "sense": "temple in Sippar",
                    "norm0": "Ebabbar,a",
                    "pos": "TN",
                    "epos": "TN",
                    "base": "e₂-babbar",
                    "cont": "-ra=r.a",
                    "morph": "~,a"
                  }
                },
                {
                  "node": "l",
                  "frag": "e₂",
                  "id": "Q007400.l037a2",
                  "ref": "Q007400.1.5",
                  "inst": "e[temple]N",
                  "sig": "@ribo/babylon0%sux:e₂=e[house//temple]N'N$e/e₂#~",
                  "f": {
                    "lang": "sux",
                    "form": "e₂",
                    "delim": "",
                    "gdl": [
                      {
                        "v": "e₂",
                        "gdl_utf8": "𒂍",
                        "id": "Q007400.1.5.0"
                      }
                    ],
                    "cf": "e",
                    "gw": "house",
                    "sense": "temple",
                    "norm0": "e",
                    "pos": "N",
                    "epos": "N",
                    "base": "e₂",
                    "morph": "~"
                  }
                },
                {
                  "node": "l",
                  "frag": "{d}utu-ke₄",
                  "id": "Q007400.l037a3",
                  "ref": "Q007400.1.6",
                  "inst": "Utu[1]DN",
                  "sig": "@ribo/babylon0%sux:{d}utu-ke₄=Utu[1//1]DN'DN$Utu,ak.e/{d}utu#~,ak.e",
                  "f": {
                    "lang": "sux",
                    "form": "{d}utu-ke₄",
                    "delim": "",
                    "gdl": [
                      {
                        "det": "semantic",
                        "pos": "pre",
                        "seq": [
                          {
                            "v": "d",
                            "gdl_utf8": "𒀭",
                            "id": "Q007400.1.6.0"
                          }
                        ]
                      },
                      {
                        "v": "utu",
                        "gdl_utf8": "𒌓",
                        "id": "Q007400.1.6.1",
                        "delim": "-"
                      },
                      {
                        "v": "ke₄",
                        "gdl_utf8": "𒆤",
                        "id": "Q007400.1.6.2"
                      }
                    ],
                    "cf": "Utu",
                    "gw": "1",
                    "sense": "1",
                    "norm0": "Utu,ak.e",
                    "pos": "DN",
                    "epos": "DN",
                    "base": "{d}utu",
                    "morph": "~,ak.e"
                  }
                },
                {
                  "node": "l",
                  "frag": "zibbir{ki}ta",
                  "id": "Q007400.l037a4",
                  "ref": "Q007400.1.7",
                  "inst": "Sippar[1]SN",
                  "sig": "@ribo/babylon0%sux:zibbir{ki}-ta=Sippar[1//1]SN'SN$Sippar,ta/zibbir{ki}#~,ta",
                  "f": {
                    "lang": "sux",
                    "form": "zibbir{ki}-ta",
                    "delim": "",
                    "gdl": [
                      {
                        "v": "zibbir",
                        "gdl_utf8": "𒌓𒄒𒉣",
                        "id": "Q007400.1.7.0"
                      },
                      {
                        "det": "semantic",
                        "pos": "post",
                        "delim": "-",
                        "seq": [
                          {
                            "v": "ki",
                            "gdl_utf8": "𒆠",
                            "id": "Q007400.1.7.1"
                          }
                        ]
                      },
                      {
                        "v": "ta",
                        "gdl_utf8": "𒋫",
                        "id": "Q007400.1.7.2"
                      }
                    ],
                    "cf": "Sippar",
                    "gw": "1",
                    "sense": "1",
                    "norm0": "Sippar,ta",
                    "pos": "SN",
                    "epos": "SN",
                    "base": "zibbir{ki}",
                    "morph": "~,ta"
                  }
                },
                {
                  "node": "l",
                  "frag": "šu",
                  "id": "Q007400.l037a5",
                  "ref": "Q007400.1.8",
                  "inst": "šu[hand]N",
                  "sig": "@ribo/babylon0%sux:šu=šu[hand//hand]N'N$šu/šu#~",
                  "f": {
                    "lang": "sux",
                    "form": "šu",
                    "delim": "",
                    "gdl": [
                      {
                        "v": "šu",
                        "gdl_utf8": "𒋗",
                        "id": "Q007400.1.8.0"
                      }
                    ],
                    "cf": "šu",
                    "gw": "hand",
                    "sense": "hand",
                    "norm0": "šu",
                    "pos": "N",
                    "epos": "N",
                    "base": "šu",
                    "morph": "~"
                  }
                },
                {
                  "node": "l",
                  "frag": "gibil",
                  "id": "Q007400.l037a6",
                  "ref": "Q007400.1.9",
                  "inst": "gibil[(to be) new]V/i",
                  "sig": "@ribo/babylon0%sux:gibil=gibil[new//(to be) new]V/i'V/i$gibil/gibil#~",
                  "f": {
                    "lang": "sux",
                    "form": "gibil",
                    "delim": "",
                    "gdl": [
                      {
                        "v": "gibil",
                        "gdl_utf8": "𒉋",
                        "id": "Q007400.1.9.0"
                      }
                    ],
                    "cf": "gibil",
                    "gw": "new",
                    "sense": "(to be) new",
                    "norm0": "gibil",
                    "pos": "V/i",
                    "epos": "V/i",
                    "base": "gibil",
                    "morph": "~"
                  }
                },
                {
                  "node": "l",
                  "frag": "bi₂-in-AK-a",
                  "id": "Q007400.l037a7",
                  "ref": "Q007400.1.10",
                  "inst": "ak[to do]V/t",
                  "sig": "@ribo/babylon0%sux:bi₂-in-AK-a=ak[do//to do]V/t'V/t$ba.i.n:ak;a/AK#ba.i.n:~;a",
                  "f": {
                    "lang": "sux",
                    "form": "bi₂-in-AK-a",
                    "delim": "",
                    "gdl": [
                      {
                        "v": "bi₂",
                        "gdl_utf8": "𒉈",
                        "id": "Q007400.1.10.0",
                        "delim": "-"
                      },
                      {
                        "v": "in",
                        "gdl_utf8": "𒅔",
                        "id": "Q007400.1.10.1",
                        "delim": "-"
                      },
                      {
                        "s": "AK",
                        "gdl_utf8": "𒀝",
                        "id": "Q007400.1.10.2",
                        "delim": "-"
                      },
                      {
                        "v": "a",
                        "gdl_utf8": "𒀀",
                        "id": "Q007400.1.10.3"
                      }
                    ],
                    "cf": "ak",
                    "gw": "do",
                    "sense": "to do",
                    "norm0": "ba.i.n:ak;a",
                    "pos": "V/t",
                    "epos": "V/t",
                    "base": "AK",
                    "morph": "ba.i.n:~;a"
                  }
                },
                {
                  "node": "l",
                  "frag": "u₆-nir-ra",
                  "id": "Q007400.l037a8",
                  "ref": "Q007400.1.11",
                  "inst": "+unir[ziggurat]N/u₆-nir#~,ak",
                  "sig": "@ribo/babylon0%sux:u₆-nir-ra=unir[ziggurat//ziggurat]N'N$unir,ak/u₆-nir#~,ak",
                  "f": {
                    "lang": "sux",
                    "form": "u₆-nir-ra",
                    "delim": "",
                    "gdl": [
                      {
                        "v": "u₆",
                        "gdl_utf8": "𒅆𒂍",
                        "id": "Q007400.1.11.0",
                        "delim": "-"
                      },
                      {
                        "v": "nir",
                        "gdl_utf8": "𒉪",
                        "id": "Q007400.1.11.1",
                        "delim": "-"
                      },
                      {
                        "v": "ra",
                        "gdl_utf8": "𒊏",
                        "id": "Q007400.1.11.2"
                      }
                    ],
                    "cf": "unir",
                    "gw": "ziggurat",
                    "sense": "ziggurat",
                    "norm0": "unir,ak",
                    "pos": "N",
                    "epos": "N",
                    "base": "u₆-nir",
                    "morph": "~,ak"
                  }
                },
                {
                  "node": "l",
                  "frag": "ge-guna₄{na}",
                  "id": "Q007400.l037a9",
                  "ref": "Q007400.1.12",
                  "inst": "giguna[high sacred terrace]N",
                  "sig": "@ribo/babylon0%sux:ge-guna₄{+na}=giguna[terrace//high sacred terrace]N'N$giguna/ge-guna₄{+na}#~",
                  "f": {
                    "lang": "sux",
                    "form": "ge-guna₄{+na}",
                    "delim": "",
                    "gdl": [
                      {
                        "v": "ge",
                        "gdl_utf8": "𒄀",
                        "id": "Q007400.1.12.0",
                        "delim": "-"
                      },
                      {
                        "v": "guna₄",
                        "gdl_utf8": "𒀕",
                        "id": "Q007400.1.12.1"
                      },
                      {
                        "det": "phonetic",
                        "pos": "post",
                        "seq": [
                          {
                            "v": "na",
                            "gdl_utf8": "𒈾",
                            "id": "Q007400.1.12.2"
                          }
                        ]
                      }
                    ],
                    "cf": "giguna",
                    "gw": "terrace",
                    "sense": "high sacred terrace",
                    "norm0": "giguna",
                    "pos": "N",
                    "epos": "N",
                    "base": "ge-guna₄{+na}",
                    "morph": "~"
                  }
                },
                {
                  "node": "l",
                  "frag": "mah-a-ni",
                  "id": "Q007400.l037aa",
                  "ref": "Q007400.1.13",
                  "inst": "mah[(to be) great]V/i",
                  "sig": "@ribo/babylon0%sux:mah-a-ni=mah[great//(to be) great]V/i'V/i$mah;a,ani/mah#~;a,ani",
                  "f": {
                    "lang": "sux",
                    "form": "mah-a-ni",
                    "delim": "",
                    "gdl": [
                      {
                        "v": "mah",
                        "gdl_utf8": "𒈤",
                        "id": "Q007400.1.13.0",
                        "delim": "-"
                      },
                      {
                        "v": "a",
                        "gdl_utf8": "𒀀",
                        "id": "Q007400.1.13.1",
                        "delim": "-"
                      },
                      {
                        "v": "ni",
                        "gdl_utf8": "𒉌",
                        "id": "Q007400.1.13.2"
                      }
                    ],
                    "cf": "mah",
                    "gw": "great",
                    "sense": "(to be) great",
                    "norm0": "mah;a,ani",
                    "pos": "V/i",
                    "epos": "V/i",
                    "base": "mah",
                    "morph": "~;a,ani"
                  }
                },
                {
                  "node": "l",
                  "frag": "saŋ-bi",
                  "id": "Q007400.l037ab",
                  "ref": "Q007400.1.14",
                  "inst": "saŋ[head]N",
                  "sig": "@ribo/babylon0%sux:saŋ-bi=saŋ[head//head]N'N$saŋ,bi/saŋ#~,bi",
                  "f": {
                    "lang": "sux",
                    "form": "saŋ-bi",
                    "delim": "",
                    "gdl": [
                      {
                        "v": "saŋ",
                        "gdl_utf8": "𒊕",
                        "id": "Q007400.1.14.0",
                        "delim": "-"
                      },
                      {
                        "v": "bi",
                        "gdl_utf8": "𒁉",
                        "id": "Q007400.1.14.1"
                      }
                    ],
                    "cf": "saŋ",
                    "gw": "head",
                    "sense": "head",
                    "norm0": "saŋ,bi",
                    "pos": "N",
                    "epos": "N",
                    "base": "saŋ",
                    "morph": "~,bi"
                  }
                },
                {
                  "node": "l",
                  "frag": "an-še₃",
                  "id": "Q007400.l037ac",
                  "ref": "Q007400.1.15",
                  "inst": "an[sky, heaven]N",
                  "sig": "@ribo/babylon0%sux:an-še₃=an[sky//sky, heaven]N'N$an,eše/an#~,eše",
                  "f": {
                    "lang": "sux",
                    "form": "an-še₃",
                    "delim": "",
                    "gdl": [
                      {
                        "v": "an",
                        "gdl_utf8": "𒀭",
                        "id": "Q007400.1.15.0",
                        "delim": "-"
                      },
                      {
                        "v": "še₃",
                        "gdl_utf8": "𒂠",
                        "id": "Q007400.1.15.1"
                      }
                    ],
                    "cf": "an",
                    "gw": "sky",
                    "sense": "sky, heaven",
                    "norm0": "an,eše",
                    "pos": "N",
                    "epos": "N",
                    "base": "an",
                    "morph": "~,eše"
                  }
                },
                {
                  "node": "l",
                  "frag": "mi-ni-in-us₂-sa",
                  "id": "Q007400.l037ad",
                  "ref": "Q007400.1.16",
                  "inst": "+us[follow//to lean on, impose]V/t'V/t/us₂+-sa=s.a#mu.i.n:~;a",
                  "sig": "@ribo/babylon0%sux:mi-ni-in-us₂-sa=us[follow//to lean on, impose]V/t'V/t$mu.i.n:us;a/us₂+-sa=s.a#mu.i.n:~;a",
                  "f": {
                    "lang": "sux",
                    "form": "mi-ni-in-us₂-sa",
                    "delim": "",
                    "gdl": [
                      {
                        "v": "mi",
                        "gdl_utf8": "𒈪",
                        "id": "Q007400.1.16.0",
                        "delim": "-"
                      },
                      {
                        "v": "ni",
                        "gdl_utf8": "𒉌",
                        "id": "Q007400.1.16.1",
                        "delim": "-"
                      },
                      {
                        "v": "in",
                        "gdl_utf8": "𒅔",
                        "id": "Q007400.1.16.2",
                        "delim": "-"
                      },
                      {
                        "v": "us₂",
                        "gdl_utf8": "𒍑",
                        "id": "Q007400.1.16.3",
                        "delim": "-"
                      },
                      {
                        "v": "sa",
                        "gdl_utf8": "𒊓",
                        "id": "Q007400.1.16.4"
                      }
                    ],
                    "cf": "us",
                    "gw": "follow",
                    "sense": "to lean on, impose",
                    "norm0": "mu.i.n:us;a",
                    "pos": "V/t",
                    "epos": "V/t",
                    "base": "us₂",
                    "cont": "-sa=s.a",
                    "morph": "mu.i.n:~;a"
                  }
                },
                {
                  "node": "l",
                  "frag": "{d}utu",
                  "id": "Q007400.l037ae",
                  "ref": "Q007400.1.17",
                  "inst": "Utu[1]DN",
                  "sig": "@ribo/babylon0%sux:{d}utu=Utu[1//1]DN'DN$Utu/{d}utu#~",
                  "f": {
                    "lang": "sux",
                    "form": "{d}utu",
                    "delim": "",
                    "gdl": [
                      {
                        "det": "semantic",
                        "pos": "pre",
                        "seq": [
                          {
                            "v": "d",
                            "gdl_utf8": "𒀭",
                            "id": "Q007400.1.17.0"
                          }
                        ]
                      },
                      {
                        "v": "utu",
                        "gdl_utf8": "𒌓",
                        "id": "Q007400.1.17.1"
                      }
                    ],
                    "cf": "Utu",
                    "gw": "1",
                    "sense": "1",
                    "norm0": "Utu",
                    "pos": "DN",
                    "epos": "DN",
                    "base": "{d}utu",
                    "morph": "~"
                  }
                },
                {
                  "node": "l",
                  "frag": "{d}iškur",
                  "id": "Q007400.l037af",
                  "ref": "Q007400.1.18",
                  "inst": "Iškur[1]DN",
                  "sig": "@ribo/babylon0%sux:{d}iškur=Iškur[1//1]DN'DN$Iškur/{d}iškur#~",
                  "f": {
                    "lang": "sux",
                    "form": "{d}iškur",
                    "delim": "",
                    "gdl": [
                      {
                        "det": "semantic",
                        "pos": "pre",
                        "seq": [
                          {
                            "v": "d",
                            "gdl_utf8": "𒀭",
                            "id": "Q007400.1.18.0"
                          }
                        ]
                      },
                      {
                        "v": "iškur",
                        "gdl_utf8": "𒅎",
                        "id": "Q007400.1.18.1"
                      }
                    ],
                    "cf": "Iškur",
                    "gw": "1",
                    "sense": "1",
                    "norm0": "Iškur",
                    "pos": "DN",
                    "epos": "DN",
                    "base": "{d}iškur",
                    "morph": "~"
                  }
                },
                {
                  "node": "l",
                  "frag": "{d}{še₃}šer₇-da-ra",
                  "id": "Q007400.l037b0",
                  "ref": "Q007400.1.19",
                  "inst": "Šerda[1]DN",
                  "sig": "@ribo/babylon0%sux:{d}{+še₃}šer₇-da-ra=Šerda[1//1]DN'DN$Šerda,ra/{d}{+še₃}šer₇-da#~,ra",
                  "f": {
                    "lang": "sux",
                    "form": "{d}{+še₃}šer₇-da-ra",
                    "delim": "",
                    "gdl": [
                      {
                        "det": "semantic",
                        "pos": "pre",
                        "seq": [
                          {
                            "v": "d",
                            "gdl_utf8": "𒀭",
                            "id": "Q007400.1.19.0"
                          }
                        ]
                      },
                      {
                        "det": "phonetic",
                        "pos": "pre",
                        "seq": [
                          {
                            "v": "še₃",
                            "gdl_utf8": "𒂠",
                            "id": "Q007400.1.19.1"
                          }
                        ]
                      },
                      {
                        "v": "šer₇",
                        "gdl_utf8": "𒉪",
                        "id": "Q007400.1.19.2",
                        "delim": "-"
                      },
                      {
                        "v": "da",
                        "gdl_utf8": "𒁕",
                        "id": "Q007400.1.19.3",
                        "delim": "-"
                      },
                      {
                        "v": "ra",
                        "gdl_utf8": "𒊏",
                        "id": "Q007400.1.19.4"
                      }
                    ],
                    "cf": "Šerda",
                    "gw": "1",
                    "sense": "1",
                    "norm0": "Šerda,ra",
                    "pos": "DN",
                    "epos": "DN",
                    "base": "{d}{+še₃}šer₇-da",
                    "morph": "~,ra"
                  }
                },
                {
                  "node": "l",
                  "frag": "⸢ki-tuš",
                  "id": "Q007400.l037b1",
                  "ref": "Q007400.1.20",
                  "inst": "kituš[dwelling place]N",
                  "sig": "@ribo/babylon0%sux:ki-tuš=kituš[dwelling//dwelling place]N'N$kituš/ki-tuš#~",
                  "f": {
                    "lang": "sux",
                    "form": "ki-tuš",
                    "delim": "",
                    "gdl": [
                      {
                        "v": "ki",
                        "gdl_utf8": "𒆠",
                        "id": "Q007400.1.20.0",
                        "break": "damaged",
                        "ho": "1",
                        "delim": "-"
                      },
                      {
                        "v": "tuš",
                        "gdl_utf8": "𒆪",
                        "id": "Q007400.1.20.1",
                        "break": "damaged"
                      }
                    ],
                    "cf": "kituš",
                    "gw": "dwelling",
                    "sense": "dwelling place",
                    "norm0": "kituš",
                    "pos": "N",
                    "epos": "N",
                    "base": "ki-tuš",
                    "morph": "~"
                  }
                },
                {
                  "node": "l",
                  "frag": "hul₂-hul₂⸣",
                  "id": "Q007400.l037b2",
                  "ref": "Q007400.1.21",
                  "inst": "+hul[rejoice//to rejoice]V/i'V/i/hul₂-hul₂#~",
                  "sig": "@ribo/babylon0%sux:hul₂-hul₂=hul[rejoice//to rejoice]V/i'V/i$hul/hul₂-hul₂#~",
                  "f": {
                    "lang": "sux",
                    "form": "hul₂-hul₂",
                    "delim": "",
                    "gdl": [
                      {
                        "v": "hul₂",
                        "gdl_utf8": "𒄾",
                        "id": "Q007400.1.21.0",
                        "break": "damaged",
                        "delim": "-"
                      },
                      {
                        "v": "hul₂",
                        "gdl_utf8": "𒄾",
                        "id": "Q007400.1.21.1",
                        "break": "damaged",
                        "hc": "1"
                      }
                    ],
                    "cf": "hul",
                    "gw": "rejoice",
                    "sense": "to rejoice",
                    "norm0": "hul",
                    "pos": "V/i",
                    "epos": "V/i",
                    "base": "hul₂-hul₂",
                    "morph": "~"
                  }
                },
                {
                  "node": "l",
                  "frag": "du₁₀-ga-ni",
                  "id": "Q007400.l037b3",
                  "ref": "Q007400.1.22",
                  "inst": "+dug[good//(to be) good]V/i'V/i/du₁₀-g·a#~;a,ani",
                  "sig": "@ribo/babylon0%sux:du₁₀-ga-ni=dug[good//(to be) good]V/i'V/i$dug;a,ani/du₁₀-g·a#~;a,ani",
                  "f": {
                    "lang": "sux",
                    "form": "du₁₀-ga-ni",
                    "delim": "",
                    "gdl": [
                      {
                        "v": "du₁₀",
                        "gdl_utf8": "𒄭",
                        "id": "Q007400.1.22.0",
                        "delim": "-"
                      },
                      {
                        "v": "ga",
                        "gdl_utf8": "𒂵",
                        "id": "Q007400.1.22.1",
                        "delim": "-"
                      },
                      {
                        "v": "ni",
                        "gdl_utf8": "𒉌",
                        "id": "Q007400.1.22.2"
                      }
                    ],
                    "cf": "dug",
                    "gw": "good",
                    "sense": "(to be) good",
                    "norm0": "dug;a,ani",
                    "pos": "V/i",
                    "epos": "V/i",
                    "base": "du₁₀-g·a",
                    "morph": "~;a,ani"
                  }
                },
                {
                  "node": "l",
                  "frag": "i-ni-in-ku₄-re",
                  "id": "Q007400.l037b4",
                  "ref": "Q007400.1.23",
                  "inst": "+kur[enter//to bring into]V/i'V/t/ku₄-r·e#V.i.n:~;e",
                  "sig": "@ribo/babylon0%sux:i-ni-in-ku₄-re=kur[enter//to bring into]V/i'V/t$V.i.n:kur;e/ku₄-r·e#V.i.n:~;e",
                  "f": {
                    "lang": "sux",
                    "form": "i-ni-in-ku₄-re",
                    "gdl": [
                      {
                        "v": "i",
                        "gdl_utf8": "𒄿",
                        "id": "Q007400.1.23.0",
                        "delim": "-"
                      },
                      {
                        "v": "ni",
                        "gdl_utf8": "𒉌",
                        "id": "Q007400.1.23.1",
                        "delim": "-"
                      },
                      {
                        "v": "in",
                        "gdl_utf8": "𒅔",
                        "id": "Q007400.1.23.2",
                        "delim": "-"
                      },
                      {
                        "v": "ku₄",
                        "gdl_utf8": "𒆭",
                        "id": "Q007400.1.23.3",
                        "delim": "-"
                      },
                      {
                        "v": "re",
                        "gdl_utf8": "𒊑",
                        "id": "Q007400.1.23.4"
                      }
                    ],
                    "cf": "kur",
                    "gw": "enter",
                    "sense": "to bring into",
                    "norm0": "V.i.n:kur;e",
                    "pos": "V/i",
                    "epos": "V/t",
                    "base": "ku₄-r·e",
                    "morph": "V.i.n:~;e"
                  }
                }
              ]
            }
          ]
        }
      ]
    }
  ]
}
