{
  "type": "cdl",
  "project": "ribo/babylon0",
  "source": "http://oracc.org/ribo/babylon0",
  "license": "This data is released under the CC0 license",
  "license-url": "https://creativecommons.org/publicdomain/zero/1.0/",
  "more-info": "http://oracc.org/doc/opendata/",
  "UTC-timestamp": "2019-01-12T08:23:17",
  "textid": "Q007402",
  "cdl": [
    {
      "node": "c",
      "type": "text",
      "id": "Q007402.U0",
      "cdl": [
        {
          "node": "d",
          "type": "object",
          "ref": ""
        },
        {
          "node": "d",
          "type": "surface",
          "ref": ""
        },
        {
          "node": "c",
          "type": "discourse",
          "subtype": "body",
          "id": "Q007402.U1",
          "cdl": [
            {
              "node": "c",
              "type": "sentence",
              "implicit": "yes",
              "id": "Q007402.U2",
              "label": "1",
              "cdl": [
                {
                  "node": "d",
                  "type": "line-start",
                  "ref": "Q007402.1",
                  "n": "1",
                  "label": "1"
                },
                {
                  "node": "l",
                  "frag": "mu",
                  "id": "Q007402.l037bf",
                  "ref": "Q007402.1.1",
                  "inst": "mu[year]N",
                  "sig": "@ribo/babylon0%sux:mu=mu[year//year]N'N$mu/mu#~",
                  "f": {
                    "lang": "sux",
                    "form": "mu",
                    "delim": "",
                    "gdl": [
                      {
                        "v": "mu",
                        "gdl_utf8": "𒈬",
                        "id": "Q007402.1.1.0"
                      }
                    ],
                    "cf": "mu",
                    "gw": "year",
                    "sense": "year",
                    "norm0": "mu",
                    "pos": "N",
                    "epos": "N",
                    "base": "mu",
                    "morph": "~"
                  }
                },
                {
                  "node": "l",
                  "frag": "sa-am-su-i-lu-na",
                  "id": "Q007402.l037c0",
                  "ref": "Q007402.1.2",
                  "inst": "Samsu-iluna[king of Babylon]RN",
                  "sig": "@ribo/babylon0%sux:sa-am-su-i-lu-na=Samsu-iluna[king of Babylon//king of Babylon]RN'RN$Samsu-iluna/sa-am-su-i-lu-na#~",
                  "f": {
                    "lang": "sux",
                    "form": "sa-am-su-i-lu-na",
                    "delim": "",
                    "gdl": [
                      {
                        "v": "sa",
                        "gdl_utf8": "𒊓",
                        "id": "Q007402.1.2.0",
                        "delim": "-"
                      },
                      {
                        "v": "am",
                        "gdl_utf8": "𒄠",
                        "id": "Q007402.1.2.1",
                        "delim": "-"
                      },
                      {
                        "v": "su",
                        "gdl_utf8": "𒋢",
                        "id": "Q007402.1.2.2",
                        "delim": "-"
                      },
                      {
                        "v": "i",
                        "gdl_utf8": "𒄿",
                        "id": "Q007402.1.2.3",
                        "delim": "-"
                      },
                      {
                        "v": "lu",
                        "gdl_utf8": "𒇻",
                        "id": "Q007402.1.2.4",
                        "delim": "-"
                      },
                      {
                        "v": "na",
                        "gdl_utf8": "𒈾",
                        "id": "Q007402.1.2.5"
                      }
                    ],
                    "cf": "Samsu-iluna",
                    "gw": "king of Babylon",
                    "sense": "king of Babylon",
                    "norm0": "Samsu-iluna",
                    "pos": "RN",
                    "epos": "RN",
                    "base": "sa-am-su-i-lu-na",
                    "morph": "~"
                  }
                },
                {
                  "node": "l",
                  "frag": "lugal-e",
                  "id": "Q007402.l037c1",
                  "ref": "Q007402.1.3",
                  "inst": "lugal[king]N",
                  "sig": "@ribo/babylon0%sux:lugal-e=lugal[king//king]N'N$lugal,e/lugal#~,e",
                  "f": {
                    "lang": "sux",
                    "form": "lugal-e",
                    "delim": "",
                    "gdl": [
                      {
                        "v": "lugal",
                        "gdl_utf8": "𒈗",
                        "id": "Q007402.1.3.0",
                        "delim": "-"
                      },
                      {
                        "v": "e",
                        "gdl_utf8": "𒂊",
                        "id": "Q007402.1.3.1"
                      }
                    ],
                    "cf": "lugal",
                    "gw": "king",
                    "sense": "king",
                    "norm0": "lugal,e",
                    "pos": "N",
                    "epos": "N",
                    "base": "lugal",
                    "morph": "~,e"
                  }
                },
                {
                  "node": "l",
                  "frag": "lugal",
                  "id": "Q007402.l037c2",
                  "ref": "Q007402.1.4",
                  "inst": "lugal[king]N",
                  "sig": "@ribo/babylon0%sux:lugal=lugal[king//king]N'N$lugal/lugal#~",
                  "f": {
                    "lang": "sux",
                    "form": "lugal",
                    "delim": "",
                    "gdl": [
                      {
                        "v": "lugal",
                        "gdl_utf8": "𒈗",
                        "id": "Q007402.1.4.0"
                      }
                    ],
                    "cf": "lugal",
                    "gw": "king",
                    "sense": "king",
                    "norm0": "lugal",
                    "pos": "N",
                    "epos": "N",
                    "base": "lugal",
                    "morph": "~"
                  }
                },
                {
                  "node": "l",
                  "frag": "saŋ-kal",
                  "id": "Q007402.l037c3",
                  "ref": "Q007402.1.5",
                  "inst": "saŋkal[foremost]AJ",
                  "sig": "@ribo/babylon0%sux:saŋ-kal=saŋkal[foremost//foremost]AJ'AJ$saŋkal/saŋ-kal#~",
                  "f": {
                    "lang": "sux",
                    "form": "saŋ-kal",
                    "delim": "",
                    "gdl": [
                      {
                        "v": "saŋ",
                        "gdl_utf8": "𒊕",
                        "id": "Q007402.1.5.0",
                        "delim": "-"
                      },
                      {
                        "v": "kal",
                        "gdl_utf8": "𒆗",
                        "id": "Q007402.1.5.1"
                      }
                    ],
                    "cf": "saŋkal",
                    "gw": "foremost",
                    "sense": "foremost",
                    "norm0": "saŋkal",
                    "pos": "AJ",
                    "epos": "AJ",
                    "base": "saŋ-kal",
                    "morph": "~"
                  }
                },
                {
                  "node": "l",
                  "frag": "kur",
                  "id": "Q007402.l037c4",
                  "ref": "Q007402.1.6",
                  "inst": "kur[land, country]N",
                  "sig": "@ribo/babylon0%sux:kur=kur[mountain//land, country]N'N$kur/kur#~",
                  "f": {
                    "lang": "sux",
                    "form": "kur",
                    "delim": "",
                    "gdl": [
                      {
                        "v": "kur",
                        "gdl_utf8": "𒆳",
                        "id": "Q007402.1.6.0"
                      }
                    ],
                    "cf": "kur",
                    "gw": "mountain",
                    "sense": "land, country",
                    "norm0": "kur",
                    "pos": "N",
                    "epos": "N",
                    "base": "kur",
                    "morph": "~"
                  }
                },
                {
                  "node": "l",
                  "frag": "nu-še-ga-ni",
                  "id": "Q007402.l037c5",
                  "ref": "Q007402.1.7",
                  "inst": "šeg[to agree, be in agreement]V/t",
                  "sig": "@ribo/babylon0%sux:nu-še-ga-ni=šeg[agree//to agree, be in agreement]V/t'V/t$nu:šeg;a,ani/še-g·a#nu:~;a,ani",
                  "f": {
                    "lang": "sux",
                    "form": "nu-še-ga-ni",
                    "delim": "",
                    "gdl": [
                      {
                        "v": "nu",
                        "gdl_utf8": "𒉡",
                        "id": "Q007402.1.7.0",
                        "delim": "-"
                      },
                      {
                        "v": "še",
                        "gdl_utf8": "𒊺",
                        "id": "Q007402.1.7.1",
                        "delim": "-"
                      },
                      {
                        "v": "ga",
                        "gdl_utf8": "𒂵",
                        "id": "Q007402.1.7.2",
                        "delim": "-"
                      },
                      {
                        "v": "ni",
                        "gdl_utf8": "𒉌",
                        "id": "Q007402.1.7.3"
                      }
                    ],
                    "cf": "šeg",
                    "gw": "agree",
                    "sense": "to agree, be in agreement",
                    "norm0": "nu:šeg;a,ani",
                    "pos": "V/t",
                    "epos": "V/t",
                    "base": "še-g·a",
                    "morph": "nu:~;a,ani"
                  }
                },
                {
                  "node": "l",
                  "frag": "bi₂-in-sag₃-sag₃-ga-a",
                  "id": "Q007402.l037c6",
                  "ref": "Q007402.1.8",
                  "inst": "sag[to strike, beat]V/t",
                  "sig": "@ribo/babylon0%sux:bi₂-in-sag₃-sag₃-ga-a=sag[beat//to strike, beat]V/t'V/t$ba.i.n:sag;a/sag₃-sag₃+-ga=g.a#ba.i.n:~;a",
                  "f": {
                    "lang": "sux",
                    "form": "bi₂-in-sag₃-sag₃-ga-a",
                    "delim": "",
                    "gdl": [
                      {
                        "v": "bi₂",
                        "gdl_utf8": "𒉈",
                        "id": "Q007402.1.8.0",
                        "delim": "-"
                      },
                      {
                        "v": "in",
                        "gdl_utf8": "𒅔",
                        "id": "Q007402.1.8.1",
                        "delim": "-"
                      },
                      {
                        "v": "sag₃",
                        "gdl_utf8": "𒉺",
                        "id": "Q007402.1.8.2",
                        "delim": "-"
                      },
                      {
                        "v": "sag₃",
                        "gdl_utf8": "𒉺",
                        "id": "Q007402.1.8.3",
                        "delim": "-"
                      },
                      {
                        "v": "ga",
                        "gdl_utf8": "𒂵",
                        "id": "Q007402.1.8.4",
                        "delim": "-"
                      },
                      {
                        "v": "a",
                        "gdl_utf8": "𒀀",
                        "id": "Q007402.1.8.5"
                      }
                    ],
                    "cf": "sag",
                    "gw": "beat",
                    "sense": "to strike, beat",
                    "norm0": "ba.i.n:sag;a",
                    "pos": "V/t",
                    "epos": "V/t",
                    "base": "sag₃-sag₃",
                    "cont": "-ga=g.a",
                    "morph": "ba.i.n:~;a"
                  }
                },
                {
                  "node": "l",
                  "frag": "uŋnim",
                  "id": "Q007402.l037c7",
                  "ref": "Q007402.1.9",
                  "inst": "ugnim[army]N",
                  "sig": "@ribo/babylon0%sux:uŋnim=ugnim[army//army]N'N$ugnim/uŋnim#~",
                  "f": {
                    "lang": "sux",
                    "form": "uŋnim",
                    "delim": "",
                    "gdl": [
                      {
                        "v": "uŋnim",
                        "gdl_utf8": "𒆠𒋢𒇻𒂠𒃻",
                        "id": "Q007402.1.9.0"
                      }
                    ],
                    "cf": "ugnim",
                    "gw": "army",
                    "sense": "army",
                    "norm0": "ugnim",
                    "pos": "N",
                    "epos": "N",
                    "base": "uŋnim",
                    "morph": "~"
                  }
                },
                {
                  "node": "l",
                  "frag": "ma-da",
                  "id": "Q007402.l037c8",
                  "ref": "Q007402.1.10",
                  "inst": "mada[land, country]N",
                  "sig": "@ribo/babylon0%sux:ma-da=mada[land//land, country]N'N$mada/ma-da#~",
                  "f": {
                    "lang": "sux",
                    "form": "ma-da",
                    "delim": "",
                    "gdl": [
                      {
                        "v": "ma",
                        "gdl_utf8": "𒈠",
                        "id": "Q007402.1.10.0",
                        "delim": "-"
                      },
                      {
                        "v": "da",
                        "gdl_utf8": "𒁕",
                        "id": "Q007402.1.10.1"
                      }
                    ],
                    "cf": "mada",
                    "gw": "land",
                    "sense": "land, country",
                    "norm0": "mada",
                    "pos": "N",
                    "epos": "N",
                    "base": "ma-da",
                    "morph": "~"
                  }
                },
                {
                  "node": "l",
                  "frag": "aš₂-nun-na{ki}",
                  "id": "Q007402.l037c9",
                  "ref": "Q007402.1.11",
                  "inst": "Ešnunna[1]SN",
                  "sig": "@ribo/babylon0%sux:aš₂-nun-na{ki}=Ešnunna[1//1]SN'SN$Ešnunna/aš₂-nun-na{ki}#~",
                  "f": {
                    "lang": "sux",
                    "form": "aš₂-nun-na{ki}",
                    "delim": "",
                    "gdl": [
                      {
                        "v": "aš₂",
                        "gdl_utf8": "𒀾",
                        "id": "Q007402.1.11.0",
                        "delim": "-"
                      },
                      {
                        "v": "nun",
                        "gdl_utf8": "𒉣",
                        "id": "Q007402.1.11.1",
                        "delim": "-"
                      },
                      {
                        "v": "na",
                        "gdl_utf8": "𒈾",
                        "id": "Q007402.1.11.2"
                      },
                      {
                        "det": "semantic",
                        "pos": "post",
                        "seq": [
                          {
                            "v": "ki",
                            "gdl_utf8": "𒆠",
                            "id": "Q007402.1.11.3"
                          }
                        ]
                      }
                    ],
                    "cf": "Ešnunna",
                    "gw": "1",
                    "sense": "1",
                    "norm0": "Ešnunna",
                    "pos": "SN",
                    "epos": "SN",
                    "base": "aš₂-nun-na{ki}",
                    "morph": "~"
                  }
                },
                {
                  "node": "l",
                  "frag": "[...]",
                  "id": "Q007402.l037ca",
                  "ref": "Q007402.1.12",
                  "inst": "u",
                  "f": {
                    "lang": "sux",
                    "form": "x",
                    "delim": "",
                    "gdl": [
                      {
                        "x": "ellipsis",
                        "id": "Q007402.1.12.0",
                        "breakStart": "1",
                        "break": "missing",
                        "o": "]",
                        "breakEnd": "Q007402.1.12.0"
                      }
                    ],
                    "pos": "u"
                  }
                },
                {
                  "node": "l",
                  "frag": "bi₂-in-ra-a",
                  "id": "Q007402.l037cb",
                  "ref": "Q007402.1.13",
                  "inst": "rah[to beat, kill]V/t",
                  "sig": "@ribo/babylon0%sux:bi₂-in-ra-a=rah[beat//to beat, kill]V/t'V/t$ba.i.n:rah;a/ra#ba.i.n:~;a",
                  "f": {
                    "lang": "sux",
                    "form": "bi₂-in-ra-a",
                    "gdl": [
                      {
                        "v": "bi₂",
                        "gdl_utf8": "𒉈",
                        "id": "Q007402.1.13.0",
                        "delim": "-"
                      },
                      {
                        "v": "in",
                        "gdl_utf8": "𒅔",
                        "id": "Q007402.1.13.1",
                        "delim": "-"
                      },
                      {
                        "v": "ra",
                        "gdl_utf8": "𒊏",
                        "id": "Q007402.1.13.2",
                        "delim": "-"
                      },
                      {
                        "v": "a",
                        "gdl_utf8": "𒀀",
                        "id": "Q007402.1.13.3"
                      }
                    ],
                    "cf": "rah",
                    "gw": "beat",
                    "sense": "to beat, kill",
                    "norm0": "ba.i.n:rah;a",
                    "pos": "V/t",
                    "epos": "V/t",
                    "base": "ra",
                    "morph": "ba.i.n:~;a"
                  }
                }
              ]
            }
          ]
        }
      ]
    }
  ]
}
