{
  "type": "cdl",
  "project": "ribo/babylon0",
  "source": "http://oracc.org/ribo/babylon0",
  "license": "This data is released under the CC0 license",
  "license-url": "https://creativecommons.org/publicdomain/zero/1.0/",
  "more-info": "http://oracc.org/doc/opendata/",
  "UTC-timestamp": "2019-01-12T08:23:09",
  "textid": "Q007344",
  "cdl": [
    {
      "node": "c",
      "type": "text",
      "id": "Q007344.U0",
      "cdl": [
        {
          "node": "d",
          "type": "object",
          "ref": ""
        },
        {
          "node": "d",
          "type": "surface",
          "ref": ""
        },
        {
          "node": "c",
          "type": "discourse",
          "subtype": "body",
          "id": "Q007344.U1",
          "cdl": [
            {
              "node": "c",
              "type": "sentence",
              "implicit": "yes",
              "id": "Q007344.U2",
              "label": "1",
              "cdl": [
                {
                  "node": "d",
                  "type": "line-start",
                  "ref": "Q007344.1",
                  "n": "1",
                  "label": "1"
                },
                {
                  "node": "l",
                  "frag": "mu",
                  "id": "Q007344.l02ba8",
                  "ref": "Q007344.1.1",
                  "inst": "mu[year]N",
                  "sig": "@ribo/babylon0%sux:mu=mu[year//year]N'N$mu/mu#~",
                  "f": {
                    "lang": "sux",
                    "form": "mu",
                    "delim": "",
                    "gdl": [
                      {
                        "v": "mu",
                        "gdl_utf8": "𒈬",
                        "id": "Q007344.1.1.0"
                      }
                    ],
                    "cf": "mu",
                    "gw": "year",
                    "sense": "year",
                    "norm0": "mu",
                    "pos": "N",
                    "epos": "N",
                    "base": "mu",
                    "morph": "~"
                  }
                },
                {
                  "node": "l",
                  "frag": "para₁₀",
                  "id": "Q007344.l02ba9",
                  "ref": "Q007344.1.2",
                  "inst": "barag[dais//dais, seat]N'N/para₁₀#~",
                  "sig": "@ribo/babylon0%sux:para₁₀=barag[dais//dais, seat]N'N$barag/para₁₀#~",
                  "f": {
                    "lang": "sux",
                    "form": "para₁₀",
                    "delim": "",
                    "gdl": [
                      {
                        "v": "para₁₀",
                        "gdl_utf8": "𒁈",
                        "id": "Q007344.1.2.0"
                      }
                    ],
                    "cf": "barag",
                    "gw": "dais",
                    "sense": "dais, seat",
                    "norm0": "barag",
                    "pos": "N",
                    "epos": "N",
                    "base": "para₁₀",
                    "morph": "~"
                  }
                },
                {
                  "node": "l",
                  "frag": "{d}nin-piriŋ",
                  "id": "Q007344.l02baa",
                  "ref": "Q007344.1.3",
                  "inst": "Ninpiriŋ[]DN/{d}nin-piriŋ#~",
                  "sig": "@ribo/babylon0%sux:{d}nin-piriŋ=Ninpiriŋ[1//1]DN'DN$Ninpiriŋ/{d}nin-piriŋ#~",
                  "f": {
                    "lang": "sux",
                    "form": "{d}nin-piriŋ",
                    "delim": "",
                    "gdl": [
                      {
                        "det": "semantic",
                        "pos": "pre",
                        "seq": [
                          {
                            "v": "d",
                            "gdl_utf8": "𒀭",
                            "id": "Q007344.1.3.0"
                          }
                        ]
                      },
                      {
                        "v": "nin",
                        "gdl_utf8": "𒊩𒌆",
                        "id": "Q007344.1.3.1",
                        "delim": "-"
                      },
                      {
                        "v": "piriŋ",
                        "gdl_utf8": "𒊊",
                        "id": "Q007344.1.3.2"
                      }
                    ],
                    "cf": "Ninpiriŋ",
                    "gw": "1",
                    "sense": "1",
                    "norm0": "Ninpiriŋ",
                    "pos": "DN",
                    "epos": "DN",
                    "base": "{d}nin-piriŋ",
                    "morph": "~"
                  }
                },
                {
                  "node": "l",
                  "frag": "[mu]-⸢un⸣-[na-an]-dim₂",
                  "id": "Q007344.l02bab",
                  "ref": "Q007344.1.4",
                  "inst": "dim[to create, make, manufacture]V/t",
                  "sig": "@ribo/babylon0%sux:mu-un-na-an-dim₂=dim[create//to create, make, manufacture]V/t'V/t$mu.na.n:dim/dim₂#mu.na.n:~",
                  "f": {
                    "lang": "sux",
                    "form": "mu-un-na-an-dim₂",
                    "gdl": [
                      {
                        "v": "mu",
                        "gdl_utf8": "𒈬",
                        "id": "Q007344.1.4.0",
                        "breakStart": "1",
                        "o": "]",
                        "break": "missing",
                        "breakEnd": "Q007344.1.4.0",
                        "delim": "-"
                      },
                      {
                        "v": "un",
                        "gdl_utf8": "𒌦",
                        "id": "Q007344.1.4.1",
                        "break": "damaged",
                        "ho": "1",
                        "delim": "-",
                        "hc": "1"
                      },
                      {
                        "v": "na",
                        "gdl_utf8": "𒈾",
                        "id": "Q007344.1.4.2",
                        "breakStart": "1",
                        "o": "[",
                        "break": "missing",
                        "delim": "-"
                      },
                      {
                        "v": "an",
                        "gdl_utf8": "𒀭",
                        "id": "Q007344.1.4.3",
                        "break": "missing",
                        "o": "]",
                        "breakEnd": "Q007344.1.4.2",
                        "delim": "-"
                      },
                      {
                        "v": "dim₂",
                        "gdl_utf8": "𒁶",
                        "id": "Q007344.1.4.4"
                      }
                    ],
                    "cf": "dim",
                    "gw": "create",
                    "sense": "to create, make, manufacture",
                    "norm0": "mu.na.n:dim",
                    "pos": "V/t",
                    "epos": "V/t",
                    "base": "dim₂",
                    "morph": "mu.na.n:~"
                  }
                }
              ]
            }
          ]
        }
      ]
    }
  ]
}
