{
  "type": "cdl",
  "project": "ribo/babylon0",
  "source": "http://oracc.org/ribo/babylon0",
  "license": "This data is released under the CC0 license",
  "license-url": "https://creativecommons.org/publicdomain/zero/1.0/",
  "more-info": "http://oracc.org/doc/opendata/",
  "UTC-timestamp": "2019-01-12T08:23:19",
  "textid": "Q007420",
  "cdl": [
    {
      "node": "c",
      "type": "text",
      "id": "Q007420.U0",
      "cdl": [
        {
          "node": "d",
          "type": "object",
          "ref": ""
        },
        {
          "node": "d",
          "type": "surface",
          "ref": ""
        },
        {
          "node": "c",
          "type": "discourse",
          "subtype": "body",
          "id": "Q007420.U1",
          "cdl": [
            {
              "node": "c",
              "type": "sentence",
              "implicit": "yes",
              "id": "Q007420.U2",
              "label": "1",
              "cdl": [
                {
                  "node": "d",
                  "type": "line-start",
                  "ref": "Q007420.1",
                  "n": "1",
                  "label": "1"
                },
                {
                  "node": "l",
                  "frag": "mu",
                  "id": "Q007420.l0391e",
                  "ref": "Q007420.1.1",
                  "inst": "mu[year]N",
                  "sig": "@ribo/babylon0%sux:mu=mu[year//year]N'N$mu/mu#~",
                  "f": {
                    "lang": "sux",
                    "form": "mu",
                    "delim": "",
                    "gdl": [
                      {
                        "v": "mu",
                        "gdl_utf8": "𒈬",
                        "id": "Q007420.1.1.0"
                      }
                    ],
                    "cf": "mu",
                    "gw": "year",
                    "sense": "year",
                    "norm0": "mu",
                    "pos": "N",
                    "epos": "N",
                    "base": "mu",
                    "morph": "~"
                  }
                },
                {
                  "node": "l",
                  "frag": "sa-am-su-i-lu-na",
                  "id": "Q007420.l0391f",
                  "ref": "Q007420.1.2",
                  "inst": "Samsu-iluna[king of Babylon]RN",
                  "sig": "@ribo/babylon0%sux:sa-am-su-i-lu-na=Samsu-iluna[king of Babylon//king of Babylon]RN'RN$Samsu-iluna/sa-am-su-i-lu-na#~",
                  "f": {
                    "lang": "sux",
                    "form": "sa-am-su-i-lu-na",
                    "delim": "",
                    "gdl": [
                      {
                        "v": "sa",
                        "gdl_utf8": "𒊓",
                        "id": "Q007420.1.2.0",
                        "delim": "-"
                      },
                      {
                        "v": "am",
                        "gdl_utf8": "𒄠",
                        "id": "Q007420.1.2.1",
                        "delim": "-"
                      },
                      {
                        "v": "su",
                        "gdl_utf8": "𒋢",
                        "id": "Q007420.1.2.2",
                        "delim": "-"
                      },
                      {
                        "v": "i",
                        "gdl_utf8": "𒄿",
                        "id": "Q007420.1.2.3",
                        "delim": "-"
                      },
                      {
                        "v": "lu",
                        "gdl_utf8": "𒇻",
                        "id": "Q007420.1.2.4",
                        "delim": "-"
                      },
                      {
                        "v": "na",
                        "gdl_utf8": "𒈾",
                        "id": "Q007420.1.2.5"
                      }
                    ],
                    "cf": "Samsu-iluna",
                    "gw": "king of Babylon",
                    "sense": "king of Babylon",
                    "norm0": "Samsu-iluna",
                    "pos": "RN",
                    "epos": "RN",
                    "base": "sa-am-su-i-lu-na",
                    "morph": "~"
                  }
                },
                {
                  "node": "l",
                  "frag": "lugal-e",
                  "id": "Q007420.l03920",
                  "ref": "Q007420.1.3",
                  "inst": "lugal[king]N",
                  "sig": "@ribo/babylon0%sux:lugal-e=lugal[king//king]N'N$lugal,e/lugal#~,e",
                  "f": {
                    "lang": "sux",
                    "form": "lugal-e",
                    "delim": "",
                    "gdl": [
                      {
                        "v": "lugal",
                        "gdl_utf8": "𒈗",
                        "id": "Q007420.1.3.0",
                        "delim": "-"
                      },
                      {
                        "v": "e",
                        "gdl_utf8": "𒂊",
                        "id": "Q007420.1.3.1"
                      }
                    ],
                    "cf": "lugal",
                    "gw": "king",
                    "sense": "king",
                    "norm0": "lugal,e",
                    "pos": "N",
                    "epos": "N",
                    "base": "lugal",
                    "morph": "~,e"
                  }
                },
                {
                  "node": "l",
                  "frag": "{d}u₄-ba-nu-il₂-la",
                  "id": "Q007420.l03921",
                  "ref": "Q007420.1.4",
                  "inst": "Ubanuila[1]ON",
                  "sig": "@ribo/babylon0%sux:{d}u₄-ba-nu-il₂-la=Ubanuila[1//1]ON'ON$Ubanuila/{d}u₄-ba-nu-il₂-la#~",
                  "f": {
                    "lang": "sux",
                    "form": "{d}u₄-ba-nu-il₂-la",
                    "delim": "",
                    "gdl": [
                      {
                        "det": "semantic",
                        "pos": "pre",
                        "seq": [
                          {
                            "v": "d",
                            "gdl_utf8": "𒀭",
                            "id": "Q007420.1.4.0"
                          }
                        ]
                      },
                      {
                        "v": "u₄",
                        "gdl_utf8": "𒌓",
                        "id": "Q007420.1.4.1",
                        "delim": "-"
                      },
                      {
                        "v": "ba",
                        "gdl_utf8": "𒁀",
                        "id": "Q007420.1.4.2",
                        "delim": "-"
                      },
                      {
                        "v": "nu",
                        "gdl_utf8": "𒉡",
                        "id": "Q007420.1.4.3",
                        "delim": "-"
                      },
                      {
                        "v": "il₂",
                        "gdl_utf8": "𒅍",
                        "id": "Q007420.1.4.4",
                        "delim": "-"
                      },
                      {
                        "v": "la",
                        "gdl_utf8": "𒆷",
                        "id": "Q007420.1.4.5"
                      }
                    ],
                    "cf": "Ubanuila",
                    "gw": "1",
                    "sense": "1",
                    "norm0": "Ubanuila",
                    "pos": "ON",
                    "epos": "ON",
                    "base": "{d}u₄-ba-nu-il₂-la",
                    "morph": "~"
                  }
                },
                {
                  "node": "l",
                  "frag": "udug₂",
                  "id": "Q007420.l03922",
                  "ref": "Q007420.1.5",
                  "inst": "udug[weapon]N",
                  "sig": "@ribo/babylon0%sux:udug₂=udug[weapon//weapon]N'N$udug/udug₂#~",
                  "f": {
                    "lang": "sux",
                    "form": "udug₂",
                    "delim": "",
                    "gdl": [
                      {
                        "v": "udug₂",
                        "gdl_utf8": "𒂷𒄑",
                        "id": "Q007420.1.5.0"
                      }
                    ],
                    "cf": "udug",
                    "gw": "weapon",
                    "sense": "weapon",
                    "norm0": "udug",
                    "pos": "N",
                    "epos": "N",
                    "base": "udug₂",
                    "morph": "~"
                  }
                },
                {
                  "node": "l",
                  "frag": "kala-ga",
                  "id": "Q007420.l03923",
                  "ref": "Q007420.1.6",
                  "inst": "kalag[(to be) strong, powerful, mighty]V/i",
                  "sig": "@ribo/babylon0%sux:kala-ga=kalag[strong//(to be) strong, powerful, mighty]V/i'V/i$kalag;a/kala-g·a#~;a",
                  "f": {
                    "lang": "sux",
                    "form": "kala-ga",
                    "delim": "",
                    "gdl": [
                      {
                        "v": "kala",
                        "gdl_utf8": "𒆗",
                        "id": "Q007420.1.6.0",
                        "delim": "-"
                      },
                      {
                        "v": "ga",
                        "gdl_utf8": "𒂵",
                        "id": "Q007420.1.6.1"
                      }
                    ],
                    "cf": "kalag",
                    "gw": "strong",
                    "sense": "(to be) strong, powerful, mighty",
                    "norm0": "kalag;a",
                    "pos": "V/i",
                    "epos": "V/i",
                    "base": "kala-g·a",
                    "morph": "~;a"
                  }
                },
                {
                  "node": "l",
                  "frag": "{d}nin-urta",
                  "id": "Q007420.l03924",
                  "ref": "Q007420.1.7",
                  "inst": "Ninurta[1]DN",
                  "sig": "@ribo/babylon0%sux:{d}nin-urta=Ninurta[1//1]DN'DN$Ninurta/{d}nin-urta#~",
                  "f": {
                    "lang": "sux",
                    "form": "{d}nin-urta",
                    "delim": "",
                    "gdl": [
                      {
                        "det": "semantic",
                        "pos": "pre",
                        "seq": [
                          {
                            "v": "d",
                            "gdl_utf8": "𒀭",
                            "id": "Q007420.1.7.0"
                          }
                        ]
                      },
                      {
                        "v": "nin",
                        "gdl_utf8": "𒊩𒌆",
                        "id": "Q007420.1.7.1",
                        "delim": "-"
                      },
                      {
                        "v": "urta",
                        "gdl_utf8": "𒅁",
                        "id": "Q007420.1.7.2"
                      }
                    ],
                    "cf": "Ninurta",
                    "gw": "1",
                    "sense": "1",
                    "norm0": "Ninurta",
                    "pos": "DN",
                    "epos": "DN",
                    "base": "{d}nin-urta",
                    "morph": "~"
                  }
                },
                {
                  "node": "l",
                  "frag": "ur-saŋ",
                  "id": "Q007420.l03925",
                  "ref": "Q007420.1.8",
                  "inst": "ursaŋ[warrior, hero]N",
                  "sig": "@ribo/babylon0%sux:ur-saŋ=ursaŋ[hero//warrior, hero]N'N$ursaŋ/ur-saŋ#~",
                  "f": {
                    "lang": "sux",
                    "form": "ur-saŋ",
                    "delim": "",
                    "gdl": [
                      {
                        "v": "ur",
                        "gdl_utf8": "𒌨",
                        "id": "Q007420.1.8.0",
                        "delim": "-"
                      },
                      {
                        "v": "saŋ",
                        "gdl_utf8": "𒊕",
                        "id": "Q007420.1.8.1"
                      }
                    ],
                    "cf": "ursaŋ",
                    "gw": "hero",
                    "sense": "warrior, hero",
                    "norm0": "ursaŋ",
                    "pos": "N",
                    "epos": "N",
                    "base": "ur-saŋ",
                    "morph": "~"
                  }
                },
                {
                  "node": "l",
                  "frag": "gal",
                  "id": "Q007420.l03926",
                  "ref": "Q007420.1.9",
                  "inst": "gal[(to be) big, great]V/i",
                  "sig": "@ribo/babylon0%sux:gal=gal[big//(to be) big, great]V/i'V/i$gal/gal#~",
                  "f": {
                    "lang": "sux",
                    "form": "gal",
                    "delim": "",
                    "gdl": [
                      {
                        "v": "gal",
                        "gdl_utf8": "𒃲",
                        "id": "Q007420.1.9.0"
                      }
                    ],
                    "cf": "gal",
                    "gw": "big",
                    "sense": "(to be) big, great",
                    "norm0": "gal",
                    "pos": "V/i",
                    "epos": "V/i",
                    "base": "gal",
                    "morph": "~"
                  }
                },
                {
                  "node": "l",
                  "frag": "in-na-an-gibil-a",
                  "id": "Q007420.l03927",
                  "ref": "Q007420.1.10",
                  "inst": "gibil[new//to make new]V/i'V/t",
                  "sig": "@ribo/babylon0%sux:in-na-an-gibil-a=gibil[new//to make new]V/i'V/t$V.na.n:gibil;a/gibil#V.na.n:~;a",
                  "f": {
                    "lang": "sux",
                    "form": "in-na-an-gibil-a",
                    "gdl": [
                      {
                        "v": "in",
                        "gdl_utf8": "𒅔",
                        "id": "Q007420.1.10.0",
                        "delim": "-"
                      },
                      {
                        "v": "na",
                        "gdl_utf8": "𒈾",
                        "id": "Q007420.1.10.1",
                        "delim": "-"
                      },
                      {
                        "v": "an",
                        "gdl_utf8": "𒀭",
                        "id": "Q007420.1.10.2",
                        "delim": "-"
                      },
                      {
                        "v": "gibil",
                        "gdl_utf8": "𒉋",
                        "id": "Q007420.1.10.3",
                        "delim": "-"
                      },
                      {
                        "v": "a",
                        "gdl_utf8": "𒀀",
                        "id": "Q007420.1.10.4"
                      }
                    ],
                    "cf": "gibil",
                    "gw": "new",
                    "sense": "to make new",
                    "norm0": "V.na.n:gibil;a",
                    "pos": "V/i",
                    "epos": "V/t",
                    "base": "gibil",
                    "morph": "V.na.n:~;a"
                  }
                }
              ]
            }
          ]
        }
      ]
    }
  ]
}
