{
  "type": "cdl",
  "project": "ribo/babylon0",
  "source": "http://oracc.org/ribo/babylon0",
  "license": "This data is released under the CC0 license",
  "license-url": "https://creativecommons.org/publicdomain/zero/1.0/",
  "more-info": "http://oracc.org/doc/opendata/",
  "UTC-timestamp": "2019-01-12T08:23:20",
  "textid": "Q007645",
  "cdl": [
    {
      "node": "c",
      "type": "text",
      "id": "Q007645.U0",
      "cdl": [
        {
          "node": "d",
          "type": "object",
          "ref": ""
        },
        {
          "node": "d",
          "type": "surface",
          "ref": ""
        },
        {
          "node": "c",
          "type": "discourse",
          "subtype": "body",
          "id": "Q007645.U1",
          "cdl": [
            {
              "node": "c",
              "type": "sentence",
              "implicit": "yes",
              "id": "Q007645.U2",
              "label": "1",
              "cdl": [
                {
                  "node": "d",
                  "type": "line-start",
                  "ref": "Q007645.1",
                  "n": "1",
                  "label": "1"
                },
                {
                  "node": "l",
                  "frag": "mu",
                  "id": "Q007645.l001d9",
                  "ref": "Q007645.1.1",
                  "inst": "mu[year]N",
                  "sig": "@ribo/babylon0%sux:mu=mu[year//year]N'N$mu/mu#~",
                  "f": {
                    "lang": "sux",
                    "form": "mu",
                    "delim": "",
                    "gdl": [
                      {
                        "v": "mu",
                        "gdl_utf8": "𒈬",
                        "id": "Q007645.1.1.0"
                      }
                    ],
                    "cf": "mu",
                    "gw": "year",
                    "sense": "year",
                    "norm0": "mu",
                    "pos": "N",
                    "epos": "N",
                    "base": "mu",
                    "morph": "~"
                  }
                },
                {
                  "node": "l",
                  "frag": "am-mi-di-ta-na",
                  "id": "Q007645.l001da",
                  "ref": "Q007645.1.2",
                  "inst": "Ammi-ditana[king of Babylon]RN",
                  "sig": "@ribo/babylon0%sux:am-mi-di-ta-na=Ammi-ditana[king of Babylon//king of Babylon]RN'RN$Ammi-ditana/am-mi-di-ta-na#~",
                  "f": {
                    "lang": "sux",
                    "form": "am-mi-di-ta-na",
                    "delim": "",
                    "gdl": [
                      {
                        "v": "am",
                        "gdl_utf8": "𒄠",
                        "id": "Q007645.1.2.0",
                        "delim": "-"
                      },
                      {
                        "v": "mi",
                        "gdl_utf8": "𒈪",
                        "id": "Q007645.1.2.1",
                        "delim": "-"
                      },
                      {
                        "v": "di",
                        "gdl_utf8": "𒁲",
                        "id": "Q007645.1.2.2",
                        "delim": "-"
                      },
                      {
                        "v": "ta",
                        "gdl_utf8": "𒋫",
                        "id": "Q007645.1.2.3",
                        "delim": "-"
                      },
                      {
                        "v": "na",
                        "gdl_utf8": "𒈾",
                        "id": "Q007645.1.2.4"
                      }
                    ],
                    "cf": "Ammi-ditana",
                    "gw": "king of Babylon",
                    "sense": "king of Babylon",
                    "norm0": "Ammi-ditana",
                    "pos": "RN",
                    "epos": "RN",
                    "base": "am-mi-di-ta-na",
                    "morph": "~"
                  }
                },
                {
                  "node": "l",
                  "frag": "lugal-e",
                  "id": "Q007645.l001db",
                  "ref": "Q007645.1.3",
                  "inst": "lugal[king]N",
                  "sig": "@ribo/babylon0%sux:lugal-e=lugal[king//king]N'N$lugal,e/lugal#~,e",
                  "f": {
                    "lang": "sux",
                    "form": "lugal-e",
                    "delim": "",
                    "gdl": [
                      {
                        "v": "lugal",
                        "gdl_utf8": "𒈗",
                        "id": "Q007645.1.3.0",
                        "delim": "-"
                      },
                      {
                        "v": "e",
                        "gdl_utf8": "𒂊",
                        "id": "Q007645.1.3.1"
                      }
                    ],
                    "cf": "lugal",
                    "gw": "king",
                    "sense": "king",
                    "norm0": "lugal,e",
                    "pos": "N",
                    "epos": "N",
                    "base": "lugal",
                    "morph": "~,e"
                  }
                },
                {
                  "node": "l",
                  "frag": "alan",
                  "id": "Q007645.l001dc",
                  "ref": "Q007645.1.4",
                  "inst": "alan[statue]N",
                  "sig": "@ribo/babylon0%sux:alan=alan[statue//statue]N'N$alan/alan#~",
                  "f": {
                    "lang": "sux",
                    "form": "alan",
                    "delim": "",
                    "gdl": [
                      {
                        "v": "alan",
                        "gdl_utf8": "𒀩",
                        "id": "Q007645.1.4.0"
                      }
                    ],
                    "cf": "alan",
                    "gw": "statue",
                    "sense": "statue",
                    "norm0": "alan",
                    "pos": "N",
                    "epos": "N",
                    "base": "alan",
                    "morph": "~"
                  }
                },
                {
                  "node": "l",
                  "frag": "nam-nun-na-ni",
                  "id": "Q007645.l001dd",
                  "ref": "Q007645.1.5",
                  "inst": "namnun[magnificance]N",
                  "sig": "@ribo/babylon0%sux:nam-nun-na-ni=namnun[magnificance//magnificance]N'N$namnunani/nam-nun+-na=n.a#~ani",
                  "f": {
                    "lang": "sux",
                    "form": "nam-nun-na-ni",
                    "delim": "",
                    "gdl": [
                      {
                        "v": "nam",
                        "gdl_utf8": "𒉆",
                        "id": "Q007645.1.5.0",
                        "delim": "-"
                      },
                      {
                        "v": "nun",
                        "gdl_utf8": "𒉣",
                        "id": "Q007645.1.5.1",
                        "delim": "-"
                      },
                      {
                        "v": "na",
                        "gdl_utf8": "𒈾",
                        "id": "Q007645.1.5.2",
                        "delim": "-"
                      },
                      {
                        "v": "ni",
                        "gdl_utf8": "𒉌",
                        "id": "Q007645.1.5.3"
                      }
                    ],
                    "cf": "namnun",
                    "gw": "magnificance",
                    "sense": "magnificance",
                    "norm0": "namnunani",
                    "pos": "N",
                    "epos": "N",
                    "base": "nam-nun",
                    "cont": "-na=n.a",
                    "morph": "~ani"
                  }
                },
                {
                  "node": "l",
                  "frag": "{ŋeš}gu-za",
                  "id": "Q007645.l001de",
                  "ref": "Q007645.1.6",
                  "inst": "guza[chair, throne]N",
                  "sig": "@ribo/babylon0%sux:{ŋeš}gu-za=guza[chair//chair, throne]N'N$guza/{ŋeš}gu-za#~",
                  "f": {
                    "lang": "sux",
                    "form": "{ŋeš}gu-za",
                    "delim": "",
                    "gdl": [
                      {
                        "det": "semantic",
                        "pos": "pre",
                        "seq": [
                          {
                            "v": "ŋeš",
                            "gdl_utf8": "𒄑",
                            "id": "Q007645.1.6.0"
                          }
                        ]
                      },
                      {
                        "v": "gu",
                        "gdl_utf8": "𒄖",
                        "id": "Q007645.1.6.1",
                        "delim": "-"
                      },
                      {
                        "v": "za",
                        "gdl_utf8": "𒍝",
                        "id": "Q007645.1.6.2"
                      }
                    ],
                    "cf": "guza",
                    "gw": "chair",
                    "sense": "chair, throne",
                    "norm0": "guza",
                    "pos": "N",
                    "epos": "N",
                    "base": "{ŋeš}gu-za",
                    "morph": "~"
                  }
                },
                {
                  "node": "l",
                  "frag": "para₁₀",
                  "id": "Q007645.l001df",
                  "ref": "Q007645.1.7",
                  "inst": "barag[dais, seat]N",
                  "sig": "@ribo/babylon0%sux:para₁₀=barag[dais//dais, seat]N'N$barag/para₁₀#~",
                  "f": {
                    "lang": "sux",
                    "form": "para₁₀",
                    "delim": "",
                    "gdl": [
                      {
                        "v": "para₁₀",
                        "gdl_utf8": "𒁈",
                        "id": "Q007645.1.7.0"
                      }
                    ],
                    "cf": "barag",
                    "gw": "dais",
                    "sense": "dais, seat",
                    "norm0": "barag",
                    "pos": "N",
                    "epos": "N",
                    "base": "para₁₀",
                    "morph": "~"
                  }
                },
                {
                  "node": "l",
                  "frag": "mah-a",
                  "id": "Q007645.l001e0",
                  "ref": "Q007645.1.8",
                  "inst": "mah[(to be) great]V/i",
                  "sig": "@ribo/babylon0%sux:mah-a=mah[great//(to be) great]V/i'V/i$mah;a/mah#~;a",
                  "f": {
                    "lang": "sux",
                    "form": "mah-a",
                    "delim": "",
                    "gdl": [
                      {
                        "v": "mah",
                        "gdl_utf8": "𒈤",
                        "id": "Q007645.1.8.0",
                        "delim": "-"
                      },
                      {
                        "v": "a",
                        "gdl_utf8": "𒀀",
                        "id": "Q007645.1.8.1"
                      }
                    ],
                    "cf": "mah",
                    "gw": "great",
                    "sense": "(to be) great",
                    "norm0": "mah;a",
                    "pos": "V/i",
                    "epos": "V/i",
                    "base": "mah",
                    "morph": "~;a"
                  }
                },
                {
                  "node": "l",
                  "frag": "an-da-ri-a",
                  "id": "Q007645.l001e1",
                  "ref": "Q007645.1.9",
                  "inst": "ri[to lay down, cast, place]V/t",
                  "sig": "@ribo/babylon0%sux:an-da-ri-a=ri[impose//to lay down, cast, place]V/t'V/t$V.n.da:ri;a/ri#V.n.da:~;a",
                  "f": {
                    "lang": "sux",
                    "form": "an-da-ri-a",
                    "delim": "",
                    "gdl": [
                      {
                        "v": "an",
                        "gdl_utf8": "𒀭",
                        "id": "Q007645.1.9.0",
                        "delim": "-"
                      },
                      {
                        "v": "da",
                        "gdl_utf8": "𒁕",
                        "id": "Q007645.1.9.1",
                        "delim": "-"
                      },
                      {
                        "v": "ri",
                        "gdl_utf8": "𒊑",
                        "id": "Q007645.1.9.2",
                        "delim": "-"
                      },
                      {
                        "v": "a",
                        "gdl_utf8": "𒀀",
                        "id": "Q007645.1.9.3"
                      }
                    ],
                    "cf": "ri",
                    "gw": "impose",
                    "sense": "to lay down, cast, place",
                    "norm0": "V.n.da:ri;a",
                    "pos": "V/t",
                    "epos": "V/t",
                    "base": "ri",
                    "morph": "V.n.da:~;a"
                  }
                },
                {
                  "node": "l",
                  "frag": "e₂-saŋ-il₂-la-še₃",
                  "id": "Q007645.l001e2",
                  "ref": "Q007645.1.10",
                  "inst": "Esagil[1]TN",
                  "sig": "@ribo/babylon0%sux:e₂-saŋ-il₂-la-še₃=Esagil[1//1]TN'TN$Esagil,eše/e₂-saŋ-il₂-la#~,eše",
                  "f": {
                    "lang": "sux",
                    "form": "e₂-saŋ-il₂-la-še₃",
                    "delim": "",
                    "gdl": [
                      {
                        "v": "e₂",
                        "gdl_utf8": "𒂍",
                        "id": "Q007645.1.10.0",
                        "delim": "-"
                      },
                      {
                        "v": "saŋ",
                        "gdl_utf8": "𒊕",
                        "id": "Q007645.1.10.1",
                        "delim": "-"
                      },
                      {
                        "v": "il₂",
                        "gdl_utf8": "𒅍",
                        "id": "Q007645.1.10.2",
                        "delim": "-"
                      },
                      {
                        "v": "la",
                        "gdl_utf8": "𒆷",
                        "id": "Q007645.1.10.3",
                        "delim": "-"
                      },
                      {
                        "v": "še₃",
                        "gdl_utf8": "𒂠",
                        "id": "Q007645.1.10.4"
                      }
                    ],
                    "cf": "Esagil",
                    "gw": "1",
                    "sense": "1",
                    "norm0": "Esagil,eše",
                    "pos": "TN",
                    "epos": "TN",
                    "base": "e₂-saŋ-il₂-la",
                    "morph": "~,eše"
                  }
                },
                {
                  "node": "l",
                  "frag": "i-ni-in-ku₄-ra-am₃",
                  "id": "Q007645.l001e3",
                  "ref": "Q007645.1.11",
                  "inst": "kur[enter//to bring into]V/i'V/t",
                  "sig": "@ribo/babylon0%sux:i-ni-in-ku₄-ra-am₃=kur[enter//to bring into]V/i'V/t$V.i.n:kur;a.am/ku₄-r·a#V.i.n:~;a.am",
                  "f": {
                    "lang": "sux",
                    "form": "i-ni-in-ku₄-ra-am₃",
                    "delim": "",
                    "gdl": [
                      {
                        "v": "i",
                        "gdl_utf8": "𒄿",
                        "id": "Q007645.1.11.0",
                        "delim": "-"
                      },
                      {
                        "v": "ni",
                        "gdl_utf8": "𒉌",
                        "id": "Q007645.1.11.1",
                        "delim": "-"
                      },
                      {
                        "v": "in",
                        "gdl_utf8": "𒅔",
                        "id": "Q007645.1.11.2",
                        "delim": "-"
                      },
                      {
                        "v": "ku₄",
                        "gdl_utf8": "𒆭",
                        "id": "Q007645.1.11.3",
                        "delim": "-"
                      },
                      {
                        "v": "ra",
                        "gdl_utf8": "𒊏",
                        "id": "Q007645.1.11.4",
                        "delim": "-"
                      },
                      {
                        "v": "am₃",
                        "gdl_utf8": "𒀀𒀭",
                        "id": "Q007645.1.11.5"
                      }
                    ],
                    "cf": "kur",
                    "gw": "enter",
                    "sense": "to bring into",
                    "norm0": "V.i.n:kur;a.am",
                    "pos": "V/i",
                    "epos": "V/t",
                    "base": "ku₄-r·a",
                    "morph": "V.i.n:~;a.am"
                  }
                },
                {
                  "node": "l",
                  "frag": "(in-na-an-ku₄-ra)",
                  "id": "Q007645.l001e4",
                  "ref": "Q007645.1.12",
                  "inst": "kur[enter//to bring into]V/i'V/t",
                  "sig": "@ribo/babylon0%sux:in-na-an-ku₄-ra=kur[enter//to bring into]V/i'V/t$V.na.n:kur;a/ku₄-r·a#V.na.n:~;a",
                  "f": {
                    "lang": "sux",
                    "form": "in-na-an-ku₄-ra",
                    "delim": "",
                    "gdl": [
                      {
                        "v": "in",
                        "gdl_utf8": "𒅔",
                        "id": "Q007645.1.12.0",
                        "statusStart": "1",
                        "o": "(",
                        "delim": "-"
                      },
                      {
                        "v": "na",
                        "gdl_utf8": "𒈾",
                        "id": "Q007645.1.12.1",
                        "delim": "-"
                      },
                      {
                        "v": "an",
                        "gdl_utf8": "𒀭",
                        "id": "Q007645.1.12.2",
                        "delim": "-"
                      },
                      {
                        "v": "ku₄",
                        "gdl_utf8": "𒆭",
                        "id": "Q007645.1.12.3",
                        "delim": "-"
                      },
                      {
                        "v": "ra",
                        "gdl_utf8": "𒊏",
                        "id": "Q007645.1.12.4",
                        "o": ")",
                        "statusStart": "Q007645.1.12.0"
                      }
                    ],
                    "cf": "kur",
                    "gw": "enter",
                    "sense": "to bring into",
                    "norm0": "V.na.n:kur;a",
                    "pos": "V/i",
                    "epos": "V/t",
                    "base": "ku₄-r·a",
                    "morph": "V.na.n:~;a"
                  }
                },
                {
                  "node": "l",
                  "frag": "(in-ni-ku₄-ra)",
                  "id": "Q007645.l001e5",
                  "ref": "Q007645.1.13",
                  "inst": "kur[enter//to bring into]V/i'V/t",
                  "sig": "@ribo/babylon0%sux:in-ni-ku₄-ra=kur[enter//to bring into]V/i'V/t$V.ni:kur;a/ku₄-r·a#V.ni:~;a",
                  "f": {
                    "lang": "sux",
                    "form": "in-ni-ku₄-ra",
                    "gdl": [
                      {
                        "v": "in",
                        "gdl_utf8": "𒅔",
                        "id": "Q007645.1.13.0",
                        "statusStart": "1",
                        "o": "(",
                        "delim": "-"
                      },
                      {
                        "v": "ni",
                        "gdl_utf8": "𒉌",
                        "id": "Q007645.1.13.1",
                        "delim": "-"
                      },
                      {
                        "v": "ku₄",
                        "gdl_utf8": "𒆭",
                        "id": "Q007645.1.13.2",
                        "delim": "-"
                      },
                      {
                        "v": "ra",
                        "gdl_utf8": "𒊏",
                        "id": "Q007645.1.13.3",
                        "o": ")",
                        "statusStart": "Q007645.1.13.0"
                      }
                    ],
                    "cf": "kur",
                    "gw": "enter",
                    "sense": "to bring into",
                    "norm0": "V.ni:kur;a",
                    "pos": "V/i",
                    "epos": "V/t",
                    "base": "ku₄-r·a",
                    "morph": "V.ni:~;a"
                  }
                }
              ]
            }
          ]
        }
      ]
    }
  ]
}
