{
  "type": "cdl",
  "project": "ribo/babylon0",
  "source": "http://oracc.org/ribo/babylon0",
  "license": "This data is released under the CC0 license",
  "license-url": "https://creativecommons.org/publicdomain/zero/1.0/",
  "more-info": "http://oracc.org/doc/opendata/",
  "UTC-timestamp": "2019-01-12T08:23:18",
  "textid": "Q007415",
  "cdl": [
    {
      "node": "c",
      "type": "text",
      "id": "Q007415.U0",
      "cdl": [
        {
          "node": "d",
          "type": "object",
          "ref": ""
        },
        {
          "node": "d",
          "type": "surface",
          "ref": ""
        },
        {
          "node": "c",
          "type": "discourse",
          "subtype": "body",
          "id": "Q007415.U1",
          "cdl": [
            {
              "node": "c",
              "type": "sentence",
              "implicit": "yes",
              "id": "Q007415.U2",
              "label": "1",
              "cdl": [
                {
                  "node": "d",
                  "type": "line-start",
                  "ref": "Q007415.1",
                  "n": "1",
                  "label": "1"
                },
                {
                  "node": "l",
                  "frag": "mu",
                  "id": "Q007415.l038e3",
                  "ref": "Q007415.1.1",
                  "inst": "mu[year]N",
                  "sig": "@ribo/babylon0%sux:mu=mu[year//year]N'N$mu/mu#~",
                  "f": {
                    "lang": "sux",
                    "form": "mu",
                    "delim": "",
                    "gdl": [
                      {
                        "v": "mu",
                        "gdl_utf8": "𒈬",
                        "id": "Q007415.1.1.0"
                      }
                    ],
                    "cf": "mu",
                    "gw": "year",
                    "sense": "year",
                    "norm0": "mu",
                    "pos": "N",
                    "epos": "N",
                    "base": "mu",
                    "morph": "~"
                  }
                },
                {
                  "node": "l",
                  "frag": "sa-am-su-i-lu-na",
                  "id": "Q007415.l038e4",
                  "ref": "Q007415.1.2",
                  "inst": "Samsu-iluna[king of Babylon]RN",
                  "sig": "@ribo/babylon0%sux:sa-am-su-i-lu-na=Samsu-iluna[king of Babylon//king of Babylon]RN'RN$Samsu-iluna/sa-am-su-i-lu-na#~",
                  "f": {
                    "lang": "sux",
                    "form": "sa-am-su-i-lu-na",
                    "delim": "",
                    "gdl": [
                      {
                        "v": "sa",
                        "gdl_utf8": "𒊓",
                        "id": "Q007415.1.2.0",
                        "delim": "-"
                      },
                      {
                        "v": "am",
                        "gdl_utf8": "𒄠",
                        "id": "Q007415.1.2.1",
                        "delim": "-"
                      },
                      {
                        "v": "su",
                        "gdl_utf8": "𒋢",
                        "id": "Q007415.1.2.2",
                        "delim": "-"
                      },
                      {
                        "v": "i",
                        "gdl_utf8": "𒄿",
                        "id": "Q007415.1.2.3",
                        "delim": "-"
                      },
                      {
                        "v": "lu",
                        "gdl_utf8": "𒇻",
                        "id": "Q007415.1.2.4",
                        "delim": "-"
                      },
                      {
                        "v": "na",
                        "gdl_utf8": "𒈾",
                        "id": "Q007415.1.2.5"
                      }
                    ],
                    "cf": "Samsu-iluna",
                    "gw": "king of Babylon",
                    "sense": "king of Babylon",
                    "norm0": "Samsu-iluna",
                    "pos": "RN",
                    "epos": "RN",
                    "base": "sa-am-su-i-lu-na",
                    "morph": "~"
                  }
                },
                {
                  "node": "l",
                  "frag": "lugal-e",
                  "id": "Q007415.l038e5",
                  "ref": "Q007415.1.3",
                  "inst": "lugal[king]N",
                  "sig": "@ribo/babylon0%sux:lugal-e=lugal[king//king]N'N$lugal,e/lugal#~,e",
                  "f": {
                    "lang": "sux",
                    "form": "lugal-e",
                    "delim": "",
                    "gdl": [
                      {
                        "v": "lugal",
                        "gdl_utf8": "𒈗",
                        "id": "Q007415.1.3.0",
                        "delim": "-"
                      },
                      {
                        "v": "e",
                        "gdl_utf8": "𒂊",
                        "id": "Q007415.1.3.1"
                      }
                    ],
                    "cf": "lugal",
                    "gw": "king",
                    "sense": "king",
                    "norm0": "lugal,e",
                    "pos": "N",
                    "epos": "N",
                    "base": "lugal",
                    "morph": "~,e"
                  }
                },
                {
                  "node": "l",
                  "frag": "enim",
                  "id": "Q007415.l038e6",
                  "ref": "Q007415.1.4",
                  "inst": "inim[word]N",
                  "sig": "@ribo/babylon0%sux:enim=inim[word//word]N'N$inim/enim#~",
                  "f": {
                    "lang": "sux",
                    "form": "enim",
                    "delim": "",
                    "gdl": [
                      {
                        "v": "enim",
                        "gdl_utf8": "𒅗",
                        "id": "Q007415.1.4.0"
                      }
                    ],
                    "cf": "inim",
                    "gw": "word",
                    "sense": "word",
                    "norm0": "inim",
                    "pos": "N",
                    "epos": "N",
                    "base": "enim",
                    "morph": "~"
                  }
                },
                {
                  "node": "l",
                  "frag": "du₁₁-ga",
                  "id": "Q007415.l038e7",
                  "ref": "Q007415.1.5",
                  "inst": "duga[command]N",
                  "sig": "@ribo/babylon0%sux:du₁₁-ga=duga[command//command]N'N$duga/du₁₁-ga#~",
                  "f": {
                    "lang": "sux",
                    "form": "du₁₁-ga",
                    "delim": "",
                    "gdl": [
                      {
                        "v": "du₁₁",
                        "gdl_utf8": "𒅗",
                        "id": "Q007415.1.5.0",
                        "delim": "-"
                      },
                      {
                        "v": "ga",
                        "gdl_utf8": "𒂵",
                        "id": "Q007415.1.5.1"
                      }
                    ],
                    "cf": "duga",
                    "gw": "command",
                    "sense": "command",
                    "norm0": "duga",
                    "pos": "N",
                    "epos": "N",
                    "base": "du₁₁-ga",
                    "morph": "~"
                  }
                },
                {
                  "node": "l",
                  "frag": "{d}utu",
                  "id": "Q007415.l038e8",
                  "ref": "Q007415.1.6",
                  "inst": "Utu[1]DN",
                  "sig": "@ribo/babylon0%sux:{d}utu=Utu[1//1]DN'DN$Utu/{d}utu#~",
                  "f": {
                    "lang": "sux",
                    "form": "{d}utu",
                    "delim": "",
                    "gdl": [
                      {
                        "det": "semantic",
                        "pos": "pre",
                        "seq": [
                          {
                            "v": "d",
                            "gdl_utf8": "𒀭",
                            "id": "Q007415.1.6.0"
                          }
                        ]
                      },
                      {
                        "v": "utu",
                        "gdl_utf8": "𒌓",
                        "id": "Q007415.1.6.1"
                      }
                    ],
                    "cf": "Utu",
                    "gw": "1",
                    "sense": "1",
                    "norm0": "Utu",
                    "pos": "DN",
                    "epos": "DN",
                    "base": "{d}utu",
                    "morph": "~"
                  }
                },
                {
                  "node": "l",
                  "frag": "{d}amar-utu-bi-da-ta",
                  "id": "Q007415.l038e9",
                  "ref": "Q007415.1.7",
                  "inst": "+Marduk[1]DN/{d}amar-utu#~,bi.da.ak.ta",
                  "sig": "@ribo/babylon0%sux:{d}amar-utu-bi-da-ta=Marduk[1//1]DN'DN$Marduk,bi.da.ak.ta/{d}amar-utu#~,bi.da.ak.ta",
                  "f": {
                    "lang": "sux",
                    "form": "{d}amar-utu-bi-da-ta",
                    "delim": "",
                    "gdl": [
                      {
                        "det": "semantic",
                        "pos": "pre",
                        "seq": [
                          {
                            "v": "d",
                            "gdl_utf8": "𒀭",
                            "id": "Q007415.1.7.0"
                          }
                        ]
                      },
                      {
                        "v": "amar",
                        "gdl_utf8": "𒀫",
                        "id": "Q007415.1.7.1",
                        "delim": "-"
                      },
                      {
                        "v": "utu",
                        "gdl_utf8": "𒌓",
                        "id": "Q007415.1.7.2",
                        "delim": "-"
                      },
                      {
                        "v": "bi",
                        "gdl_utf8": "𒁉",
                        "id": "Q007415.1.7.3",
                        "delim": "-"
                      },
                      {
                        "v": "da",
                        "gdl_utf8": "𒁕",
                        "id": "Q007415.1.7.4",
                        "delim": "-"
                      },
                      {
                        "v": "ta",
                        "gdl_utf8": "𒋫",
                        "id": "Q007415.1.7.5"
                      }
                    ],
                    "cf": "Marduk",
                    "gw": "1",
                    "sense": "1",
                    "norm0": "Marduk,bi.da.ak.ta",
                    "pos": "DN",
                    "epos": "DN",
                    "base": "{d}amar-utu",
                    "morph": "~,bi.da.ak.ta"
                  }
                },
                {
                  "node": "l",
                  "frag": "iri",
                  "id": "Q007415.l038ea",
                  "ref": "Q007415.1.8",
                  "inst": "iri[city]N",
                  "sig": "@ribo/babylon0%sux:iri=iri[city//city]N'N$iri/iri#~",
                  "f": {
                    "lang": "sux",
                    "form": "iri",
                    "delim": "",
                    "gdl": [
                      {
                        "v": "iri",
                        "gdl_utf8": "𒌷",
                        "id": "Q007415.1.8.0"
                      }
                    ],
                    "cf": "iri",
                    "gw": "city",
                    "sense": "city",
                    "norm0": "iri",
                    "pos": "N",
                    "epos": "N",
                    "base": "iri",
                    "morph": "~"
                  }
                },
                {
                  "node": "l",
                  "frag": "sag-ga-ra-tum{ki}ma",
                  "id": "Q007415.l038eb",
                  "ref": "Q007415.1.9",
                  "inst": "+Saggaratum[1]GN/sag-ga-ra-tum{ki}+-ma=m.a#~,ak",
                  "sig": "@ribo/babylon0%sux:sag-ga-ra-tum{ki}-ma=Saggaratum[1//1]GN'GN$Saggaratum,ak/sag-ga-ra-tum{ki}+-ma=m.a#~,ak",
                  "f": {
                    "lang": "sux",
                    "form": "sag-ga-ra-tum{ki}-ma",
                    "delim": "",
                    "gdl": [
                      {
                        "v": "sag",
                        "gdl_utf8": "𒊕",
                        "id": "Q007415.1.9.0",
                        "delim": "-"
                      },
                      {
                        "v": "ga",
                        "gdl_utf8": "𒂵",
                        "id": "Q007415.1.9.1",
                        "delim": "-"
                      },
                      {
                        "v": "ra",
                        "gdl_utf8": "𒊏",
                        "id": "Q007415.1.9.2",
                        "delim": "-"
                      },
                      {
                        "v": "tum",
                        "gdl_utf8": "𒌈",
                        "id": "Q007415.1.9.3"
                      },
                      {
                        "det": "semantic",
                        "pos": "post",
                        "delim": "-",
                        "seq": [
                          {
                            "v": "ki",
                            "gdl_utf8": "𒆠",
                            "id": "Q007415.1.9.4"
                          }
                        ]
                      },
                      {
                        "v": "ma",
                        "gdl_utf8": "𒈠",
                        "id": "Q007415.1.9.5"
                      }
                    ],
                    "cf": "Saggaratum",
                    "gw": "1",
                    "sense": "1",
                    "norm0": "Saggaratum,ak",
                    "pos": "GN",
                    "epos": "GN",
                    "base": "sag-ga-ra-tum{ki}",
                    "cont": "-ma=m.a",
                    "morph": "~,ak"
                  }
                },
                {
                  "node": "l",
                  "frag": "šeg₁₂",
                  "id": "Q007415.l038ec",
                  "ref": "Q007415.1.10",
                  "inst": "šeg[brick, mudbrick]N",
                  "sig": "@ribo/babylon0%sux:šeg₁₂=šeg[brick//brick, mudbrick]N'N$šeg/šeg₁₂#~",
                  "f": {
                    "lang": "sux",
                    "form": "šeg₁₂",
                    "delim": "",
                    "gdl": [
                      {
                        "v": "šeg₁₂",
                        "gdl_utf8": "𒋞",
                        "id": "Q007415.1.10.0"
                      }
                    ],
                    "cf": "šeg",
                    "gw": "brick",
                    "sense": "brick, mudbrick",
                    "norm0": "šeg",
                    "pos": "N",
                    "epos": "N",
                    "base": "šeg₁₂",
                    "morph": "~"
                  }
                },
                {
                  "node": "l",
                  "frag": "kilib₃-ba",
                  "id": "Q007415.l038ed",
                  "ref": "Q007415.1.11",
                  "inst": "+kilib[total//(the) whole, entirety]N'N/kilib₃+-ba=b.a#~,a",
                  "sig": "@ribo/babylon0%sux:kilib₃-ba=kilib[total//(the) whole, entirety]N'N$kilib,a/kilib₃+-ba=b.a#~,a",
                  "f": {
                    "lang": "sux",
                    "form": "kilib₃-ba",
                    "delim": "",
                    "gdl": [
                      {
                        "v": "kilib₃",
                        "gdl_utf8": "𒆸𒆸",
                        "id": "Q007415.1.11.0",
                        "delim": "-"
                      },
                      {
                        "v": "ba",
                        "gdl_utf8": "𒁀",
                        "id": "Q007415.1.11.1"
                      }
                    ],
                    "cf": "kilib",
                    "gw": "total",
                    "sense": "(the) whole, entirety",
                    "norm0": "kilib,a",
                    "pos": "N",
                    "epos": "N",
                    "base": "kilib₃",
                    "cont": "-ba=b.a",
                    "morph": "~,a"
                  }
                },
                {
                  "node": "l",
                  "frag": "ki-bi-še₃",
                  "id": "Q007415.l038ee",
                  "ref": "Q007415.1.12",
                  "inst": "ki[place]N",
                  "sig": "@ribo/babylon0%sux:ki-bi-še₃=ki[place//place]N'N$ki,bi.eše/ki#~,bi.eše",
                  "f": {
                    "lang": "sux",
                    "form": "ki-bi-še₃",
                    "delim": "",
                    "gdl": [
                      {
                        "v": "ki",
                        "gdl_utf8": "𒆠",
                        "id": "Q007415.1.12.0",
                        "delim": "-"
                      },
                      {
                        "v": "bi",
                        "gdl_utf8": "𒁉",
                        "id": "Q007415.1.12.1",
                        "delim": "-"
                      },
                      {
                        "v": "še₃",
                        "gdl_utf8": "𒂠",
                        "id": "Q007415.1.12.2"
                      }
                    ],
                    "cf": "ki",
                    "gw": "place",
                    "sense": "place",
                    "norm0": "ki,bi.eše",
                    "pos": "N",
                    "epos": "N",
                    "base": "ki",
                    "morph": "~,bi.eše"
                  }
                },
                {
                  "node": "l",
                  "frag": "in-ne-x-x-[...]",
                  "id": "Q007415.l038ef",
                  "ref": "Q007415.1.13",
                  "inst": "u",
                  "f": {
                    "lang": "sux",
                    "form": "in-ne-x-x-x",
                    "gdl": [
                      {
                        "v": "in",
                        "gdl_utf8": "𒅔",
                        "id": "Q007415.1.13.0",
                        "delim": "-"
                      },
                      {
                        "v": "ne",
                        "gdl_utf8": "𒉈",
                        "id": "Q007415.1.13.1",
                        "delim": "-"
                      },
                      {
                        "v": "x",
                        "gdl_utf8": "x",
                        "id": "Q007415.1.13.2",
                        "delim": "-"
                      },
                      {
                        "v": "x",
                        "gdl_utf8": "x",
                        "id": "Q007415.1.13.3",
                        "delim": "-"
                      },
                      {
                        "x": "ellipsis",
                        "id": "Q007415.1.13.4",
                        "breakStart": "1",
                        "break": "missing",
                        "o": "]",
                        "breakEnd": "Q007415.1.13.4"
                      }
                    ],
                    "pos": "u"
                  }
                }
              ]
            }
          ]
        }
      ]
    }
  ]
}
