{
  "type": "cdl",
  "project": "ribo/babylon0",
  "source": "http://oracc.org/ribo/babylon0",
  "license": "This data is released under the CC0 license",
  "license-url": "https://creativecommons.org/publicdomain/zero/1.0/",
  "more-info": "http://oracc.org/doc/opendata/",
  "UTC-timestamp": "2019-01-12T08:23:06",
  "textid": "Q007322",
  "cdl": [
    {
      "node": "c",
      "type": "text",
      "id": "Q007322.U0",
      "cdl": [
        {
          "node": "d",
          "type": "object",
          "ref": ""
        },
        {
          "node": "d",
          "type": "surface",
          "ref": ""
        },
        {
          "node": "c",
          "type": "discourse",
          "subtype": "body",
          "id": "Q007322.U1",
          "cdl": [
            {
              "node": "c",
              "type": "sentence",
              "implicit": "yes",
              "id": "Q007322.U2",
              "label": "1 - 10",
              "cdl": [
                {
                  "node": "d",
                  "type": "line-start",
                  "ref": "Q007322.1",
                  "n": "1",
                  "label": "1"
                },
                {
                  "node": "l",
                  "frag": "{d}na-bi-um",
                  "id": "Q007322.l00e1d",
                  "ref": "Q007322.1.1",
                  "inst": "+Nabu[1]DN",
                  "sig": "@ribo/babylon0%sux:{d}na-bi-um=Nabu[1//1]DN'DN$Nabu/{d}na-bi-um#~",
                  "f": {
                    "lang": "sux",
                    "form": "{d}na-bi-um",
                    "gdl": [
                      {
                        "det": "semantic",
                        "pos": "pre",
                        "seq": [
                          {
                            "v": "d",
                            "gdl_utf8": "𒀭",
                            "id": "Q007322.1.1.0"
                          }
                        ]
                      },
                      {
                        "v": "na",
                        "gdl_utf8": "𒈾",
                        "id": "Q007322.1.1.1",
                        "delim": "-"
                      },
                      {
                        "v": "bi",
                        "gdl_utf8": "𒁉",
                        "id": "Q007322.1.1.2",
                        "delim": "-"
                      },
                      {
                        "v": "um",
                        "gdl_utf8": "𒌝",
                        "id": "Q007322.1.1.3"
                      }
                    ],
                    "cf": "Nabu",
                    "gw": "1",
                    "sense": "1",
                    "norm0": "Nabu",
                    "pos": "DN",
                    "epos": "DN",
                    "base": "{d}na-bi-um",
                    "morph": "~"
                  }
                },
                {
                  "node": "d",
                  "type": "line-start",
                  "ref": "Q007322.2",
                  "n": "2",
                  "label": "2"
                },
                {
                  "node": "l",
                  "frag": "enim",
                  "id": "Q007322.l00e1e",
                  "ref": "Q007322.2.1",
                  "inst": "inim[word]N",
                  "sig": "@ribo/babylon0%sux:enim=inim[word//word]N'N$inim/enim#~",
                  "f": {
                    "lang": "sux",
                    "form": "enim",
                    "delim": "",
                    "gdl": [
                      {
                        "v": "enim",
                        "gdl_utf8": "𒅗",
                        "id": "Q007322.2.1.0"
                      }
                    ],
                    "cf": "inim",
                    "gw": "word",
                    "sense": "word",
                    "norm0": "inim",
                    "pos": "N",
                    "epos": "N",
                    "base": "enim",
                    "morph": "~"
                  }
                },
                {
                  "node": "l",
                  "frag": "sa₆-sa₆-ga-ni-ir",
                  "id": "Q007322.l00e1f",
                  "ref": "Q007322.2.2",
                  "inst": "sag[(to be) good, sweet, beautiful]V/i",
                  "sig": "@ribo/babylon0%sux:sa₆-sa₆-ga-ni-ir=sag[good//(to be) good, sweet, beautiful]V/i'V/i$sag;a,ani.ra/sa₆-sa₆-g·a#~;a,ani.ra",
                  "f": {
                    "lang": "sux",
                    "form": "sa₆-sa₆-ga-ni-ir",
                    "gdl": [
                      {
                        "v": "sa₆",
                        "gdl_utf8": "𒊷",
                        "id": "Q007322.2.2.0",
                        "delim": "-"
                      },
                      {
                        "v": "sa₆",
                        "gdl_utf8": "𒊷",
                        "id": "Q007322.2.2.1",
                        "delim": "-"
                      },
                      {
                        "v": "ga",
                        "gdl_utf8": "𒂵",
                        "id": "Q007322.2.2.2",
                        "delim": "-"
                      },
                      {
                        "v": "ni",
                        "gdl_utf8": "𒉌",
                        "id": "Q007322.2.2.3",
                        "delim": "-"
                      },
                      {
                        "v": "ir",
                        "gdl_utf8": "𒅕",
                        "id": "Q007322.2.2.4"
                      }
                    ],
                    "cf": "sag",
                    "gw": "good",
                    "sense": "(to be) good, sweet, beautiful",
                    "norm0": "sag;a,ani.ra",
                    "pos": "V/i",
                    "epos": "V/i",
                    "base": "sa₆-sa₆-g·a",
                    "morph": "~;a,ani.ra"
                  }
                },
                {
                  "node": "d",
                  "type": "line-start",
                  "ref": "Q007322.3",
                  "n": "3",
                  "label": "3"
                },
                {
                  "node": "l",
                  "frag": "ha-am-mu-ra-pi₂",
                  "id": "Q007322.l00e20",
                  "ref": "Q007322.3.1",
                  "inst": "Hammu-rapi[king of Babylon]RN",
                  "sig": "@ribo/babylon0%sux:ha-am-mu-ra-pi₂=Hammu-rapi[king of Babylon//king of Babylon]RN'RN$Hammu-rapi/ha-am-mu-ra-pi₂#~",
                  "f": {
                    "lang": "sux",
                    "form": "ha-am-mu-ra-pi₂",
                    "gdl": [
                      {
                        "v": "ha",
                        "gdl_utf8": "𒄩",
                        "id": "Q007322.3.1.0",
                        "delim": "-"
                      },
                      {
                        "v": "am",
                        "gdl_utf8": "𒄠",
                        "id": "Q007322.3.1.1",
                        "delim": "-"
                      },
                      {
                        "v": "mu",
                        "gdl_utf8": "𒈬",
                        "id": "Q007322.3.1.2",
                        "delim": "-"
                      },
                      {
                        "v": "ra",
                        "gdl_utf8": "𒊏",
                        "id": "Q007322.3.1.3",
                        "delim": "-"
                      },
                      {
                        "v": "pi₂",
                        "gdl_utf8": "𒁉",
                        "id": "Q007322.3.1.4"
                      }
                    ],
                    "cf": "Hammu-rapi",
                    "gw": "king of Babylon",
                    "sense": "king of Babylon",
                    "norm0": "Hammu-rapi",
                    "pos": "RN",
                    "epos": "RN",
                    "base": "ha-am-mu-ra-pi₂",
                    "morph": "~"
                  }
                },
                {
                  "node": "d",
                  "type": "line-start",
                  "ref": "Q007322.4",
                  "n": "4",
                  "label": "4"
                },
                {
                  "node": "l",
                  "frag": "lugal",
                  "id": "Q007322.l00e21",
                  "ref": "Q007322.4.1",
                  "inst": "lugal[king]N",
                  "sig": "@ribo/babylon0%sux:lugal=lugal[king//king]N'N$lugal/lugal#~",
                  "f": {
                    "lang": "sux",
                    "form": "lugal",
                    "delim": "",
                    "gdl": [
                      {
                        "v": "lugal",
                        "gdl_utf8": "𒈗",
                        "id": "Q007322.4.1.0"
                      }
                    ],
                    "cf": "lugal",
                    "gw": "king",
                    "sense": "king",
                    "norm0": "lugal",
                    "pos": "N",
                    "epos": "N",
                    "base": "lugal",
                    "morph": "~"
                  }
                },
                {
                  "node": "l",
                  "frag": "kala-ga",
                  "id": "Q007322.l00e22",
                  "ref": "Q007322.4.2",
                  "inst": "kalag[(to be) strong, powerful, mighty]V/i",
                  "sig": "@ribo/babylon0%sux:kala-ga=kalag[strong//(to be) strong, powerful, mighty]V/i'V/i$kalag;a/kala-g·a#~;a",
                  "f": {
                    "lang": "sux",
                    "form": "kala-ga",
                    "gdl": [
                      {
                        "v": "kala",
                        "gdl_utf8": "𒆗",
                        "id": "Q007322.4.2.0",
                        "delim": "-"
                      },
                      {
                        "v": "ga",
                        "gdl_utf8": "𒂵",
                        "id": "Q007322.4.2.1"
                      }
                    ],
                    "cf": "kalag",
                    "gw": "strong",
                    "sense": "(to be) strong, powerful, mighty",
                    "norm0": "kalag;a",
                    "pos": "V/i",
                    "epos": "V/i",
                    "base": "kala-g·a",
                    "morph": "~;a"
                  }
                },
                {
                  "node": "d",
                  "type": "line-start",
                  "ref": "Q007322.5",
                  "n": "5",
                  "label": "5"
                },
                {
                  "node": "l",
                  "frag": "nam-til₃-la-ni-še₃",
                  "id": "Q007322.l00e23",
                  "ref": "Q007322.5.1",
                  "inst": "namtil[life]N",
                  "sig": "@ribo/babylon0%sux:nam-til₃-la-ni-še₃=namtil[life//life]N'N$namtil,ani.eše/nam-til₃+-la=l.a#~,ani.eše",
                  "f": {
                    "lang": "sux",
                    "form": "nam-til₃-la-ni-še₃",
                    "gdl": [
                      {
                        "v": "nam",
                        "gdl_utf8": "𒉆",
                        "id": "Q007322.5.1.0",
                        "delim": "-"
                      },
                      {
                        "v": "til₃",
                        "gdl_utf8": "𒋾",
                        "id": "Q007322.5.1.1",
                        "delim": "-"
                      },
                      {
                        "v": "la",
                        "gdl_utf8": "𒆷",
                        "id": "Q007322.5.1.2",
                        "delim": "-"
                      },
                      {
                        "v": "ni",
                        "gdl_utf8": "𒉌",
                        "id": "Q007322.5.1.3",
                        "delim": "-"
                      },
                      {
                        "v": "še₃",
                        "gdl_utf8": "𒂠",
                        "id": "Q007322.5.1.4"
                      }
                    ],
                    "cf": "namtil",
                    "gw": "life",
                    "sense": "life",
                    "norm0": "namtil,ani.eše",
                    "pos": "N",
                    "epos": "N",
                    "base": "nam-til₃",
                    "cont": "-la=l.a",
                    "morph": "~,ani.eše"
                  }
                },
                {
                  "node": "d",
                  "type": "line-start",
                  "ref": "Q007322.6",
                  "n": "6",
                  "label": "6"
                },
                {
                  "node": "l",
                  "frag": "in-na-ba",
                  "id": "Q007322.l00e24",
                  "ref": "Q007322.6.1",
                  "inst": "ba[to present]V/t",
                  "sig": "@ribo/babylon0%sux:in-na-ba=ba[allot//to present]V/t'V/t$V.na:ba/ba#V.na:~",
                  "f": {
                    "lang": "sux",
                    "form": "in-na-ba",
                    "gdl": [
                      {
                        "v": "in",
                        "gdl_utf8": "𒅔",
                        "id": "Q007322.6.1.0",
                        "delim": "-"
                      },
                      {
                        "v": "na",
                        "gdl_utf8": "𒈾",
                        "id": "Q007322.6.1.1",
                        "delim": "-"
                      },
                      {
                        "v": "ba",
                        "gdl_utf8": "𒁀",
                        "id": "Q007322.6.1.2"
                      }
                    ],
                    "cf": "ba",
                    "gw": "allot",
                    "sense": "to present",
                    "norm0": "V.na:ba",
                    "pos": "V/t",
                    "epos": "V/t",
                    "base": "ba",
                    "morph": "V.na:~"
                  }
                },
                {
                  "node": "d",
                  "type": "line-start",
                  "ref": "Q007322.7",
                  "n": "7",
                  "label": "7"
                },
                {
                  "node": "l",
                  "frag": "{d}na-bi-um",
                  "id": "Q007322.l00e25",
                  "ref": "Q007322.7.1",
                  "inst": "Nabu[1]DN",
                  "sig": "@ribo/babylon0%sux:{d}na-bi-um=Nabu[1//1]DN'DN$Nabu/{d}na-bi-um#~",
                  "f": {
                    "lang": "sux",
                    "form": "{d}na-bi-um",
                    "gdl": [
                      {
                        "det": "semantic",
                        "pos": "pre",
                        "seq": [
                          {
                            "v": "d",
                            "gdl_utf8": "𒀭",
                            "id": "Q007322.7.1.0"
                          }
                        ]
                      },
                      {
                        "v": "na",
                        "gdl_utf8": "𒈾",
                        "id": "Q007322.7.1.1",
                        "delim": "-"
                      },
                      {
                        "v": "bi",
                        "gdl_utf8": "𒁉",
                        "id": "Q007322.7.1.2",
                        "delim": "-"
                      },
                      {
                        "v": "um",
                        "gdl_utf8": "𒌝",
                        "id": "Q007322.7.1.3"
                      }
                    ],
                    "cf": "Nabu",
                    "gw": "1",
                    "sense": "1",
                    "norm0": "Nabu",
                    "pos": "DN",
                    "epos": "DN",
                    "base": "{d}na-bi-um",
                    "morph": "~"
                  }
                },
                {
                  "node": "d",
                  "type": "line-start",
                  "ref": "Q007322.8",
                  "n": "8",
                  "label": "8"
                },
                {
                  "node": "l",
                  "frag": "ha-am-mu-ra-pi₂-ra",
                  "id": "Q007322.l00e26",
                  "ref": "Q007322.8.1",
                  "inst": "Hammu-rapi[king of Babylon]RN",
                  "sig": "@ribo/babylon0%sux:ha-am-mu-ra-pi₂-ra=Hammu-rapi[king of Babylon//king of Babylon]RN'RN$Hammu-rapi,ra/ha-am-mu-ra-pi₂#~,ra",
                  "f": {
                    "lang": "sux",
                    "form": "ha-am-mu-ra-pi₂-ra",
                    "gdl": [
                      {
                        "v": "ha",
                        "gdl_utf8": "𒄩",
                        "id": "Q007322.8.1.0",
                        "delim": "-"
                      },
                      {
                        "v": "am",
                        "gdl_utf8": "𒄠",
                        "id": "Q007322.8.1.1",
                        "delim": "-"
                      },
                      {
                        "v": "mu",
                        "gdl_utf8": "𒈬",
                        "id": "Q007322.8.1.2",
                        "delim": "-"
                      },
                      {
                        "v": "ra",
                        "gdl_utf8": "𒊏",
                        "id": "Q007322.8.1.3",
                        "delim": "-"
                      },
                      {
                        "v": "pi₂",
                        "gdl_utf8": "𒁉",
                        "id": "Q007322.8.1.4",
                        "delim": "-"
                      },
                      {
                        "v": "ra",
                        "gdl_utf8": "𒊏",
                        "id": "Q007322.8.1.5"
                      }
                    ],
                    "cf": "Hammu-rapi",
                    "gw": "king of Babylon",
                    "sense": "king of Babylon",
                    "norm0": "Hammu-rapi,ra",
                    "pos": "RN",
                    "epos": "RN",
                    "base": "ha-am-mu-ra-pi₂",
                    "morph": "~,ra"
                  }
                },
                {
                  "node": "d",
                  "type": "line-start",
                  "ref": "Q007322.9",
                  "n": "9",
                  "label": "9"
                },
                {
                  "node": "l",
                  "frag": "til₃",
                  "id": "Q007322.l00e27",
                  "ref": "Q007322.9.1",
                  "inst": "til[life]N",
                  "sig": "@ribo/babylon0%sux:til₃=til[life//life]N'N$til/til₃#~",
                  "f": {
                    "lang": "sux",
                    "form": "til₃",
                    "delim": "",
                    "gdl": [
                      {
                        "v": "til₃",
                        "gdl_utf8": "𒋾",
                        "id": "Q007322.9.1.0"
                      }
                    ],
                    "cf": "til",
                    "gw": "life",
                    "sense": "life",
                    "norm0": "til",
                    "pos": "N",
                    "epos": "N",
                    "base": "til₃",
                    "morph": "~"
                  }
                },
                {
                  "node": "l",
                  "frag": "da-ri₂",
                  "id": "Q007322.l00e28",
                  "ref": "Q007322.9.2",
                  "inst": "dari[(to be) eternal]V/i",
                  "sig": "@ribo/babylon0%sux:da-ri₂=dari[eternal//(to be) eternal]V/i'V/i$dari/da-ri₂#~",
                  "f": {
                    "lang": "sux",
                    "form": "da-ri₂",
                    "gdl": [
                      {
                        "v": "da",
                        "gdl_utf8": "𒁕",
                        "id": "Q007322.9.2.0",
                        "delim": "-"
                      },
                      {
                        "v": "ri₂",
                        "gdl_utf8": "𒌷",
                        "id": "Q007322.9.2.1"
                      }
                    ],
                    "cf": "dari",
                    "gw": "eternal",
                    "sense": "(to be) eternal",
                    "norm0": "dari",
                    "pos": "V/i",
                    "epos": "V/i",
                    "base": "da-ri₂",
                    "morph": "~"
                  }
                },
                {
                  "node": "d",
                  "type": "line-start",
                  "ref": "Q007322.10",
                  "n": "10",
                  "label": "10"
                },
                {
                  "node": "l",
                  "frag": "he₂-en-na-ba-e",
                  "id": "Q007322.l00e29",
                  "ref": "Q007322.10.1",
                  "inst": "ba[to present]V/t",
                  "sig": "@ribo/babylon0%sux:he₂-en-na-ba-e=ba[allot//to present]V/t'V/t$ha.V.na:ba;e/ba#ha.V.na:~;e",
                  "f": {
                    "lang": "sux",
                    "form": "he₂-en-na-ba-e",
                    "gdl": [
                      {
                        "v": "he₂",
                        "gdl_utf8": "𒃶",
                        "id": "Q007322.10.1.0",
                        "delim": "-"
                      },
                      {
                        "v": "en",
                        "gdl_utf8": "𒂗",
                        "id": "Q007322.10.1.1",
                        "delim": "-"
                      },
                      {
                        "v": "na",
                        "gdl_utf8": "𒈾",
                        "id": "Q007322.10.1.2",
                        "delim": "-"
                      },
                      {
                        "v": "ba",
                        "gdl_utf8": "𒁀",
                        "id": "Q007322.10.1.3",
                        "delim": "-"
                      },
                      {
                        "v": "e",
                        "gdl_utf8": "𒂊",
                        "id": "Q007322.10.1.4"
                      }
                    ],
                    "cf": "ba",
                    "gw": "allot",
                    "sense": "to present",
                    "norm0": "ha.V.na:ba;e",
                    "pos": "V/t",
                    "epos": "V/t",
                    "base": "ba",
                    "morph": "ha.V.na:~;e"
                  }
                }
              ]
            }
          ]
        }
      ]
    }
  ]
}
