{
  "type": "cdl",
  "project": "ribo/babylon0",
  "source": "http://oracc.org/ribo/babylon0",
  "license": "This data is released under the CC0 license",
  "license-url": "https://creativecommons.org/publicdomain/zero/1.0/",
  "more-info": "http://oracc.org/doc/opendata/",
  "UTC-timestamp": "2019-01-12T08:23:13",
  "textid": "Q007372",
  "cdl": [
    {
      "node": "c",
      "type": "text",
      "id": "Q007372.U0",
      "cdl": [
        {
          "node": "d",
          "type": "object",
          "ref": ""
        },
        {
          "node": "d",
          "type": "surface",
          "ref": ""
        },
        {
          "node": "c",
          "type": "discourse",
          "subtype": "body",
          "id": "Q007372.U1",
          "cdl": [
            {
              "node": "c",
              "type": "sentence",
              "implicit": "yes",
              "id": "Q007372.U2",
              "label": "1",
              "cdl": [
                {
                  "node": "d",
                  "type": "line-start",
                  "ref": "Q007372.1",
                  "n": "1",
                  "label": "1"
                },
                {
                  "node": "l",
                  "frag": "mu",
                  "id": "Q007372.l02ce9",
                  "ref": "Q007372.1.1",
                  "inst": "mu[year]N",
                  "sig": "@ribo/babylon0%sux:mu=mu[year//year]N'N$mu/mu#~",
                  "f": {
                    "lang": "sux",
                    "form": "mu",
                    "delim": "",
                    "gdl": [
                      {
                        "v": "mu",
                        "gdl_utf8": "𒈬",
                        "id": "Q007372.1.1.0"
                      }
                    ],
                    "cf": "mu",
                    "gw": "year",
                    "sense": "year",
                    "norm0": "mu",
                    "pos": "N",
                    "epos": "N",
                    "base": "mu",
                    "morph": "~"
                  }
                },
                {
                  "node": "l",
                  "frag": "ha-am-mu-ra-pi₂",
                  "id": "Q007372.l02cea",
                  "ref": "Q007372.1.2",
                  "inst": "Hammu-rapi[king of Babylon]RN",
                  "sig": "@ribo/babylon0%sux:ha-am-mu-ra-pi₂=Hammu-rapi[king of Babylon//king of Babylon]RN'RN$Hammu-rapi/ha-am-mu-ra-pi₂#~",
                  "f": {
                    "lang": "sux",
                    "form": "ha-am-mu-ra-pi₂",
                    "delim": "",
                    "gdl": [
                      {
                        "v": "ha",
                        "gdl_utf8": "𒄩",
                        "id": "Q007372.1.2.0",
                        "delim": "-"
                      },
                      {
                        "v": "am",
                        "gdl_utf8": "𒄠",
                        "id": "Q007372.1.2.1",
                        "delim": "-"
                      },
                      {
                        "v": "mu",
                        "gdl_utf8": "𒈬",
                        "id": "Q007372.1.2.2",
                        "delim": "-"
                      },
                      {
                        "v": "ra",
                        "gdl_utf8": "𒊏",
                        "id": "Q007372.1.2.3",
                        "delim": "-"
                      },
                      {
                        "v": "pi₂",
                        "gdl_utf8": "𒁉",
                        "id": "Q007372.1.2.4"
                      }
                    ],
                    "cf": "Hammu-rapi",
                    "gw": "king of Babylon",
                    "sense": "king of Babylon",
                    "norm0": "Hammu-rapi",
                    "pos": "RN",
                    "epos": "RN",
                    "base": "ha-am-mu-ra-pi₂",
                    "morph": "~"
                  }
                },
                {
                  "node": "l",
                  "frag": "lugal-e",
                  "id": "Q007372.l02ceb",
                  "ref": "Q007372.1.3",
                  "inst": "lugal[king]N",
                  "sig": "@ribo/babylon0%sux:lugal-e=lugal[king//king]N'N$lugal,e/lugal#~,e",
                  "f": {
                    "lang": "sux",
                    "form": "lugal-e",
                    "delim": "",
                    "gdl": [
                      {
                        "v": "lugal",
                        "gdl_utf8": "𒈗",
                        "id": "Q007372.1.3.0",
                        "delim": "-"
                      },
                      {
                        "v": "e",
                        "gdl_utf8": "𒂊",
                        "id": "Q007372.1.3.1"
                      }
                    ],
                    "cf": "lugal",
                    "gw": "king",
                    "sense": "king",
                    "norm0": "lugal,e",
                    "pos": "N",
                    "epos": "N",
                    "base": "lugal",
                    "morph": "~,e"
                  }
                },
                {
                  "node": "l",
                  "frag": "an",
                  "id": "Q007372.l02cec",
                  "ref": "Q007372.1.4",
                  "inst": "An[1]DN",
                  "sig": "@ribo/babylon0%sux:an=An[1//1]DN'DN$An/an#~",
                  "f": {
                    "lang": "sux",
                    "form": "an",
                    "delim": "",
                    "gdl": [
                      {
                        "v": "an",
                        "gdl_utf8": "𒀭",
                        "id": "Q007372.1.4.0"
                      }
                    ],
                    "cf": "An",
                    "gw": "1",
                    "sense": "1",
                    "norm0": "An",
                    "pos": "DN",
                    "epos": "DN",
                    "base": "an",
                    "morph": "~"
                  }
                },
                {
                  "node": "l",
                  "frag": "{d}inanna",
                  "id": "Q007372.l02ced",
                  "ref": "Q007372.1.5",
                  "inst": "Inana[1]DN",
                  "sig": "@ribo/babylon0%sux:{d}inanna=Inana[1//1]DN'DN$Inana/{d}inanna#~",
                  "f": {
                    "lang": "sux",
                    "form": "{d}inanna",
                    "delim": "",
                    "gdl": [
                      {
                        "det": "semantic",
                        "pos": "pre",
                        "seq": [
                          {
                            "v": "d",
                            "gdl_utf8": "𒀭",
                            "id": "Q007372.1.5.0"
                          }
                        ]
                      },
                      {
                        "v": "inanna",
                        "gdl_utf8": "𒈹",
                        "id": "Q007372.1.5.1"
                      }
                    ],
                    "cf": "Inana",
                    "gw": "1",
                    "sense": "1",
                    "norm0": "Inana",
                    "pos": "DN",
                    "epos": "DN",
                    "base": "{d}inanna",
                    "morph": "~"
                  }
                },
                {
                  "node": "l",
                  "frag": "u₃",
                  "id": "Q007372.l02cee",
                  "ref": "Q007372.1.6",
                  "inst": "u[and]CNJ",
                  "sig": "@ribo/babylon0%sux:u₃=u[and//and]CNJ'CNJ$u/u₃#~",
                  "f": {
                    "lang": "sux",
                    "form": "u₃",
                    "delim": "",
                    "gdl": [
                      {
                        "v": "u₃",
                        "gdl_utf8": "𒅇",
                        "id": "Q007372.1.6.0"
                      }
                    ],
                    "cf": "u",
                    "gw": "and",
                    "sense": "and",
                    "norm0": "u",
                    "pos": "CNJ",
                    "epos": "CNJ",
                    "base": "u₃",
                    "morph": "~"
                  }
                },
                {
                  "node": "l",
                  "frag": "{d}na-na-a-a-e-ne-bi-ta",
                  "id": "Q007372.l02cef",
                  "ref": "Q007372.1.7",
                  "inst": "Nanaya[1]DN",
                  "sig": "@ribo/babylon0%sux:{d}na-na-a-a-e-ne-bi-ta=Nanaya[1//1]DN'DN$Nanaya,ene.bi.ta/{d}na-na-a-a#~,ene.bi.ta",
                  "f": {
                    "lang": "sux",
                    "form": "{d}na-na-a-a-e-ne-bi-ta",
                    "delim": "",
                    "gdl": [
                      {
                        "det": "semantic",
                        "pos": "pre",
                        "seq": [
                          {
                            "v": "d",
                            "gdl_utf8": "𒀭",
                            "id": "Q007372.1.7.0"
                          }
                        ]
                      },
                      {
                        "v": "na",
                        "gdl_utf8": "𒈾",
                        "id": "Q007372.1.7.1",
                        "delim": "-"
                      },
                      {
                        "v": "na",
                        "gdl_utf8": "𒈾",
                        "id": "Q007372.1.7.2",
                        "delim": "-"
                      },
                      {
                        "v": "a",
                        "gdl_utf8": "𒀀",
                        "id": "Q007372.1.7.3",
                        "delim": "-"
                      },
                      {
                        "v": "a",
                        "gdl_utf8": "𒀀",
                        "id": "Q007372.1.7.4",
                        "delim": "-"
                      },
                      {
                        "v": "e",
                        "gdl_utf8": "𒂊",
                        "id": "Q007372.1.7.5",
                        "delim": "-"
                      },
                      {
                        "v": "ne",
                        "gdl_utf8": "𒉈",
                        "id": "Q007372.1.7.6",
                        "delim": "-"
                      },
                      {
                        "v": "bi",
                        "gdl_utf8": "𒁉",
                        "id": "Q007372.1.7.7",
                        "delim": "-"
                      },
                      {
                        "v": "ta",
                        "gdl_utf8": "𒋫",
                        "id": "Q007372.1.7.8"
                      }
                    ],
                    "cf": "Nanaya",
                    "gw": "1",
                    "sense": "1",
                    "norm0": "Nanaya,ene.bi.ta",
                    "pos": "DN",
                    "epos": "DN",
                    "base": "{d}na-na-a-a",
                    "morph": "~,ene.bi.ta"
                  }
                },
                {
                  "node": "l",
                  "frag": "ša₃",
                  "id": "Q007372.l02cf0",
                  "ref": "Q007372.1.8",
                  "inst": "šag[heart]N",
                  "sig": "@ribo/babylon0%sux:ša₃=šag[heart//heart]N'N$šag/ša₃#~",
                  "f": {
                    "lang": "sux",
                    "form": "ša₃",
                    "delim": "",
                    "gdl": [
                      {
                        "v": "ša₃",
                        "gdl_utf8": "𒊮",
                        "id": "Q007372.1.8.0"
                      }
                    ],
                    "cf": "šag",
                    "gw": "heart",
                    "sense": "heart",
                    "norm0": "šag",
                    "pos": "N",
                    "epos": "N",
                    "base": "ša₃",
                    "morph": "~"
                  }
                },
                {
                  "node": "l",
                  "frag": "ud₆-he₂-gen₇",
                  "id": "Q007372.l02cf1",
                  "ref": "Q007372.1.9",
                  "inst": "utah[heaven]N",
                  "sig": "@ribo/babylon0%sux:ud₆-he₂-gen₇=utah[heaven//heaven]N'N$utah,gin/ud₆-he₂#~,gin",
                  "f": {
                    "lang": "sux",
                    "form": "ud₆-he₂-gen₇",
                    "delim": "",
                    "gdl": [
                      {
                        "v": "ud₆",
                        "gdl_utf8": "𒌋𒂵",
                        "id": "Q007372.1.9.0",
                        "delim": "-"
                      },
                      {
                        "v": "he₂",
                        "gdl_utf8": "𒃶",
                        "id": "Q007372.1.9.1",
                        "delim": "-"
                      },
                      {
                        "v": "gen₇",
                        "gdl_utf8": "𒁶",
                        "id": "Q007372.1.9.2"
                      }
                    ],
                    "cf": "utah",
                    "gw": "heaven",
                    "sense": "heaven",
                    "norm0": "utah,gin",
                    "pos": "N",
                    "epos": "N",
                    "base": "ud₆-he₂",
                    "morph": "~,gin"
                  }
                },
                {
                  "node": "l",
                  "frag": "ša-mu-un-si₁₂-ga",
                  "id": "Q007372.l02cf2",
                  "ref": "Q007372.1.10",
                  "inst": "+sissig[green//(to make) green-yellow, pale]V/i'V/t",
                  "sig": "@ribo/babylon0%sux:ša-mu-un-si₁₂-ga=sissig[green//(to make) green-yellow, pale]V/i'V/t$ša.mu.n:sissig;a/si₁₂-g·a#ša.mu.n:~;a",
                  "f": {
                    "lang": "sux",
                    "form": "ša-mu-un-si₁₂-ga",
                    "delim": "",
                    "gdl": [
                      {
                        "v": "ša",
                        "gdl_utf8": "𒊭",
                        "id": "Q007372.1.10.0",
                        "delim": "-"
                      },
                      {
                        "v": "mu",
                        "gdl_utf8": "𒈬",
                        "id": "Q007372.1.10.1",
                        "delim": "-"
                      },
                      {
                        "v": "un",
                        "gdl_utf8": "𒌦",
                        "id": "Q007372.1.10.2",
                        "delim": "-"
                      },
                      {
                        "v": "si₁₂",
                        "gdl_utf8": "𒅊",
                        "id": "Q007372.1.10.3",
                        "delim": "-"
                      },
                      {
                        "v": "ga",
                        "gdl_utf8": "𒂵",
                        "id": "Q007372.1.10.4"
                      }
                    ],
                    "cf": "sissig",
                    "gw": "green",
                    "sense": "(to make) green-yellow, pale",
                    "norm0": "ša.mu.n:sissig;a",
                    "pos": "V/i",
                    "epos": "V/t",
                    "base": "si₁₂-g·a",
                    "morph": "ša.mu.n:~;a"
                  }
                },
                {
                  "node": "l",
                  "frag": "e₂-tur₃-kalam-ma",
                  "id": "Q007372.l02cf3",
                  "ref": "Q007372.1.11",
                  "inst": "Eturkalama[1]TN",
                  "sig": "@ribo/babylon0%sux:e₂-tur₃-kalam-ma=Eturkalama[1//1]TN'TN$Eturkalama/e₂-tur₃-kalam-ma#~",
                  "f": {
                    "lang": "sux",
                    "form": "e₂-tur₃-kalam-ma",
                    "delim": "",
                    "gdl": [
                      {
                        "v": "e₂",
                        "gdl_utf8": "𒂍",
                        "id": "Q007372.1.11.0",
                        "delim": "-"
                      },
                      {
                        "v": "tur₃",
                        "gdl_utf8": "𒉣𒇬",
                        "id": "Q007372.1.11.1",
                        "delim": "-"
                      },
                      {
                        "v": "kalam",
                        "gdl_utf8": "𒌦",
                        "id": "Q007372.1.11.2",
                        "delim": "-"
                      },
                      {
                        "v": "ma",
                        "gdl_utf8": "𒈠",
                        "id": "Q007372.1.11.3"
                      }
                    ],
                    "cf": "Eturkalama",
                    "gw": "1",
                    "sense": "1",
                    "norm0": "Eturkalama",
                    "pos": "TN",
                    "epos": "TN",
                    "base": "e₂-tur₃-kalam-ma",
                    "morph": "~"
                  }
                },
                {
                  "node": "l",
                  "frag": "mu-un-gibil⁻-am₃",
                  "id": "Q007372.l02cf4",
                  "ref": "Q007372.1.12",
                  "inst": "gibil[new//to make new]V/i'V/t",
                  "sig": "@ribo/babylon0%sux:mu-un-gibil⁻-am₃=gibil[new//to make new]V/i'V/t$mu.n;gibil;am/gibil⁻#mu.n;~;am",
                  "f": {
                    "lang": "sux",
                    "form": "mu-un-gibil⁻-am₃",
                    "gdl": [
                      {
                        "v": "mu",
                        "gdl_utf8": "𒈬",
                        "id": "Q007372.1.12.0",
                        "delim": "-"
                      },
                      {
                        "v": "un",
                        "gdl_utf8": "𒌦",
                        "id": "Q007372.1.12.1",
                        "delim": "-"
                      },
                      {
                        "v": "gibil⁻",
                        "gdl_utf8": "𒉈",
                        "id": "Q007372.1.12.2",
                        "delim": "-"
                      },
                      {
                        "v": "am₃",
                        "gdl_utf8": "𒀀𒀭",
                        "id": "Q007372.1.12.3"
                      }
                    ],
                    "cf": "gibil",
                    "gw": "new",
                    "sense": "to make new",
                    "norm0": "mu.n;gibil;am",
                    "pos": "V/i",
                    "epos": "V/t",
                    "base": "gibil⁻",
                    "morph": "mu.n;~;am"
                  }
                }
              ]
            }
          ]
        }
      ]
    }
  ]
}
