{
  "type": "cdl",
  "project": "ribo/babylon0",
  "source": "http://oracc.org/ribo/babylon0",
  "license": "This data is released under the CC0 license",
  "license-url": "https://creativecommons.org/publicdomain/zero/1.0/",
  "more-info": "http://oracc.org/doc/opendata/",
  "UTC-timestamp": "2019-01-12T08:23:14",
  "textid": "Q007384",
  "cdl": [
    {
      "node": "c",
      "type": "text",
      "id": "Q007384.U0",
      "cdl": [
        {
          "node": "d",
          "type": "object",
          "ref": ""
        },
        {
          "node": "d",
          "type": "surface",
          "ref": ""
        },
        {
          "node": "c",
          "type": "discourse",
          "subtype": "body",
          "id": "Q007384.U1",
          "cdl": [
            {
              "node": "c",
              "type": "sentence",
              "implicit": "yes",
              "id": "Q007384.U2",
              "label": "3 - 4",
              "cdl": [
                {
                  "node": "d",
                  "type": "line-start",
                  "ref": "Q007384.1",
                  "n": "3",
                  "label": "3"
                },
                {
                  "node": "l",
                  "frag": "mu",
                  "id": "Q007384.l03666",
                  "ref": "Q007384.1.1",
                  "inst": "mu[year]N",
                  "sig": "@ribo/babylon0%sux:mu=mu[year//year]N'N$mu/mu#~",
                  "f": {
                    "lang": "sux",
                    "form": "mu",
                    "delim": "",
                    "gdl": [
                      {
                        "v": "mu",
                        "gdl_utf8": "𒈬",
                        "id": "Q007384.1.1.0"
                      }
                    ],
                    "cf": "mu",
                    "gw": "year",
                    "sense": "year",
                    "norm0": "mu",
                    "pos": "N",
                    "epos": "N",
                    "base": "mu",
                    "morph": "~"
                  }
                },
                {
                  "node": "l",
                  "frag": "(sa-am-su-i-lu-na",
                  "id": "Q007384.l03667",
                  "ref": "Q007384.1.2",
                  "inst": "Samsu-iluna[king of Babylon]RN",
                  "sig": "@ribo/babylon0%sux:sa-am-su-i-lu-na=Samsu-iluna[king of Babylon//king of Babylon]RN'RN$Samsu-iluna/sa-am-su-i-lu-na#~",
                  "f": {
                    "lang": "sux",
                    "form": "sa-am-su-i-lu-na",
                    "delim": "",
                    "gdl": [
                      {
                        "v": "sa",
                        "gdl_utf8": "𒊓",
                        "id": "Q007384.1.2.0",
                        "statusStart": "1",
                        "o": "(",
                        "delim": "-"
                      },
                      {
                        "v": "am",
                        "gdl_utf8": "𒄠",
                        "id": "Q007384.1.2.1",
                        "delim": "-"
                      },
                      {
                        "v": "su",
                        "gdl_utf8": "𒋢",
                        "id": "Q007384.1.2.2",
                        "delim": "-"
                      },
                      {
                        "v": "i",
                        "gdl_utf8": "𒄿",
                        "id": "Q007384.1.2.3",
                        "delim": "-"
                      },
                      {
                        "v": "lu",
                        "gdl_utf8": "𒇻",
                        "id": "Q007384.1.2.4",
                        "delim": "-"
                      },
                      {
                        "v": "na",
                        "gdl_utf8": "𒈾",
                        "id": "Q007384.1.2.5"
                      }
                    ],
                    "cf": "Samsu-iluna",
                    "gw": "king of Babylon",
                    "sense": "king of Babylon",
                    "norm0": "Samsu-iluna",
                    "pos": "RN",
                    "epos": "RN",
                    "base": "sa-am-su-i-lu-na",
                    "morph": "~"
                  }
                },
                {
                  "node": "l",
                  "frag": "lugal-e)",
                  "id": "Q007384.l03668",
                  "ref": "Q007384.1.3",
                  "inst": "lugal[king]N",
                  "sig": "@ribo/babylon0%sux:lugal-e=lugal[king//king]N'N$lugal,e/lugal#~,e",
                  "f": {
                    "lang": "sux",
                    "form": "lugal-e",
                    "delim": "",
                    "gdl": [
                      {
                        "v": "lugal",
                        "gdl_utf8": "𒈗",
                        "id": "Q007384.1.3.0",
                        "delim": "-"
                      },
                      {
                        "v": "e",
                        "gdl_utf8": "𒂊",
                        "id": "Q007384.1.3.1",
                        "o": ")",
                        "statusStart": "Q007384.1.2.0"
                      }
                    ],
                    "cf": "lugal",
                    "gw": "king",
                    "sense": "king",
                    "norm0": "lugal,e",
                    "pos": "N",
                    "epos": "N",
                    "base": "lugal",
                    "morph": "~,e"
                  }
                },
                {
                  "node": "l",
                  "frag": "še-ga",
                  "id": "Q007384.l03669",
                  "ref": "Q007384.1.4",
                  "inst": "šeg[favourite]'N",
                  "sig": "@ribo/babylon0%sux:še-ga=šeg[agree//favourite]V/t'N$šeg;a/še-g·a#~;a",
                  "f": {
                    "lang": "sux",
                    "form": "še-ga",
                    "delim": "",
                    "gdl": [
                      {
                        "v": "še",
                        "gdl_utf8": "𒊺",
                        "id": "Q007384.1.4.0",
                        "delim": "-"
                      },
                      {
                        "v": "ga",
                        "gdl_utf8": "𒂵",
                        "id": "Q007384.1.4.1"
                      }
                    ],
                    "cf": "šeg",
                    "gw": "agree",
                    "sense": "favourite",
                    "norm0": "šeg;a",
                    "pos": "V/t",
                    "epos": "N",
                    "base": "še-g·a",
                    "morph": "~;a"
                  }
                },
                {
                  "node": "l",
                  "frag": "diŋir",
                  "id": "Q007384.l0366a",
                  "ref": "Q007384.1.5",
                  "inst": "diŋir[deity, god, goddess]N",
                  "sig": "@ribo/babylon0%sux:diŋir=diŋir[deity//deity, god, goddess]N'N$diŋir/diŋir#~",
                  "f": {
                    "lang": "sux",
                    "form": "diŋir",
                    "delim": "",
                    "gdl": [
                      {
                        "v": "diŋir",
                        "gdl_utf8": "𒀭",
                        "id": "Q007384.1.5.0"
                      }
                    ],
                    "cf": "diŋir",
                    "gw": "deity",
                    "sense": "deity, god, goddess",
                    "norm0": "diŋir",
                    "pos": "N",
                    "epos": "N",
                    "base": "diŋir",
                    "morph": "~"
                  }
                },
                {
                  "node": "l",
                  "frag": "gal-gal-e-ne",
                  "id": "Q007384.l0366b",
                  "ref": "Q007384.1.6",
                  "inst": "gal[(to be) big, great]V/i",
                  "sig": "@ribo/babylon0%sux:gal-gal-e-ne=gal[big//(to be) big, great]V/i'V/i$gal;e.ene/gal-gal#~;e.ene",
                  "f": {
                    "lang": "sux",
                    "form": "gal-gal-e-ne",
                    "delim": "",
                    "gdl": [
                      {
                        "v": "gal",
                        "gdl_utf8": "𒃲",
                        "id": "Q007384.1.6.0",
                        "delim": "-"
                      },
                      {
                        "v": "gal",
                        "gdl_utf8": "𒃲",
                        "id": "Q007384.1.6.1",
                        "delim": "-"
                      },
                      {
                        "v": "e",
                        "gdl_utf8": "𒂊",
                        "id": "Q007384.1.6.2",
                        "delim": "-"
                      },
                      {
                        "v": "ne",
                        "gdl_utf8": "𒉈",
                        "id": "Q007384.1.6.3"
                      }
                    ],
                    "cf": "gal",
                    "gw": "big",
                    "sense": "(to be) big, great",
                    "norm0": "gal;e.ene",
                    "pos": "V/i",
                    "epos": "V/i",
                    "base": "gal-gal",
                    "morph": "~;e.ene"
                  }
                },
                {
                  "node": "d",
                  "frag": "<<mu>>",
                  "type": "excised",
                  "ref": "Q007384.1.7",
                  "lang": "sux",
                  "delim": ""
                },
                {
                  "node": "l",
                  "frag": "ama-ar-gi",
                  "id": "Q007384.l0366c",
                  "ref": "Q007384.1.8",
                  "inst": "amargi[reversion to a previous state]N",
                  "sig": "@ribo/babylon0%sux:ama-ar-gi=amargi[reversion//reversion to a previous state]N'N$amargi/ama-ar-gi#~",
                  "f": {
                    "lang": "sux",
                    "form": "ama-ar-gi",
                    "delim": "",
                    "gdl": [
                      {
                        "v": "ama",
                        "gdl_utf8": "𒂼",
                        "id": "Q007384.1.8.0",
                        "delim": "-"
                      },
                      {
                        "v": "ar",
                        "gdl_utf8": "𒅈",
                        "id": "Q007384.1.8.1",
                        "delim": "-"
                      },
                      {
                        "v": "gi",
                        "gdl_utf8": "𒄀",
                        "id": "Q007384.1.8.2"
                      }
                    ],
                    "cf": "amargi",
                    "gw": "reversion",
                    "sense": "reversion to a previous state",
                    "norm0": "amargi",
                    "pos": "N",
                    "epos": "N",
                    "base": "ama-ar-gi",
                    "morph": "~"
                  }
                },
                {
                  "node": "l",
                  "frag": "ki-en-gi",
                  "id": "Q007384.l0366d",
                  "ref": "Q007384.1.9",
                  "inst": "Kiʾengir[Sumer]GN",
                  "sig": "@ribo/babylon0%sux:ki-en-gi=Kiʾengir[Sumer//Sumer]GN'GN$Kiʾengir/ki-en-gi#~",
                  "f": {
                    "lang": "sux",
                    "form": "ki-en-gi",
                    "delim": "",
                    "gdl": [
                      {
                        "v": "ki",
                        "gdl_utf8": "𒆠",
                        "id": "Q007384.1.9.0",
                        "delim": "-"
                      },
                      {
                        "v": "en",
                        "gdl_utf8": "𒂗",
                        "id": "Q007384.1.9.1",
                        "delim": "-"
                      },
                      {
                        "v": "gi",
                        "gdl_utf8": "𒄀",
                        "id": "Q007384.1.9.2"
                      }
                    ],
                    "cf": "Kiʾengir",
                    "gw": "Sumer",
                    "sense": "Sumer",
                    "norm0": "Kiʾengir",
                    "pos": "GN",
                    "epos": "GN",
                    "base": "ki-en-gi",
                    "morph": "~"
                  }
                },
                {
                  "node": "l",
                  "frag": "ki-uri",
                  "id": "Q007384.l0366e",
                  "ref": "Q007384.1.10",
                  "inst": "Uri[Akkad]GN",
                  "sig": "@ribo/babylon0%sux:ki-uri=Uri[Akkad//Akkad]GN'GN$Uri/ki-uri#~",
                  "f": {
                    "lang": "sux",
                    "form": "ki-uri",
                    "delim": "",
                    "gdl": [
                      {
                        "v": "ki",
                        "gdl_utf8": "𒆠",
                        "id": "Q007384.1.10.0",
                        "delim": "-"
                      },
                      {
                        "v": "uri",
                        "gdl_utf8": "𒌵",
                        "id": "Q007384.1.10.1"
                      }
                    ],
                    "cf": "Uri",
                    "gw": "Akkad",
                    "sense": "Akkad",
                    "norm0": "Uri",
                    "pos": "GN",
                    "epos": "GN",
                    "base": "ki-uri",
                    "morph": "~"
                  }
                },
                {
                  "node": "l",
                  "frag": "⸢i-ni⸣-in-ŋar-ra",
                  "id": "Q007384.l0366f",
                  "ref": "Q007384.1.11",
                  "inst": "ŋar[to put, place, lay down]V/t",
                  "sig": "@ribo/babylon0%sux:i-ni-in-ŋar-ra=ŋar[place//to put, place, lay down]V/t'V/t$V.i.n:ŋar;a/ŋar+-ra=r.a#V.i.n:~;a",
                  "f": {
                    "lang": "sux",
                    "form": "i-ni-in-ŋar-ra",
                    "gdl": [
                      {
                        "v": "i",
                        "gdl_utf8": "𒄿",
                        "id": "Q007384.1.11.0",
                        "break": "damaged",
                        "ho": "1",
                        "delim": "-"
                      },
                      {
                        "v": "ni",
                        "gdl_utf8": "𒉌",
                        "id": "Q007384.1.11.1",
                        "break": "damaged",
                        "delim": "-",
                        "hc": "1"
                      },
                      {
                        "v": "in",
                        "gdl_utf8": "𒅔",
                        "id": "Q007384.1.11.2",
                        "delim": "-"
                      },
                      {
                        "v": "ŋar",
                        "gdl_utf8": "𒃻",
                        "id": "Q007384.1.11.3",
                        "delim": "-"
                      },
                      {
                        "v": "ra",
                        "gdl_utf8": "𒊏",
                        "id": "Q007384.1.11.4"
                      }
                    ],
                    "cf": "ŋar",
                    "gw": "place",
                    "sense": "to put, place, lay down",
                    "norm0": "V.i.n:ŋar;a",
                    "pos": "V/t",
                    "epos": "V/t",
                    "base": "ŋar",
                    "cont": "-ra=r.a",
                    "morph": "V.i.n:~;a"
                  }
                },
                {
                  "node": "d",
                  "type": "line-start",
                  "ref": "Q007384.2",
                  "n": "4",
                  "label": "4"
                },
                {
                  "node": "l",
                  "frag": "ša₃",
                  "id": "Q007384.l03670",
                  "ref": "Q007384.2.1",
                  "inst": "šag[heart]N",
                  "sig": "@ribo/babylon0%sux:ša₃=šag[heart//heart]N'N$šag/ša₃#~",
                  "f": {
                    "lang": "sux",
                    "form": "ša₃",
                    "delim": "",
                    "gdl": [
                      {
                        "v": "ša₃",
                        "gdl_utf8": "𒊮",
                        "id": "Q007384.2.1.0"
                      }
                    ],
                    "cf": "šag",
                    "gw": "heart",
                    "sense": "heart",
                    "norm0": "šag",
                    "pos": "N",
                    "epos": "N",
                    "base": "ša₃",
                    "morph": "~"
                  }
                },
                {
                  "node": "l",
                  "frag": "ma-da",
                  "id": "Q007384.l03671",
                  "ref": "Q007384.2.2",
                  "inst": "mada[land, country]N",
                  "sig": "@ribo/babylon0%sux:ma-da=mada[land//land, country]N'N$mada/ma-da#~",
                  "f": {
                    "lang": "sux",
                    "form": "ma-da",
                    "delim": "",
                    "gdl": [
                      {
                        "v": "ma",
                        "gdl_utf8": "𒈠",
                        "id": "Q007384.2.2.0",
                        "delim": "-"
                      },
                      {
                        "v": "da",
                        "gdl_utf8": "𒁕",
                        "id": "Q007384.2.2.1"
                      }
                    ],
                    "cf": "mada",
                    "gw": "land",
                    "sense": "land, country",
                    "norm0": "mada",
                    "pos": "N",
                    "epos": "N",
                    "base": "ma-da",
                    "morph": "~"
                  }
                },
                {
                  "node": "l",
                  "frag": "du₁₀",
                  "id": "Q007384.l03672",
                  "ref": "Q007384.2.3",
                  "inst": "dug[(to be) good)]V/i",
                  "sig": "@ribo/babylon0%sux:du₁₀=dug[good//(to be) good]V/i'V/i$dug;*a/du₁₀#~;*a",
                  "f": {
                    "lang": "sux",
                    "form": "du₁₀",
                    "delim": "",
                    "gdl": [
                      {
                        "v": "du₁₀",
                        "gdl_utf8": "𒄭",
                        "id": "Q007384.2.3.0"
                      }
                    ],
                    "cf": "dug",
                    "gw": "good",
                    "sense": "(to be) good",
                    "norm0": "dug;*a",
                    "pos": "V/i",
                    "epos": "V/i",
                    "base": "du₁₀",
                    "morph": "~;*a"
                  }
                },
                {
                  "node": "l",
                  "frag": "mu-ni-in-du₁₀-du₁₀",
                  "id": "Q007384.l03673",
                  "ref": "Q007384.2.4",
                  "inst": "dug[(to make) good]V/t",
                  "sig": "@ribo/babylon0%sux:mu-ni-in-du₁₀-du₁₀=dug[good//(to make) good]V/i'V/t$mu.ni.n:dug/du₁₀-du₁₀#mu.ni.n:~",
                  "f": {
                    "lang": "sux",
                    "form": "mu-ni-in-du₁₀-du₁₀",
                    "delim": "",
                    "gdl": [
                      {
                        "v": "mu",
                        "gdl_utf8": "𒈬",
                        "id": "Q007384.2.4.0",
                        "delim": "-"
                      },
                      {
                        "v": "ni",
                        "gdl_utf8": "𒉌",
                        "id": "Q007384.2.4.1",
                        "delim": "-"
                      },
                      {
                        "v": "in",
                        "gdl_utf8": "𒅔",
                        "id": "Q007384.2.4.2",
                        "delim": "-"
                      },
                      {
                        "v": "du₁₀",
                        "gdl_utf8": "𒄭",
                        "id": "Q007384.2.4.3",
                        "delim": "-"
                      },
                      {
                        "v": "du₁₀",
                        "gdl_utf8": "𒄭",
                        "id": "Q007384.2.4.4"
                      }
                    ],
                    "cf": "dug",
                    "gw": "good",
                    "sense": "(to make) good",
                    "norm0": "mu.ni.n:dug",
                    "pos": "V/i",
                    "epos": "V/t",
                    "base": "du₁₀-du₁₀",
                    "morph": "mu.ni.n:~"
                  }
                },
                {
                  "node": "l",
                  "frag": "niŋ₂-si-sa₂",
                  "id": "Q007384.l03674",
                  "ref": "Q007384.2.5",
                  "inst": "niŋsisa[justice]N",
                  "sig": "@ribo/babylon0%sux:niŋ₂-si-sa₂=niŋsisa[justice//justice]N'N$niŋsisa/niŋ₂-si-sa₂#~",
                  "f": {
                    "lang": "sux",
                    "form": "niŋ₂-si-sa₂",
                    "delim": "",
                    "gdl": [
                      {
                        "v": "niŋ₂",
                        "gdl_utf8": "𒃻",
                        "id": "Q007384.2.5.0",
                        "delim": "-"
                      },
                      {
                        "v": "si",
                        "gdl_utf8": "𒋛",
                        "id": "Q007384.2.5.1",
                        "delim": "-"
                      },
                      {
                        "v": "sa₂",
                        "gdl_utf8": "𒁲",
                        "id": "Q007384.2.5.2"
                      }
                    ],
                    "cf": "niŋsisa",
                    "gw": "justice",
                    "sense": "justice",
                    "norm0": "niŋsisa",
                    "pos": "N",
                    "epos": "N",
                    "base": "niŋ₂-si-sa₂",
                    "morph": "~"
                  }
                },
                {
                  "node": "c",
                  "type": "phrase",
                  "tag": "phr",
                  "id": "Q007384.U4",
                  "ref": "Q007384.ls00000",
                  "cdl": [
                    {
                      "node": "l",
                      "frag": "pa",
                      "id": "Q007384.l03675",
                      "ref": "Q007384.2.6",
                      "inst": "pa[branch]N",
                      "sig": "@ribo/babylon0%sux:pa=pa[branch//branch]N'N$pa/pa#~",
                      "f": {
                        "lang": "sux",
                        "form": "pa",
                        "delim": "",
                        "gdl": [
                          {
                            "v": "pa",
                            "gdl_utf8": "𒉺",
                            "id": "Q007384.2.6.0"
                          }
                        ],
                        "cf": "pa",
                        "gw": "branch",
                        "sense": "branch",
                        "norm0": "pa",
                        "pos": "N",
                        "epos": "N",
                        "base": "pa",
                        "morph": "~"
                      }
                    },
                    {
                      "node": "l",
                      "frag": "e₃",
                      "id": "Q007384.l03676",
                      "ref": "Q007384.2.7",
                      "inst": "e[leave]V/i",
                      "sig": "@ribo/babylon0%sux:e₃=e[leave//to leave, go out]V/i'V/i$e/e₃#~",
                      "f": {
                        "lang": "sux",
                        "form": "e₃",
                        "delim": "",
                        "gdl": [
                          {
                            "v": "e₃",
                            "gdl_utf8": "𒌓𒁺",
                            "id": "Q007384.2.7.0"
                          }
                        ],
                        "cf": "e",
                        "gw": "leave",
                        "sense": "to leave, go out",
                        "norm0": "e",
                        "pos": "V/i",
                        "epos": "V/i",
                        "base": "e₃",
                        "morph": "~"
                      }
                    }
                  ]
                },
                {
                  "node": "l",
                  "frag": "bi₂-in-a₅",
                  "id": "Q007384.l03677",
                  "ref": "Q007384.2.8",
                  "inst": "ak[to do]V/t",
                  "sig": "@ribo/babylon0%sux:bi₂-in-a₅=ak[do//to do]V/t'V/t$ba.i.n:ak/a₅#ba.i.n:~",
                  "f": {
                    "lang": "sux",
                    "form": "bi₂-in-a₅",
                    "gdl": [
                      {
                        "v": "bi₂",
                        "gdl_utf8": "𒉈",
                        "id": "Q007384.2.8.0",
                        "delim": "-"
                      },
                      {
                        "v": "in",
                        "gdl_utf8": "𒅔",
                        "id": "Q007384.2.8.1",
                        "delim": "-"
                      },
                      {
                        "v": "a₅",
                        "gdl_utf8": "𒀝",
                        "id": "Q007384.2.8.2"
                      }
                    ],
                    "cf": "ak",
                    "gw": "do",
                    "sense": "to do",
                    "norm0": "ba.i.n:ak",
                    "pos": "V/t",
                    "epos": "V/t",
                    "base": "a₅",
                    "morph": "ba.i.n:~"
                  }
                }
              ]
            }
          ]
        }
      ]
    },
    {
      "linkbase": [
        {
          "type": "linkset",
          "xlink_title": "pa e[appear//to cause to appear]V/t'V/t",
          "id": "Q007384.ls00000",
          "xlink_type": "extended",
          "xlink_role": "psu",
          "sig": "{pa e₃ = pa[branch]N e[leave]V/i += pa e[appear//to cause to appear]V/t'V/t}::@ribo/babylon0%sux:pa=pa[branch//branch]N'N$pa/pa#~++@ribo/babylon0%sux:e₃=e[leave//to leave, go out]V/i'V/i$e/e₃#~",
          "links": [
            {
              "type": "link",
              "xlink_title": "pa",
              "xlink_type": "locator",
              "xlink_href": "#Q007384.l03675",
              "xlink_role": "elt"
            },
            {
              "type": "link",
              "xlink_title": "e",
              "xlink_type": "locator",
              "xlink_href": "#Q007384.l03676",
              "xlink_role": "elt"
            }
          ]
        }
      ]
    }
  ]
}
