{
  "type": "cdl",
  "project": "ribo/babylon0",
  "source": "http://oracc.org/ribo/babylon0",
  "license": "This data is released under the CC0 license",
  "license-url": "https://creativecommons.org/publicdomain/zero/1.0/",
  "more-info": "http://oracc.org/doc/opendata/",
  "UTC-timestamp": "2019-01-12T08:23:17",
  "textid": "Q007404",
  "cdl": [
    {
      "node": "c",
      "type": "text",
      "id": "Q007404.U0",
      "cdl": [
        {
          "node": "d",
          "type": "object",
          "ref": ""
        },
        {
          "node": "d",
          "type": "surface",
          "ref": ""
        },
        {
          "node": "c",
          "type": "discourse",
          "subtype": "body",
          "id": "Q007404.U1",
          "cdl": [
            {
              "node": "c",
              "type": "sentence",
              "implicit": "yes",
              "id": "Q007404.U2",
              "label": "1",
              "cdl": [
                {
                  "node": "d",
                  "type": "line-start",
                  "ref": "Q007404.1",
                  "n": "1",
                  "label": "1"
                },
                {
                  "node": "l",
                  "frag": "mu",
                  "id": "Q007404.l037d8",
                  "ref": "Q007404.1.1",
                  "inst": "mu[year]N",
                  "sig": "@ribo/babylon0%sux:mu=mu[year//year]N'N$mu/mu#~",
                  "f": {
                    "lang": "sux",
                    "form": "mu",
                    "delim": "",
                    "gdl": [
                      {
                        "v": "mu",
                        "gdl_utf8": "𒈬",
                        "id": "Q007404.1.1.0"
                      }
                    ],
                    "cf": "mu",
                    "gw": "year",
                    "sense": "year",
                    "norm0": "mu",
                    "pos": "N",
                    "epos": "N",
                    "base": "mu",
                    "morph": "~"
                  }
                },
                {
                  "node": "l",
                  "frag": "sa-am-su-i-lu-na",
                  "id": "Q007404.l037d9",
                  "ref": "Q007404.1.2",
                  "inst": "Samsu-iluna[king of Babylon]RN",
                  "sig": "@ribo/babylon0%sux:sa-am-su-i-lu-na=Samsu-iluna[king of Babylon//king of Babylon]RN'RN$Samsu-iluna/sa-am-su-i-lu-na#~",
                  "f": {
                    "lang": "sux",
                    "form": "sa-am-su-i-lu-na",
                    "delim": "",
                    "gdl": [
                      {
                        "v": "sa",
                        "gdl_utf8": "𒊓",
                        "id": "Q007404.1.2.0",
                        "delim": "-"
                      },
                      {
                        "v": "am",
                        "gdl_utf8": "𒄠",
                        "id": "Q007404.1.2.1",
                        "delim": "-"
                      },
                      {
                        "v": "su",
                        "gdl_utf8": "𒋢",
                        "id": "Q007404.1.2.2",
                        "delim": "-"
                      },
                      {
                        "v": "i",
                        "gdl_utf8": "𒄿",
                        "id": "Q007404.1.2.3",
                        "delim": "-"
                      },
                      {
                        "v": "lu",
                        "gdl_utf8": "𒇻",
                        "id": "Q007404.1.2.4",
                        "delim": "-"
                      },
                      {
                        "v": "na",
                        "gdl_utf8": "𒈾",
                        "id": "Q007404.1.2.5"
                      }
                    ],
                    "cf": "Samsu-iluna",
                    "gw": "king of Babylon",
                    "sense": "king of Babylon",
                    "norm0": "Samsu-iluna",
                    "pos": "RN",
                    "epos": "RN",
                    "base": "sa-am-su-i-lu-na",
                    "morph": "~"
                  }
                },
                {
                  "node": "l",
                  "frag": "lugal-e",
                  "id": "Q007404.l037da",
                  "ref": "Q007404.1.3",
                  "inst": "lugal[king]N",
                  "sig": "@ribo/babylon0%sux:lugal-e=lugal[king//king]N'N$lugal,e/lugal#~,e",
                  "f": {
                    "lang": "sux",
                    "form": "lugal-e",
                    "delim": "",
                    "gdl": [
                      {
                        "v": "lugal",
                        "gdl_utf8": "𒈗",
                        "id": "Q007404.1.3.0",
                        "delim": "-"
                      },
                      {
                        "v": "e",
                        "gdl_utf8": "𒂊",
                        "id": "Q007404.1.3.1"
                      }
                    ],
                    "cf": "lugal",
                    "gw": "king",
                    "sense": "king",
                    "norm0": "lugal,e",
                    "pos": "N",
                    "epos": "N",
                    "base": "lugal",
                    "morph": "~,e"
                  }
                },
                {
                  "node": "l",
                  "frag": "u₆-nir",
                  "id": "Q007404.l037db",
                  "ref": "Q007404.1.4",
                  "inst": "unir[ziggurat]N",
                  "sig": "@ribo/babylon0%sux:u₆-nir=unir[ziggurat//ziggurat]N'N$unir/u₆-nir#~",
                  "f": {
                    "lang": "sux",
                    "form": "u₆-nir",
                    "delim": "",
                    "gdl": [
                      {
                        "v": "u₆",
                        "gdl_utf8": "𒅆𒂍",
                        "id": "Q007404.1.4.0",
                        "delim": "-"
                      },
                      {
                        "v": "nir",
                        "gdl_utf8": "𒉪",
                        "id": "Q007404.1.4.1"
                      }
                    ],
                    "cf": "unir",
                    "gw": "ziggurat",
                    "sense": "ziggurat",
                    "norm0": "unir",
                    "pos": "N",
                    "epos": "N",
                    "base": "u₆-nir",
                    "morph": "~"
                  }
                },
                {
                  "node": "l",
                  "frag": "ki-tuš",
                  "id": "Q007404.l037dc",
                  "ref": "Q007404.1.5",
                  "inst": "kituš[dwelling place]N",
                  "sig": "@ribo/babylon0%sux:ki-tuš=kituš[dwelling//dwelling place]N'N$kituš/ki-tuš#~",
                  "f": {
                    "lang": "sux",
                    "form": "ki-tuš",
                    "delim": "",
                    "gdl": [
                      {
                        "v": "ki",
                        "gdl_utf8": "𒆠",
                        "id": "Q007404.1.5.0",
                        "delim": "-"
                      },
                      {
                        "v": "tuš",
                        "gdl_utf8": "𒆪",
                        "id": "Q007404.1.5.1"
                      }
                    ],
                    "cf": "kituš",
                    "gw": "dwelling",
                    "sense": "dwelling place",
                    "norm0": "kituš",
                    "pos": "N",
                    "epos": "N",
                    "base": "ki-tuš",
                    "morph": "~"
                  }
                },
                {
                  "node": "l",
                  "frag": "mah",
                  "id": "Q007404.l037dd",
                  "ref": "Q007404.1.6",
                  "inst": "mah[(to be) great]V/i",
                  "sig": "@ribo/babylon0%sux:mah=mah[great//(to be) great]V/i'V/i$mah/mah#~",
                  "f": {
                    "lang": "sux",
                    "form": "mah",
                    "delim": "",
                    "gdl": [
                      {
                        "v": "mah",
                        "gdl_utf8": "𒈤",
                        "id": "Q007404.1.6.0"
                      }
                    ],
                    "cf": "mah",
                    "gw": "great",
                    "sense": "(to be) great",
                    "norm0": "mah",
                    "pos": "V/i",
                    "epos": "V/i",
                    "base": "mah",
                    "morph": "~"
                  }
                },
                {
                  "node": "l",
                  "frag": "{d}za-ba₄-ba₄",
                  "id": "Q007404.l037de",
                  "ref": "Q007404.1.7",
                  "inst": "Zababa[1]DN",
                  "sig": "@ribo/babylon0%sux:{d}za-ba₄-ba₄=Zababa[1//1]DN'DN$Zababa/{d}za-ba₄-ba₄#~",
                  "f": {
                    "lang": "sux",
                    "form": "{d}za-ba₄-ba₄",
                    "delim": "",
                    "gdl": [
                      {
                        "det": "semantic",
                        "pos": "pre",
                        "seq": [
                          {
                            "v": "d",
                            "gdl_utf8": "𒀭",
                            "id": "Q007404.1.7.0"
                          }
                        ]
                      },
                      {
                        "v": "za",
                        "gdl_utf8": "𒍝",
                        "id": "Q007404.1.7.1",
                        "delim": "-"
                      },
                      {
                        "v": "ba₄",
                        "gdl_utf8": "𒂷",
                        "id": "Q007404.1.7.2",
                        "delim": "-"
                      },
                      {
                        "v": "ba₄",
                        "gdl_utf8": "𒂷",
                        "id": "Q007404.1.7.3"
                      }
                    ],
                    "cf": "Zababa",
                    "gw": "1",
                    "sense": "1",
                    "norm0": "Zababa",
                    "pos": "DN",
                    "epos": "DN",
                    "base": "{d}za-ba₄-ba₄",
                    "morph": "~"
                  }
                },
                {
                  "node": "l",
                  "frag": "{d}inanna-bi-da-ke₄",
                  "id": "Q007404.l037df",
                  "ref": "Q007404.1.8",
                  "inst": "Inana[1]DN",
                  "sig": "@ribo/babylon0%sux:{d}inanna-bi-da-ke₄=Inana[1//1]DN'DN$Inana,bi.da.ak.e/{d}inanna#~,bi.da.ak.e",
                  "f": {
                    "lang": "sux",
                    "form": "{d}inanna-bi-da-ke₄",
                    "delim": "",
                    "gdl": [
                      {
                        "det": "semantic",
                        "pos": "pre",
                        "seq": [
                          {
                            "v": "d",
                            "gdl_utf8": "𒀭",
                            "id": "Q007404.1.8.0"
                          }
                        ]
                      },
                      {
                        "v": "inanna",
                        "gdl_utf8": "𒈹",
                        "id": "Q007404.1.8.1",
                        "delim": "-"
                      },
                      {
                        "v": "bi",
                        "gdl_utf8": "𒁉",
                        "id": "Q007404.1.8.2",
                        "delim": "-"
                      },
                      {
                        "v": "da",
                        "gdl_utf8": "𒁕",
                        "id": "Q007404.1.8.3",
                        "delim": "-"
                      },
                      {
                        "v": "ke₄",
                        "gdl_utf8": "𒆤",
                        "id": "Q007404.1.8.4"
                      }
                    ],
                    "cf": "Inana",
                    "gw": "1",
                    "sense": "1",
                    "norm0": "Inana,bi.da.ak.e",
                    "pos": "DN",
                    "epos": "DN",
                    "base": "{d}inanna",
                    "morph": "~,bi.da.ak.e"
                  }
                },
                {
                  "node": "l",
                  "frag": "šu",
                  "id": "Q007404.l037e0",
                  "ref": "Q007404.1.9",
                  "inst": "šu[hand]N",
                  "sig": "@ribo/babylon0%sux:šu=šu[hand//hand]N'N$šu/šu#~",
                  "f": {
                    "lang": "sux",
                    "form": "šu",
                    "delim": "",
                    "gdl": [
                      {
                        "v": "šu",
                        "gdl_utf8": "𒋗",
                        "id": "Q007404.1.9.0"
                      }
                    ],
                    "cf": "šu",
                    "gw": "hand",
                    "sense": "hand",
                    "norm0": "šu",
                    "pos": "N",
                    "epos": "N",
                    "base": "šu",
                    "morph": "~"
                  }
                },
                {
                  "node": "l",
                  "frag": "gibil",
                  "id": "Q007404.l037e1",
                  "ref": "Q007404.1.10",
                  "inst": "gibil[(to be) new]V/i",
                  "sig": "@ribo/babylon0%sux:gibil=gibil[new//(to be) new]V/i'V/i$gibil/gibil#~",
                  "f": {
                    "lang": "sux",
                    "form": "gibil",
                    "delim": "",
                    "gdl": [
                      {
                        "v": "gibil",
                        "gdl_utf8": "𒉋",
                        "id": "Q007404.1.10.0"
                      }
                    ],
                    "cf": "gibil",
                    "gw": "new",
                    "sense": "(to be) new",
                    "norm0": "gibil",
                    "pos": "V/i",
                    "epos": "V/i",
                    "base": "gibil",
                    "morph": "~"
                  }
                },
                {
                  "node": "l",
                  "frag": "bi₂-in-a₅",
                  "id": "Q007404.l037e2",
                  "ref": "Q007404.1.11",
                  "inst": "ak[to do]V/t",
                  "sig": "@ribo/babylon0%sux:bi₂-in-a₅=ak[do//to do]V/t'V/t$ba.i.n:ak/a₅#ba.i.n:~",
                  "f": {
                    "lang": "sux",
                    "form": "bi₂-in-a₅",
                    "delim": "",
                    "gdl": [
                      {
                        "v": "bi₂",
                        "gdl_utf8": "𒉈",
                        "id": "Q007404.1.11.0",
                        "delim": "-"
                      },
                      {
                        "v": "in",
                        "gdl_utf8": "𒅔",
                        "id": "Q007404.1.11.1",
                        "delim": "-"
                      },
                      {
                        "v": "a₅",
                        "gdl_utf8": "𒀝",
                        "id": "Q007404.1.11.2"
                      }
                    ],
                    "cf": "ak",
                    "gw": "do",
                    "sense": "to do",
                    "norm0": "ba.i.n:ak",
                    "pos": "V/t",
                    "epos": "V/t",
                    "base": "a₅",
                    "morph": "ba.i.n:~"
                  }
                },
                {
                  "node": "l",
                  "frag": "1(U)-6(diš)",
                  "id": "Q007404.l037e3",
                  "ref": "Q007404.1.12",
                  "inst": "n",
                  "f": {
                    "lang": "sux",
                    "form": "1(U)-6(diš)",
                    "delim": "",
                    "gdl": [
                      {
                        "n": "n",
                        "form": "1(U)",
                        "gdl_utf8": "𒌋",
                        "id": "Q007404.1.12.0",
                        "statusStart": "1",
                        "o": "(",
                        "delim": "-",
                        "seq": [
                          {
                            "r": "1"
                          },
                          {
                            "s": "U"
                          }
                        ]
                      },
                      {
                        "n": "n",
                        "form": "6(diš)",
                        "gdl_utf8": "𒐋",
                        "id": "Q007404.1.12.1",
                        "seq": [
                          {
                            "r": "6"
                          },
                          {
                            "v": "diš"
                          }
                        ]
                      }
                    ],
                    "pos": "n"
                  }
                },
                {
                  "node": "l",
                  "frag": "alan-bi)",
                  "id": "Q007404.l037e4",
                  "ref": "Q007404.1.13",
                  "inst": "alan[statue]N",
                  "sig": "@ribo/babylon0%sux:alan-bi=alan[statue//statue]N'N$alan,bi/alan#~,bi",
                  "f": {
                    "lang": "sux",
                    "form": "alan-bi",
                    "gdl": [
                      {
                        "v": "alan",
                        "gdl_utf8": "𒀩",
                        "id": "Q007404.1.13.0",
                        "delim": "-"
                      },
                      {
                        "v": "bi",
                        "gdl_utf8": "𒁉",
                        "id": "Q007404.1.13.1",
                        "o": ")",
                        "statusStart": "Q007404.1.12.0"
                      }
                    ],
                    "cf": "alan",
                    "gw": "statue",
                    "sense": "statue",
                    "norm0": "alan,bi",
                    "pos": "N",
                    "epos": "N",
                    "base": "alan",
                    "morph": "~,bi"
                  }
                }
              ]
            }
          ]
        }
      ]
    }
  ]
}
