{
  "type": "cdl",
  "project": "ribo/babylon0",
  "source": "http://oracc.org/ribo/babylon0",
  "license": "This data is released under the CC0 license",
  "license-url": "https://creativecommons.org/publicdomain/zero/1.0/",
  "more-info": "http://oracc.org/doc/opendata/",
  "UTC-timestamp": "2019-01-12T08:23:21",
  "textid": "Q007656",
  "cdl": [
    {
      "node": "c",
      "type": "text",
      "id": "Q007656.U0",
      "cdl": [
        {
          "node": "d",
          "type": "object",
          "ref": ""
        },
        {
          "node": "d",
          "type": "surface",
          "ref": ""
        },
        {
          "node": "c",
          "type": "discourse",
          "subtype": "body",
          "id": "Q007656.U1",
          "cdl": [
            {
              "node": "c",
              "type": "sentence",
              "implicit": "yes",
              "id": "Q007656.U2",
              "label": "1",
              "cdl": [
                {
                  "node": "d",
                  "type": "line-start",
                  "ref": "Q007656.1",
                  "n": "1",
                  "label": "1"
                },
                {
                  "node": "l",
                  "frag": "mu",
                  "id": "Q007656.l00292",
                  "ref": "Q007656.1.1",
                  "inst": "mu[year]N",
                  "sig": "@ribo/babylon0%sux:mu=mu[year//year]N'N$mu/mu#~",
                  "f": {
                    "lang": "sux",
                    "form": "mu",
                    "delim": "",
                    "gdl": [
                      {
                        "v": "mu",
                        "gdl_utf8": "𒈬",
                        "id": "Q007656.1.1.0"
                      }
                    ],
                    "cf": "mu",
                    "gw": "year",
                    "sense": "year",
                    "norm0": "mu",
                    "pos": "N",
                    "epos": "N",
                    "base": "mu",
                    "morph": "~"
                  }
                },
                {
                  "node": "l",
                  "frag": "am-mi-di-ta-na",
                  "id": "Q007656.l00293",
                  "ref": "Q007656.1.2",
                  "inst": "Ammi-ditana[king of Babylon]RN",
                  "sig": "@ribo/babylon0%sux:am-mi-di-ta-na=Ammi-ditana[king of Babylon//king of Babylon]RN'RN$Ammi-ditana/am-mi-di-ta-na#~",
                  "f": {
                    "lang": "sux",
                    "form": "am-mi-di-ta-na",
                    "delim": "",
                    "gdl": [
                      {
                        "v": "am",
                        "gdl_utf8": "𒄠",
                        "id": "Q007656.1.2.0",
                        "delim": "-"
                      },
                      {
                        "v": "mi",
                        "gdl_utf8": "𒈪",
                        "id": "Q007656.1.2.1",
                        "delim": "-"
                      },
                      {
                        "v": "di",
                        "gdl_utf8": "𒁲",
                        "id": "Q007656.1.2.2",
                        "delim": "-"
                      },
                      {
                        "v": "ta",
                        "gdl_utf8": "𒋫",
                        "id": "Q007656.1.2.3",
                        "delim": "-"
                      },
                      {
                        "v": "na",
                        "gdl_utf8": "𒈾",
                        "id": "Q007656.1.2.4"
                      }
                    ],
                    "cf": "Ammi-ditana",
                    "gw": "king of Babylon",
                    "sense": "king of Babylon",
                    "norm0": "Ammi-ditana",
                    "pos": "RN",
                    "epos": "RN",
                    "base": "am-mi-di-ta-na",
                    "morph": "~"
                  }
                },
                {
                  "node": "l",
                  "frag": "lugal-e",
                  "id": "Q007656.l00294",
                  "ref": "Q007656.1.3",
                  "inst": "lugal[king]N",
                  "sig": "@ribo/babylon0%sux:lugal-e=lugal[king//king]N'N$lugal,e/lugal#~,e",
                  "f": {
                    "lang": "sux",
                    "form": "lugal-e",
                    "delim": "",
                    "gdl": [
                      {
                        "v": "lugal",
                        "gdl_utf8": "𒈗",
                        "id": "Q007656.1.3.0",
                        "delim": "-"
                      },
                      {
                        "v": "e",
                        "gdl_utf8": "𒂊",
                        "id": "Q007656.1.3.1"
                      }
                    ],
                    "cf": "lugal",
                    "gw": "king",
                    "sense": "king",
                    "norm0": "lugal,e",
                    "pos": "N",
                    "epos": "N",
                    "base": "lugal",
                    "morph": "~,e"
                  }
                },
                {
                  "node": "l",
                  "frag": "bad₃-am-mi-di-ta-na{ki}",
                  "id": "Q007656.l00295",
                  "ref": "Q007656.1.4",
                  "inst": "Dur-Ammi-ditana[1]SN",
                  "sig": "@ribo/babylon0%sux:bad₃-am-mi-di-ta-na{ki}=Dur-Ammi-ditana[1//1]SN'SN$Dur-Ammi-ditana/bad₃-am-mi-di-ta-na{ki}#~",
                  "f": {
                    "lang": "sux",
                    "form": "bad₃-am-mi-di-ta-na{ki}",
                    "delim": "",
                    "gdl": [
                      {
                        "v": "bad₃",
                        "gdl_utf8": "𒂦",
                        "id": "Q007656.1.4.0",
                        "delim": "-"
                      },
                      {
                        "v": "am",
                        "gdl_utf8": "𒄠",
                        "id": "Q007656.1.4.1",
                        "delim": "-"
                      },
                      {
                        "v": "mi",
                        "gdl_utf8": "𒈪",
                        "id": "Q007656.1.4.2",
                        "delim": "-"
                      },
                      {
                        "v": "di",
                        "gdl_utf8": "𒁲",
                        "id": "Q007656.1.4.3",
                        "delim": "-"
                      },
                      {
                        "v": "ta",
                        "gdl_utf8": "𒋫",
                        "id": "Q007656.1.4.4",
                        "delim": "-"
                      },
                      {
                        "v": "na",
                        "gdl_utf8": "𒈾",
                        "id": "Q007656.1.4.5"
                      },
                      {
                        "det": "semantic",
                        "pos": "post",
                        "seq": [
                          {
                            "v": "ki",
                            "gdl_utf8": "𒆠",
                            "id": "Q007656.1.4.6"
                          }
                        ]
                      }
                    ],
                    "cf": "Dur-Ammi-ditana",
                    "gw": "1",
                    "sense": "1",
                    "norm0": "Dur-Ammi-ditana",
                    "pos": "SN",
                    "epos": "SN",
                    "base": "bad₃-am-mi-di-ta-na{ki}",
                    "morph": "~"
                  }
                },
                {
                  "node": "l",
                  "frag": "gu₂",
                  "id": "Q007656.l00296",
                  "ref": "Q007656.1.5",
                  "inst": "gu[bank, side]N",
                  "sig": "@ribo/babylon0%sux:gu₂=gu[neck//bank, side]N'N$gu/gu₂#~",
                  "f": {
                    "lang": "sux",
                    "form": "gu₂",
                    "delim": "",
                    "gdl": [
                      {
                        "v": "gu₂",
                        "gdl_utf8": "𒄘",
                        "id": "Q007656.1.5.0"
                      }
                    ],
                    "cf": "gu",
                    "gw": "neck",
                    "sense": "bank, side",
                    "norm0": "gu",
                    "pos": "N",
                    "epos": "N",
                    "base": "gu₂",
                    "morph": "~"
                  }
                },
                {
                  "node": "l",
                  "frag": "{i₇}ṣi₂-la₂-kum-ma-ta",
                  "id": "Q007656.l00297",
                  "ref": "Q007656.1.6",
                  "inst": "Silakku[1]WN",
                  "sig": "@ribo/babylon0%sux:{i₇}ṣi₂-la₂-kum-ma-ta=Silakku[1//1]WN'WN$Silakku,ak.ta/{i₇}ṣi₂-la₂-kum+-ma=m.a#~,ak.ta",
                  "f": {
                    "lang": "sux",
                    "form": "{i₇}ṣi₂-la₂-kum-ma-ta",
                    "delim": "",
                    "gdl": [
                      {
                        "det": "semantic",
                        "pos": "pre",
                        "seq": [
                          {
                            "v": "i₇",
                            "gdl_utf8": "𒀀𒇉",
                            "id": "Q007656.1.6.0"
                          }
                        ]
                      },
                      {
                        "v": "ṣi₂",
                        "gdl_utf8": "𒍣",
                        "id": "Q007656.1.6.1",
                        "delim": "-"
                      },
                      {
                        "v": "la₂",
                        "gdl_utf8": "𒇲",
                        "id": "Q007656.1.6.2",
                        "delim": "-"
                      },
                      {
                        "v": "kum",
                        "gdl_utf8": "𒄣",
                        "id": "Q007656.1.6.3",
                        "delim": "-"
                      },
                      {
                        "v": "ma",
                        "gdl_utf8": "𒈠",
                        "id": "Q007656.1.6.4",
                        "delim": "-"
                      },
                      {
                        "v": "ta",
                        "gdl_utf8": "𒋫",
                        "id": "Q007656.1.6.5"
                      }
                    ],
                    "cf": "Silakku",
                    "gw": "1",
                    "sense": "1",
                    "norm0": "Silakku,ak.ta",
                    "pos": "WN",
                    "epos": "WN",
                    "base": "{i₇}ṣi₂-la₂-kum",
                    "cont": "-ma=m.a",
                    "morph": "~,ak.ta"
                  }
                },
                {
                  "node": "l",
                  "frag": "{(i₇}ṣi₂-la₂-ku-ma-ta)",
                  "id": "Q007656.l00298",
                  "ref": "Q007656.1.7",
                  "inst": "Silakku[1]WN",
                  "sig": "@ribo/babylon0%sux:{i₇}ṣi₂-la₂-ku-ma-ta=Silakku[1//1]WN'WN$Silakku,ak.ta/{i₇}ṣi₂-la₂-ku-m·a#~,ak.ta",
                  "f": {
                    "lang": "sux",
                    "form": "{i₇}ṣi₂-la₂-ku-ma-ta",
                    "delim": "",
                    "gdl": [
                      {
                        "det": "semantic",
                        "pos": "pre",
                        "seq": [
                          {
                            "v": "i₇",
                            "gdl_utf8": "𒀀𒇉",
                            "id": "Q007656.1.7.0",
                            "statusStart": "1",
                            "o": "("
                          }
                        ]
                      },
                      {
                        "v": "ṣi₂",
                        "gdl_utf8": "𒍣",
                        "id": "Q007656.1.7.1",
                        "delim": "-"
                      },
                      {
                        "v": "la₂",
                        "gdl_utf8": "𒇲",
                        "id": "Q007656.1.7.2",
                        "delim": "-"
                      },
                      {
                        "v": "ku",
                        "gdl_utf8": "𒆪",
                        "id": "Q007656.1.7.3",
                        "delim": "-"
                      },
                      {
                        "v": "ma",
                        "gdl_utf8": "𒈠",
                        "id": "Q007656.1.7.4",
                        "delim": "-"
                      },
                      {
                        "v": "ta",
                        "gdl_utf8": "𒋫",
                        "id": "Q007656.1.7.5",
                        "o": ")",
                        "statusStart": "Q007656.1.7.0"
                      }
                    ],
                    "cf": "Silakku",
                    "gw": "1",
                    "sense": "1",
                    "norm0": "Silakku,ak.ta",
                    "pos": "WN",
                    "epos": "WN",
                    "base": "{i₇}ṣi₂-la₂-ku-m·a",
                    "morph": "~,ak.ta"
                  }
                },
                {
                  "node": "l",
                  "frag": "bi₂-in-du₃-a",
                  "id": "Q007656.l00299",
                  "ref": "Q007656.1.8",
                  "inst": "du[to build, make]V/t",
                  "sig": "@ribo/babylon0%sux:bi₂-in-du₃-a=du[build//to build, make]V/t'V/t$bi.n:du;a/du₃#bi.n:~;a",
                  "f": {
                    "lang": "sux",
                    "form": "bi₂-in-du₃-a",
                    "gdl": [
                      {
                        "v": "bi₂",
                        "gdl_utf8": "𒉈",
                        "id": "Q007656.1.8.0",
                        "delim": "-"
                      },
                      {
                        "v": "in",
                        "gdl_utf8": "𒅔",
                        "id": "Q007656.1.8.1",
                        "delim": "-"
                      },
                      {
                        "v": "du₃",
                        "gdl_utf8": "𒆕",
                        "id": "Q007656.1.8.2",
                        "delim": "-"
                      },
                      {
                        "v": "a",
                        "gdl_utf8": "𒀀",
                        "id": "Q007656.1.8.3"
                      }
                    ],
                    "cf": "du",
                    "gw": "build",
                    "sense": "to build, make",
                    "norm0": "bi.n:du;a",
                    "pos": "V/t",
                    "epos": "V/t",
                    "base": "du₃",
                    "morph": "bi.n:~;a"
                  }
                }
              ]
            }
          ]
        }
      ]
    }
  ]
}
