{
  "type": "cdl",
  "project": "ribo/babylon0",
  "source": "http://oracc.org/ribo/babylon0",
  "license": "This data is released under the CC0 license",
  "license-url": "https://creativecommons.org/publicdomain/zero/1.0/",
  "more-info": "http://oracc.org/doc/opendata/",
  "UTC-timestamp": "2019-01-12T08:23:21",
  "textid": "Q007655",
  "cdl": [
    {
      "node": "c",
      "type": "text",
      "id": "Q007655.U0",
      "cdl": [
        {
          "node": "d",
          "type": "object",
          "ref": ""
        },
        {
          "node": "d",
          "type": "surface",
          "ref": ""
        },
        {
          "node": "c",
          "type": "discourse",
          "subtype": "body",
          "id": "Q007655.U1",
          "cdl": [
            {
              "node": "c",
              "type": "sentence",
              "implicit": "yes",
              "id": "Q007655.U2",
              "label": "1",
              "cdl": [
                {
                  "node": "d",
                  "type": "line-start",
                  "ref": "Q007655.1",
                  "n": "1",
                  "label": "1"
                },
                {
                  "node": "l",
                  "frag": "mu",
                  "id": "Q007655.l00282",
                  "ref": "Q007655.1.1",
                  "inst": "mu[year]N",
                  "sig": "@ribo/babylon0%sux:mu=mu[year//year]N'N$mu/mu#~",
                  "f": {
                    "lang": "sux",
                    "form": "mu",
                    "delim": "",
                    "gdl": [
                      {
                        "v": "mu",
                        "gdl_utf8": "𒈬",
                        "id": "Q007655.1.1.0"
                      }
                    ],
                    "cf": "mu",
                    "gw": "year",
                    "sense": "year",
                    "norm0": "mu",
                    "pos": "N",
                    "epos": "N",
                    "base": "mu",
                    "morph": "~"
                  }
                },
                {
                  "node": "l",
                  "frag": "am-mi-di-ta-na",
                  "id": "Q007655.l00283",
                  "ref": "Q007655.1.2",
                  "inst": "Ammi-ditana[king of Babylon]RN",
                  "sig": "@ribo/babylon0%sux:am-mi-di-ta-na=Ammi-ditana[king of Babylon//king of Babylon]RN'RN$Ammi-ditana/am-mi-di-ta-na#~",
                  "f": {
                    "lang": "sux",
                    "form": "am-mi-di-ta-na",
                    "delim": "",
                    "gdl": [
                      {
                        "v": "am",
                        "gdl_utf8": "𒄠",
                        "id": "Q007655.1.2.0",
                        "delim": "-"
                      },
                      {
                        "v": "mi",
                        "gdl_utf8": "𒈪",
                        "id": "Q007655.1.2.1",
                        "delim": "-"
                      },
                      {
                        "v": "di",
                        "gdl_utf8": "𒁲",
                        "id": "Q007655.1.2.2",
                        "delim": "-"
                      },
                      {
                        "v": "ta",
                        "gdl_utf8": "𒋫",
                        "id": "Q007655.1.2.3",
                        "delim": "-"
                      },
                      {
                        "v": "na",
                        "gdl_utf8": "𒈾",
                        "id": "Q007655.1.2.4"
                      }
                    ],
                    "cf": "Ammi-ditana",
                    "gw": "king of Babylon",
                    "sense": "king of Babylon",
                    "norm0": "Ammi-ditana",
                    "pos": "RN",
                    "epos": "RN",
                    "base": "am-mi-di-ta-na",
                    "morph": "~"
                  }
                },
                {
                  "node": "l",
                  "frag": "lugal-e",
                  "id": "Q007655.l00284",
                  "ref": "Q007655.1.3",
                  "inst": "lugal[king]N",
                  "sig": "@ribo/babylon0%sux:lugal-e=lugal[king//king]N'N$lugal,e/lugal#~,e",
                  "f": {
                    "lang": "sux",
                    "form": "lugal-e",
                    "delim": "",
                    "gdl": [
                      {
                        "v": "lugal",
                        "gdl_utf8": "𒈗",
                        "id": "Q007655.1.3.0",
                        "delim": "-"
                      },
                      {
                        "v": "e",
                        "gdl_utf8": "𒂊",
                        "id": "Q007655.1.3.1"
                      }
                    ],
                    "cf": "lugal",
                    "gw": "king",
                    "sense": "king",
                    "norm0": "lugal,e",
                    "pos": "N",
                    "epos": "N",
                    "base": "lugal",
                    "morph": "~,e"
                  }
                },
                {
                  "node": "l",
                  "frag": "{uruda}ki-lugal-gub",
                  "id": "Q007655.l00285",
                  "ref": "Q007655.1.4",
                  "inst": "KI.LUGAL.DU[a cultic place]N",
                  "sig": "@ribo/babylon0%sux:{uruda}ki-lugal-gub=KI.LUGAL.DU[locus//a cultic place]N'N$KI.LUGAL.DU/{uruda}ki-lugal-gub#~",
                  "f": {
                    "lang": "sux",
                    "form": "{uruda}ki-lugal-gub",
                    "delim": "",
                    "gdl": [
                      {
                        "det": "semantic",
                        "pos": "pre",
                        "seq": [
                          {
                            "v": "uruda",
                            "gdl_utf8": "𒍏",
                            "id": "Q007655.1.4.0"
                          }
                        ]
                      },
                      {
                        "v": "ki",
                        "gdl_utf8": "𒆠",
                        "id": "Q007655.1.4.1",
                        "delim": "-"
                      },
                      {
                        "v": "lugal",
                        "gdl_utf8": "𒈗",
                        "id": "Q007655.1.4.2",
                        "delim": "-"
                      },
                      {
                        "v": "gub",
                        "gdl_utf8": "𒁺",
                        "id": "Q007655.1.4.3"
                      }
                    ],
                    "cf": "KI.LUGAL.DU",
                    "gw": "locus",
                    "sense": "a cultic place",
                    "norm0": "KI.LUGAL.DU",
                    "pos": "N",
                    "epos": "N",
                    "base": "{uruda}ki-lugal-gub",
                    "morph": "~"
                  }
                },
                {
                  "node": "l",
                  "frag": "gal-gal-la",
                  "id": "Q007655.l00286",
                  "ref": "Q007655.1.5",
                  "inst": "gal[(to be) big, great]V/i",
                  "sig": "@ribo/babylon0%sux:gal-gal-la=gal[big//(to be) big, great]V/i'V/i$gal,ak/gal-gal+-la=l.a#~,ak",
                  "f": {
                    "lang": "sux",
                    "form": "gal-gal-la",
                    "delim": "",
                    "gdl": [
                      {
                        "v": "gal",
                        "gdl_utf8": "𒃲",
                        "id": "Q007655.1.5.0",
                        "delim": "-"
                      },
                      {
                        "v": "gal",
                        "gdl_utf8": "𒃲",
                        "id": "Q007655.1.5.1",
                        "delim": "-"
                      },
                      {
                        "v": "la",
                        "gdl_utf8": "𒆷",
                        "id": "Q007655.1.5.2"
                      }
                    ],
                    "cf": "gal",
                    "gw": "big",
                    "sense": "(to be) big, great",
                    "norm0": "gal,ak",
                    "pos": "V/i",
                    "epos": "V/i",
                    "base": "gal-gal",
                    "cont": "-la=l.a",
                    "morph": "~,ak"
                  }
                },
                {
                  "node": "l",
                  "frag": "alan-alan-na",
                  "id": "Q007655.l00287",
                  "ref": "Q007655.1.6",
                  "inst": "alan[statue]N",
                  "sig": "@ribo/babylon0%sux:alan-alan-na=alan[statue//statue]N'N$alan,a/alan-alan+-na=n.a#~,a",
                  "f": {
                    "lang": "sux",
                    "form": "alan-alan-na",
                    "delim": "",
                    "gdl": [
                      {
                        "v": "alan",
                        "gdl_utf8": "𒀩",
                        "id": "Q007655.1.6.0",
                        "delim": "-"
                      },
                      {
                        "v": "alan",
                        "gdl_utf8": "𒀩",
                        "id": "Q007655.1.6.1",
                        "delim": "-"
                      },
                      {
                        "v": "na",
                        "gdl_utf8": "𒈾",
                        "id": "Q007655.1.6.2"
                      }
                    ],
                    "cf": "alan",
                    "gw": "statue",
                    "sense": "statue",
                    "norm0": "alan,a",
                    "pos": "N",
                    "epos": "N",
                    "base": "alan-alan",
                    "cont": "-na=n.a",
                    "morph": "~,a"
                  }
                },
                {
                  "node": "l",
                  "frag": "(alan-na)",
                  "id": "Q007655.l00288",
                  "ref": "Q007655.1.7",
                  "inst": "alan[statue]N",
                  "sig": "@ribo/babylon0%sux:alan-na=alan[statue//statue]N'N$alan,a/alan+-na=n.a#~,a",
                  "f": {
                    "lang": "sux",
                    "form": "alan-na",
                    "delim": "",
                    "gdl": [
                      {
                        "v": "alan",
                        "gdl_utf8": "𒀩",
                        "id": "Q007655.1.7.0",
                        "statusStart": "1",
                        "o": "(",
                        "delim": "-"
                      },
                      {
                        "v": "na",
                        "gdl_utf8": "𒈾",
                        "id": "Q007655.1.7.1",
                        "o": ")",
                        "statusStart": "Q007655.1.7.0"
                      }
                    ],
                    "cf": "alan",
                    "gw": "statue",
                    "sense": "statue",
                    "norm0": "alan,a",
                    "pos": "N",
                    "epos": "N",
                    "base": "alan",
                    "cont": "-na=n.a",
                    "morph": "~,a"
                  }
                },
                {
                  "node": "l",
                  "frag": "kur",
                  "id": "Q007655.l00289",
                  "ref": "Q007655.1.8",
                  "inst": "kur[mountain(s)]N",
                  "sig": "@ribo/babylon0%sux:kur=kur[mountain//mountain(s)]N'N$kur/kur#~",
                  "f": {
                    "lang": "sux",
                    "form": "kur",
                    "delim": "",
                    "gdl": [
                      {
                        "v": "kur",
                        "gdl_utf8": "𒆳",
                        "id": "Q007655.1.8.0"
                      }
                    ],
                    "cf": "kur",
                    "gw": "mountain",
                    "sense": "mountain(s)",
                    "norm0": "kur",
                    "pos": "N",
                    "epos": "N",
                    "base": "kur",
                    "morph": "~"
                  }
                },
                {
                  "node": "l",
                  "frag": "hur-saŋ-ŋa₂",
                  "id": "Q007655.l0028a",
                  "ref": "Q007655.1.9",
                  "inst": "hursaŋ[mountain, foothills]N",
                  "sig": "@ribo/babylon0%sux:hur-saŋ-ŋa₂=hursaŋ[mountain//mountain]N'N$hursaŋ,a/hur-saŋ+-ŋa₂=ŋ.a#~,a",
                  "f": {
                    "lang": "sux",
                    "form": "hur-saŋ-ŋa₂",
                    "delim": "",
                    "gdl": [
                      {
                        "v": "hur",
                        "gdl_utf8": "𒄯",
                        "id": "Q007655.1.9.0",
                        "delim": "-"
                      },
                      {
                        "v": "saŋ",
                        "gdl_utf8": "𒊕",
                        "id": "Q007655.1.9.1",
                        "delim": "-"
                      },
                      {
                        "v": "ŋa₂",
                        "gdl_utf8": "𒂷",
                        "id": "Q007655.1.9.2"
                      }
                    ],
                    "cf": "hursaŋ",
                    "gw": "mountain",
                    "sense": "mountain",
                    "norm0": "hursaŋ,a",
                    "pos": "N",
                    "epos": "N",
                    "base": "hur-saŋ",
                    "cont": "-ŋa₂=ŋ.a",
                    "morph": "~,a"
                  }
                },
                {
                  "node": "l",
                  "frag": "i₇-i₇-da-ba",
                  "id": "Q007655.l0028b",
                  "ref": "Q007655.1.10",
                  "inst": "id[river]N",
                  "sig": "@ribo/babylon0%sux:i₇-i₇-da-ba=id[river//river]N'N$id,ak.bi.a/i₇-i₇+-da=d.a#~,ak.bi.a",
                  "f": {
                    "lang": "sux",
                    "form": "i₇-i₇-da-ba",
                    "delim": "",
                    "gdl": [
                      {
                        "v": "i₇",
                        "gdl_utf8": "𒀀𒇉",
                        "id": "Q007655.1.10.0",
                        "delim": "-"
                      },
                      {
                        "v": "i₇",
                        "gdl_utf8": "𒀀𒇉",
                        "id": "Q007655.1.10.1",
                        "delim": "-"
                      },
                      {
                        "v": "da",
                        "gdl_utf8": "𒁕",
                        "id": "Q007655.1.10.2",
                        "delim": "-"
                      },
                      {
                        "v": "ba",
                        "gdl_utf8": "𒁀",
                        "id": "Q007655.1.10.3"
                      }
                    ],
                    "cf": "id",
                    "gw": "river",
                    "sense": "river",
                    "norm0": "id,ak.bi.a",
                    "pos": "N",
                    "epos": "N",
                    "base": "i₇-i₇",
                    "cont": "-da=d.a",
                    "morph": "~,ak.bi.a"
                  }
                },
                {
                  "node": "l",
                  "frag": "gal-la-aš",
                  "id": "Q007655.l0028c",
                  "ref": "Q007655.1.11",
                  "inst": "gal[(to be) big, great]V/i",
                  "sig": "@ribo/babylon0%sux:gal-la-aš=gal[big//(to be) big, great]V/i'V/i$gal;a,eše/gal+-la=l.a#~;a,eše",
                  "f": {
                    "lang": "sux",
                    "form": "gal-la-aš",
                    "delim": "",
                    "gdl": [
                      {
                        "v": "gal",
                        "gdl_utf8": "𒃲",
                        "id": "Q007655.1.11.0",
                        "delim": "-"
                      },
                      {
                        "v": "la",
                        "gdl_utf8": "𒆷",
                        "id": "Q007655.1.11.1",
                        "delim": "-"
                      },
                      {
                        "v": "aš",
                        "gdl_utf8": "𒀸",
                        "id": "Q007655.1.11.2"
                      }
                    ],
                    "cf": "gal",
                    "gw": "big",
                    "sense": "(to be) big, great",
                    "norm0": "gal;a,eše",
                    "pos": "V/i",
                    "epos": "V/i",
                    "base": "gal",
                    "cont": "-la=l.a",
                    "morph": "~;a,eše"
                  }
                },
                {
                  "node": "l",
                  "frag": "([...])",
                  "id": "Q007655.l0028d",
                  "ref": "Q007655.1.12",
                  "inst": "u",
                  "f": {
                    "lang": "sux",
                    "form": "x",
                    "delim": "",
                    "gdl": [
                      {
                        "x": "ellipsis",
                        "id": "Q007655.1.12.0",
                        "breakStart": "1",
                        "statusStart": "Q007655.1.12.0",
                        "break": "missing",
                        "o": "])",
                        "breakEnd": "Q007655.1.12.0"
                      }
                    ],
                    "pos": "u"
                  }
                },
                {
                  "node": "l",
                  "frag": "e₂-mah-a",
                  "id": "Q007655.l0028e",
                  "ref": "Q007655.1.13",
                  "inst": "Emah[1]TN",
                  "sig": "@ribo/babylon0%sux:e₂-mah-a=Emah[1//1]TN'TN$Emah,a/e₂-mah#~,a",
                  "f": {
                    "lang": "sux",
                    "form": "e₂-mah-a",
                    "delim": "",
                    "gdl": [
                      {
                        "v": "e₂",
                        "gdl_utf8": "𒂍",
                        "id": "Q007655.1.13.0",
                        "delim": "-"
                      },
                      {
                        "v": "mah",
                        "gdl_utf8": "𒈤",
                        "id": "Q007655.1.13.1",
                        "delim": "-"
                      },
                      {
                        "v": "a",
                        "gdl_utf8": "𒀀",
                        "id": "Q007655.1.13.2"
                      }
                    ],
                    "cf": "Emah",
                    "gw": "1",
                    "sense": "1",
                    "norm0": "Emah,a",
                    "pos": "TN",
                    "epos": "TN",
                    "base": "e₂-mah",
                    "morph": "~,a"
                  }
                },
                {
                  "node": "l",
                  "frag": "e₂-nam-ti-la",
                  "id": "Q007655.l0028f",
                  "ref": "Q007655.1.14",
                  "inst": "Enamtila[1]TN",
                  "sig": "@ribo/babylon0%sux:e₂-nam-ti-la=Enamtila[1//1]TN'TN$Enamtila/e₂-nam-ti-la#~",
                  "f": {
                    "lang": "sux",
                    "form": "e₂-nam-ti-la",
                    "delim": "",
                    "gdl": [
                      {
                        "v": "e₂",
                        "gdl_utf8": "𒂍",
                        "id": "Q007655.1.14.0",
                        "delim": "-"
                      },
                      {
                        "v": "nam",
                        "gdl_utf8": "𒉆",
                        "id": "Q007655.1.14.1",
                        "delim": "-"
                      },
                      {
                        "v": "ti",
                        "gdl_utf8": "𒋾",
                        "id": "Q007655.1.14.2",
                        "delim": "-"
                      },
                      {
                        "v": "la",
                        "gdl_utf8": "𒆷",
                        "id": "Q007655.1.14.3"
                      }
                    ],
                    "cf": "Enamtila",
                    "gw": "1",
                    "sense": "1",
                    "norm0": "Enamtila",
                    "pos": "TN",
                    "epos": "TN",
                    "base": "e₂-nam-ti-la",
                    "morph": "~"
                  }
                },
                {
                  "node": "l",
                  "frag": "in-ne-en-šum₂-šum₂-ma",
                  "id": "Q007655.l00290",
                  "ref": "Q007655.1.15",
                  "inst": "šum[to give]V/t",
                  "sig": "@ribo/babylon0%sux:in-ne-en-šum₂-šum₂-ma=šum[give//to give]V/t'V/t$V.ne.n:šum;a/šum₂-šum₂+-ma=m.a#V.ne.n:~;a",
                  "f": {
                    "lang": "sux",
                    "form": "in-ne-en-šum₂-šum₂-ma",
                    "delim": "",
                    "gdl": [
                      {
                        "v": "in",
                        "gdl_utf8": "𒅔",
                        "id": "Q007655.1.15.0",
                        "delim": "-"
                      },
                      {
                        "v": "ne",
                        "gdl_utf8": "𒉈",
                        "id": "Q007655.1.15.1",
                        "delim": "-"
                      },
                      {
                        "v": "en",
                        "gdl_utf8": "𒂗",
                        "id": "Q007655.1.15.2",
                        "delim": "-"
                      },
                      {
                        "v": "šum₂",
                        "gdl_utf8": "𒋧",
                        "id": "Q007655.1.15.3",
                        "delim": "-"
                      },
                      {
                        "v": "šum₂",
                        "gdl_utf8": "𒋧",
                        "id": "Q007655.1.15.4",
                        "delim": "-"
                      },
                      {
                        "v": "ma",
                        "gdl_utf8": "𒈠",
                        "id": "Q007655.1.15.5",
                        "queried": "1"
                      }
                    ],
                    "cf": "šum",
                    "gw": "give",
                    "sense": "to give",
                    "norm0": "V.ne.n:šum;a",
                    "pos": "V/t",
                    "epos": "V/t",
                    "base": "šum₂-šum₂",
                    "cont": "-ma=m.a",
                    "morph": "V.ne.n:~;a"
                  }
                },
                {
                  "node": "d",
                  "frag": "(/",
                  "type": "punct",
                  "ref": "Q007655.1.16",
                  "lang": "sux",
                  "delim": ""
                },
                {
                  "node": "l",
                  "frag": "in-ne-en-si₃-si₃-ga)",
                  "id": "Q007655.l00291",
                  "ref": "Q007655.1.17",
                  "inst": "sig[to put into, onto]V/t",
                  "sig": "@ribo/babylon0%sux:in-ne-en-si₃-si₃-ga=sig[put//to put into, onto]V/t'V/t$V.ne.n:sig;e/si₃-si₃-g·e#V.ne.n:~;e",
                  "f": {
                    "lang": "sux",
                    "form": "in-ne-en-si₃-si₃-ga",
                    "gdl": [
                      {
                        "v": "in",
                        "gdl_utf8": "𒅔",
                        "id": "Q007655.1.17.0",
                        "delim": "-"
                      },
                      {
                        "v": "ne",
                        "gdl_utf8": "𒉈",
                        "id": "Q007655.1.17.1",
                        "delim": "-"
                      },
                      {
                        "v": "en",
                        "gdl_utf8": "𒂗",
                        "id": "Q007655.1.17.2",
                        "delim": "-"
                      },
                      {
                        "v": "si₃",
                        "gdl_utf8": "𒋧",
                        "id": "Q007655.1.17.3",
                        "delim": "-"
                      },
                      {
                        "v": "si₃",
                        "gdl_utf8": "𒋧",
                        "id": "Q007655.1.17.4",
                        "delim": "-"
                      },
                      {
                        "v": "ga",
                        "gdl_utf8": "𒂵",
                        "id": "Q007655.1.17.5",
                        "queried": "1",
                        "o": ")",
                        "statusStart": "Q007655.1.16.0"
                      }
                    ],
                    "cf": "sig",
                    "gw": "put",
                    "sense": "to put into, onto",
                    "norm0": "V.ne.n:sig;e",
                    "pos": "V/t",
                    "epos": "V/t",
                    "base": "si₃-si₃-g·e",
                    "morph": "V.ne.n:~;e"
                  }
                }
              ]
            }
          ]
        }
      ]
    }
  ]
}
