{
  "type": "cdl",
  "project": "ribo/babylon0",
  "source": "http://oracc.org/ribo/babylon0",
  "license": "This data is released under the CC0 license",
  "license-url": "https://creativecommons.org/publicdomain/zero/1.0/",
  "more-info": "http://oracc.org/doc/opendata/",
  "UTC-timestamp": "2019-01-12T08:23:09",
  "textid": "Q007347",
  "cdl": [
    {
      "node": "c",
      "type": "text",
      "id": "Q007347.U0",
      "cdl": [
        {
          "node": "d",
          "type": "object",
          "ref": ""
        },
        {
          "node": "d",
          "type": "surface",
          "ref": ""
        },
        {
          "node": "c",
          "type": "discourse",
          "subtype": "body",
          "id": "Q007347.U1",
          "cdl": [
            {
              "node": "c",
              "type": "sentence",
              "implicit": "yes",
              "id": "Q007347.U2",
              "label": "1",
              "cdl": [
                {
                  "node": "d",
                  "type": "line-start",
                  "ref": "Q007347.1",
                  "n": "1",
                  "label": "1"
                },
                {
                  "node": "l",
                  "frag": "mu",
                  "id": "Q007347.l02bbb",
                  "ref": "Q007347.1.1",
                  "inst": "mu[year]N",
                  "sig": "@ribo/babylon0%sux:mu=mu[year//year]N'N$mu/mu#~",
                  "f": {
                    "lang": "sux",
                    "form": "mu",
                    "delim": "",
                    "gdl": [
                      {
                        "v": "mu",
                        "gdl_utf8": "𒈬",
                        "id": "Q007347.1.1.0"
                      }
                    ],
                    "cf": "mu",
                    "gw": "year",
                    "sense": "year",
                    "norm0": "mu",
                    "pos": "N",
                    "epos": "N",
                    "base": "mu",
                    "morph": "~"
                  }
                },
                {
                  "node": "l",
                  "frag": "{i₇}ha-am-mu-ra-pi₂-he₂-ŋal₂",
                  "id": "Q007347.l02bbc",
                  "ref": "Q007347.1.2",
                  "inst": "Hammu-rapi-heŋal[1]WN/{i₇}ha-am-mu-ra-pi₂-he₂-ŋal₂#~",
                  "sig": "@ribo/babylon0%sux:{i₇}ha-am-mu-ra-pi₂-he₂-ŋal₂=Hammu-rapi-heŋal[1//1]WN'WN$Hammu-rapi-heŋal/{i₇}ha-am-mu-ra-pi₂-he₂-ŋal₂#~",
                  "f": {
                    "lang": "sux",
                    "form": "{i₇}ha-am-mu-ra-pi₂-he₂-ŋal₂",
                    "gdl": [
                      {
                        "det": "semantic",
                        "pos": "pre",
                        "seq": [
                          {
                            "v": "i₇",
                            "gdl_utf8": "𒀀𒇉",
                            "id": "Q007347.1.2.0"
                          }
                        ]
                      },
                      {
                        "v": "ha",
                        "gdl_utf8": "𒄩",
                        "id": "Q007347.1.2.1",
                        "delim": "-"
                      },
                      {
                        "v": "am",
                        "gdl_utf8": "𒄠",
                        "id": "Q007347.1.2.2",
                        "delim": "-"
                      },
                      {
                        "v": "mu",
                        "gdl_utf8": "𒈬",
                        "id": "Q007347.1.2.3",
                        "delim": "-"
                      },
                      {
                        "v": "ra",
                        "gdl_utf8": "𒊏",
                        "id": "Q007347.1.2.4",
                        "delim": "-"
                      },
                      {
                        "v": "pi₂",
                        "gdl_utf8": "𒁉",
                        "id": "Q007347.1.2.5",
                        "delim": "-"
                      },
                      {
                        "v": "he₂",
                        "gdl_utf8": "𒃶",
                        "id": "Q007347.1.2.6",
                        "delim": "-"
                      },
                      {
                        "v": "ŋal₂",
                        "gdl_utf8": "𒅅",
                        "id": "Q007347.1.2.7"
                      }
                    ],
                    "cf": "Hammu-rapi-heŋal",
                    "gw": "1",
                    "sense": "1",
                    "norm0": "Hammu-rapi-heŋal",
                    "pos": "WN",
                    "epos": "WN",
                    "base": "{i₇}ha-am-mu-ra-pi₂-he₂-ŋal₂",
                    "morph": "~"
                  }
                }
              ]
            }
          ]
        }
      ]
    }
  ]
}
