{
  "type": "cdl",
  "project": "ribo/babylon0",
  "source": "http://oracc.org/ribo/babylon0",
  "license": "This data is released under the CC0 license",
  "license-url": "https://creativecommons.org/publicdomain/zero/1.0/",
  "more-info": "http://oracc.org/doc/opendata/",
  "UTC-timestamp": "2019-01-12T08:23:15",
  "textid": "Q007390",
  "cdl": [
    {
      "node": "c",
      "type": "text",
      "id": "Q007390.U0",
      "cdl": [
        {
          "node": "d",
          "type": "object",
          "ref": ""
        },
        {
          "node": "d",
          "type": "surface",
          "ref": ""
        },
        {
          "node": "c",
          "type": "discourse",
          "subtype": "body",
          "id": "Q007390.U1",
          "cdl": [
            {
              "node": "c",
              "type": "sentence",
              "implicit": "yes",
              "id": "Q007390.U2",
              "label": "20 - 22",
              "cdl": [
                {
                  "node": "d",
                  "type": "line-start",
                  "ref": "Q007390.1",
                  "n": "20",
                  "label": "20"
                },
                {
                  "node": "l",
                  "frag": "mu",
                  "id": "Q007390.l036ef",
                  "ref": "Q007390.1.1",
                  "inst": "mu[year]N",
                  "sig": "@ribo/babylon0%sux:mu=mu[year//year]N'N$mu/mu#~",
                  "f": {
                    "lang": "sux",
                    "form": "mu",
                    "delim": "",
                    "gdl": [
                      {
                        "v": "mu",
                        "gdl_utf8": "𒈬",
                        "id": "Q007390.1.1.0"
                      }
                    ],
                    "cf": "mu",
                    "gw": "year",
                    "sense": "year",
                    "norm0": "mu",
                    "pos": "N",
                    "epos": "N",
                    "base": "mu",
                    "morph": "~"
                  }
                },
                {
                  "node": "l",
                  "frag": "(sa-am-su-i-lu-na",
                  "id": "Q007390.l036f0",
                  "ref": "Q007390.1.2",
                  "inst": "Samsu-iluna[king of Babylon]RN",
                  "sig": "@ribo/babylon0%sux:sa-am-su-i-lu-na=Samsu-iluna[king of Babylon//king of Babylon]RN'RN$Samsu-iluna/sa-am-su-i-lu-na#~",
                  "f": {
                    "lang": "sux",
                    "form": "sa-am-su-i-lu-na",
                    "delim": "",
                    "gdl": [
                      {
                        "v": "sa",
                        "gdl_utf8": "𒊓",
                        "id": "Q007390.1.2.0",
                        "statusStart": "1",
                        "o": "(",
                        "delim": "-"
                      },
                      {
                        "v": "am",
                        "gdl_utf8": "𒄠",
                        "id": "Q007390.1.2.1",
                        "delim": "-"
                      },
                      {
                        "v": "su",
                        "gdl_utf8": "𒋢",
                        "id": "Q007390.1.2.2",
                        "delim": "-"
                      },
                      {
                        "v": "i",
                        "gdl_utf8": "𒄿",
                        "id": "Q007390.1.2.3",
                        "delim": "-"
                      },
                      {
                        "v": "lu",
                        "gdl_utf8": "𒇻",
                        "id": "Q007390.1.2.4",
                        "delim": "-"
                      },
                      {
                        "v": "na",
                        "gdl_utf8": "𒈾",
                        "id": "Q007390.1.2.5"
                      }
                    ],
                    "cf": "Samsu-iluna",
                    "gw": "king of Babylon",
                    "sense": "king of Babylon",
                    "norm0": "Samsu-iluna",
                    "pos": "RN",
                    "epos": "RN",
                    "base": "sa-am-su-i-lu-na",
                    "morph": "~"
                  }
                },
                {
                  "node": "l",
                  "frag": "lugal-e)",
                  "id": "Q007390.l036f1",
                  "ref": "Q007390.1.3",
                  "inst": "lugal[king]N",
                  "sig": "@ribo/babylon0%sux:lugal-e=lugal[king//king]N'N$lugal,e/lugal#~,e",
                  "f": {
                    "lang": "sux",
                    "form": "lugal-e",
                    "delim": "",
                    "gdl": [
                      {
                        "v": "lugal",
                        "gdl_utf8": "𒈗",
                        "id": "Q007390.1.3.0",
                        "delim": "-"
                      },
                      {
                        "v": "e",
                        "gdl_utf8": "𒂊",
                        "id": "Q007390.1.3.1",
                        "o": ")",
                        "statusStart": "Q007390.1.2.0"
                      }
                    ],
                    "cf": "lugal",
                    "gw": "king",
                    "sense": "king",
                    "norm0": "lugal,e",
                    "pos": "N",
                    "epos": "N",
                    "base": "lugal",
                    "morph": "~,e"
                  }
                },
                {
                  "node": "l",
                  "frag": "{⸢uruda}ki-lugal⸣-[gub",
                  "id": "Q007390.l036f2",
                  "ref": "Q007390.1.4",
                  "inst": "KI.LUGAL.DU[a cultic place]N",
                  "sig": "@ribo/babylon0%sux:{uruda}ki-lugal-gub=KI.LUGAL.DU[locus//a cultic place]N'N$KI.LUGAL.DU/{uruda}ki-lugal-gub#~",
                  "f": {
                    "lang": "sux",
                    "form": "{uruda}ki-lugal-gub",
                    "delim": "",
                    "gdl": [
                      {
                        "det": "semantic",
                        "pos": "pre",
                        "seq": [
                          {
                            "v": "uruda",
                            "gdl_utf8": "𒍏",
                            "id": "Q007390.1.4.0",
                            "break": "damaged",
                            "ho": "1"
                          }
                        ]
                      },
                      {
                        "v": "ki",
                        "gdl_utf8": "𒆠",
                        "id": "Q007390.1.4.1",
                        "break": "damaged",
                        "delim": "-"
                      },
                      {
                        "v": "lugal",
                        "gdl_utf8": "𒈗",
                        "id": "Q007390.1.4.2",
                        "break": "damaged",
                        "delim": "-",
                        "hc": "1"
                      },
                      {
                        "v": "gub",
                        "gdl_utf8": "𒁺",
                        "id": "Q007390.1.4.3",
                        "breakStart": "1",
                        "o": "[",
                        "break": "missing"
                      }
                    ],
                    "cf": "KI.LUGAL.DU",
                    "gw": "locus",
                    "sense": "a cultic place",
                    "norm0": "KI.LUGAL.DU",
                    "pos": "N",
                    "epos": "N",
                    "base": "{uruda}ki-lugal-gub",
                    "morph": "~"
                  }
                },
                {
                  "node": "l",
                  "frag": "hur-saŋ",
                  "id": "Q007390.l036f3",
                  "ref": "Q007390.1.5",
                  "inst": "hursaŋ[mountain, foothills]N",
                  "sig": "@ribo/babylon0%sux:hur-saŋ=hursaŋ[mountain//mountain]N'N$hursaŋ/hur-saŋ#~",
                  "f": {
                    "lang": "sux",
                    "form": "hur-saŋ",
                    "delim": "",
                    "gdl": [
                      {
                        "v": "hur",
                        "gdl_utf8": "𒄯",
                        "id": "Q007390.1.5.0",
                        "break": "missing",
                        "delim": "-"
                      },
                      {
                        "v": "saŋ",
                        "gdl_utf8": "𒊕",
                        "id": "Q007390.1.5.1",
                        "break": "missing"
                      }
                    ],
                    "cf": "hursaŋ",
                    "gw": "mountain",
                    "sense": "mountain",
                    "norm0": "hursaŋ",
                    "pos": "N",
                    "epos": "N",
                    "base": "hur-saŋ",
                    "morph": "~"
                  }
                },
                {
                  "node": "l",
                  "frag": "i₇]",
                  "id": "Q007390.l036f4",
                  "ref": "Q007390.1.6",
                  "inst": "id[river]N",
                  "sig": "@ribo/babylon0%sux:i₇=id[river//river]N'N$id/i₇#~",
                  "f": {
                    "lang": "sux",
                    "form": "i₇",
                    "delim": "",
                    "gdl": [
                      {
                        "v": "i₇",
                        "gdl_utf8": "𒀀𒇉",
                        "id": "Q007390.1.6.0",
                        "break": "missing",
                        "o": "]",
                        "breakEnd": "Q007390.1.4.3"
                      }
                    ],
                    "cf": "id",
                    "gw": "river",
                    "sense": "river",
                    "norm0": "id",
                    "pos": "N",
                    "epos": "N",
                    "base": "i₇",
                    "morph": "~"
                  }
                },
                {
                  "node": "l",
                  "frag": "dili-dili-⸢bi⸣-[ta]",
                  "id": "Q007390.l036f5",
                  "ref": "Q007390.1.7",
                  "inst": "dili[(to be) single, unique, sole]V/i",
                  "sig": "@ribo/babylon0%sux:dili-dili-bi-ta=dili[single//(to be) single, unique, sole]V/i'V/i$dili;*a,bi.ta/dili-dili#~;*a,bi.ta",
                  "f": {
                    "lang": "sux",
                    "form": "dili-dili-bi-ta",
                    "gdl": [
                      {
                        "v": "dili",
                        "gdl_utf8": "𒀸",
                        "id": "Q007390.1.7.0",
                        "delim": "-"
                      },
                      {
                        "v": "dili",
                        "gdl_utf8": "𒀸",
                        "id": "Q007390.1.7.1",
                        "delim": "-"
                      },
                      {
                        "v": "bi",
                        "gdl_utf8": "𒁉",
                        "id": "Q007390.1.7.2",
                        "break": "damaged",
                        "ho": "1",
                        "delim": "-",
                        "hc": "1"
                      },
                      {
                        "v": "ta",
                        "gdl_utf8": "𒋫",
                        "id": "Q007390.1.7.3",
                        "breakStart": "1",
                        "o": "]",
                        "break": "missing",
                        "breakEnd": "Q007390.1.7.3"
                      }
                    ],
                    "cf": "dili",
                    "gw": "single",
                    "sense": "(to be) single, unique, sole",
                    "norm0": "dili;*a,bi.ta",
                    "pos": "V/i",
                    "epos": "V/i",
                    "base": "dili-dili",
                    "morph": "~;*a,bi.ta"
                  }
                },
                {
                  "node": "d",
                  "type": "line-start",
                  "ref": "Q007390.2",
                  "n": "21",
                  "label": "21"
                },
                {
                  "node": "l",
                  "frag": "[he₂-nun",
                  "id": "Q007390.l036f6",
                  "ref": "Q007390.2.1",
                  "inst": "henun[plenty]N",
                  "sig": "@ribo/babylon0%sux:he₂-nun=henun[plenty//plenty]N'N$henun/he₂-nun#~",
                  "f": {
                    "lang": "sux",
                    "form": "he₂-nun",
                    "delim": "",
                    "gdl": [
                      {
                        "v": "he₂",
                        "gdl_utf8": "𒃶",
                        "id": "Q007390.2.1.0",
                        "breakStart": "1",
                        "o": "[",
                        "break": "missing",
                        "delim": "-"
                      },
                      {
                        "v": "nun",
                        "gdl_utf8": "𒉣",
                        "id": "Q007390.2.1.1",
                        "break": "missing"
                      }
                    ],
                    "cf": "henun",
                    "gw": "plenty",
                    "sense": "plenty",
                    "norm0": "henun",
                    "pos": "N",
                    "epos": "N",
                    "base": "he₂-nun",
                    "morph": "~"
                  }
                },
                {
                  "node": "l",
                  "frag": "he₂-ŋal₂-bi",
                  "id": "Q007390.l036f7",
                  "ref": "Q007390.2.2",
                  "inst": "heŋal[plenty]N",
                  "sig": "@ribo/babylon0%sux:he₂-ŋal₂-bi=heŋal[plenty//plenty]N'N$heŋal,bi/he₂-ŋal₂#~,bi",
                  "f": {
                    "lang": "sux",
                    "form": "he₂-ŋal₂-bi",
                    "delim": "",
                    "gdl": [
                      {
                        "v": "he₂",
                        "gdl_utf8": "𒃶",
                        "id": "Q007390.2.2.0",
                        "break": "missing",
                        "delim": "-"
                      },
                      {
                        "v": "ŋal₂",
                        "gdl_utf8": "𒅅",
                        "id": "Q007390.2.2.1",
                        "break": "missing",
                        "delim": "-"
                      },
                      {
                        "v": "bi",
                        "gdl_utf8": "𒁉",
                        "id": "Q007390.2.2.2",
                        "break": "missing"
                      }
                    ],
                    "cf": "heŋal",
                    "gw": "plenty",
                    "sense": "plenty",
                    "norm0": "heŋal,bi",
                    "pos": "N",
                    "epos": "N",
                    "base": "he₂-ŋal₂",
                    "morph": "~,bi"
                  }
                },
                {
                  "node": "l",
                  "frag": "tum₃-tum₃",
                  "id": "Q007390.l036f8",
                  "ref": "Q007390.2.3",
                  "inst": "tum[to bring]V/t",
                  "sig": "@ribo/babylon0%sux:tum₃-tum₃=tum[bring//to bring]V/t'V/t$tum/tum₃-tum₃#~",
                  "f": {
                    "lang": "sux",
                    "form": "tum₃-tum₃",
                    "delim": "",
                    "gdl": [
                      {
                        "v": "tum₃",
                        "gdl_utf8": "𒉐",
                        "id": "Q007390.2.3.0",
                        "break": "missing",
                        "delim": "-"
                      },
                      {
                        "v": "tum₃",
                        "gdl_utf8": "𒉐",
                        "id": "Q007390.2.3.1",
                        "break": "missing"
                      }
                    ],
                    "cf": "tum",
                    "gw": "bring",
                    "sense": "to bring",
                    "norm0": "tum",
                    "pos": "V/t",
                    "epos": "V/t",
                    "base": "tum₃-tum₃",
                    "morph": "~"
                  }
                },
                {
                  "node": "l",
                  "frag": "kisal]",
                  "id": "Q007390.l036f9",
                  "ref": "Q007390.2.4",
                  "inst": "kisal[courtyard]N",
                  "sig": "@ribo/babylon0%sux:kisal=kisal[courtyard//courtyard]N'N$kisal/kisal#~",
                  "f": {
                    "lang": "sux",
                    "form": "kisal",
                    "delim": "",
                    "gdl": [
                      {
                        "v": "kisal",
                        "gdl_utf8": "𒆦",
                        "id": "Q007390.2.4.0",
                        "break": "missing",
                        "o": "]",
                        "breakEnd": "Q007390.2.1.0"
                      }
                    ],
                    "cf": "kisal",
                    "gw": "courtyard",
                    "sense": "courtyard",
                    "norm0": "kisal",
                    "pos": "N",
                    "epos": "N",
                    "base": "kisal",
                    "morph": "~"
                  }
                },
                {
                  "node": "l",
                  "frag": "⸢mah⸣",
                  "id": "Q007390.l036fa",
                  "ref": "Q007390.2.5",
                  "inst": "mah[(to be) great]V/i",
                  "sig": "@ribo/babylon0%sux:mah=mah[great//(to be) great]V/i'V/i$mah/mah#~",
                  "f": {
                    "lang": "sux",
                    "form": "mah",
                    "delim": "",
                    "gdl": [
                      {
                        "v": "mah",
                        "gdl_utf8": "𒈤",
                        "id": "Q007390.2.5.0",
                        "break": "damaged",
                        "ho": "1",
                        "hc": "1"
                      }
                    ],
                    "cf": "mah",
                    "gw": "great",
                    "sense": "(to be) great",
                    "norm0": "mah",
                    "pos": "V/i",
                    "epos": "V/i",
                    "base": "mah",
                    "morph": "~"
                  }
                },
                {
                  "node": "l",
                  "frag": "e₂-tur₃-kalam-⸢ma-ka⸣",
                  "id": "Q007390.l036fb",
                  "ref": "Q007390.2.6",
                  "inst": "Eturkalama[1]TN",
                  "sig": "@ribo/babylon0%sux:e₂-tur₃-kalam-ma-ka=Eturkalama[1//1]TN'TN$Eturkalama,ak.a/e₂-tur₃-kalam-ma#~,ak.a",
                  "f": {
                    "lang": "sux",
                    "form": "e₂-tur₃-kalam-ma-ka",
                    "gdl": [
                      {
                        "v": "e₂",
                        "gdl_utf8": "𒂍",
                        "id": "Q007390.2.6.0",
                        "delim": "-"
                      },
                      {
                        "v": "tur₃",
                        "gdl_utf8": "𒉣𒇬",
                        "id": "Q007390.2.6.1",
                        "delim": "-"
                      },
                      {
                        "v": "kalam",
                        "gdl_utf8": "𒌦",
                        "id": "Q007390.2.6.2",
                        "delim": "-"
                      },
                      {
                        "v": "ma",
                        "gdl_utf8": "𒈠",
                        "id": "Q007390.2.6.3",
                        "break": "damaged",
                        "ho": "1",
                        "delim": "-"
                      },
                      {
                        "v": "ka",
                        "gdl_utf8": "𒅗",
                        "id": "Q007390.2.6.4",
                        "break": "damaged",
                        "hc": "1"
                      }
                    ],
                    "cf": "Eturkalama",
                    "gw": "1",
                    "sense": "1",
                    "norm0": "Eturkalama,ak.a",
                    "pos": "TN",
                    "epos": "TN",
                    "base": "e₂-tur₃-kalam-ma",
                    "morph": "~,ak.a"
                  }
                },
                {
                  "node": "d",
                  "type": "line-start",
                  "ref": "Q007390.3",
                  "n": "22",
                  "label": "22"
                },
                {
                  "node": "l",
                  "frag": "[igi",
                  "id": "Q007390.l036fc",
                  "ref": "Q007390.3.1",
                  "inst": "igi[front]N",
                  "sig": "@ribo/babylon0%sux:igi=igi[face//front]N'N$igi/igi#~",
                  "f": {
                    "lang": "sux",
                    "form": "igi",
                    "delim": "",
                    "gdl": [
                      {
                        "v": "igi",
                        "gdl_utf8": "𒅆",
                        "id": "Q007390.3.1.0",
                        "breakStart": "1",
                        "o": "[",
                        "break": "missing"
                      }
                    ],
                    "cf": "igi",
                    "gw": "face",
                    "sense": "front",
                    "norm0": "igi",
                    "pos": "N",
                    "epos": "N",
                    "base": "igi",
                    "morph": "~"
                  }
                },
                {
                  "node": "l",
                  "frag": "an",
                  "id": "Q007390.l036fd",
                  "ref": "Q007390.3.2",
                  "inst": "An[1]DN",
                  "sig": "@ribo/babylon0%sux:an=An[1//1]DN'DN$An/an#~",
                  "f": {
                    "lang": "sux",
                    "form": "an",
                    "delim": "",
                    "gdl": [
                      {
                        "v": "an",
                        "gdl_utf8": "𒀭",
                        "id": "Q007390.3.2.0",
                        "break": "missing"
                      }
                    ],
                    "cf": "An",
                    "gw": "1",
                    "sense": "1",
                    "norm0": "An",
                    "pos": "DN",
                    "epos": "DN",
                    "base": "an",
                    "morph": "~"
                  }
                },
                {
                  "node": "l",
                  "frag": "{d}inanna",
                  "id": "Q007390.l036fe",
                  "ref": "Q007390.3.3",
                  "inst": "Inana[1]DN",
                  "sig": "@ribo/babylon0%sux:{d}inanna=Inana[1//1]DN'DN$Inana/{d}inanna#~",
                  "f": {
                    "lang": "sux",
                    "form": "{d}inanna",
                    "delim": "",
                    "gdl": [
                      {
                        "det": "semantic",
                        "pos": "pre",
                        "seq": [
                          {
                            "v": "d",
                            "gdl_utf8": "𒀭",
                            "id": "Q007390.3.3.0",
                            "break": "missing"
                          }
                        ]
                      },
                      {
                        "v": "inanna",
                        "gdl_utf8": "𒈹",
                        "id": "Q007390.3.3.1",
                        "break": "missing"
                      }
                    ],
                    "cf": "Inana",
                    "gw": "1",
                    "sense": "1",
                    "norm0": "Inana",
                    "pos": "DN",
                    "epos": "DN",
                    "base": "{d}inanna",
                    "morph": "~"
                  }
                },
                {
                  "node": "l",
                  "frag": "{(d}na-na-a)",
                  "id": "Q007390.l036ff",
                  "ref": "Q007390.3.4",
                  "inst": "Nanaya[1]DN",
                  "sig": "@ribo/babylon0%sux:{d}na-na-a=Nanaya[1//1]DN'DN$Nanaya/{d}na-na-a#~",
                  "f": {
                    "lang": "sux",
                    "form": "{d}na-na-a",
                    "delim": "",
                    "gdl": [
                      {
                        "det": "semantic",
                        "pos": "pre",
                        "seq": [
                          {
                            "v": "d",
                            "gdl_utf8": "𒀭",
                            "id": "Q007390.3.4.0",
                            "statusStart": "1",
                            "o": "(",
                            "break": "missing"
                          }
                        ]
                      },
                      {
                        "v": "na",
                        "gdl_utf8": "𒈾",
                        "id": "Q007390.3.4.1",
                        "break": "missing",
                        "delim": "-"
                      },
                      {
                        "v": "na",
                        "gdl_utf8": "𒈾",
                        "id": "Q007390.3.4.2",
                        "break": "missing",
                        "delim": "-"
                      },
                      {
                        "v": "a",
                        "gdl_utf8": "𒀀",
                        "id": "Q007390.3.4.3",
                        "break": "missing",
                        "o": ")",
                        "statusStart": "Q007390.3.4.0"
                      }
                    ],
                    "cf": "Nanaya",
                    "gw": "1",
                    "sense": "1",
                    "norm0": "Nanaya",
                    "pos": "DN",
                    "epos": "DN",
                    "base": "{d}na-na-a",
                    "morph": "~"
                  }
                },
                {
                  "node": "c",
                  "type": "phrase",
                  "tag": "phr",
                  "id": "Q007390.U4",
                  "ref": "Q007390.ls00000",
                  "cdl": [
                    {
                      "node": "l",
                      "frag": "u₆",
                      "id": "Q007390.l03700",
                      "ref": "Q007390.3.5",
                      "inst": "u[admiration]N",
                      "sig": "@ribo/babylon0%sux:u₆=u[admiration//admiration]N'N$u/u₆#~",
                      "f": {
                        "lang": "sux",
                        "form": "u₆",
                        "delim": "",
                        "gdl": [
                          {
                            "v": "u₆",
                            "gdl_utf8": "𒅆𒂍",
                            "id": "Q007390.3.5.0",
                            "break": "missing"
                          }
                        ],
                        "cf": "u",
                        "gw": "admiration",
                        "sense": "admiration",
                        "norm0": "u",
                        "pos": "N",
                        "epos": "N",
                        "base": "u₆",
                        "morph": "~"
                      }
                    },
                    {
                      "node": "l",
                      "frag": "di-de₃]",
                      "id": "Q007390.l03701",
                      "ref": "Q007390.3.6",
                      "inst": "di[non-finite imperfect stem of dug⟦to speak⟧]V/t",
                      "sig": "@ribo/babylon0%sux:di-de₃=di[speak//non-finite imperfect stem of dug⟦to speak⟧]V/t'V/t$di;de/di#~;de",
                      "f": {
                        "lang": "sux",
                        "form": "di-de₃",
                        "delim": "",
                        "gdl": [
                          {
                            "v": "di",
                            "gdl_utf8": "𒁲",
                            "id": "Q007390.3.6.0",
                            "break": "missing",
                            "delim": "-"
                          },
                          {
                            "v": "de₃",
                            "gdl_utf8": "𒉈",
                            "id": "Q007390.3.6.1",
                            "break": "missing",
                            "o": "]",
                            "breakEnd": "Q007390.3.1.0"
                          }
                        ],
                        "cf": "di",
                        "gw": "speak",
                        "sense": "non-finite imperfect stem of dug⟦to speak⟧",
                        "norm0": "di;de",
                        "pos": "V/t",
                        "epos": "V/t",
                        "base": "di",
                        "morph": "~;de"
                      }
                    }
                  ]
                },
                {
                  "node": "l",
                  "frag": "mu-un-ge-[na]",
                  "id": "Q007390.l03702",
                  "ref": "Q007390.3.7",
                  "inst": "gin[fix//to make firm]V/i'V/t",
                  "sig": "@ribo/babylon0%sux:mu-un-ge-na=gin[firm//to make firm]V/i'V/t$mu.n:gin;a/ge-n·a#mu.n:~;a",
                  "f": {
                    "lang": "sux",
                    "form": "mu-un-ge-na",
                    "gdl": [
                      {
                        "v": "mu",
                        "gdl_utf8": "𒈬",
                        "id": "Q007390.3.7.0",
                        "delim": "-"
                      },
                      {
                        "v": "un",
                        "gdl_utf8": "𒌦",
                        "id": "Q007390.3.7.1",
                        "delim": "-"
                      },
                      {
                        "v": "ge",
                        "gdl_utf8": "𒄀",
                        "id": "Q007390.3.7.2",
                        "delim": "-"
                      },
                      {
                        "v": "na",
                        "gdl_utf8": "𒈾",
                        "id": "Q007390.3.7.3",
                        "breakStart": "1",
                        "o": "]",
                        "break": "missing",
                        "breakEnd": "Q007390.3.7.3"
                      }
                    ],
                    "cf": "gin",
                    "gw": "firm",
                    "sense": "to make firm",
                    "norm0": "mu.n:gin;a",
                    "pos": "V/i",
                    "epos": "V/t",
                    "base": "ge-n·a",
                    "morph": "mu.n:~;a"
                  }
                }
              ]
            }
          ]
        }
      ]
    },
    {
      "linkbase": [
        {
          "type": "linkset",
          "xlink_title": "u dug[admire//to admire]V/t'V/t",
          "id": "Q007390.ls00000",
          "xlink_type": "extended",
          "xlink_role": "psu",
          "sig": "{u₆ di-de₃ = u[admiration]N di[speak]V/t += u dug[admire//to admire]V/t'V/t}::@ribo/babylon0%sux:u₆=u[admiration//admiration]N'N$u/u₆#~++@ribo/babylon0%sux:di-de₃=di[speak//non-finite imperfect stem of dug⟦to speak⟧]V/t'V/t$di;de/di#~;de",
          "links": [
            {
              "type": "link",
              "xlink_title": "u",
              "xlink_type": "locator",
              "xlink_href": "#Q007390.l03700",
              "xlink_role": "elt"
            },
            {
              "type": "link",
              "xlink_title": "di",
              "xlink_type": "locator",
              "xlink_href": "#Q007390.l03701",
              "xlink_role": "elt"
            }
          ]
        }
      ]
    }
  ]
}
