{
  "type": "cdl",
  "project": "ribo/babylon0",
  "source": "http://oracc.org/ribo/babylon0",
  "license": "This data is released under the CC0 license",
  "license-url": "https://creativecommons.org/publicdomain/zero/1.0/",
  "more-info": "http://oracc.org/doc/opendata/",
  "UTC-timestamp": "2019-01-12T08:23:11",
  "textid": "Q007361",
  "cdl": [
    {
      "node": "c",
      "type": "text",
      "id": "Q007361.U0",
      "cdl": [
        {
          "node": "d",
          "type": "object",
          "ref": ""
        },
        {
          "node": "d",
          "type": "surface",
          "ref": ""
        },
        {
          "node": "c",
          "type": "discourse",
          "subtype": "body",
          "id": "Q007361.U1",
          "cdl": [
            {
              "node": "c",
              "type": "sentence",
              "implicit": "yes",
              "id": "Q007361.U2",
              "label": "1",
              "cdl": [
                {
                  "node": "d",
                  "type": "line-start",
                  "ref": "Q007361.1",
                  "n": "1",
                  "label": "1"
                },
                {
                  "node": "l",
                  "frag": "mu",
                  "id": "Q007361.l02c23",
                  "ref": "Q007361.1.1",
                  "inst": "mu[year]N",
                  "sig": "@ribo/babylon0%sux:mu=mu[year//year]N'N$mu/mu#~",
                  "f": {
                    "lang": "sux",
                    "form": "mu",
                    "delim": "",
                    "gdl": [
                      {
                        "v": "mu",
                        "gdl_utf8": "𒈬",
                        "id": "Q007361.1.1.0"
                      }
                    ],
                    "cf": "mu",
                    "gw": "year",
                    "sense": "year",
                    "norm0": "mu",
                    "pos": "N",
                    "epos": "N",
                    "base": "mu",
                    "morph": "~"
                  }
                },
                {
                  "node": "l",
                  "frag": "absin₃",
                  "id": "Q007361.l02c24",
                  "ref": "Q007361.1.2",
                  "inst": "absin[furrow]N'N/absin₃#~",
                  "sig": "@ribo/babylon0%sux:absin₃=absin[furrow//furrow]N'N$absin/absin₃#~",
                  "f": {
                    "lang": "sux",
                    "form": "absin₃",
                    "delim": "",
                    "gdl": [
                      {
                        "v": "absin₃",
                        "gdl_utf8": "𒀳",
                        "id": "Q007361.1.2.0"
                      }
                    ],
                    "cf": "absin",
                    "gw": "furrow",
                    "sense": "furrow",
                    "norm0": "absin",
                    "pos": "N",
                    "epos": "N",
                    "base": "absin₃",
                    "morph": "~"
                  }
                },
                {
                  "node": "l",
                  "frag": "bad₃",
                  "id": "Q007361.l02c25",
                  "ref": "Q007361.1.3",
                  "inst": "bad[wall, fortification]N",
                  "sig": "@ribo/babylon0%sux:bad₃=bad[wall//wall, fortification]N'N$bad/bad₃#~",
                  "f": {
                    "lang": "sux",
                    "form": "bad₃",
                    "delim": "",
                    "gdl": [
                      {
                        "v": "bad₃",
                        "gdl_utf8": "𒂦",
                        "id": "Q007361.1.3.0"
                      }
                    ],
                    "cf": "bad",
                    "gw": "wall",
                    "sense": "wall, fortification",
                    "norm0": "bad",
                    "pos": "N",
                    "epos": "N",
                    "base": "bad₃",
                    "morph": "~"
                  }
                },
                {
                  "node": "l",
                  "frag": "zibbir{ki}ra",
                  "id": "Q007361.l02c26",
                  "ref": "Q007361.1.4",
                  "inst": "Sippar[1]SN'SN/zibbir+-ra=r.a#~,ak",
                  "sig": "@ribo/babylon0%sux:zibbir{ki}-ra=Sippar[1//1]SN'SN$Sippar,ak/zibbir+-ra=r.a#~,ak",
                  "f": {
                    "lang": "sux",
                    "form": "zibbir{ki}-ra",
                    "gdl": [
                      {
                        "v": "zibbir",
                        "gdl_utf8": "𒌓𒄒𒉣",
                        "id": "Q007361.1.4.0"
                      },
                      {
                        "det": "semantic",
                        "pos": "post",
                        "delim": "-",
                        "seq": [
                          {
                            "v": "ki",
                            "gdl_utf8": "𒆠",
                            "id": "Q007361.1.4.1"
                          }
                        ]
                      },
                      {
                        "v": "ra",
                        "gdl_utf8": "𒊏",
                        "id": "Q007361.1.4.2"
                      }
                    ],
                    "cf": "Sippar",
                    "gw": "1",
                    "sense": "1",
                    "norm0": "Sippar,ak",
                    "pos": "SN",
                    "epos": "SN",
                    "base": "zibbir",
                    "cont": "-ra=r.a",
                    "morph": "~,ak"
                  }
                }
              ]
            }
          ]
        }
      ]
    }
  ]
}
