{
  "type": "cdl",
  "project": "ribo/babylon0",
  "source": "http://oracc.org/ribo/babylon0",
  "license": "This data is released under the CC0 license",
  "license-url": "https://creativecommons.org/publicdomain/zero/1.0/",
  "more-info": "http://oracc.org/doc/opendata/",
  "UTC-timestamp": "2019-01-12T08:23:16",
  "textid": "Q007397",
  "cdl": [
    {
      "node": "c",
      "type": "text",
      "id": "Q007397.U0",
      "cdl": [
        {
          "node": "d",
          "type": "object",
          "ref": ""
        },
        {
          "node": "d",
          "type": "surface",
          "ref": ""
        },
        {
          "node": "c",
          "type": "discourse",
          "subtype": "body",
          "id": "Q007397.U1",
          "cdl": [
            {
              "node": "c",
              "type": "sentence",
              "implicit": "yes",
              "id": "Q007397.U2",
              "label": "1",
              "cdl": [
                {
                  "node": "d",
                  "type": "line-start",
                  "ref": "Q007397.1",
                  "n": "1",
                  "label": "1"
                },
                {
                  "node": "l",
                  "frag": "mu",
                  "id": "Q007397.l03778",
                  "ref": "Q007397.1.1",
                  "inst": "mu[year]N",
                  "sig": "@ribo/babylon0%sux:mu=mu[year//year]N'N$mu/mu#~",
                  "f": {
                    "lang": "sux",
                    "form": "mu",
                    "delim": "",
                    "gdl": [
                      {
                        "v": "mu",
                        "gdl_utf8": "𒈬",
                        "id": "Q007397.1.1.0"
                      }
                    ],
                    "cf": "mu",
                    "gw": "year",
                    "sense": "year",
                    "norm0": "mu",
                    "pos": "N",
                    "epos": "N",
                    "base": "mu",
                    "morph": "~"
                  }
                },
                {
                  "node": "l",
                  "frag": "sa-am-su-i-lu-na",
                  "id": "Q007397.l03779",
                  "ref": "Q007397.1.2",
                  "inst": "Samsu-iluna[king of Babylon]RN",
                  "sig": "@ribo/babylon0%sux:sa-am-su-i-lu-na=Samsu-iluna[king of Babylon//king of Babylon]RN'RN$Samsu-iluna/sa-am-su-i-lu-na#~",
                  "f": {
                    "lang": "sux",
                    "form": "sa-am-su-i-lu-na",
                    "delim": "",
                    "gdl": [
                      {
                        "v": "sa",
                        "gdl_utf8": "𒊓",
                        "id": "Q007397.1.2.0",
                        "delim": "-"
                      },
                      {
                        "v": "am",
                        "gdl_utf8": "𒄠",
                        "id": "Q007397.1.2.1",
                        "delim": "-"
                      },
                      {
                        "v": "su",
                        "gdl_utf8": "𒋢",
                        "id": "Q007397.1.2.2",
                        "delim": "-"
                      },
                      {
                        "v": "i",
                        "gdl_utf8": "𒄿",
                        "id": "Q007397.1.2.3",
                        "delim": "-"
                      },
                      {
                        "v": "lu",
                        "gdl_utf8": "𒇻",
                        "id": "Q007397.1.2.4",
                        "delim": "-"
                      },
                      {
                        "v": "na",
                        "gdl_utf8": "𒈾",
                        "id": "Q007397.1.2.5"
                      }
                    ],
                    "cf": "Samsu-iluna",
                    "gw": "king of Babylon",
                    "sense": "king of Babylon",
                    "norm0": "Samsu-iluna",
                    "pos": "RN",
                    "epos": "RN",
                    "base": "sa-am-su-i-lu-na",
                    "morph": "~"
                  }
                },
                {
                  "node": "l",
                  "frag": "lugal-e",
                  "id": "Q007397.l0377a",
                  "ref": "Q007397.1.3",
                  "inst": "lugal[king]N",
                  "sig": "@ribo/babylon0%sux:lugal-e=lugal[king//king]N'N$lugal,e/lugal#~,e",
                  "f": {
                    "lang": "sux",
                    "form": "lugal-e",
                    "delim": "",
                    "gdl": [
                      {
                        "v": "lugal",
                        "gdl_utf8": "𒈗",
                        "id": "Q007397.1.3.0",
                        "delim": "-"
                      },
                      {
                        "v": "e",
                        "gdl_utf8": "𒂊",
                        "id": "Q007397.1.3.1"
                      }
                    ],
                    "cf": "lugal",
                    "gw": "king",
                    "sense": "king",
                    "norm0": "lugal,e",
                    "pos": "N",
                    "epos": "N",
                    "base": "lugal",
                    "morph": "~,e"
                  }
                },
                {
                  "node": "l",
                  "frag": "bad₃",
                  "id": "Q007397.l0377b",
                  "ref": "Q007397.1.4",
                  "inst": "bad[wall, fortification]N",
                  "sig": "@ribo/babylon0%sux:bad₃=bad[wall//wall, fortification]N'N$bad/bad₃#~",
                  "f": {
                    "lang": "sux",
                    "form": "bad₃",
                    "delim": "",
                    "gdl": [
                      {
                        "v": "bad₃",
                        "gdl_utf8": "𒂦",
                        "id": "Q007397.1.4.0"
                      }
                    ],
                    "cf": "bad",
                    "gw": "wall",
                    "sense": "wall, fortification",
                    "norm0": "bad",
                    "pos": "N",
                    "epos": "N",
                    "base": "bad₃",
                    "morph": "~"
                  }
                },
                {
                  "node": "l",
                  "frag": "i₃-si-in{ki}na",
                  "id": "Q007397.l0377c",
                  "ref": "Q007397.1.5",
                  "inst": "Isin[1]SN",
                  "sig": "@ribo/babylon0%sux:i₃-si-in{ki}-na=Isin[1//1]SN'SN$Isin,ak/i₃-si-in{ki}+-na=n.a#~,ak",
                  "f": {
                    "lang": "sux",
                    "form": "i₃-si-in{ki}-na",
                    "delim": "",
                    "gdl": [
                      {
                        "v": "i₃",
                        "gdl_utf8": "𒉌",
                        "id": "Q007397.1.5.0",
                        "delim": "-"
                      },
                      {
                        "v": "si",
                        "gdl_utf8": "𒋛",
                        "id": "Q007397.1.5.1",
                        "delim": "-"
                      },
                      {
                        "v": "in",
                        "gdl_utf8": "𒅔",
                        "id": "Q007397.1.5.2"
                      },
                      {
                        "det": "semantic",
                        "pos": "post",
                        "delim": "-",
                        "seq": [
                          {
                            "v": "ki",
                            "gdl_utf8": "𒆠",
                            "id": "Q007397.1.5.3"
                          }
                        ]
                      },
                      {
                        "v": "na",
                        "gdl_utf8": "𒈾",
                        "id": "Q007397.1.5.4"
                      }
                    ],
                    "cf": "Isin",
                    "gw": "1",
                    "sense": "1",
                    "norm0": "Isin,ak",
                    "pos": "SN",
                    "epos": "SN",
                    "base": "i₃-si-in{ki}",
                    "cont": "-na=n.a",
                    "morph": "~,ak"
                  }
                },
                {
                  "node": "l",
                  "frag": "ba-gul-la-a",
                  "id": "Q007397.l0377d",
                  "ref": "Q007397.1.6",
                  "inst": "gul[to destroy]V/t",
                  "sig": "@ribo/babylon0%sux:ba-gul-la-a=gul[destroy//to destroy]V/t'V/t$ba:gul;a/gul+-la=l.a#ba:~;a",
                  "f": {
                    "lang": "sux",
                    "form": "ba-gul-la-a",
                    "delim": "",
                    "gdl": [
                      {
                        "v": "ba",
                        "gdl_utf8": "𒁀",
                        "id": "Q007397.1.6.0",
                        "delim": "-"
                      },
                      {
                        "v": "gul",
                        "gdl_utf8": "𒄢",
                        "id": "Q007397.1.6.1",
                        "delim": "-"
                      },
                      {
                        "v": "la",
                        "gdl_utf8": "𒆷",
                        "id": "Q007397.1.6.2",
                        "delim": "-"
                      },
                      {
                        "v": "a",
                        "gdl_utf8": "𒀀",
                        "id": "Q007397.1.6.3"
                      }
                    ],
                    "cf": "gul",
                    "gw": "destroy",
                    "sense": "to destroy",
                    "norm0": "ba:gul;a",
                    "pos": "V/t",
                    "epos": "V/t",
                    "base": "gul",
                    "cont": "-la=l.a",
                    "morph": "ba:~;a"
                  }
                },
                {
                  "node": "l",
                  "frag": "ki-bi-še₃",
                  "id": "Q007397.l0377e",
                  "ref": "Q007397.1.7",
                  "inst": "ki[place]N",
                  "sig": "@ribo/babylon0%sux:ki-bi-še₃=ki[place//place]N'N$ki,bi.eše/ki#~,bi.eše",
                  "f": {
                    "lang": "sux",
                    "form": "ki-bi-še₃",
                    "delim": "",
                    "gdl": [
                      {
                        "v": "ki",
                        "gdl_utf8": "𒆠",
                        "id": "Q007397.1.7.0",
                        "delim": "-"
                      },
                      {
                        "v": "bi",
                        "gdl_utf8": "𒁉",
                        "id": "Q007397.1.7.1",
                        "delim": "-"
                      },
                      {
                        "v": "še₃",
                        "gdl_utf8": "𒂠",
                        "id": "Q007397.1.7.2"
                      }
                    ],
                    "cf": "ki",
                    "gw": "place",
                    "sense": "place",
                    "norm0": "ki,bi.eše",
                    "pos": "N",
                    "epos": "N",
                    "base": "ki",
                    "morph": "~,bi.eše"
                  }
                },
                {
                  "node": "l",
                  "frag": "bi₂-in-ge₄-a",
                  "id": "Q007397.l0377f",
                  "ref": "Q007397.1.8",
                  "inst": "gi[turn//to turn, return]V/i'V/t",
                  "sig": "@ribo/babylon0%sux:bi₂-in-ge₄-a=gi[turn//to turn, return]V/i'V/t$ba.i.n:gi;a/ge₄#ba.i.n:~;a",
                  "f": {
                    "lang": "sux",
                    "form": "bi₂-in-ge₄-a",
                    "gdl": [
                      {
                        "v": "bi₂",
                        "gdl_utf8": "𒉈",
                        "id": "Q007397.1.8.0",
                        "delim": "-"
                      },
                      {
                        "v": "in",
                        "gdl_utf8": "𒅔",
                        "id": "Q007397.1.8.1",
                        "delim": "-"
                      },
                      {
                        "v": "ge₄",
                        "gdl_utf8": "𒄄",
                        "id": "Q007397.1.8.2",
                        "delim": "-"
                      },
                      {
                        "v": "a",
                        "gdl_utf8": "𒀀",
                        "id": "Q007397.1.8.3"
                      }
                    ],
                    "cf": "gi",
                    "gw": "turn",
                    "sense": "to turn, return",
                    "norm0": "ba.i.n:gi;a",
                    "pos": "V/i",
                    "epos": "V/t",
                    "base": "ge₄",
                    "morph": "ba.i.n:~;a"
                  }
                }
              ]
            }
          ]
        }
      ]
    }
  ]
}
