{
  "type": "cdl",
  "project": "ribo/babylon0",
  "source": "http://oracc.org/ribo/babylon0",
  "license": "This data is released under the CC0 license",
  "license-url": "https://creativecommons.org/publicdomain/zero/1.0/",
  "more-info": "http://oracc.org/doc/opendata/",
  "UTC-timestamp": "2019-01-12T08:23:15",
  "textid": "Q007391",
  "cdl": [
    {
      "node": "c",
      "type": "text",
      "id": "Q007391.U0",
      "cdl": [
        {
          "node": "d",
          "type": "object",
          "ref": ""
        },
        {
          "node": "d",
          "type": "surface",
          "ref": ""
        },
        {
          "node": "c",
          "type": "discourse",
          "subtype": "body",
          "id": "Q007391.U1",
          "cdl": [
            {
              "node": "c",
              "type": "sentence",
              "implicit": "yes",
              "id": "Q007391.U2",
              "label": "1",
              "cdl": [
                {
                  "node": "d",
                  "type": "line-start",
                  "ref": "Q007391.1",
                  "n": "1",
                  "label": "1"
                },
                {
                  "node": "l",
                  "frag": "mu",
                  "id": "Q007391.l03703",
                  "ref": "Q007391.1.1",
                  "inst": "mu[year]N",
                  "sig": "@ribo/babylon0%sux:mu=mu[year//year]N'N$mu/mu#~",
                  "f": {
                    "lang": "sux",
                    "form": "mu",
                    "delim": "",
                    "gdl": [
                      {
                        "v": "mu",
                        "gdl_utf8": "𒈬",
                        "id": "Q007391.1.1.0"
                      }
                    ],
                    "cf": "mu",
                    "gw": "year",
                    "sense": "year",
                    "norm0": "mu",
                    "pos": "N",
                    "epos": "N",
                    "base": "mu",
                    "morph": "~"
                  }
                },
                {
                  "node": "l",
                  "frag": "sa-am-su-i-lu-na",
                  "id": "Q007391.l03704",
                  "ref": "Q007391.1.2",
                  "inst": "Samsu-iluna[king of Babylon]RN",
                  "sig": "@ribo/babylon0%sux:sa-am-su-i-lu-na=Samsu-iluna[king of Babylon//king of Babylon]RN'RN$Samsu-iluna/sa-am-su-i-lu-na#~",
                  "f": {
                    "lang": "sux",
                    "form": "sa-am-su-i-lu-na",
                    "delim": "",
                    "gdl": [
                      {
                        "v": "sa",
                        "gdl_utf8": "𒊓",
                        "id": "Q007391.1.2.0",
                        "delim": "-"
                      },
                      {
                        "v": "am",
                        "gdl_utf8": "𒄠",
                        "id": "Q007391.1.2.1",
                        "delim": "-"
                      },
                      {
                        "v": "su",
                        "gdl_utf8": "𒋢",
                        "id": "Q007391.1.2.2",
                        "delim": "-"
                      },
                      {
                        "v": "i",
                        "gdl_utf8": "𒄿",
                        "id": "Q007391.1.2.3",
                        "delim": "-"
                      },
                      {
                        "v": "lu",
                        "gdl_utf8": "𒇻",
                        "id": "Q007391.1.2.4",
                        "delim": "-"
                      },
                      {
                        "v": "na",
                        "gdl_utf8": "𒈾",
                        "id": "Q007391.1.2.5"
                      }
                    ],
                    "cf": "Samsu-iluna",
                    "gw": "king of Babylon",
                    "sense": "king of Babylon",
                    "norm0": "Samsu-iluna",
                    "pos": "RN",
                    "epos": "RN",
                    "base": "sa-am-su-i-lu-na",
                    "morph": "~"
                  }
                },
                {
                  "node": "l",
                  "frag": "lugal-e",
                  "id": "Q007391.l03705",
                  "ref": "Q007391.1.3",
                  "inst": "lugal[king]N",
                  "sig": "@ribo/babylon0%sux:lugal-e=lugal[king//king]N'N$lugal,e/lugal#~,e",
                  "f": {
                    "lang": "sux",
                    "form": "lugal-e",
                    "delim": "",
                    "gdl": [
                      {
                        "v": "lugal",
                        "gdl_utf8": "𒈗",
                        "id": "Q007391.1.3.0",
                        "delim": "-"
                      },
                      {
                        "v": "e",
                        "gdl_utf8": "𒂊",
                        "id": "Q007391.1.3.1"
                      }
                    ],
                    "cf": "lugal",
                    "gw": "king",
                    "sense": "king",
                    "norm0": "lugal,e",
                    "pos": "N",
                    "epos": "N",
                    "base": "lugal",
                    "morph": "~,e"
                  }
                },
                {
                  "node": "l",
                  "frag": "uŋnim",
                  "id": "Q007391.l03706",
                  "ref": "Q007391.1.4",
                  "inst": "ugnim[army]N",
                  "sig": "@ribo/babylon0%sux:uŋnim=ugnim[army//army]N'N$ugnim/uŋnim#~",
                  "f": {
                    "lang": "sux",
                    "form": "uŋnim",
                    "delim": "",
                    "gdl": [
                      {
                        "v": "uŋnim",
                        "gdl_utf8": "𒆠𒋢𒇻𒂠𒃻",
                        "id": "Q007391.1.4.0"
                      }
                    ],
                    "cf": "ugnim",
                    "gw": "army",
                    "sense": "army",
                    "norm0": "ugnim",
                    "pos": "N",
                    "epos": "N",
                    "base": "uŋnim",
                    "morph": "~"
                  }
                },
                {
                  "node": "l",
                  "frag": "ka-aš-šu-u₂{ki}",
                  "id": "Q007391.l03707",
                  "ref": "Q007391.1.5",
                  "inst": "Kaššu[Kassite]EN",
                  "sig": "@ribo/babylon0%sux:ka-aš-šu-u₂{ki}=Kaššu[Kassite//Kassite]EN'EN$Kaššu/ka-aš-šu-u₂{ki}#~",
                  "f": {
                    "lang": "sux",
                    "form": "ka-aš-šu-u₂{ki}",
                    "delim": "",
                    "gdl": [
                      {
                        "v": "ka",
                        "gdl_utf8": "𒅗",
                        "id": "Q007391.1.5.0",
                        "delim": "-"
                      },
                      {
                        "v": "aš",
                        "gdl_utf8": "𒀸",
                        "id": "Q007391.1.5.1",
                        "delim": "-"
                      },
                      {
                        "v": "šu",
                        "gdl_utf8": "𒋗",
                        "id": "Q007391.1.5.2",
                        "delim": "-"
                      },
                      {
                        "v": "u₂",
                        "gdl_utf8": "𒌑",
                        "id": "Q007391.1.5.3"
                      },
                      {
                        "det": "semantic",
                        "pos": "post",
                        "seq": [
                          {
                            "v": "ki",
                            "gdl_utf8": "𒆠",
                            "id": "Q007391.1.5.4"
                          }
                        ]
                      }
                    ],
                    "cf": "Kaššu",
                    "gw": "Kassite",
                    "sense": "Kassite",
                    "norm0": "Kaššu",
                    "pos": "EN",
                    "epos": "EN",
                    "base": "ka-aš-šu-u₂{ki}",
                    "morph": "~"
                  }
                },
                {
                  "node": "l",
                  "frag": "ki-kal{ki}",
                  "id": "Q007391.l03708",
                  "ref": "Q007391.1.6",
                  "inst": "Kikalla[1]SN",
                  "sig": "@ribo/babylon0%sux:ki-kal{ki}=Kikalla[1//1]SN'SN$Kikalla/ki-kal{ki}#~",
                  "f": {
                    "lang": "sux",
                    "form": "ki-kal{ki}",
                    "delim": "",
                    "gdl": [
                      {
                        "v": "ki",
                        "gdl_utf8": "𒆠",
                        "id": "Q007391.1.6.0",
                        "delim": "-"
                      },
                      {
                        "v": "kal",
                        "gdl_utf8": "𒆗",
                        "id": "Q007391.1.6.1"
                      },
                      {
                        "det": "semantic",
                        "pos": "post",
                        "seq": [
                          {
                            "v": "ki",
                            "gdl_utf8": "𒆠",
                            "id": "Q007391.1.6.2"
                          }
                        ]
                      }
                    ],
                    "cf": "Kikalla",
                    "gw": "1",
                    "sense": "1",
                    "norm0": "Kikalla",
                    "pos": "SN",
                    "epos": "SN",
                    "base": "ki-kal{ki}",
                    "morph": "~"
                  }
                },
                {
                  "node": "l",
                  "frag": "{ŋeš}suhuš-bi",
                  "id": "Q007391.l03709",
                  "ref": "Q007391.1.7",
                  "inst": "suhuš[foundation]N",
                  "sig": "@ribo/babylon0%sux:{ŋeš}suhuš-bi=suhuš[foundation//foundation]N'N$suhuš,bi/{ŋeš}suhuš#~,bi",
                  "f": {
                    "lang": "sux",
                    "form": "{ŋeš}suhuš-bi",
                    "delim": "",
                    "gdl": [
                      {
                        "det": "semantic",
                        "pos": "pre",
                        "seq": [
                          {
                            "v": "ŋeš",
                            "gdl_utf8": "𒄑",
                            "id": "Q007391.1.7.0"
                          }
                        ]
                      },
                      {
                        "v": "suhuš",
                        "gdl_utf8": "𒁼",
                        "id": "Q007391.1.7.1",
                        "delim": "-"
                      },
                      {
                        "v": "bi",
                        "gdl_utf8": "𒁉",
                        "id": "Q007391.1.7.2"
                      }
                    ],
                    "cf": "suhuš",
                    "gw": "foundation",
                    "sense": "foundation",
                    "norm0": "suhuš,bi",
                    "pos": "N",
                    "epos": "N",
                    "base": "{ŋeš}suhuš",
                    "morph": "~,bi"
                  }
                },
                {
                  "node": "l",
                  "frag": "ib₂-ta-bu-ra",
                  "id": "Q007391.l0370a",
                  "ref": "Q007391.1.8",
                  "inst": "bur[to tear out]V/t",
                  "sig": "@ribo/babylon0%sux:ib₂-ta-bu-ra=bur[tear//to tear out]V/t'V/t$V.b.ta:bur;a/bu-r·a#V.b.ta:~;a",
                  "f": {
                    "lang": "sux",
                    "form": "ib₂-ta-bu-ra",
                    "gdl": [
                      {
                        "v": "ib₂",
                        "gdl_utf8": "𒌈",
                        "id": "Q007391.1.8.0",
                        "delim": "-"
                      },
                      {
                        "v": "ta",
                        "gdl_utf8": "𒋫",
                        "id": "Q007391.1.8.1",
                        "delim": "-"
                      },
                      {
                        "v": "bu",
                        "gdl_utf8": "𒁍",
                        "id": "Q007391.1.8.2",
                        "delim": "-"
                      },
                      {
                        "v": "ra",
                        "gdl_utf8": "𒊏",
                        "id": "Q007391.1.8.3"
                      }
                    ],
                    "cf": "bur",
                    "gw": "tear",
                    "sense": "to tear out",
                    "norm0": "V.b.ta:bur;a",
                    "pos": "V/t",
                    "epos": "V/t",
                    "base": "bu-r·a",
                    "morph": "V.b.ta:~;a"
                  }
                }
              ]
            }
          ]
        }
      ]
    }
  ]
}
