{
  "type": "cdl",
  "project": "ribo/babylon0",
  "source": "http://oracc.org/ribo/babylon0",
  "license": "This data is released under the CC0 license",
  "license-url": "https://creativecommons.org/publicdomain/zero/1.0/",
  "more-info": "http://oracc.org/doc/opendata/",
  "UTC-timestamp": "2019-01-12T08:23:08",
  "textid": "Q007334",
  "cdl": [
    {
      "node": "c",
      "type": "text",
      "id": "Q007334.U0",
      "cdl": [
        {
          "node": "d",
          "type": "object",
          "ref": ""
        },
        {
          "node": "d",
          "type": "surface",
          "ref": ""
        },
        {
          "node": "c",
          "type": "discourse",
          "subtype": "body",
          "id": "Q007334.U1",
          "cdl": [
            {
              "node": "c",
              "type": "sentence",
              "implicit": "yes",
              "id": "Q007334.U2",
              "label": "1 - 39",
              "cdl": [
                {
                  "node": "d",
                  "type": "line-start",
                  "ref": "Q007334.1",
                  "n": "1",
                  "label": "1"
                },
                {
                  "node": "l",
                  "frag": "ha-am-mu-ra-pi₂",
                  "id": "Q007334.l00bec",
                  "ref": "Q007334.1.1",
                  "inst": "Hammu-rapi[king of Babylon]RN",
                  "sig": "@ribo/babylon0%sux:ha-am-mu-ra-pi₂=Hammu-rapi[king of Babylon//king of Babylon]RN'RN$Hammu-rapi/ha-am-mu-ra-pi₂#~",
                  "f": {
                    "lang": "sux",
                    "form": "ha-am-mu-ra-pi₂",
                    "gdl": [
                      {
                        "v": "ha",
                        "gdl_utf8": "𒄩",
                        "id": "Q007334.1.1.0",
                        "delim": "-"
                      },
                      {
                        "v": "am",
                        "gdl_utf8": "𒄠",
                        "id": "Q007334.1.1.1",
                        "delim": "-"
                      },
                      {
                        "v": "mu",
                        "gdl_utf8": "𒈬",
                        "id": "Q007334.1.1.2",
                        "delim": "-"
                      },
                      {
                        "v": "ra",
                        "gdl_utf8": "𒊏",
                        "id": "Q007334.1.1.3",
                        "delim": "-"
                      },
                      {
                        "v": "pi₂",
                        "gdl_utf8": "𒁉",
                        "id": "Q007334.1.1.4"
                      }
                    ],
                    "cf": "Hammu-rapi",
                    "gw": "king of Babylon",
                    "sense": "king of Babylon",
                    "norm0": "Hammu-rapi",
                    "pos": "RN",
                    "epos": "RN",
                    "base": "ha-am-mu-ra-pi₂",
                    "morph": "~"
                  }
                },
                {
                  "node": "d",
                  "type": "line-start",
                  "ref": "Q007334.2",
                  "n": "2",
                  "label": "2"
                },
                {
                  "node": "l",
                  "frag": "lugal",
                  "id": "Q007334.l00bed",
                  "ref": "Q007334.2.1",
                  "inst": "lugal[king]N",
                  "sig": "@ribo/babylon0%sux:lugal=lugal[king//king]N'N$lugal/lugal#~",
                  "f": {
                    "lang": "sux",
                    "form": "lugal",
                    "delim": "",
                    "gdl": [
                      {
                        "v": "lugal",
                        "gdl_utf8": "𒈗",
                        "id": "Q007334.2.1.0"
                      }
                    ],
                    "cf": "lugal",
                    "gw": "king",
                    "sense": "king",
                    "norm0": "lugal",
                    "pos": "N",
                    "epos": "N",
                    "base": "lugal",
                    "morph": "~"
                  }
                },
                {
                  "node": "l",
                  "frag": "kala-ga",
                  "id": "Q007334.l00bee",
                  "ref": "Q007334.2.2",
                  "inst": "kalag[(to be) strong, powerful, mighty]V/i",
                  "sig": "@ribo/babylon0%sux:kala-ga=kalag[strong//(to be) strong, powerful, mighty]V/i'V/i$kalag;a/kala-g·a#~;a",
                  "f": {
                    "lang": "sux",
                    "form": "kala-ga",
                    "gdl": [
                      {
                        "v": "kala",
                        "gdl_utf8": "𒆗",
                        "id": "Q007334.2.2.0",
                        "delim": "-"
                      },
                      {
                        "v": "ga",
                        "gdl_utf8": "𒂵",
                        "id": "Q007334.2.2.1"
                      }
                    ],
                    "cf": "kalag",
                    "gw": "strong",
                    "sense": "(to be) strong, powerful, mighty",
                    "norm0": "kalag;a",
                    "pos": "V/i",
                    "epos": "V/i",
                    "base": "kala-g·a",
                    "morph": "~;a"
                  }
                },
                {
                  "node": "d",
                  "type": "line-start",
                  "ref": "Q007334.3",
                  "n": "3",
                  "label": "3"
                },
                {
                  "node": "l",
                  "frag": "lugal",
                  "id": "Q007334.l00bef",
                  "ref": "Q007334.3.1",
                  "inst": "lugal[king]N",
                  "sig": "@ribo/babylon0%sux:lugal=lugal[king//king]N'N$lugal/lugal#~",
                  "f": {
                    "lang": "sux",
                    "form": "lugal",
                    "delim": "",
                    "gdl": [
                      {
                        "v": "lugal",
                        "gdl_utf8": "𒈗",
                        "id": "Q007334.3.1.0"
                      }
                    ],
                    "cf": "lugal",
                    "gw": "king",
                    "sense": "king",
                    "norm0": "lugal",
                    "pos": "N",
                    "epos": "N",
                    "base": "lugal",
                    "morph": "~"
                  }
                },
                {
                  "node": "l",
                  "frag": "babilim₂{ki}",
                  "id": "Q007334.l00bf0",
                  "ref": "Q007334.3.2",
                  "inst": "Babili[Babylon]SN",
                  "sig": "@ribo/babylon0%sux:babilim₂{ki}=Babili[Babylon//Babylon]SN'SN$Babilim/babilim₂{ki}#Babilim",
                  "f": {
                    "lang": "sux",
                    "form": "babilim₂{ki}",
                    "gdl": [
                      {
                        "v": "babilim₂",
                        "gdl_utf8": "𒆍𒀭𒊏",
                        "id": "Q007334.3.2.0"
                      },
                      {
                        "det": "semantic",
                        "pos": "post",
                        "seq": [
                          {
                            "v": "ki",
                            "gdl_utf8": "𒆠",
                            "id": "Q007334.3.2.1"
                          }
                        ]
                      }
                    ],
                    "cf": "Babili",
                    "gw": "Babylon",
                    "sense": "Babylon",
                    "norm": "Babilim",
                    "pos": "SN",
                    "epos": "SN",
                    "base": "babilim₂{ki}",
                    "morph": "Babilim"
                  }
                },
                {
                  "node": "d",
                  "type": "line-start",
                  "ref": "Q007334.4",
                  "n": "4",
                  "label": "4"
                },
                {
                  "node": "l",
                  "frag": "lugal",
                  "id": "Q007334.l00bf1",
                  "ref": "Q007334.4.1",
                  "inst": "lugal[king]N",
                  "sig": "@ribo/babylon0%sux:lugal=lugal[king//king]N'N$lugal/lugal#~",
                  "f": {
                    "lang": "sux",
                    "form": "lugal",
                    "delim": "",
                    "gdl": [
                      {
                        "v": "lugal",
                        "gdl_utf8": "𒈗",
                        "id": "Q007334.4.1.0"
                      }
                    ],
                    "cf": "lugal",
                    "gw": "king",
                    "sense": "king",
                    "norm0": "lugal",
                    "pos": "N",
                    "epos": "N",
                    "base": "lugal",
                    "morph": "~"
                  }
                },
                {
                  "node": "l",
                  "frag": "an-ub-da",
                  "id": "Q007334.l00bf2",
                  "ref": "Q007334.4.2",
                  "inst": "anubda[a cosmographic or geographic term, quarter (of the universe)]N",
                  "sig": "@ribo/babylon0%sux:an-ub-da=anubda[quarter//a cosmographic or geographic term, quarter (of the universe)]N'N$anubda/an-ub-da#~",
                  "f": {
                    "lang": "sux",
                    "form": "an-ub-da",
                    "delim": "",
                    "gdl": [
                      {
                        "v": "an",
                        "gdl_utf8": "𒀭",
                        "id": "Q007334.4.2.0",
                        "delim": "-"
                      },
                      {
                        "v": "ub",
                        "gdl_utf8": "𒌒",
                        "id": "Q007334.4.2.1",
                        "delim": "-"
                      },
                      {
                        "v": "da",
                        "gdl_utf8": "𒁕",
                        "id": "Q007334.4.2.2"
                      }
                    ],
                    "cf": "anubda",
                    "gw": "quarter",
                    "sense": "a cosmographic or geographic term, quarter (of the universe)",
                    "norm0": "anubda",
                    "pos": "N",
                    "epos": "N",
                    "base": "an-ub-da",
                    "morph": "~"
                  }
                },
                {
                  "node": "l",
                  "frag": "limmu₂",
                  "id": "Q007334.l00bf3",
                  "ref": "Q007334.4.3",
                  "inst": "limmu[four]NU",
                  "sig": "@ribo/babylon0%sux:limmu₂=limmu[four//four]NU'NU$limmu/limmu₂#~",
                  "f": {
                    "lang": "sux",
                    "form": "limmu₂",
                    "gdl": [
                      {
                        "v": "limmu₂",
                        "gdl_utf8": "𒇹",
                        "id": "Q007334.4.3.0"
                      }
                    ],
                    "cf": "limmu",
                    "gw": "four",
                    "sense": "four",
                    "norm0": "limmu",
                    "pos": "NU",
                    "epos": "NU",
                    "base": "limmu₂",
                    "morph": "~"
                  }
                },
                {
                  "node": "d",
                  "type": "line-start",
                  "ref": "Q007334.5",
                  "n": "5",
                  "label": "5"
                },
                {
                  "node": "l",
                  "frag": "kalam",
                  "id": "Q007334.l00bf4",
                  "ref": "Q007334.5.1",
                  "inst": "kalam[the Land (of Sumer)]N",
                  "sig": "@ribo/babylon0%sux:kalam=kalam[land//the Land (of Sumer)]N'N$kalam/kalam#~",
                  "f": {
                    "lang": "sux",
                    "form": "kalam",
                    "delim": "",
                    "gdl": [
                      {
                        "v": "kalam",
                        "gdl_utf8": "𒌦",
                        "id": "Q007334.5.1.0"
                      }
                    ],
                    "cf": "kalam",
                    "gw": "land",
                    "sense": "the Land (of Sumer)",
                    "norm0": "kalam",
                    "pos": "N",
                    "epos": "N",
                    "base": "kalam",
                    "morph": "~"
                  }
                },
                {
                  "node": "l",
                  "frag": "dim₂-dim₂-me",
                  "id": "Q007334.l00bf5",
                  "ref": "Q007334.5.2",
                  "inst": "dim[create//to create, make, manufacture]V/t'V/t/dim₂-dim₂#~;e",
                  "sig": "@ribo/babylon0%sux:dim₂-dim₂-me=dim[create//to create, make, manufacture]V/t'V/t$dim;e/dim₂-dim₂#~;e",
                  "f": {
                    "lang": "sux",
                    "form": "dim₂-dim₂-me",
                    "gdl": [
                      {
                        "v": "dim₂",
                        "gdl_utf8": "𒁶",
                        "id": "Q007334.5.2.0",
                        "delim": "-"
                      },
                      {
                        "v": "dim₂",
                        "gdl_utf8": "𒁶",
                        "id": "Q007334.5.2.1",
                        "delim": "-"
                      },
                      {
                        "v": "me",
                        "gdl_utf8": "𒈨",
                        "id": "Q007334.5.2.2"
                      }
                    ],
                    "cf": "dim",
                    "gw": "create",
                    "sense": "to create, make, manufacture",
                    "norm0": "dim;e",
                    "pos": "V/t",
                    "epos": "V/t",
                    "base": "dim₂-dim₂",
                    "morph": "~;e"
                  }
                },
                {
                  "node": "d",
                  "type": "line-start",
                  "ref": "Q007334.6",
                  "n": "6",
                  "label": "6"
                },
                {
                  "node": "l",
                  "frag": "lugal",
                  "id": "Q007334.l00bf6",
                  "ref": "Q007334.6.1",
                  "inst": "lugal[king]N",
                  "sig": "@ribo/babylon0%sux:lugal=lugal[king//king]N'N$lugal/lugal#~",
                  "f": {
                    "lang": "sux",
                    "form": "lugal",
                    "delim": "",
                    "gdl": [
                      {
                        "v": "lugal",
                        "gdl_utf8": "𒈗",
                        "id": "Q007334.6.1.0"
                      }
                    ],
                    "cf": "lugal",
                    "gw": "king",
                    "sense": "king",
                    "norm0": "lugal",
                    "pos": "N",
                    "epos": "N",
                    "base": "lugal",
                    "morph": "~"
                  }
                },
                {
                  "node": "l",
                  "frag": "niŋ₂-ak-ak-bi",
                  "id": "Q007334.l00bf7",
                  "ref": "Q007334.6.2",
                  "inst": "niŋak[deed]N/niŋ₂-ak-ak#~,bi",
                  "sig": "@ribo/babylon0%sux:niŋ₂-ak-ak-bi=niŋak[deed//deed]N'N$niŋak,bi/niŋ₂-ak-ak#~,bi",
                  "f": {
                    "lang": "sux",
                    "form": "niŋ₂-ak-ak-bi",
                    "gdl": [
                      {
                        "v": "niŋ₂",
                        "gdl_utf8": "𒃻",
                        "id": "Q007334.6.2.0",
                        "delim": "-"
                      },
                      {
                        "v": "ak",
                        "gdl_utf8": "𒀝",
                        "id": "Q007334.6.2.1",
                        "delim": "-"
                      },
                      {
                        "v": "ak",
                        "gdl_utf8": "𒀝",
                        "id": "Q007334.6.2.2",
                        "delim": "-"
                      },
                      {
                        "v": "bi",
                        "gdl_utf8": "𒁉",
                        "id": "Q007334.6.2.3"
                      }
                    ],
                    "cf": "niŋak",
                    "gw": "deed",
                    "sense": "deed",
                    "norm0": "niŋak,bi",
                    "pos": "N",
                    "epos": "N",
                    "base": "niŋ₂-ak-ak",
                    "morph": "~,bi"
                  }
                },
                {
                  "node": "d",
                  "type": "line-start",
                  "ref": "Q007334.7",
                  "n": "7",
                  "label": "7"
                },
                {
                  "node": "l",
                  "frag": "su",
                  "id": "Q007334.l00bf8",
                  "ref": "Q007334.7.1",
                  "inst": "su[flesh]N",
                  "sig": "@ribo/babylon0%sux:su=su[flesh//flesh]N'N$su/su#~",
                  "f": {
                    "lang": "sux",
                    "form": "su",
                    "delim": "",
                    "gdl": [
                      {
                        "v": "su",
                        "gdl_utf8": "𒋢",
                        "id": "Q007334.7.1.0"
                      }
                    ],
                    "cf": "su",
                    "gw": "flesh",
                    "sense": "flesh",
                    "norm0": "su",
                    "pos": "N",
                    "epos": "N",
                    "base": "su",
                    "morph": "~"
                  }
                },
                {
                  "node": "l",
                  "frag": "{d}utu",
                  "id": "Q007334.l00bf9",
                  "ref": "Q007334.7.2",
                  "inst": "Utu[1]DN",
                  "sig": "@ribo/babylon0%sux:{d}utu=Utu[1//1]DN'DN$Utu/{d}utu#~",
                  "f": {
                    "lang": "sux",
                    "form": "{d}utu",
                    "gdl": [
                      {
                        "det": "semantic",
                        "pos": "pre",
                        "seq": [
                          {
                            "v": "d",
                            "gdl_utf8": "𒀭",
                            "id": "Q007334.7.2.0"
                          }
                        ]
                      },
                      {
                        "v": "utu",
                        "gdl_utf8": "𒌓",
                        "id": "Q007334.7.2.1"
                      }
                    ],
                    "cf": "Utu",
                    "gw": "1",
                    "sense": "1",
                    "norm0": "Utu",
                    "pos": "DN",
                    "epos": "DN",
                    "base": "{d}utu",
                    "morph": "~"
                  }
                },
                {
                  "node": "d",
                  "type": "line-start",
                  "ref": "Q007334.8",
                  "n": "8",
                  "label": "8"
                },
                {
                  "node": "l",
                  "frag": "{d}amar-utu-ra",
                  "id": "Q007334.l00bfa",
                  "ref": "Q007334.8.1",
                  "inst": "Marduk[1]DN/{d}amar-utu#~,ra",
                  "sig": "@ribo/babylon0%sux:{d}amar-utu-ra=Marduk[1//1]DN'DN$Marduk,ra/{d}amar-utu#~,ra",
                  "f": {
                    "lang": "sux",
                    "form": "{d}amar-utu-ra",
                    "gdl": [
                      {
                        "det": "semantic",
                        "pos": "pre",
                        "seq": [
                          {
                            "v": "d",
                            "gdl_utf8": "𒀭",
                            "id": "Q007334.8.1.0"
                          }
                        ]
                      },
                      {
                        "v": "amar",
                        "gdl_utf8": "𒀫",
                        "id": "Q007334.8.1.1",
                        "delim": "-"
                      },
                      {
                        "v": "utu",
                        "gdl_utf8": "𒌓",
                        "id": "Q007334.8.1.2",
                        "delim": "-"
                      },
                      {
                        "v": "ra",
                        "gdl_utf8": "𒊏",
                        "id": "Q007334.8.1.3"
                      }
                    ],
                    "cf": "Marduk",
                    "gw": "1",
                    "sense": "1",
                    "norm0": "Marduk,ra",
                    "pos": "DN",
                    "epos": "DN",
                    "base": "{d}amar-utu",
                    "morph": "~,ra"
                  }
                },
                {
                  "node": "d",
                  "type": "line-start",
                  "ref": "Q007334.9",
                  "n": "9",
                  "label": "9"
                },
                {
                  "node": "l",
                  "frag": "ba-du₁₀-ga-me-en",
                  "id": "Q007334.l00bfb",
                  "ref": "Q007334.9.1",
                  "inst": "dug[good//(to make) good]V/i'V/t/du₁₀-g·a#ba:~;a,men",
                  "sig": "@ribo/babylon0%sux:ba-du₁₀-ga-me-en=dug[good//(to make) good]V/i'V/t$ba:dug;a,men/du₁₀-g·a#ba:~;a,men",
                  "f": {
                    "lang": "sux",
                    "form": "ba-du₁₀-ga-me-en",
                    "gdl": [
                      {
                        "v": "ba",
                        "gdl_utf8": "𒁀",
                        "id": "Q007334.9.1.0",
                        "delim": "-"
                      },
                      {
                        "v": "du₁₀",
                        "gdl_utf8": "𒄭",
                        "id": "Q007334.9.1.1",
                        "delim": "-"
                      },
                      {
                        "v": "ga",
                        "gdl_utf8": "𒂵",
                        "id": "Q007334.9.1.2",
                        "delim": "-"
                      },
                      {
                        "v": "me",
                        "gdl_utf8": "𒈨",
                        "id": "Q007334.9.1.3",
                        "delim": "-"
                      },
                      {
                        "v": "en",
                        "gdl_utf8": "𒂗",
                        "id": "Q007334.9.1.4"
                      }
                    ],
                    "cf": "dug",
                    "gw": "good",
                    "sense": "(to make) good",
                    "norm0": "ba:dug;a,men",
                    "pos": "V/i",
                    "epos": "V/t",
                    "base": "du₁₀-g·a",
                    "morph": "ba:~;a,men"
                  }
                },
                {
                  "node": "d",
                  "type": "line-start",
                  "ref": "Q007334.10",
                  "n": "10",
                  "label": "10"
                },
                {
                  "node": "l",
                  "frag": "bad₃",
                  "id": "Q007334.l00bfc",
                  "ref": "Q007334.10.1",
                  "inst": "bad[wall, fortification]N",
                  "sig": "@ribo/babylon0%sux:bad₃=bad[wall//wall, fortification]N'N$bad/bad₃#~",
                  "f": {
                    "lang": "sux",
                    "form": "bad₃",
                    "delim": "",
                    "gdl": [
                      {
                        "v": "bad₃",
                        "gdl_utf8": "𒂦",
                        "id": "Q007334.10.1.0"
                      }
                    ],
                    "cf": "bad",
                    "gw": "wall",
                    "sense": "wall, fortification",
                    "norm0": "bad",
                    "pos": "N",
                    "epos": "N",
                    "base": "bad₃",
                    "morph": "~"
                  }
                },
                {
                  "node": "l",
                  "frag": "zibbir{ki}",
                  "id": "Q007334.l00bfd",
                  "ref": "Q007334.10.2",
                  "inst": "Sippar[1]SN",
                  "sig": "@ribo/babylon0%sux:zibbir{ki}=Sippar[1//1]SN'SN$Sippar/zibbir{ki}#~",
                  "f": {
                    "lang": "sux",
                    "form": "zibbir{ki}",
                    "gdl": [
                      {
                        "v": "zibbir",
                        "gdl_utf8": "𒌓𒄒𒉣",
                        "id": "Q007334.10.2.0"
                      },
                      {
                        "det": "semantic",
                        "pos": "post",
                        "seq": [
                          {
                            "v": "ki",
                            "gdl_utf8": "𒆠",
                            "id": "Q007334.10.2.1"
                          }
                        ]
                      }
                    ],
                    "cf": "Sippar",
                    "gw": "1",
                    "sense": "1",
                    "norm0": "Sippar",
                    "pos": "SN",
                    "epos": "SN",
                    "base": "zibbir{ki}",
                    "morph": "~"
                  }
                },
                {
                  "node": "d",
                  "type": "line-start",
                  "ref": "Q007334.11",
                  "n": "11",
                  "label": "11"
                },
                {
                  "node": "l",
                  "frag": "sahar-ta",
                  "id": "Q007334.l00bfe",
                  "ref": "Q007334.11.1",
                  "inst": "sahar[dust, dirt]N",
                  "sig": "@ribo/babylon0%sux:sahar-ta=sahar[soil//dust, dirt]N'N$sahar,ta/sahar#~,ta",
                  "f": {
                    "lang": "sux",
                    "form": "sahar-ta",
                    "gdl": [
                      {
                        "v": "sahar",
                        "gdl_utf8": "𒅖",
                        "id": "Q007334.11.1.0",
                        "delim": "-"
                      },
                      {
                        "v": "ta",
                        "gdl_utf8": "𒋫",
                        "id": "Q007334.11.1.1"
                      }
                    ],
                    "cf": "sahar",
                    "gw": "soil",
                    "sense": "dust, dirt",
                    "norm0": "sahar,ta",
                    "pos": "N",
                    "epos": "N",
                    "base": "sahar",
                    "morph": "~,ta"
                  }
                },
                {
                  "node": "d",
                  "type": "line-start",
                  "ref": "Q007334.12",
                  "n": "12",
                  "label": "12"
                },
                {
                  "node": "l",
                  "frag": "hur-saŋ",
                  "id": "Q007334.l00bff",
                  "ref": "Q007334.12.1",
                  "inst": "hursaŋ[mountain, foothills]N",
                  "sig": "@ribo/babylon0%sux:hur-saŋ=hursaŋ[mountain//mountain]N'N$hursaŋ/hur-saŋ#~",
                  "f": {
                    "lang": "sux",
                    "form": "hur-saŋ",
                    "delim": "",
                    "gdl": [
                      {
                        "v": "hur",
                        "gdl_utf8": "𒄯",
                        "id": "Q007334.12.1.0",
                        "delim": "-"
                      },
                      {
                        "v": "saŋ",
                        "gdl_utf8": "𒊕",
                        "id": "Q007334.12.1.1"
                      }
                    ],
                    "cf": "hursaŋ",
                    "gw": "mountain",
                    "sense": "mountain",
                    "norm0": "hursaŋ",
                    "pos": "N",
                    "epos": "N",
                    "base": "hur-saŋ",
                    "morph": "~"
                  }
                },
                {
                  "node": "l",
                  "frag": "gal-gen₇",
                  "id": "Q007334.l00c00",
                  "ref": "Q007334.12.2",
                  "inst": "gal[(to be) big, great]V/i",
                  "sig": "@ribo/babylon0%sux:gal-gen₇=gal[big//(to be) big, great]V/i'V/i$gal;*a,gin/gal#~;*a,gin",
                  "f": {
                    "lang": "sux",
                    "form": "gal-gen₇",
                    "gdl": [
                      {
                        "v": "gal",
                        "gdl_utf8": "𒃲",
                        "id": "Q007334.12.2.0",
                        "delim": "-"
                      },
                      {
                        "v": "gen₇",
                        "gdl_utf8": "𒁶",
                        "id": "Q007334.12.2.1"
                      }
                    ],
                    "cf": "gal",
                    "gw": "big",
                    "sense": "(to be) big, great",
                    "norm0": "gal;*a,gin",
                    "pos": "V/i",
                    "epos": "V/i",
                    "base": "gal",
                    "morph": "~;*a,gin"
                  }
                },
                {
                  "node": "d",
                  "type": "line-start",
                  "ref": "Q007334.13",
                  "n": "13",
                  "label": "13"
                },
                {
                  "node": "c",
                  "type": "phrase",
                  "tag": "phr",
                  "id": "Q007334.U4",
                  "ref": "Q007334.ls00000",
                  "cdl": [
                    {
                      "node": "l",
                      "frag": "saŋ-bi",
                      "id": "Q007334.l00c01",
                      "ref": "Q007334.13.1",
                      "inst": "saŋ[head]N",
                      "sig": "@ribo/babylon0%sux:saŋ-bi=saŋ[head//head]N'N$saŋ,bi/saŋ#~,bi",
                      "f": {
                        "lang": "sux",
                        "form": "saŋ-bi",
                        "gdl": [
                          {
                            "v": "saŋ",
                            "gdl_utf8": "𒊕",
                            "id": "Q007334.13.1.0",
                            "delim": "-"
                          },
                          {
                            "v": "bi",
                            "gdl_utf8": "𒁉",
                            "id": "Q007334.13.1.1"
                          }
                        ],
                        "cf": "saŋ",
                        "gw": "head",
                        "sense": "head",
                        "norm0": "saŋ,bi",
                        "pos": "N",
                        "epos": "N",
                        "base": "saŋ",
                        "morph": "~,bi"
                      }
                    },
                    {
                      "node": "d",
                      "type": "line-start",
                      "ref": "Q007334.14",
                      "n": "14",
                      "label": "14"
                    },
                    {
                      "node": "l",
                      "frag": "he₂-em-mi-il₂",
                      "id": "Q007334.l00c02",
                      "ref": "Q007334.14.1",
                      "inst": "il[to raise, carry]V/t",
                      "sig": "@ribo/babylon0%sux:he₂-em-mi-il₂=il[raise//to raise, carry]V/t'V/t$ha.Vmma.i:il/il₂#ha.Vmma.i:~",
                      "f": {
                        "lang": "sux",
                        "form": "he₂-em-mi-il₂",
                        "gdl": [
                          {
                            "v": "he₂",
                            "gdl_utf8": "𒃶",
                            "id": "Q007334.14.1.0",
                            "delim": "-"
                          },
                          {
                            "v": "em",
                            "gdl_utf8": "𒅎",
                            "id": "Q007334.14.1.1",
                            "delim": "-"
                          },
                          {
                            "v": "mi",
                            "gdl_utf8": "𒈪",
                            "id": "Q007334.14.1.2",
                            "delim": "-"
                          },
                          {
                            "v": "il₂",
                            "gdl_utf8": "𒅍",
                            "id": "Q007334.14.1.3"
                          }
                        ],
                        "cf": "il",
                        "gw": "raise",
                        "sense": "to raise, carry",
                        "norm0": "ha.Vmma.i:il",
                        "pos": "V/t",
                        "epos": "V/t",
                        "base": "il₂",
                        "morph": "ha.Vmma.i:~"
                      }
                    }
                  ]
                },
                {
                  "node": "d",
                  "type": "line-start",
                  "ref": "Q007334.15",
                  "n": "15",
                  "label": "15"
                },
                {
                  "node": "l",
                  "frag": "abbar-ra",
                  "id": "Q007334.l00c03",
                  "ref": "Q007334.15.1",
                  "inst": "ambar[reed-bed//reed-bed, marsh]N'N",
                  "sig": "@ribo/babylon0%sux:abbar-ra=ambar[reed-bed//reed-bed]N'N$ambar,a/abbar+-ra=r.a#~,a",
                  "f": {
                    "lang": "sux",
                    "form": "abbar-ra",
                    "delim": "",
                    "gdl": [
                      {
                        "v": "abbar",
                        "gdl_utf8": "𒆹",
                        "id": "Q007334.15.1.0",
                        "delim": "-"
                      },
                      {
                        "v": "ra",
                        "gdl_utf8": "𒊏",
                        "id": "Q007334.15.1.1"
                      }
                    ],
                    "cf": "ambar",
                    "gw": "reed-bed",
                    "sense": "reed-bed",
                    "norm0": "ambar,a",
                    "pos": "N",
                    "epos": "N",
                    "base": "abbar",
                    "cont": "-ra=r.a",
                    "morph": "~,a"
                  }
                },
                {
                  "node": "l",
                  "frag": "hu-mu-ni-niŋen₂",
                  "id": "Q007334.l00c04",
                  "ref": "Q007334.15.2",
                  "inst": "niŋin[encircle//to encircle]V/t'V/t",
                  "sig": "@ribo/babylon0%sux:hu-mu-ni-niŋen₂=niŋin[encircle//to encircle]V/t'V/t$ha.mu.ni:niŋin/niŋen₂#ha.mu.ni:~",
                  "f": {
                    "lang": "sux",
                    "form": "hu-mu-ni-niŋen₂",
                    "gdl": [
                      {
                        "v": "hu",
                        "gdl_utf8": "𒄷",
                        "id": "Q007334.15.2.0",
                        "delim": "-"
                      },
                      {
                        "v": "mu",
                        "gdl_utf8": "𒈬",
                        "id": "Q007334.15.2.1",
                        "delim": "-"
                      },
                      {
                        "v": "ni",
                        "gdl_utf8": "𒉌",
                        "id": "Q007334.15.2.2",
                        "delim": "-"
                      },
                      {
                        "v": "niŋen₂",
                        "gdl_utf8": "𒆸",
                        "id": "Q007334.15.2.3"
                      }
                    ],
                    "cf": "niŋin",
                    "gw": "encircle",
                    "sense": "to encircle",
                    "norm0": "ha.mu.ni:niŋin",
                    "pos": "V/t",
                    "epos": "V/t",
                    "base": "niŋen₂",
                    "morph": "ha.mu.ni:~"
                  }
                },
                {
                  "node": "d",
                  "type": "line-start",
                  "ref": "Q007334.16",
                  "n": "16",
                  "label": "16"
                },
                {
                  "node": "l",
                  "frag": "{i₇}buranuna",
                  "id": "Q007334.l00c05",
                  "ref": "Q007334.16.1",
                  "inst": "Purattu[Euphrates]WN",
                  "sig": "@ribo/babylon0%sux:{i₇}buranuna=Purattu[Euphrates//Euphrates]WN'WN$Purattu/buranuna#~",
                  "f": {
                    "lang": "sux",
                    "form": "{i₇}buranuna",
                    "gdl": [
                      {
                        "det": "semantic",
                        "pos": "pre",
                        "seq": [
                          {
                            "v": "i₇",
                            "gdl_utf8": "𒀀𒇉",
                            "id": "Q007334.16.1.0"
                          }
                        ]
                      },
                      {
                        "v": "buranuna",
                        "gdl_utf8": "𒌓𒄒𒉣",
                        "id": "Q007334.16.1.1"
                      }
                    ],
                    "cf": "Purattu",
                    "gw": "Euphrates",
                    "sense": "Euphrates",
                    "norm0": "Purattu",
                    "pos": "WN",
                    "epos": "WN",
                    "base": "buranuna",
                    "morph": "~"
                  }
                },
                {
                  "node": "d",
                  "type": "line-start",
                  "ref": "Q007334.17",
                  "n": "17",
                  "label": "17"
                },
                {
                  "node": "l",
                  "frag": "zibbir{ki}še₃",
                  "id": "Q007334.l00c06",
                  "ref": "Q007334.17.1",
                  "inst": "Sippar[1]SN",
                  "sig": "@ribo/babylon0%sux:zibbir{ki}-še₃=Sippar[1//1]SN'SN$Sippar,eše/zibbir{ki}#~,eše",
                  "f": {
                    "lang": "sux",
                    "form": "zibbir{ki}-še₃",
                    "gdl": [
                      {
                        "v": "zibbir",
                        "gdl_utf8": "𒌓𒄒𒉣",
                        "id": "Q007334.17.1.0"
                      },
                      {
                        "det": "semantic",
                        "pos": "post",
                        "delim": "-",
                        "seq": [
                          {
                            "v": "ki",
                            "gdl_utf8": "𒆠",
                            "id": "Q007334.17.1.1"
                          }
                        ]
                      },
                      {
                        "v": "še₃",
                        "gdl_utf8": "𒂠",
                        "id": "Q007334.17.1.2"
                      }
                    ],
                    "cf": "Sippar",
                    "gw": "1",
                    "sense": "1",
                    "norm0": "Sippar,eše",
                    "pos": "SN",
                    "epos": "SN",
                    "base": "zibbir{ki}",
                    "morph": "~,eše"
                  }
                },
                {
                  "node": "d",
                  "type": "line-start",
                  "ref": "Q007334.18",
                  "n": "18",
                  "label": "18"
                },
                {
                  "node": "l",
                  "frag": "hu-mu-ba-al",
                  "id": "Q007334.l00c07",
                  "ref": "Q007334.18.1",
                  "inst": "bal[to dig, excavate]V/t",
                  "sig": "@ribo/babylon0%sux:hu-mu-ba-al=bal[dig//to dig, excavate]V/t'V/t$ha.mu:bal/ba-al#ha.mu:~",
                  "f": {
                    "lang": "sux",
                    "form": "hu-mu-ba-al",
                    "gdl": [
                      {
                        "v": "hu",
                        "gdl_utf8": "𒄷",
                        "id": "Q007334.18.1.0",
                        "delim": "-"
                      },
                      {
                        "v": "mu",
                        "gdl_utf8": "𒈬",
                        "id": "Q007334.18.1.1",
                        "delim": "-"
                      },
                      {
                        "v": "ba",
                        "gdl_utf8": "𒁀",
                        "id": "Q007334.18.1.2",
                        "delim": "-"
                      },
                      {
                        "v": "al",
                        "gdl_utf8": "𒀠",
                        "id": "Q007334.18.1.3"
                      }
                    ],
                    "cf": "bal",
                    "gw": "dig",
                    "sense": "to dig, excavate",
                    "norm0": "ha.mu:bal",
                    "pos": "V/t",
                    "epos": "V/t",
                    "base": "ba-al",
                    "morph": "ha.mu:~"
                  }
                },
                {
                  "node": "d",
                  "type": "line-start",
                  "ref": "Q007334.19",
                  "n": "19",
                  "label": "19"
                },
                {
                  "node": "l",
                  "frag": "kar",
                  "id": "Q007334.l00c08",
                  "ref": "Q007334.19.1",
                  "inst": "kar[harbor//harbor, quay]N'N",
                  "sig": "@ribo/babylon0%sux:kar=kar[harbor//harbor, quay]N'N$kar/kar#~",
                  "f": {
                    "lang": "sux",
                    "form": "kar",
                    "delim": "",
                    "gdl": [
                      {
                        "v": "kar",
                        "gdl_utf8": "𒋼𒀀",
                        "id": "Q007334.19.1.0"
                      }
                    ],
                    "cf": "kar",
                    "gw": "harbor",
                    "sense": "harbor, quay",
                    "norm0": "kar",
                    "pos": "N",
                    "epos": "N",
                    "base": "kar",
                    "morph": "~"
                  }
                },
                {
                  "node": "l",
                  "frag": "silim-ma-ke₄",
                  "id": "Q007334.l00c09",
                  "ref": "Q007334.19.2",
                  "inst": "silim[healthy//well-being]V/i'N",
                  "sig": "@ribo/babylon0%sux:silim-ma-ke₄=silim[healthy//well-being]V/i'N$silim,ak.e/silim+-ma=m.a#~,ak.e",
                  "f": {
                    "lang": "sux",
                    "form": "silim-ma-ke₄",
                    "gdl": [
                      {
                        "v": "silim",
                        "gdl_utf8": "𒁲",
                        "id": "Q007334.19.2.0",
                        "delim": "-"
                      },
                      {
                        "v": "ma",
                        "gdl_utf8": "𒈠",
                        "id": "Q007334.19.2.1",
                        "delim": "-"
                      },
                      {
                        "v": "ke₄",
                        "gdl_utf8": "𒆤",
                        "id": "Q007334.19.2.2"
                      }
                    ],
                    "cf": "silim",
                    "gw": "healthy",
                    "sense": "well-being",
                    "norm0": "silim,ak.e",
                    "pos": "V/i",
                    "epos": "N",
                    "base": "silim",
                    "cont": "-ma=m.a",
                    "morph": "~,ak.e"
                  }
                },
                {
                  "node": "d",
                  "type": "line-start",
                  "ref": "Q007334.20",
                  "n": "20",
                  "label": "20"
                },
                {
                  "node": "l",
                  "frag": "hu-mu-ni-us₂",
                  "id": "Q007334.l00c0a",
                  "ref": "Q007334.20.1",
                  "inst": "us[follow//to lean on, impose]V/t'V/t",
                  "sig": "@ribo/babylon0%sux:hu-mu-ni-us₂=us[follow//to lean on, impose]V/t'V/t$ha.mu.ni:us/us₂#ha.mu.ni:~",
                  "f": {
                    "lang": "sux",
                    "form": "hu-mu-ni-us₂",
                    "gdl": [
                      {
                        "v": "hu",
                        "gdl_utf8": "𒄷",
                        "id": "Q007334.20.1.0",
                        "delim": "-"
                      },
                      {
                        "v": "mu",
                        "gdl_utf8": "𒈬",
                        "id": "Q007334.20.1.1",
                        "delim": "-"
                      },
                      {
                        "v": "ni",
                        "gdl_utf8": "𒉌",
                        "id": "Q007334.20.1.2",
                        "delim": "-"
                      },
                      {
                        "v": "us₂",
                        "gdl_utf8": "𒍑",
                        "id": "Q007334.20.1.3"
                      }
                    ],
                    "cf": "us",
                    "gw": "follow",
                    "sense": "to lean on, impose",
                    "norm0": "ha.mu.ni:us",
                    "pos": "V/t",
                    "epos": "V/t",
                    "base": "us₂",
                    "morph": "ha.mu.ni:~"
                  }
                },
                {
                  "node": "d",
                  "type": "line-start",
                  "ref": "Q007334.21",
                  "n": "21",
                  "label": "21"
                },
                {
                  "node": "l",
                  "frag": "ha-am-mu-ra-pi₂",
                  "id": "Q007334.l00c0b",
                  "ref": "Q007334.21.1",
                  "inst": "Hammu-rapi[king of Babylon]RN",
                  "sig": "@ribo/babylon0%sux:ha-am-mu-ra-pi₂=Hammu-rapi[king of Babylon//king of Babylon]RN'RN$Hammu-rapi/ha-am-mu-ra-pi₂#~",
                  "f": {
                    "lang": "sux",
                    "form": "ha-am-mu-ra-pi₂",
                    "gdl": [
                      {
                        "v": "ha",
                        "gdl_utf8": "𒄩",
                        "id": "Q007334.21.1.0",
                        "delim": "-"
                      },
                      {
                        "v": "am",
                        "gdl_utf8": "𒄠",
                        "id": "Q007334.21.1.1",
                        "delim": "-"
                      },
                      {
                        "v": "mu",
                        "gdl_utf8": "𒈬",
                        "id": "Q007334.21.1.2",
                        "delim": "-"
                      },
                      {
                        "v": "ra",
                        "gdl_utf8": "𒊏",
                        "id": "Q007334.21.1.3",
                        "delim": "-"
                      },
                      {
                        "v": "pi₂",
                        "gdl_utf8": "𒁉",
                        "id": "Q007334.21.1.4"
                      }
                    ],
                    "cf": "Hammu-rapi",
                    "gw": "king of Babylon",
                    "sense": "king of Babylon",
                    "norm0": "Hammu-rapi",
                    "pos": "RN",
                    "epos": "RN",
                    "base": "ha-am-mu-ra-pi₂",
                    "morph": "~"
                  }
                },
                {
                  "node": "d",
                  "type": "line-start",
                  "ref": "Q007334.22",
                  "n": "22",
                  "label": "22"
                },
                {
                  "node": "l",
                  "frag": "kalam",
                  "id": "Q007334.l00c0c",
                  "ref": "Q007334.22.1",
                  "inst": "kalam[the Land (of Sumer)]N",
                  "sig": "@ribo/babylon0%sux:kalam=kalam[land//the Land (of Sumer)]N'N$kalam/kalam#~",
                  "f": {
                    "lang": "sux",
                    "form": "kalam",
                    "delim": "",
                    "gdl": [
                      {
                        "v": "kalam",
                        "gdl_utf8": "𒌦",
                        "id": "Q007334.22.1.0"
                      }
                    ],
                    "cf": "kalam",
                    "gw": "land",
                    "sense": "the Land (of Sumer)",
                    "norm0": "kalam",
                    "pos": "N",
                    "epos": "N",
                    "base": "kalam",
                    "morph": "~"
                  }
                },
                {
                  "node": "l",
                  "frag": "dim₂-dim₂-me",
                  "id": "Q007334.l00c0d",
                  "ref": "Q007334.22.2",
                  "inst": "dim[create//to create, make, manufacture]V/t'V/t",
                  "sig": "@ribo/babylon0%sux:dim₂-dim₂-me=dim[create//to create, make, manufacture]V/t'V/t$dim;e/dim₂-dim₂#~;e",
                  "f": {
                    "lang": "sux",
                    "form": "dim₂-dim₂-me",
                    "gdl": [
                      {
                        "v": "dim₂",
                        "gdl_utf8": "𒁶",
                        "id": "Q007334.22.2.0",
                        "delim": "-"
                      },
                      {
                        "v": "dim₂",
                        "gdl_utf8": "𒁶",
                        "id": "Q007334.22.2.1",
                        "delim": "-"
                      },
                      {
                        "v": "me",
                        "gdl_utf8": "𒈨",
                        "id": "Q007334.22.2.2"
                      }
                    ],
                    "cf": "dim",
                    "gw": "create",
                    "sense": "to create, make, manufacture",
                    "norm0": "dim;e",
                    "pos": "V/t",
                    "epos": "V/t",
                    "base": "dim₂-dim₂",
                    "morph": "~;e"
                  }
                },
                {
                  "node": "d",
                  "type": "line-start",
                  "ref": "Q007334.23",
                  "n": "23",
                  "label": "23"
                },
                {
                  "node": "l",
                  "frag": "lugal",
                  "id": "Q007334.l00c0e",
                  "ref": "Q007334.23.1",
                  "inst": "lugal[king]N",
                  "sig": "@ribo/babylon0%sux:lugal=lugal[king//king]N'N$lugal/lugal#~",
                  "f": {
                    "lang": "sux",
                    "form": "lugal",
                    "delim": "",
                    "gdl": [
                      {
                        "v": "lugal",
                        "gdl_utf8": "𒈗",
                        "id": "Q007334.23.1.0"
                      }
                    ],
                    "cf": "lugal",
                    "gw": "king",
                    "sense": "king",
                    "norm0": "lugal",
                    "pos": "N",
                    "epos": "N",
                    "base": "lugal",
                    "morph": "~"
                  }
                },
                {
                  "node": "l",
                  "frag": "niŋ₂-ak-ak-bi",
                  "id": "Q007334.l00c0f",
                  "ref": "Q007334.23.2",
                  "inst": "niŋak[deed]N",
                  "sig": "@ribo/babylon0%sux:niŋ₂-ak-ak-bi=niŋak[deed//deed]N'N$niŋak,bi/niŋ₂-ak-ak#~,bi",
                  "f": {
                    "lang": "sux",
                    "form": "niŋ₂-ak-ak-bi",
                    "gdl": [
                      {
                        "v": "niŋ₂",
                        "gdl_utf8": "𒃻",
                        "id": "Q007334.23.2.0",
                        "delim": "-"
                      },
                      {
                        "v": "ak",
                        "gdl_utf8": "𒀝",
                        "id": "Q007334.23.2.1",
                        "delim": "-"
                      },
                      {
                        "v": "ak",
                        "gdl_utf8": "𒀝",
                        "id": "Q007334.23.2.2",
                        "delim": "-"
                      },
                      {
                        "v": "bi",
                        "gdl_utf8": "𒁉",
                        "id": "Q007334.23.2.3"
                      }
                    ],
                    "cf": "niŋak",
                    "gw": "deed",
                    "sense": "deed",
                    "norm0": "niŋak,bi",
                    "pos": "N",
                    "epos": "N",
                    "base": "niŋ₂-ak-ak",
                    "morph": "~,bi"
                  }
                },
                {
                  "node": "d",
                  "type": "line-start",
                  "ref": "Q007334.24",
                  "n": "24",
                  "label": "24"
                },
                {
                  "node": "l",
                  "frag": "su",
                  "id": "Q007334.l00c10",
                  "ref": "Q007334.24.1",
                  "inst": "su[flesh]N",
                  "sig": "@ribo/babylon0%sux:su=su[flesh//flesh]N'N$su/su#~",
                  "f": {
                    "lang": "sux",
                    "form": "su",
                    "delim": "",
                    "gdl": [
                      {
                        "v": "su",
                        "gdl_utf8": "𒋢",
                        "id": "Q007334.24.1.0"
                      }
                    ],
                    "cf": "su",
                    "gw": "flesh",
                    "sense": "flesh",
                    "norm0": "su",
                    "pos": "N",
                    "epos": "N",
                    "base": "su",
                    "morph": "~"
                  }
                },
                {
                  "node": "l",
                  "frag": "{d}utu",
                  "id": "Q007334.l00c11",
                  "ref": "Q007334.24.2",
                  "inst": "Utu[1]DN",
                  "sig": "@ribo/babylon0%sux:{d}utu=Utu[1//1]DN'DN$Utu/{d}utu#~",
                  "f": {
                    "lang": "sux",
                    "form": "{d}utu",
                    "gdl": [
                      {
                        "det": "semantic",
                        "pos": "pre",
                        "seq": [
                          {
                            "v": "d",
                            "gdl_utf8": "𒀭",
                            "id": "Q007334.24.2.0"
                          }
                        ]
                      },
                      {
                        "v": "utu",
                        "gdl_utf8": "𒌓",
                        "id": "Q007334.24.2.1"
                      }
                    ],
                    "cf": "Utu",
                    "gw": "1",
                    "sense": "1",
                    "norm0": "Utu",
                    "pos": "DN",
                    "epos": "DN",
                    "base": "{d}utu",
                    "morph": "~"
                  }
                },
                {
                  "node": "d",
                  "type": "line-start",
                  "ref": "Q007334.25",
                  "n": "25",
                  "label": "25"
                },
                {
                  "node": "l",
                  "frag": "{d}amar-utu-ra",
                  "id": "Q007334.l00c12",
                  "ref": "Q007334.25.1",
                  "inst": "Marduk[1]DN",
                  "sig": "@ribo/babylon0%sux:{d}amar-utu-ra=Marduk[1//1]DN'DN$Marduk,ra/{d}amar-utu#~,ra",
                  "f": {
                    "lang": "sux",
                    "form": "{d}amar-utu-ra",
                    "gdl": [
                      {
                        "det": "semantic",
                        "pos": "pre",
                        "seq": [
                          {
                            "v": "d",
                            "gdl_utf8": "𒀭",
                            "id": "Q007334.25.1.0"
                          }
                        ]
                      },
                      {
                        "v": "amar",
                        "gdl_utf8": "𒀫",
                        "id": "Q007334.25.1.1",
                        "delim": "-"
                      },
                      {
                        "v": "utu",
                        "gdl_utf8": "𒌓",
                        "id": "Q007334.25.1.2",
                        "delim": "-"
                      },
                      {
                        "v": "ra",
                        "gdl_utf8": "𒊏",
                        "id": "Q007334.25.1.3"
                      }
                    ],
                    "cf": "Marduk",
                    "gw": "1",
                    "sense": "1",
                    "norm0": "Marduk,ra",
                    "pos": "DN",
                    "epos": "DN",
                    "base": "{d}amar-utu",
                    "morph": "~,ra"
                  }
                },
                {
                  "node": "d",
                  "type": "line-start",
                  "ref": "Q007334.26",
                  "n": "26",
                  "label": "26"
                },
                {
                  "node": "l",
                  "frag": "ba-du₁₀-ga-me-en",
                  "id": "Q007334.l00c13",
                  "ref": "Q007334.26.1",
                  "inst": "dug[good//(to make) good]V/i'V/t",
                  "sig": "@ribo/babylon0%sux:ba-du₁₀-ga-me-en=dug[good//(to make) good]V/i'V/t$ba:dug;a,men/du₁₀-g·a#ba:~;a,men",
                  "f": {
                    "lang": "sux",
                    "form": "ba-du₁₀-ga-me-en",
                    "gdl": [
                      {
                        "v": "ba",
                        "gdl_utf8": "𒁀",
                        "id": "Q007334.26.1.0",
                        "delim": "-"
                      },
                      {
                        "v": "du₁₀",
                        "gdl_utf8": "𒄭",
                        "id": "Q007334.26.1.1",
                        "delim": "-"
                      },
                      {
                        "v": "ga",
                        "gdl_utf8": "𒂵",
                        "id": "Q007334.26.1.2",
                        "delim": "-"
                      },
                      {
                        "v": "me",
                        "gdl_utf8": "𒈨",
                        "id": "Q007334.26.1.3",
                        "delim": "-"
                      },
                      {
                        "v": "en",
                        "gdl_utf8": "𒂗",
                        "id": "Q007334.26.1.4"
                      }
                    ],
                    "cf": "dug",
                    "gw": "good",
                    "sense": "(to make) good",
                    "norm0": "ba:dug;a,men",
                    "pos": "V/i",
                    "epos": "V/t",
                    "base": "du₁₀-g·a",
                    "morph": "ba:~;a,men"
                  }
                },
                {
                  "node": "d",
                  "type": "line-start",
                  "ref": "Q007334.27",
                  "n": "27",
                  "label": "27"
                },
                {
                  "node": "l",
                  "frag": "zibbir{ki}",
                  "id": "Q007334.l00c14",
                  "ref": "Q007334.27.1",
                  "inst": "Sippar[1]SN",
                  "sig": "@ribo/babylon0%sux:zibbir{ki}=Sippar[1//1]SN'SN$Sippar/zibbir{ki}#~",
                  "f": {
                    "lang": "sux",
                    "form": "zibbir{ki}",
                    "gdl": [
                      {
                        "v": "zibbir",
                        "gdl_utf8": "𒌓𒄒𒉣",
                        "id": "Q007334.27.1.0"
                      },
                      {
                        "det": "semantic",
                        "pos": "post",
                        "seq": [
                          {
                            "v": "ki",
                            "gdl_utf8": "𒆠",
                            "id": "Q007334.27.1.1"
                          }
                        ]
                      }
                    ],
                    "cf": "Sippar",
                    "gw": "1",
                    "sense": "1",
                    "norm0": "Sippar",
                    "pos": "SN",
                    "epos": "SN",
                    "base": "zibbir{ki}",
                    "morph": "~"
                  }
                },
                {
                  "node": "d",
                  "type": "line-start",
                  "ref": "Q007334.28",
                  "n": "28",
                  "label": "28"
                },
                {
                  "node": "l",
                  "frag": "babilim₂{ki}bi-da-ke₄",
                  "id": "Q007334.l00c15",
                  "ref": "Q007334.28.1",
                  "inst": "Babili[Babylon]SN",
                  "sig": "@ribo/babylon0%sux:babilim₂{ki}-bi-da-ke₄=Babili[Babylon//Babylon]SN'SN$Babili,bi.da.ak.e/babilim₂#~,bi.da.ak.e",
                  "f": {
                    "lang": "sux",
                    "form": "babilim₂{ki}-bi-da-ke₄",
                    "gdl": [
                      {
                        "v": "babilim₂",
                        "gdl_utf8": "𒆍𒀭𒊏",
                        "id": "Q007334.28.1.0"
                      },
                      {
                        "det": "semantic",
                        "pos": "post",
                        "delim": "-",
                        "seq": [
                          {
                            "v": "ki",
                            "gdl_utf8": "𒆠",
                            "id": "Q007334.28.1.1"
                          }
                        ]
                      },
                      {
                        "v": "bi",
                        "gdl_utf8": "𒁉",
                        "id": "Q007334.28.1.2",
                        "delim": "-"
                      },
                      {
                        "v": "da",
                        "gdl_utf8": "𒁕",
                        "id": "Q007334.28.1.3",
                        "delim": "-"
                      },
                      {
                        "v": "ke₄",
                        "gdl_utf8": "𒆤",
                        "id": "Q007334.28.1.4"
                      }
                    ],
                    "cf": "Babili",
                    "gw": "Babylon",
                    "sense": "Babylon",
                    "norm0": "Babili,bi.da.ak.e",
                    "pos": "SN",
                    "epos": "SN",
                    "base": "babilim₂",
                    "morph": "~,bi.da.ak.e"
                  }
                },
                {
                  "node": "d",
                  "type": "line-start",
                  "ref": "Q007334.29",
                  "n": "29",
                  "label": "29"
                },
                {
                  "node": "l",
                  "frag": "ki-tuš",
                  "id": "Q007334.l00c16",
                  "ref": "Q007334.29.1",
                  "inst": "kituš[dwelling place]N",
                  "sig": "@ribo/babylon0%sux:ki-tuš=kituš[dwelling//dwelling place]N'N$kituš/ki-tuš#~",
                  "f": {
                    "lang": "sux",
                    "form": "ki-tuš",
                    "delim": "",
                    "gdl": [
                      {
                        "v": "ki",
                        "gdl_utf8": "𒆠",
                        "id": "Q007334.29.1.0",
                        "delim": "-"
                      },
                      {
                        "v": "tuš",
                        "gdl_utf8": "𒆪",
                        "id": "Q007334.29.1.1"
                      }
                    ],
                    "cf": "kituš",
                    "gw": "dwelling",
                    "sense": "dwelling place",
                    "norm0": "kituš",
                    "pos": "N",
                    "epos": "N",
                    "base": "ki-tuš",
                    "morph": "~"
                  }
                },
                {
                  "node": "l",
                  "frag": "ne-ha",
                  "id": "Q007334.l00c17",
                  "ref": "Q007334.29.2",
                  "inst": "neha[calm, peace]N",
                  "sig": "@ribo/babylon0%sux:ne-ha=neha[calm//calm, peace]N'N$neha/ne-ha#~",
                  "f": {
                    "lang": "sux",
                    "form": "ne-ha",
                    "gdl": [
                      {
                        "v": "ne",
                        "gdl_utf8": "𒉈",
                        "id": "Q007334.29.2.0",
                        "delim": "-"
                      },
                      {
                        "v": "ha",
                        "gdl_utf8": "𒄩",
                        "id": "Q007334.29.2.1"
                      }
                    ],
                    "cf": "neha",
                    "gw": "calm",
                    "sense": "calm, peace",
                    "norm0": "neha",
                    "pos": "N",
                    "epos": "N",
                    "base": "ne-ha",
                    "morph": "~"
                  }
                },
                {
                  "node": "d",
                  "type": "line-start",
                  "ref": "Q007334.30",
                  "n": "30",
                  "label": "30"
                },
                {
                  "node": "l",
                  "frag": "du-ri₂-še₃",
                  "id": "Q007334.l00c18",
                  "ref": "Q007334.30.1",
                  "inst": "duri[forever]AJ",
                  "sig": "@ribo/babylon0%sux:du-ri₂-še₃=duri[forever//forever]AJ'AJ$duri,eše/du-ri₂#~,eše",
                  "f": {
                    "lang": "sux",
                    "form": "du-ri₂-še₃",
                    "gdl": [
                      {
                        "v": "du",
                        "gdl_utf8": "𒁺",
                        "id": "Q007334.30.1.0",
                        "delim": "-"
                      },
                      {
                        "v": "ri₂",
                        "gdl_utf8": "𒌷",
                        "id": "Q007334.30.1.1",
                        "delim": "-"
                      },
                      {
                        "v": "še₃",
                        "gdl_utf8": "𒂠",
                        "id": "Q007334.30.1.2"
                      }
                    ],
                    "cf": "duri",
                    "gw": "forever",
                    "sense": "forever",
                    "norm0": "duri,eše",
                    "pos": "AJ",
                    "epos": "AJ",
                    "base": "du-ri₂",
                    "morph": "~,eše"
                  }
                },
                {
                  "node": "d",
                  "type": "line-start",
                  "ref": "Q007334.31",
                  "n": "31",
                  "label": "31"
                },
                {
                  "node": "l",
                  "frag": "he₂-em-mi-tuš",
                  "id": "Q007334.l00c19",
                  "ref": "Q007334.31.1",
                  "inst": "tuš[sit//to settle]V/i'V/t",
                  "sig": "@ribo/babylon0%sux:he₂-em-mi-tuš=tuš[sit//to settle]V/i'V/t$ha.Vmma.i:tuš/tuš#ha.Vmma.i:~",
                  "f": {
                    "lang": "sux",
                    "form": "he₂-em-mi-tuš",
                    "gdl": [
                      {
                        "v": "he₂",
                        "gdl_utf8": "𒃶",
                        "id": "Q007334.31.1.0",
                        "delim": "-"
                      },
                      {
                        "v": "em",
                        "gdl_utf8": "𒅎",
                        "id": "Q007334.31.1.1",
                        "delim": "-"
                      },
                      {
                        "v": "mi",
                        "gdl_utf8": "𒈪",
                        "id": "Q007334.31.1.2",
                        "delim": "-"
                      },
                      {
                        "v": "tuš",
                        "gdl_utf8": "𒆪",
                        "id": "Q007334.31.1.3"
                      }
                    ],
                    "cf": "tuš",
                    "gw": "sit",
                    "sense": "to settle",
                    "norm0": "ha.Vmma.i:tuš",
                    "pos": "V/i",
                    "epos": "V/t",
                    "base": "tuš",
                    "morph": "ha.Vmma.i:~"
                  }
                },
                {
                  "node": "d",
                  "type": "line-start",
                  "ref": "Q007334.32",
                  "n": "32",
                  "label": "32"
                },
                {
                  "node": "l",
                  "frag": "ha-am-mu-ra-pi₂",
                  "id": "Q007334.l00c1a",
                  "ref": "Q007334.32.1",
                  "inst": "Hammu-rapi[king of Babylon]RN",
                  "sig": "@ribo/babylon0%sux:ha-am-mu-ra-pi₂=Hammu-rapi[king of Babylon//king of Babylon]RN'RN$Hammu-rapi/ha-am-mu-ra-pi₂#~",
                  "f": {
                    "lang": "sux",
                    "form": "ha-am-mu-ra-pi₂",
                    "gdl": [
                      {
                        "v": "ha",
                        "gdl_utf8": "𒄩",
                        "id": "Q007334.32.1.0",
                        "delim": "-"
                      },
                      {
                        "v": "am",
                        "gdl_utf8": "𒄠",
                        "id": "Q007334.32.1.1",
                        "delim": "-"
                      },
                      {
                        "v": "mu",
                        "gdl_utf8": "𒈬",
                        "id": "Q007334.32.1.2",
                        "delim": "-"
                      },
                      {
                        "v": "ra",
                        "gdl_utf8": "𒊏",
                        "id": "Q007334.32.1.3",
                        "delim": "-"
                      },
                      {
                        "v": "pi₂",
                        "gdl_utf8": "𒁉",
                        "id": "Q007334.32.1.4"
                      }
                    ],
                    "cf": "Hammu-rapi",
                    "gw": "king of Babylon",
                    "sense": "king of Babylon",
                    "norm0": "Hammu-rapi",
                    "pos": "RN",
                    "epos": "RN",
                    "base": "ha-am-mu-ra-pi₂",
                    "morph": "~"
                  }
                },
                {
                  "node": "d",
                  "type": "line-start",
                  "ref": "Q007334.33",
                  "n": "33",
                  "label": "33"
                },
                {
                  "node": "l",
                  "frag": "še-ga",
                  "id": "Q007334.l00c1b",
                  "ref": "Q007334.33.1",
                  "inst": "šeg[favourite]'N",
                  "sig": "@ribo/babylon0%sux:še-ga=šeg[agree//favourite]V/t'N$šeg;a/še-g·a#~;a",
                  "f": {
                    "lang": "sux",
                    "form": "še-ga",
                    "delim": "",
                    "gdl": [
                      {
                        "v": "še",
                        "gdl_utf8": "𒊺",
                        "id": "Q007334.33.1.0",
                        "delim": "-"
                      },
                      {
                        "v": "ga",
                        "gdl_utf8": "𒂵",
                        "id": "Q007334.33.1.1"
                      }
                    ],
                    "cf": "šeg",
                    "gw": "agree",
                    "sense": "favourite",
                    "norm0": "šeg;a",
                    "pos": "V/t",
                    "epos": "N",
                    "base": "še-g·a",
                    "morph": "~;a"
                  }
                },
                {
                  "node": "l",
                  "frag": "{d}utu",
                  "id": "Q007334.l00c1c",
                  "ref": "Q007334.33.2",
                  "inst": "Utu[1]DN",
                  "sig": "@ribo/babylon0%sux:{d}utu=Utu[1//1]DN'DN$Utu/{d}utu#~",
                  "f": {
                    "lang": "sux",
                    "form": "{d}utu",
                    "gdl": [
                      {
                        "det": "semantic",
                        "pos": "pre",
                        "seq": [
                          {
                            "v": "d",
                            "gdl_utf8": "𒀭",
                            "id": "Q007334.33.2.0"
                          }
                        ]
                      },
                      {
                        "v": "utu",
                        "gdl_utf8": "𒌓",
                        "id": "Q007334.33.2.1"
                      }
                    ],
                    "cf": "Utu",
                    "gw": "1",
                    "sense": "1",
                    "norm0": "Utu",
                    "pos": "DN",
                    "epos": "DN",
                    "base": "{d}utu",
                    "morph": "~"
                  }
                },
                {
                  "node": "d",
                  "type": "line-start",
                  "ref": "Q007334.34",
                  "n": "34",
                  "label": "34"
                },
                {
                  "node": "l",
                  "frag": "ki-aŋ₂",
                  "id": "Q007334.l00c1d",
                  "ref": "Q007334.34.1",
                  "inst": "kiʾaŋa[beloved]AJ",
                  "sig": "@ribo/babylon0%sux:ki-aŋ₂=kiʾaŋa[beloved//beloved]AJ'AJ$kiʾaŋa/ki-aŋ₂#~",
                  "f": {
                    "lang": "sux",
                    "form": "ki-aŋ₂",
                    "delim": "",
                    "gdl": [
                      {
                        "v": "ki",
                        "gdl_utf8": "𒆠",
                        "id": "Q007334.34.1.0",
                        "delim": "-"
                      },
                      {
                        "v": "aŋ₂",
                        "gdl_utf8": "𒉘",
                        "id": "Q007334.34.1.1"
                      }
                    ],
                    "cf": "kiʾaŋa",
                    "gw": "beloved",
                    "sense": "beloved",
                    "norm0": "kiʾaŋa",
                    "pos": "AJ",
                    "epos": "AJ",
                    "base": "ki-aŋ₂",
                    "morph": "~"
                  }
                },
                {
                  "node": "l",
                  "frag": "{d}amar-utu-me-en",
                  "id": "Q007334.l00c1e",
                  "ref": "Q007334.34.2",
                  "inst": "Marduk[1]DN",
                  "sig": "@ribo/babylon0%sux:{d}amar-utu-me-en=Marduk[1//1]DN'DN$Marduk,ak.men/{d}amar-utu#~,ak.men",
                  "f": {
                    "lang": "sux",
                    "form": "{d}amar-utu-me-en",
                    "gdl": [
                      {
                        "det": "semantic",
                        "pos": "pre",
                        "seq": [
                          {
                            "v": "d",
                            "gdl_utf8": "𒀭",
                            "id": "Q007334.34.2.0"
                          }
                        ]
                      },
                      {
                        "v": "amar",
                        "gdl_utf8": "𒀫",
                        "id": "Q007334.34.2.1",
                        "delim": "-"
                      },
                      {
                        "v": "utu",
                        "gdl_utf8": "𒌓",
                        "id": "Q007334.34.2.2",
                        "delim": "-"
                      },
                      {
                        "v": "me",
                        "gdl_utf8": "𒈨",
                        "id": "Q007334.34.2.3",
                        "delim": "-"
                      },
                      {
                        "v": "en",
                        "gdl_utf8": "𒂗",
                        "id": "Q007334.34.2.4"
                      }
                    ],
                    "cf": "Marduk",
                    "gw": "1",
                    "sense": "1",
                    "norm0": "Marduk,ak.men",
                    "pos": "DN",
                    "epos": "DN",
                    "base": "{d}amar-utu",
                    "morph": "~,ak.men"
                  }
                },
                {
                  "node": "d",
                  "type": "line-start",
                  "ref": "Q007334.35",
                  "n": "35",
                  "label": "35"
                },
                {
                  "node": "l",
                  "frag": "u₄",
                  "id": "Q007334.l00c1f",
                  "ref": "Q007334.35.1",
                  "inst": "ud[day]N",
                  "sig": "@ribo/babylon0%sux:u₄=ud[sun//day]N'N$ud/u₄#~",
                  "f": {
                    "lang": "sux",
                    "form": "u₄",
                    "delim": "",
                    "gdl": [
                      {
                        "v": "u₄",
                        "gdl_utf8": "𒌓",
                        "id": "Q007334.35.1.0"
                      }
                    ],
                    "cf": "ud",
                    "gw": "sun",
                    "sense": "day",
                    "norm0": "ud",
                    "pos": "N",
                    "epos": "N",
                    "base": "u₄",
                    "morph": "~"
                  }
                },
                {
                  "node": "l",
                  "frag": "ul-li₂-a-ta",
                  "id": "Q007334.l00c20",
                  "ref": "Q007334.35.2",
                  "inst": "ul[(to be) distant (in time)]V/i",
                  "sig": "@ribo/babylon0%sux:ul-li₂-a-ta=ul[distant//(to be) distant (in time)]V/i'V/i$ul;a,ta/ul-li₂#~;a,ta",
                  "f": {
                    "lang": "sux",
                    "form": "ul-li₂-a-ta",
                    "gdl": [
                      {
                        "v": "ul",
                        "gdl_utf8": "𒌌",
                        "id": "Q007334.35.2.0",
                        "delim": "-"
                      },
                      {
                        "v": "li₂",
                        "gdl_utf8": "𒉌",
                        "id": "Q007334.35.2.1",
                        "delim": "-"
                      },
                      {
                        "v": "a",
                        "gdl_utf8": "𒀀",
                        "id": "Q007334.35.2.2",
                        "delim": "-"
                      },
                      {
                        "v": "ta",
                        "gdl_utf8": "𒋫",
                        "id": "Q007334.35.2.3"
                      }
                    ],
                    "cf": "ul",
                    "gw": "distant",
                    "sense": "(to be) distant (in time)",
                    "norm0": "ul;a,ta",
                    "pos": "V/i",
                    "epos": "V/i",
                    "base": "ul-li₂",
                    "morph": "~;a,ta"
                  }
                },
                {
                  "node": "d",
                  "type": "line-start",
                  "ref": "Q007334.36",
                  "n": "36",
                  "label": "36"
                },
                {
                  "node": "l",
                  "frag": "lugal-lugal-e-ne-er",
                  "id": "Q007334.l00c21",
                  "ref": "Q007334.36.1",
                  "inst": "lugal[king]N",
                  "sig": "@ribo/babylon0%sux:lugal-lugal-e-ne-er=lugal[king//king]N'N$lugal,ene.ra/lugal-lugal#~,ene.ra",
                  "f": {
                    "lang": "sux",
                    "form": "lugal-lugal-e-ne-er",
                    "gdl": [
                      {
                        "v": "lugal",
                        "gdl_utf8": "𒈗",
                        "id": "Q007334.36.1.0",
                        "delim": "-"
                      },
                      {
                        "v": "lugal",
                        "gdl_utf8": "𒈗",
                        "id": "Q007334.36.1.1",
                        "delim": "-"
                      },
                      {
                        "v": "e",
                        "gdl_utf8": "𒂊",
                        "id": "Q007334.36.1.2",
                        "delim": "-"
                      },
                      {
                        "v": "ne",
                        "gdl_utf8": "𒉈",
                        "id": "Q007334.36.1.3",
                        "delim": "-"
                      },
                      {
                        "v": "er",
                        "gdl_utf8": "𒅕",
                        "id": "Q007334.36.1.4"
                      }
                    ],
                    "cf": "lugal",
                    "gw": "king",
                    "sense": "king",
                    "norm0": "lugal,ene.ra",
                    "pos": "N",
                    "epos": "N",
                    "base": "lugal-lugal",
                    "morph": "~,ene.ra"
                  }
                },
                {
                  "node": "d",
                  "type": "line-start",
                  "ref": "Q007334.37",
                  "n": "37",
                  "label": "37"
                },
                {
                  "node": "l",
                  "frag": "ba-ra-an-dim₂-ma",
                  "id": "Q007334.l00c22",
                  "ref": "Q007334.37.1",
                  "inst": "dim[to create, make, manufacture]V/t",
                  "sig": "@ribo/babylon0%sux:ba-ra-an-dim₂-ma=dim[create//to create, make, manufacture]V/t'V/t$bara.n:dim;a/dim₂+-ma=m.a#bara.n:~;a",
                  "f": {
                    "lang": "sux",
                    "form": "ba-ra-an-dim₂-ma",
                    "gdl": [
                      {
                        "v": "ba",
                        "gdl_utf8": "𒁀",
                        "id": "Q007334.37.1.0",
                        "delim": "-"
                      },
                      {
                        "v": "ra",
                        "gdl_utf8": "𒊏",
                        "id": "Q007334.37.1.1",
                        "delim": "-"
                      },
                      {
                        "v": "an",
                        "gdl_utf8": "𒀭",
                        "id": "Q007334.37.1.2",
                        "delim": "-"
                      },
                      {
                        "v": "dim₂",
                        "gdl_utf8": "𒁶",
                        "id": "Q007334.37.1.3",
                        "delim": "-"
                      },
                      {
                        "v": "ma",
                        "gdl_utf8": "𒈠",
                        "id": "Q007334.37.1.4"
                      }
                    ],
                    "cf": "dim",
                    "gw": "create",
                    "sense": "to create, make, manufacture",
                    "norm0": "bara.n:dim;a",
                    "pos": "V/t",
                    "epos": "V/t",
                    "base": "dim₂",
                    "cont": "-ma=m.a",
                    "morph": "bara.n:~;a"
                  }
                },
                {
                  "node": "d",
                  "type": "line-start",
                  "ref": "Q007334.38",
                  "n": "38",
                  "label": "38"
                },
                {
                  "node": "l",
                  "frag": "{d}utu",
                  "id": "Q007334.l00c23",
                  "ref": "Q007334.38.1",
                  "inst": "Utu[1]DN",
                  "sig": "@ribo/babylon0%sux:{d}utu=Utu[1//1]DN'DN$Utu/{d}utu#~",
                  "f": {
                    "lang": "sux",
                    "form": "{d}utu",
                    "delim": "",
                    "gdl": [
                      {
                        "det": "semantic",
                        "pos": "pre",
                        "seq": [
                          {
                            "v": "d",
                            "gdl_utf8": "𒀭",
                            "id": "Q007334.38.1.0"
                          }
                        ]
                      },
                      {
                        "v": "utu",
                        "gdl_utf8": "𒌓",
                        "id": "Q007334.38.1.1"
                      }
                    ],
                    "cf": "Utu",
                    "gw": "1",
                    "sense": "1",
                    "norm0": "Utu",
                    "pos": "DN",
                    "epos": "DN",
                    "base": "{d}utu",
                    "morph": "~"
                  }
                },
                {
                  "node": "l",
                  "frag": "lugal-ŋa₂",
                  "id": "Q007334.l00c24",
                  "ref": "Q007334.38.2",
                  "inst": "lugal[king]N",
                  "sig": "@ribo/babylon0%sux:lugal-ŋa₂=lugal[king//king]N'N$lugal,ŋu.ak/lugal#~,ŋu.ak",
                  "f": {
                    "lang": "sux",
                    "form": "lugal-ŋa₂",
                    "gdl": [
                      {
                        "v": "lugal",
                        "gdl_utf8": "𒈗",
                        "id": "Q007334.38.2.0",
                        "delim": "-"
                      },
                      {
                        "v": "ŋa₂",
                        "gdl_utf8": "𒂷",
                        "id": "Q007334.38.2.1"
                      }
                    ],
                    "cf": "lugal",
                    "gw": "king",
                    "sense": "king",
                    "norm0": "lugal,ŋu.ak",
                    "pos": "N",
                    "epos": "N",
                    "base": "lugal",
                    "morph": "~,ŋu.ak"
                  }
                },
                {
                  "node": "d",
                  "type": "line-start",
                  "ref": "Q007334.39",
                  "n": "39",
                  "label": "39"
                },
                {
                  "node": "l",
                  "frag": "gal-bi",
                  "id": "Q007334.l00c25",
                  "ref": "Q007334.39.1",
                  "inst": "gal[(to be) big, great]V/i",
                  "sig": "@ribo/babylon0%sux:gal-bi=gal[big//(to be) big, great]V/i'V/i$gal;*a,bi/gal#~;*a,bi",
                  "f": {
                    "lang": "sux",
                    "form": "gal-bi",
                    "delim": "",
                    "gdl": [
                      {
                        "v": "gal",
                        "gdl_utf8": "𒃲",
                        "id": "Q007334.39.1.0",
                        "delim": "-"
                      },
                      {
                        "v": "bi",
                        "gdl_utf8": "𒁉",
                        "id": "Q007334.39.1.1"
                      }
                    ],
                    "cf": "gal",
                    "gw": "big",
                    "sense": "(to be) big, great",
                    "norm0": "gal;*a,bi",
                    "pos": "V/i",
                    "epos": "V/i",
                    "base": "gal",
                    "morph": "~;*a,bi"
                  }
                },
                {
                  "node": "l",
                  "frag": "hu-mu-na-du₃",
                  "id": "Q007334.l00c26",
                  "ref": "Q007334.39.2",
                  "inst": "du[to build, make]V/t",
                  "sig": "@ribo/babylon0%sux:hu-mu-na-du₃=du[build//to build, make]V/t'V/t$ha.mu.na.n:du/du₃#ha.mu.na.n:~",
                  "f": {
                    "lang": "sux",
                    "form": "hu-mu-na-du₃",
                    "gdl": [
                      {
                        "v": "hu",
                        "gdl_utf8": "𒄷",
                        "id": "Q007334.39.2.0",
                        "delim": "-"
                      },
                      {
                        "v": "mu",
                        "gdl_utf8": "𒈬",
                        "id": "Q007334.39.2.1",
                        "delim": "-"
                      },
                      {
                        "v": "na",
                        "gdl_utf8": "𒈾",
                        "id": "Q007334.39.2.2",
                        "delim": "-"
                      },
                      {
                        "v": "du₃",
                        "gdl_utf8": "𒆕",
                        "id": "Q007334.39.2.3"
                      }
                    ],
                    "cf": "du",
                    "gw": "build",
                    "sense": "to build, make",
                    "norm0": "ha.mu.na.n:du",
                    "pos": "V/t",
                    "epos": "V/t",
                    "base": "du₃",
                    "morph": "ha.mu.na.n:~"
                  }
                }
              ]
            }
          ]
        }
      ]
    },
    {
      "linkbase": [
        {
          "type": "linkset",
          "xlink_title": "saŋ il[raise//to raise the head]V/t'V/t",
          "id": "Q007334.ls00000",
          "xlink_type": "extended",
          "xlink_role": "psu",
          "sig": "{saŋ il₂-la = saŋ[head]N il[raise]V/t += saŋ il[raise//to raise the head]V/t'V/t}::@ribo/babylon0%sux:saŋ=saŋ[head//head]N'N$saŋ/saŋ#~++@ribo/babylon0%sux:il₂-la=il[raise//to raise, carry]V/t'V/t$il;a/il₂+-la=l.a#~;a",
          "links": [
            {
              "type": "link",
              "xlink_title": "saŋ",
              "xlink_type": "locator",
              "xlink_href": "#Q007334.l00c01",
              "xlink_role": "elt"
            },
            {
              "type": "link",
              "xlink_title": "il",
              "xlink_type": "locator",
              "xlink_href": "#Q007334.l00c02",
              "xlink_role": "elt"
            }
          ]
        }
      ]
    }
  ]
}
