{
  "type": "cdl",
  "project": "ribo/babylon0",
  "source": "http://oracc.org/ribo/babylon0",
  "license": "This data is released under the CC0 license",
  "license-url": "https://creativecommons.org/publicdomain/zero/1.0/",
  "more-info": "http://oracc.org/doc/opendata/",
  "UTC-timestamp": "2019-01-12T08:23:13",
  "textid": "Q007376",
  "cdl": [
    {
      "node": "c",
      "type": "text",
      "id": "Q007376.U0",
      "cdl": [
        {
          "node": "d",
          "type": "object",
          "ref": ""
        },
        {
          "node": "d",
          "type": "surface",
          "ref": ""
        },
        {
          "node": "c",
          "type": "discourse",
          "subtype": "body",
          "id": "Q007376.U1",
          "cdl": [
            {
              "node": "c",
              "type": "sentence",
              "implicit": "yes",
              "id": "Q007376.U2",
              "label": "1 - 5",
              "cdl": [
                {
                  "node": "d",
                  "type": "line-start",
                  "ref": "Q007376.1",
                  "n": "1",
                  "label": "1"
                },
                {
                  "node": "l",
                  "frag": "⸢mu⸣",
                  "id": "Q007376.l02d2c",
                  "ref": "Q007376.1.1",
                  "inst": "mu[year]N",
                  "sig": "@ribo/babylon0%sux:mu=mu[year//year]N'N$mu/mu#~",
                  "f": {
                    "lang": "sux",
                    "form": "mu",
                    "delim": "",
                    "gdl": [
                      {
                        "v": "mu",
                        "gdl_utf8": "𒈬",
                        "id": "Q007376.1.1.0",
                        "break": "damaged",
                        "ho": "1",
                        "hc": "1"
                      }
                    ],
                    "cf": "mu",
                    "gw": "year",
                    "sense": "year",
                    "norm0": "mu",
                    "pos": "N",
                    "epos": "N",
                    "base": "mu",
                    "morph": "~"
                  }
                },
                {
                  "node": "l",
                  "frag": "ha-am-mu-ra-pi₂",
                  "id": "Q007376.l02d2d",
                  "ref": "Q007376.1.2",
                  "inst": "Hammu-rapi[king of Babylon]RN",
                  "sig": "@ribo/babylon0%sux:ha-am-mu-ra-pi₂=Hammu-rapi[king of Babylon//king of Babylon]RN'RN$Hammu-rapi/ha-am-mu-ra-pi₂#~",
                  "f": {
                    "lang": "sux",
                    "form": "ha-am-mu-ra-pi₂",
                    "delim": "",
                    "gdl": [
                      {
                        "v": "ha",
                        "gdl_utf8": "𒄩",
                        "id": "Q007376.1.2.0",
                        "delim": "-"
                      },
                      {
                        "v": "am",
                        "gdl_utf8": "𒄠",
                        "id": "Q007376.1.2.1",
                        "delim": "-"
                      },
                      {
                        "v": "mu",
                        "gdl_utf8": "𒈬",
                        "id": "Q007376.1.2.2",
                        "delim": "-"
                      },
                      {
                        "v": "ra",
                        "gdl_utf8": "𒊏",
                        "id": "Q007376.1.2.3",
                        "delim": "-"
                      },
                      {
                        "v": "pi₂",
                        "gdl_utf8": "𒁉",
                        "id": "Q007376.1.2.4"
                      }
                    ],
                    "cf": "Hammu-rapi",
                    "gw": "king of Babylon",
                    "sense": "king of Babylon",
                    "norm0": "Hammu-rapi",
                    "pos": "RN",
                    "epos": "RN",
                    "base": "ha-am-mu-ra-pi₂",
                    "morph": "~"
                  }
                },
                {
                  "node": "l",
                  "frag": "lugal",
                  "id": "Q007376.l02d2e",
                  "ref": "Q007376.1.3",
                  "inst": "lugal[king]N",
                  "sig": "@ribo/babylon0%sux:lugal=lugal[king//king]N'N$lugal/lugal#~",
                  "f": {
                    "lang": "sux",
                    "form": "lugal",
                    "gdl": [
                      {
                        "v": "lugal",
                        "gdl_utf8": "𒈗",
                        "id": "Q007376.1.3.0"
                      }
                    ],
                    "cf": "lugal",
                    "gw": "king",
                    "sense": "king",
                    "norm0": "lugal",
                    "pos": "N",
                    "epos": "N",
                    "base": "lugal",
                    "morph": "~"
                  }
                },
                {
                  "node": "d",
                  "type": "line-start",
                  "ref": "Q007376.2",
                  "n": "2",
                  "label": "2"
                },
                {
                  "node": "l",
                  "frag": "du₁₁-ga",
                  "id": "Q007376.l02d2f",
                  "ref": "Q007376.2.1",
                  "inst": "duga[command]N",
                  "sig": "@ribo/babylon0%sux:du₁₁-ga=duga[command//command]N'N$duga/du₁₁-ga#~",
                  "f": {
                    "lang": "sux",
                    "form": "du₁₁-ga",
                    "delim": "",
                    "gdl": [
                      {
                        "v": "du₁₁",
                        "gdl_utf8": "𒅗",
                        "id": "Q007376.2.1.0",
                        "delim": "-"
                      },
                      {
                        "v": "ga",
                        "gdl_utf8": "𒂵",
                        "id": "Q007376.2.1.1"
                      }
                    ],
                    "cf": "duga",
                    "gw": "command",
                    "sense": "command",
                    "norm0": "duga",
                    "pos": "N",
                    "epos": "N",
                    "base": "du₁₁-ga",
                    "morph": "~"
                  }
                },
                {
                  "node": "l",
                  "frag": "an",
                  "id": "Q007376.l02d30",
                  "ref": "Q007376.2.2",
                  "inst": "An[1]DN",
                  "sig": "@ribo/babylon0%sux:an=An[1//1]DN'DN$An/an#~",
                  "f": {
                    "lang": "sux",
                    "form": "an",
                    "delim": "",
                    "gdl": [
                      {
                        "v": "an",
                        "gdl_utf8": "𒀭",
                        "id": "Q007376.2.2.0"
                      }
                    ],
                    "cf": "An",
                    "gw": "1",
                    "sense": "1",
                    "norm0": "An",
                    "pos": "DN",
                    "epos": "DN",
                    "base": "an",
                    "morph": "~"
                  }
                },
                {
                  "node": "l",
                  "frag": "{d}en-lil₂-bi-ta",
                  "id": "Q007376.l02d31",
                  "ref": "Q007376.2.3",
                  "inst": "Enlil[1]DN",
                  "sig": "@ribo/babylon0%sux:{d}en-lil₂-bi-ta=Enlil[1//1]DN'DN$Enlil,bi.ta/{d}en-lil₂#~,bi.ta",
                  "f": {
                    "lang": "sux",
                    "form": "{d}en-lil₂-bi-ta",
                    "gdl": [
                      {
                        "det": "semantic",
                        "pos": "pre",
                        "seq": [
                          {
                            "v": "d",
                            "gdl_utf8": "𒀭",
                            "id": "Q007376.2.3.0"
                          }
                        ]
                      },
                      {
                        "v": "en",
                        "gdl_utf8": "𒂗",
                        "id": "Q007376.2.3.1",
                        "delim": "-"
                      },
                      {
                        "v": "lil₂",
                        "gdl_utf8": "𒆤",
                        "id": "Q007376.2.3.2",
                        "delim": "-"
                      },
                      {
                        "v": "bi",
                        "gdl_utf8": "𒁉",
                        "id": "Q007376.2.3.3",
                        "delim": "-"
                      },
                      {
                        "v": "ta",
                        "gdl_utf8": "𒋫",
                        "id": "Q007376.2.3.4"
                      }
                    ],
                    "cf": "Enlil",
                    "gw": "1",
                    "sense": "1",
                    "norm0": "Enlil,bi.ta",
                    "pos": "DN",
                    "epos": "DN",
                    "base": "{d}en-lil₂",
                    "morph": "~,bi.ta"
                  }
                },
                {
                  "node": "d",
                  "type": "line-start",
                  "ref": "Q007376.3",
                  "n": "3",
                  "label": "3"
                },
                {
                  "node": "l",
                  "frag": "nam-ku₃-zu",
                  "id": "Q007376.l02d32",
                  "ref": "Q007376.3.1",
                  "inst": "namkugzu[wisdom]N",
                  "sig": "@ribo/babylon0%sux:nam-ku₃-zu=namkugzu[wisdom//wisdom]N'N$namkugzu/nam-ku₃-zu#~",
                  "f": {
                    "lang": "sux",
                    "form": "nam-ku₃-zu",
                    "delim": "",
                    "gdl": [
                      {
                        "v": "nam",
                        "gdl_utf8": "𒉆",
                        "id": "Q007376.3.1.0",
                        "delim": "-"
                      },
                      {
                        "v": "ku₃",
                        "gdl_utf8": "𒆬",
                        "id": "Q007376.3.1.1",
                        "delim": "-"
                      },
                      {
                        "v": "zu",
                        "gdl_utf8": "𒍪",
                        "id": "Q007376.3.1.2"
                      }
                    ],
                    "cf": "namkugzu",
                    "gw": "wisdom",
                    "sense": "wisdom",
                    "norm0": "namkugzu",
                    "pos": "N",
                    "epos": "N",
                    "base": "nam-ku₃-zu",
                    "morph": "~"
                  }
                },
                {
                  "node": "l",
                  "frag": "{d}amar-utu-ke₄",
                  "id": "Q007376.l02d33",
                  "ref": "Q007376.3.2",
                  "inst": "Marduk[1]DN",
                  "sig": "@ribo/babylon0%sux:{d}amar-utu-ke₄=Marduk[1//1]DN'DN$Marduk,ak.e/{d}amar-utu#~,ak.e",
                  "f": {
                    "lang": "sux",
                    "form": "{d}amar-utu-ke₄",
                    "delim": "",
                    "gdl": [
                      {
                        "det": "semantic",
                        "pos": "pre",
                        "seq": [
                          {
                            "v": "d",
                            "gdl_utf8": "𒀭",
                            "id": "Q007376.3.2.0"
                          }
                        ]
                      },
                      {
                        "v": "amar",
                        "gdl_utf8": "𒀫",
                        "id": "Q007376.3.2.1",
                        "delim": "-"
                      },
                      {
                        "v": "utu",
                        "gdl_utf8": "𒌓",
                        "id": "Q007376.3.2.2",
                        "delim": "-"
                      },
                      {
                        "v": "ke₄",
                        "gdl_utf8": "𒆤",
                        "id": "Q007376.3.2.3"
                      }
                    ],
                    "cf": "Marduk",
                    "gw": "1",
                    "sense": "1",
                    "norm0": "Marduk,ak.e",
                    "pos": "DN",
                    "epos": "DN",
                    "base": "{d}amar-utu",
                    "morph": "~,ak.e"
                  }
                },
                {
                  "node": "l",
                  "frag": "mu-un-na-an-šum₂-a",
                  "id": "Q007376.l02d34",
                  "ref": "Q007376.3.3",
                  "inst": "šum[give//to give]V/t'V/t",
                  "sig": "@ribo/babylon0%sux:mu-un-na-an-šum₂-a=šum[give//to give]V/t'V/t$mu.na.n:šum;a/šum₂#mu.na.n:~;a",
                  "f": {
                    "lang": "sux",
                    "form": "mu-un-na-an-šum₂-a",
                    "gdl": [
                      {
                        "v": "mu",
                        "gdl_utf8": "𒈬",
                        "id": "Q007376.3.3.0",
                        "delim": "-"
                      },
                      {
                        "v": "un",
                        "gdl_utf8": "𒌦",
                        "id": "Q007376.3.3.1",
                        "delim": "-"
                      },
                      {
                        "v": "na",
                        "gdl_utf8": "𒈾",
                        "id": "Q007376.3.3.2",
                        "delim": "-"
                      },
                      {
                        "v": "an",
                        "gdl_utf8": "𒀭",
                        "id": "Q007376.3.3.3",
                        "delim": "-"
                      },
                      {
                        "v": "šum₂",
                        "gdl_utf8": "𒋧",
                        "id": "Q007376.3.3.4",
                        "delim": "-"
                      },
                      {
                        "v": "a",
                        "gdl_utf8": "𒀀",
                        "id": "Q007376.3.3.5"
                      }
                    ],
                    "cf": "šum",
                    "gw": "give",
                    "sense": "to give",
                    "norm0": "mu.na.n:šum;a",
                    "pos": "V/t",
                    "epos": "V/t",
                    "base": "šum₂",
                    "morph": "mu.na.n:~;a"
                  }
                },
                {
                  "node": "d",
                  "type": "line-start",
                  "ref": "Q007376.4",
                  "n": "4",
                  "label": "4"
                },
                {
                  "node": "l",
                  "frag": "eš₃-nun-na{ki}",
                  "id": "Q007376.l02d35",
                  "ref": "Q007376.4.1",
                  "inst": "Ešnunna[1]SN",
                  "sig": "@ribo/babylon0%sux:eš₃-nun-na{ki}=Ešnunna[1//1]SN'SN$Ešnunna/eš₃-nun-na{ki}#~",
                  "f": {
                    "lang": "sux",
                    "form": "eš₃-nun-na{ki}",
                    "delim": "",
                    "gdl": [
                      {
                        "v": "eš₃",
                        "gdl_utf8": "𒀊",
                        "id": "Q007376.4.1.0",
                        "delim": "-"
                      },
                      {
                        "v": "nun",
                        "gdl_utf8": "𒉣",
                        "id": "Q007376.4.1.1",
                        "delim": "-"
                      },
                      {
                        "v": "na",
                        "gdl_utf8": "𒈾",
                        "id": "Q007376.4.1.2"
                      },
                      {
                        "det": "semantic",
                        "pos": "post",
                        "seq": [
                          {
                            "v": "ki",
                            "gdl_utf8": "𒆠",
                            "id": "Q007376.4.1.3"
                          }
                        ]
                      }
                    ],
                    "cf": "Ešnunna",
                    "gw": "1",
                    "sense": "1",
                    "norm0": "Ešnunna",
                    "pos": "SN",
                    "epos": "SN",
                    "base": "eš₃-nun-na{ki}",
                    "morph": "~"
                  }
                },
                {
                  "node": "l",
                  "frag": "a",
                  "id": "Q007376.l02d36",
                  "ref": "Q007376.4.2",
                  "inst": "a[water]N",
                  "sig": "@ribo/babylon0%sux:a=a[water//water]N'N$a/a#~",
                  "f": {
                    "lang": "sux",
                    "form": "a",
                    "delim": "",
                    "gdl": [
                      {
                        "v": "a",
                        "gdl_utf8": "𒀀",
                        "id": "Q007376.4.2.0"
                      }
                    ],
                    "cf": "a",
                    "gw": "water",
                    "sense": "water",
                    "norm0": "a",
                    "pos": "N",
                    "epos": "N",
                    "base": "a",
                    "morph": "~"
                  }
                },
                {
                  "node": "l",
                  "frag": "gal-gal-la",
                  "id": "Q007376.l02d37",
                  "ref": "Q007376.4.3",
                  "inst": "gal[(to be) big, great]V/i",
                  "sig": "@ribo/babylon0%sux:gal-gal-la=gal[big//(to be) big, great]V/i'V/i$gal,ak/gal-gal+-la=l.a#~,ak",
                  "f": {
                    "lang": "sux",
                    "form": "gal-gal-la",
                    "delim": "",
                    "gdl": [
                      {
                        "v": "gal",
                        "gdl_utf8": "𒃲",
                        "id": "Q007376.4.3.0",
                        "delim": "-"
                      },
                      {
                        "v": "gal",
                        "gdl_utf8": "𒃲",
                        "id": "Q007376.4.3.1",
                        "delim": "-"
                      },
                      {
                        "v": "la",
                        "gdl_utf8": "𒆷",
                        "id": "Q007376.4.3.2"
                      }
                    ],
                    "cf": "gal",
                    "gw": "big",
                    "sense": "(to be) big, great",
                    "norm0": "gal,ak",
                    "pos": "V/i",
                    "epos": "V/i",
                    "base": "gal-gal",
                    "cont": "-la=l.a",
                    "morph": "~,ak"
                  }
                },
                {
                  "node": "l",
                  "frag": "mu-un-gul-⸢la⸣",
                  "id": "Q007376.l02d38",
                  "ref": "Q007376.4.4",
                  "inst": "gul[to destroy]V/t",
                  "sig": "@ribo/babylon0%sux:mu-un-gul-la=gul[destroy//to destroy]V/t'V/t$mu.n:gul;a/gul+-la=l.a#mu.n:~;a",
                  "f": {
                    "lang": "sux",
                    "form": "mu-un-gul-la",
                    "delim": "",
                    "gdl": [
                      {
                        "v": "mu",
                        "gdl_utf8": "𒈬",
                        "id": "Q007376.4.4.0",
                        "delim": "-"
                      },
                      {
                        "v": "un",
                        "gdl_utf8": "𒌦",
                        "id": "Q007376.4.4.1",
                        "delim": "-"
                      },
                      {
                        "v": "gul",
                        "gdl_utf8": "𒄢",
                        "id": "Q007376.4.4.2",
                        "delim": "-"
                      },
                      {
                        "v": "la",
                        "gdl_utf8": "𒆷",
                        "id": "Q007376.4.4.3",
                        "break": "damaged",
                        "ho": "1",
                        "hc": "1"
                      }
                    ],
                    "cf": "gul",
                    "gw": "destroy",
                    "sense": "to destroy",
                    "norm0": "mu.n:gul;a",
                    "pos": "V/t",
                    "epos": "V/t",
                    "base": "gul",
                    "cont": "-la=l.a",
                    "morph": "mu.n:~;a"
                  }
                },
                {
                  "node": "l",
                  "frag": "(mu-un-gul-gul)",
                  "id": "Q007376.l02d39",
                  "ref": "Q007376.4.5",
                  "inst": "gul[to destroy]V/t",
                  "sig": "@ribo/babylon0%sux:mu-un-gul-gul=gul[destroy//to destroy]V/t'V/t$mu.n:gul/gul-gul#mu.n:~",
                  "f": {
                    "lang": "sux",
                    "form": "mu-un-gul-gul",
                    "gdl": [
                      {
                        "v": "mu",
                        "gdl_utf8": "𒈬",
                        "id": "Q007376.4.5.0",
                        "statusStart": "1",
                        "o": "(",
                        "delim": "-"
                      },
                      {
                        "v": "un",
                        "gdl_utf8": "𒌦",
                        "id": "Q007376.4.5.1",
                        "delim": "-"
                      },
                      {
                        "v": "gul",
                        "gdl_utf8": "𒄢",
                        "id": "Q007376.4.5.2",
                        "delim": "-"
                      },
                      {
                        "v": "gul",
                        "gdl_utf8": "𒄢",
                        "id": "Q007376.4.5.3",
                        "o": ")",
                        "statusStart": "Q007376.4.5.0"
                      }
                    ],
                    "cf": "gul",
                    "gw": "destroy",
                    "sense": "to destroy",
                    "norm0": "mu.n:gul",
                    "pos": "V/t",
                    "epos": "V/t",
                    "base": "gul-gul",
                    "morph": "mu.n:~"
                  }
                },
                {
                  "node": "d",
                  "type": "line-start",
                  "ref": "Q007376.5",
                  "n": "5",
                  "label": "5"
                },
                {
                  "node": "l",
                  "frag": "⸢zibbir⸣{ki}",
                  "id": "Q007376.l02d3a",
                  "ref": "Q007376.5.1",
                  "inst": "Sippar[1]SN",
                  "sig": "@ribo/babylon0%sux:zibbir{ki}=Sippar[1//1]SN'SN$Sippar/zibbir{ki}#~",
                  "f": {
                    "lang": "sux",
                    "form": "zibbir{ki}",
                    "delim": "",
                    "gdl": [
                      {
                        "v": "zibbir",
                        "gdl_utf8": "𒌓𒄒𒉣",
                        "id": "Q007376.5.1.0",
                        "break": "damaged",
                        "queried": "1",
                        "ho": "1",
                        "hc": "1"
                      },
                      {
                        "det": "semantic",
                        "pos": "post",
                        "seq": [
                          {
                            "v": "ki",
                            "gdl_utf8": "𒆠",
                            "id": "Q007376.5.1.1"
                          }
                        ]
                      }
                    ],
                    "cf": "Sippar",
                    "gw": "1",
                    "sense": "1",
                    "norm0": "Sippar",
                    "pos": "SN",
                    "epos": "SN",
                    "base": "zibbir{ki}",
                    "morph": "~"
                  }
                },
                {
                  "node": "l",
                  "frag": "ib₂-ta-zi-[ga]",
                  "id": "Q007376.l02d3b",
                  "ref": "Q007376.5.2",
                  "inst": "zig[rise//to levy, raise, muster]V/i'V/t",
                  "sig": "@ribo/babylon0%sux:ib₂-ta-zi-ga=zig[rise//to levy, raise, muster]V/i'V/t$V.b.ta:zig;a/zi-g·a#V.b.ta:~;a",
                  "f": {
                    "lang": "sux",
                    "form": "ib₂-ta-zi-ga",
                    "gdl": [
                      {
                        "v": "ib₂",
                        "gdl_utf8": "𒌈",
                        "id": "Q007376.5.2.0",
                        "delim": "-"
                      },
                      {
                        "v": "ta",
                        "gdl_utf8": "𒋫",
                        "id": "Q007376.5.2.1",
                        "delim": "-"
                      },
                      {
                        "v": "zi",
                        "gdl_utf8": "𒍣",
                        "id": "Q007376.5.2.2",
                        "delim": "-"
                      },
                      {
                        "v": "ga",
                        "gdl_utf8": "𒂵",
                        "id": "Q007376.5.2.3",
                        "breakStart": "1",
                        "o": "]",
                        "break": "missing",
                        "breakEnd": "Q007376.5.2.3"
                      }
                    ],
                    "cf": "zig",
                    "gw": "rise",
                    "sense": "to levy, raise, muster",
                    "norm0": "V.b.ta:zig;a",
                    "pos": "V/i",
                    "epos": "V/t",
                    "base": "zi-g·a",
                    "morph": "V.b.ta:~;a"
                  }
                }
              ]
            }
          ]
        }
      ]
    }
  ]
}
