{
  "type": "cdl",
  "project": "ribo/babylon0",
  "source": "http://oracc.org/ribo/babylon0",
  "license": "This data is released under the CC0 license",
  "license-url": "https://creativecommons.org/publicdomain/zero/1.0/",
  "more-info": "http://oracc.org/doc/opendata/",
  "UTC-timestamp": "2019-01-12T08:23:20",
  "textid": "Q007651",
  "cdl": [
    {
      "node": "c",
      "type": "text",
      "id": "Q007651.U0",
      "cdl": [
        {
          "node": "d",
          "type": "object",
          "ref": ""
        },
        {
          "node": "d",
          "type": "surface",
          "ref": ""
        },
        {
          "node": "c",
          "type": "discourse",
          "subtype": "body",
          "id": "Q007651.U1",
          "cdl": [
            {
              "node": "c",
              "type": "sentence",
              "implicit": "yes",
              "id": "Q007651.U2",
              "label": "1",
              "cdl": [
                {
                  "node": "d",
                  "type": "line-start",
                  "ref": "Q007651.1",
                  "n": "1",
                  "label": "1"
                },
                {
                  "node": "l",
                  "frag": "mu",
                  "id": "Q007651.l0022e",
                  "ref": "Q007651.1.1",
                  "inst": "mu[year]N",
                  "sig": "@ribo/babylon0%sux:mu=mu[year//year]N'N$mu/mu#~",
                  "f": {
                    "lang": "sux",
                    "form": "mu",
                    "delim": "",
                    "gdl": [
                      {
                        "v": "mu",
                        "gdl_utf8": "𒈬",
                        "id": "Q007651.1.1.0"
                      }
                    ],
                    "cf": "mu",
                    "gw": "year",
                    "sense": "year",
                    "norm0": "mu",
                    "pos": "N",
                    "epos": "N",
                    "base": "mu",
                    "morph": "~"
                  }
                },
                {
                  "node": "l",
                  "frag": "am-mi-di-ta-na",
                  "id": "Q007651.l0022f",
                  "ref": "Q007651.1.2",
                  "inst": "Ammi-ditana[king of Babylon]RN",
                  "sig": "@ribo/babylon0%sux:am-mi-di-ta-na=Ammi-ditana[king of Babylon//king of Babylon]RN'RN$Ammi-ditana/am-mi-di-ta-na#~",
                  "f": {
                    "lang": "sux",
                    "form": "am-mi-di-ta-na",
                    "delim": "",
                    "gdl": [
                      {
                        "v": "am",
                        "gdl_utf8": "𒄠",
                        "id": "Q007651.1.2.0",
                        "delim": "-"
                      },
                      {
                        "v": "mi",
                        "gdl_utf8": "𒈪",
                        "id": "Q007651.1.2.1",
                        "delim": "-"
                      },
                      {
                        "v": "di",
                        "gdl_utf8": "𒁲",
                        "id": "Q007651.1.2.2",
                        "delim": "-"
                      },
                      {
                        "v": "ta",
                        "gdl_utf8": "𒋫",
                        "id": "Q007651.1.2.3",
                        "delim": "-"
                      },
                      {
                        "v": "na",
                        "gdl_utf8": "𒈾",
                        "id": "Q007651.1.2.4"
                      }
                    ],
                    "cf": "Ammi-ditana",
                    "gw": "king of Babylon",
                    "sense": "king of Babylon",
                    "norm0": "Ammi-ditana",
                    "pos": "RN",
                    "epos": "RN",
                    "base": "am-mi-di-ta-na",
                    "morph": "~"
                  }
                },
                {
                  "node": "l",
                  "frag": "lugal-e",
                  "id": "Q007651.l00230",
                  "ref": "Q007651.1.3",
                  "inst": "lugal[king]N",
                  "sig": "@ribo/babylon0%sux:lugal-e=lugal[king//king]N'N$lugal,e/lugal#~,e",
                  "f": {
                    "lang": "sux",
                    "form": "lugal-e",
                    "delim": "",
                    "gdl": [
                      {
                        "v": "lugal",
                        "gdl_utf8": "𒈗",
                        "id": "Q007651.1.3.0",
                        "delim": "-"
                      },
                      {
                        "v": "e",
                        "gdl_utf8": "𒂊",
                        "id": "Q007651.1.3.1"
                      }
                    ],
                    "cf": "lugal",
                    "gw": "king",
                    "sense": "king",
                    "norm0": "lugal,e",
                    "pos": "N",
                    "epos": "N",
                    "base": "lugal",
                    "morph": "~,e"
                  }
                },
                {
                  "node": "l",
                  "frag": "(...)",
                  "id": "Q007651.l00231",
                  "ref": "Q007651.1.4",
                  "inst": "x",
                  "f": {
                    "lang": "sux",
                    "form": "x",
                    "delim": "",
                    "gdl": [
                      {
                        "x": "ellipsis",
                        "id": "Q007651.1.4.0",
                        "statusStart": "Q007651.1.4.0",
                        "o": ")"
                      }
                    ]
                  }
                },
                {
                  "node": "l",
                  "frag": "kar-{d}utu{ki}",
                  "id": "Q007651.l00232",
                  "ref": "Q007651.1.5",
                  "inst": "Kar-Šamaš[1]SN",
                  "sig": "@ribo/babylon0%sux:kar-{d}utu{ki}=Kar-Šamaš[1//1]SN'SN$Kar-Šamaš/kar-{d}utu{ki}#~",
                  "f": {
                    "lang": "sux",
                    "form": "kar-{d}utu{ki}",
                    "delim": "",
                    "gdl": [
                      {
                        "v": "kar",
                        "gdl_utf8": "𒋼𒀀",
                        "id": "Q007651.1.5.0",
                        "delim": "-"
                      },
                      {
                        "det": "semantic",
                        "pos": "pre",
                        "seq": [
                          {
                            "v": "d",
                            "gdl_utf8": "𒀭",
                            "id": "Q007651.1.5.1"
                          }
                        ]
                      },
                      {
                        "v": "utu",
                        "gdl_utf8": "𒌓",
                        "id": "Q007651.1.5.2"
                      },
                      {
                        "det": "semantic",
                        "pos": "post",
                        "seq": [
                          {
                            "v": "ki",
                            "gdl_utf8": "𒆠",
                            "id": "Q007651.1.5.3"
                          }
                        ]
                      }
                    ],
                    "cf": "Kar-Šamaš",
                    "gw": "1",
                    "sense": "1",
                    "norm0": "Kar-Šamaš",
                    "pos": "SN",
                    "epos": "SN",
                    "base": "kar-{d}utu{ki}",
                    "morph": "~"
                  }
                },
                {
                  "node": "l",
                  "frag": "gu₂",
                  "id": "Q007651.l00233",
                  "ref": "Q007651.1.6",
                  "inst": "gu[neck]N",
                  "sig": "@ribo/babylon0%sux:gu₂=gu[neck//neck]N'N$gu/gu₂#~",
                  "f": {
                    "lang": "sux",
                    "form": "gu₂",
                    "delim": "",
                    "gdl": [
                      {
                        "v": "gu₂",
                        "gdl_utf8": "𒄘",
                        "id": "Q007651.1.6.0"
                      }
                    ],
                    "cf": "gu",
                    "gw": "neck",
                    "sense": "neck",
                    "norm0": "gu",
                    "pos": "N",
                    "epos": "N",
                    "base": "gu₂",
                    "morph": "~"
                  }
                },
                {
                  "node": "l",
                  "frag": "{i₇}buranuna{na}",
                  "id": "Q007651.l00234",
                  "ref": "Q007651.1.7",
                  "inst": "Purattu[Euphrates]WN",
                  "sig": "@ribo/babylon0%sux:{i₇}buranuna{+na}=Purattu[Euphrates//Euphrates]WN'WN$Purattu/{i₇}buranuna{+na}#~",
                  "f": {
                    "lang": "sux",
                    "form": "{i₇}buranuna{+na}",
                    "delim": "",
                    "gdl": [
                      {
                        "det": "semantic",
                        "pos": "pre",
                        "seq": [
                          {
                            "v": "i₇",
                            "gdl_utf8": "𒀀𒇉",
                            "id": "Q007651.1.7.0"
                          }
                        ]
                      },
                      {
                        "v": "buranuna",
                        "gdl_utf8": "𒌓𒄒𒉣",
                        "id": "Q007651.1.7.1"
                      },
                      {
                        "det": "phonetic",
                        "pos": "post",
                        "seq": [
                          {
                            "v": "na",
                            "gdl_utf8": "𒈾",
                            "id": "Q007651.1.7.2"
                          }
                        ]
                      }
                    ],
                    "cf": "Purattu",
                    "gw": "Euphrates",
                    "sense": "Euphrates",
                    "norm0": "Purattu",
                    "pos": "WN",
                    "epos": "WN",
                    "base": "{i₇}buranuna{+na}",
                    "morph": "~"
                  }
                },
                {
                  "node": "l",
                  "frag": "{(i₇}buranuna-ta)",
                  "id": "Q007651.l00235",
                  "ref": "Q007651.1.8",
                  "inst": "Purattu[Euphrates]WN",
                  "sig": "@ribo/babylon0%sux:{i₇}buranuna-ta=Purattu[Euphrates//Euphrates]WN'WN$Purattu,ak.ta/{i₇}buranuna#~,ak.ta",
                  "f": {
                    "lang": "sux",
                    "form": "{i₇}buranuna-ta",
                    "delim": "",
                    "gdl": [
                      {
                        "det": "semantic",
                        "pos": "pre",
                        "seq": [
                          {
                            "v": "i₇",
                            "gdl_utf8": "𒀀𒇉",
                            "id": "Q007651.1.8.0",
                            "statusStart": "1",
                            "o": "("
                          }
                        ]
                      },
                      {
                        "v": "buranuna",
                        "gdl_utf8": "𒌓𒄒𒉣",
                        "id": "Q007651.1.8.1",
                        "delim": "-"
                      },
                      {
                        "v": "ta",
                        "gdl_utf8": "𒋫",
                        "id": "Q007651.1.8.2",
                        "o": ")",
                        "statusStart": "Q007651.1.8.0"
                      }
                    ],
                    "cf": "Purattu",
                    "gw": "Euphrates",
                    "sense": "Euphrates",
                    "norm0": "Purattu,ak.ta",
                    "pos": "WN",
                    "epos": "WN",
                    "base": "{i₇}buranuna",
                    "morph": "~,ak.ta"
                  }
                },
                {
                  "node": "l",
                  "frag": "bad₃-bi",
                  "id": "Q007651.l00236",
                  "ref": "Q007651.1.9",
                  "inst": "bad[wall, fortification]N",
                  "sig": "@ribo/babylon0%sux:bad₃-bi=bad[wall//wall, fortification]N'N$bad,bi/bad₃#~,bi",
                  "f": {
                    "lang": "sux",
                    "form": "bad₃-bi",
                    "delim": "",
                    "gdl": [
                      {
                        "v": "bad₃",
                        "gdl_utf8": "𒂦",
                        "id": "Q007651.1.9.0",
                        "delim": "-"
                      },
                      {
                        "v": "bi",
                        "gdl_utf8": "𒁉",
                        "id": "Q007651.1.9.1"
                      }
                    ],
                    "cf": "bad",
                    "gw": "wall",
                    "sense": "wall, fortification",
                    "norm0": "bad,bi",
                    "pos": "N",
                    "epos": "N",
                    "base": "bad₃",
                    "morph": "~,bi"
                  }
                },
                {
                  "node": "l",
                  "frag": "(bad₃-da-ni)",
                  "id": "Q007651.l00237",
                  "ref": "Q007651.1.10",
                  "inst": "bad[wall, fortification]N",
                  "sig": "@ribo/babylon0%sux:bad₃-da-ni=bad[wall//wall, fortification]N'N$bad,ani/bad₃+-da=d.a#~,ani",
                  "f": {
                    "lang": "sux",
                    "form": "bad₃-da-ni",
                    "delim": "",
                    "gdl": [
                      {
                        "v": "bad₃",
                        "gdl_utf8": "𒂦",
                        "id": "Q007651.1.10.0",
                        "statusStart": "1",
                        "o": "(",
                        "delim": "-"
                      },
                      {
                        "v": "da",
                        "gdl_utf8": "𒁕",
                        "id": "Q007651.1.10.1",
                        "delim": "-"
                      },
                      {
                        "v": "ni",
                        "gdl_utf8": "𒉌",
                        "id": "Q007651.1.10.2",
                        "o": ")",
                        "statusStart": "Q007651.1.10.0"
                      }
                    ],
                    "cf": "bad",
                    "gw": "wall",
                    "sense": "wall, fortification",
                    "norm0": "bad,ani",
                    "pos": "N",
                    "epos": "N",
                    "base": "bad₃",
                    "cont": "-da=d.a",
                    "morph": "~,ani"
                  }
                },
                {
                  "node": "l",
                  "frag": "bi₂-in-du₃-a",
                  "id": "Q007651.l00238",
                  "ref": "Q007651.1.11",
                  "inst": "du[to build, make]V/t",
                  "sig": "@ribo/babylon0%sux:bi₂-in-du₃-a=du[build//to build, make]V/t'V/t$bi.n:du;a/du₃#bi.n:~;a",
                  "f": {
                    "lang": "sux",
                    "form": "bi₂-in-du₃-a",
                    "delim": "",
                    "gdl": [
                      {
                        "v": "bi₂",
                        "gdl_utf8": "𒉈",
                        "id": "Q007651.1.11.0",
                        "delim": "-"
                      },
                      {
                        "v": "in",
                        "gdl_utf8": "𒅔",
                        "id": "Q007651.1.11.1",
                        "delim": "-"
                      },
                      {
                        "v": "du₃",
                        "gdl_utf8": "𒆕",
                        "id": "Q007651.1.11.2",
                        "delim": "-"
                      },
                      {
                        "v": "a",
                        "gdl_utf8": "𒀀",
                        "id": "Q007651.1.11.3"
                      }
                    ],
                    "cf": "du",
                    "gw": "build",
                    "sense": "to build, make",
                    "norm0": "bi.n:du;a",
                    "pos": "V/t",
                    "epos": "V/t",
                    "base": "du₃",
                    "morph": "bi.n:~;a"
                  }
                },
                {
                  "node": "l",
                  "frag": "(in-du₃-a)",
                  "id": "Q007651.l00239",
                  "ref": "Q007651.1.12",
                  "inst": "+du[build//to build, make]V/t'V/t/du₃#V.n:~;a",
                  "sig": "@ribo/babylon0%sux:in-du₃-a=du[build//to build, make]V/t'V/t$V.n:du;a/du₃#V.n:~;a",
                  "f": {
                    "lang": "sux",
                    "form": "in-du₃-a",
                    "delim": "",
                    "gdl": [
                      {
                        "v": "in",
                        "gdl_utf8": "𒅔",
                        "id": "Q007651.1.12.0",
                        "statusStart": "1",
                        "o": "(",
                        "delim": "-"
                      },
                      {
                        "v": "du₃",
                        "gdl_utf8": "𒆕",
                        "id": "Q007651.1.12.1",
                        "delim": "-"
                      },
                      {
                        "v": "a",
                        "gdl_utf8": "𒀀",
                        "id": "Q007651.1.12.2",
                        "o": ")",
                        "statusStart": "Q007651.1.12.0"
                      }
                    ],
                    "cf": "du",
                    "gw": "build",
                    "sense": "to build, make",
                    "norm0": "V.n:du;a",
                    "pos": "V/t",
                    "epos": "V/t",
                    "base": "du₃",
                    "morph": "V.n:~;a"
                  }
                },
                {
                  "node": "l",
                  "frag": "(in-du₃-am₃)",
                  "id": "Q007651.l0023a",
                  "ref": "Q007651.1.13",
                  "inst": "du[to build, make]V/t",
                  "sig": "@ribo/babylon0%sux:in-du₃-am₃=du[build//to build, make]V/t'V/t$V.n:du;am/du₃#V.n:~;am",
                  "f": {
                    "lang": "sux",
                    "form": "in-du₃-am₃",
                    "gdl": [
                      {
                        "v": "in",
                        "gdl_utf8": "𒅔",
                        "id": "Q007651.1.13.0",
                        "statusStart": "1",
                        "o": "(",
                        "delim": "-"
                      },
                      {
                        "v": "du₃",
                        "gdl_utf8": "𒆕",
                        "id": "Q007651.1.13.1",
                        "delim": "-"
                      },
                      {
                        "v": "am₃",
                        "gdl_utf8": "𒀀𒀭",
                        "id": "Q007651.1.13.2",
                        "o": ")",
                        "statusStart": "Q007651.1.13.0"
                      }
                    ],
                    "cf": "du",
                    "gw": "build",
                    "sense": "to build, make",
                    "norm0": "V.n:du;am",
                    "pos": "V/t",
                    "epos": "V/t",
                    "base": "du₃",
                    "morph": "V.n:~;am"
                  }
                }
              ]
            }
          ]
        }
      ]
    }
  ]
}
