{
  "type": "cdl",
  "project": "ribo/babylon0",
  "source": "http://oracc.org/ribo/babylon0",
  "license": "This data is released under the CC0 license",
  "license-url": "https://creativecommons.org/publicdomain/zero/1.0/",
  "more-info": "http://oracc.org/doc/opendata/",
  "UTC-timestamp": "2019-01-12T08:23:20",
  "textid": "Q007649",
  "cdl": [
    {
      "node": "c",
      "type": "text",
      "id": "Q007649.U0",
      "cdl": [
        {
          "node": "d",
          "type": "object",
          "ref": ""
        },
        {
          "node": "d",
          "type": "surface",
          "ref": ""
        },
        {
          "node": "c",
          "type": "discourse",
          "subtype": "body",
          "id": "Q007649.U1",
          "cdl": [
            {
              "node": "c",
              "type": "sentence",
              "implicit": "yes",
              "id": "Q007649.U2",
              "label": "1",
              "cdl": [
                {
                  "node": "d",
                  "type": "line-start",
                  "ref": "Q007649.1",
                  "n": "1",
                  "label": "1"
                },
                {
                  "node": "l",
                  "frag": "mu",
                  "id": "Q007649.l00215",
                  "ref": "Q007649.1.1",
                  "inst": "mu[year]N",
                  "sig": "@ribo/babylon0%sux:mu=mu[year//year]N'N$mu/mu#~",
                  "f": {
                    "lang": "sux",
                    "form": "mu",
                    "delim": "",
                    "gdl": [
                      {
                        "v": "mu",
                        "gdl_utf8": "𒈬",
                        "id": "Q007649.1.1.0"
                      }
                    ],
                    "cf": "mu",
                    "gw": "year",
                    "sense": "year",
                    "norm0": "mu",
                    "pos": "N",
                    "epos": "N",
                    "base": "mu",
                    "morph": "~"
                  }
                },
                {
                  "node": "l",
                  "frag": "am-mi-di-ta-na",
                  "id": "Q007649.l00216",
                  "ref": "Q007649.1.2",
                  "inst": "Ammi-ditana[king of Babylon]RN",
                  "sig": "@ribo/babylon0%sux:am-mi-di-ta-na=Ammi-ditana[king of Babylon//king of Babylon]RN'RN$Ammi-ditana/am-mi-di-ta-na#~",
                  "f": {
                    "lang": "sux",
                    "form": "am-mi-di-ta-na",
                    "delim": "",
                    "gdl": [
                      {
                        "v": "am",
                        "gdl_utf8": "𒄠",
                        "id": "Q007649.1.2.0",
                        "delim": "-"
                      },
                      {
                        "v": "mi",
                        "gdl_utf8": "𒈪",
                        "id": "Q007649.1.2.1",
                        "delim": "-"
                      },
                      {
                        "v": "di",
                        "gdl_utf8": "𒁲",
                        "id": "Q007649.1.2.2",
                        "delim": "-"
                      },
                      {
                        "v": "ta",
                        "gdl_utf8": "𒋫",
                        "id": "Q007649.1.2.3",
                        "delim": "-"
                      },
                      {
                        "v": "na",
                        "gdl_utf8": "𒈾",
                        "id": "Q007649.1.2.4"
                      }
                    ],
                    "cf": "Ammi-ditana",
                    "gw": "king of Babylon",
                    "sense": "king of Babylon",
                    "norm0": "Ammi-ditana",
                    "pos": "RN",
                    "epos": "RN",
                    "base": "am-mi-di-ta-na",
                    "morph": "~"
                  }
                },
                {
                  "node": "l",
                  "frag": "lugal-e",
                  "id": "Q007649.l00217",
                  "ref": "Q007649.1.3",
                  "inst": "lugal[king]N",
                  "sig": "@ribo/babylon0%sux:lugal-e=lugal[king//king]N'N$lugal,e/lugal#~,e",
                  "f": {
                    "lang": "sux",
                    "form": "lugal-e",
                    "delim": "",
                    "gdl": [
                      {
                        "v": "lugal",
                        "gdl_utf8": "𒈗",
                        "id": "Q007649.1.3.0",
                        "delim": "-"
                      },
                      {
                        "v": "e",
                        "gdl_utf8": "𒂊",
                        "id": "Q007649.1.3.1"
                      }
                    ],
                    "cf": "lugal",
                    "gw": "king",
                    "sense": "king",
                    "norm0": "lugal,e",
                    "pos": "N",
                    "epos": "N",
                    "base": "lugal",
                    "morph": "~,e"
                  }
                },
                {
                  "node": "l",
                  "frag": "nam-gal",
                  "id": "Q007649.l00218",
                  "ref": "Q007649.1.4",
                  "inst": "namgal[greatness]N",
                  "sig": "@ribo/babylon0%sux:nam-gal=namgal[greatness//greatness]N'N$namgal/nam-gal#~",
                  "f": {
                    "lang": "sux",
                    "form": "nam-gal",
                    "delim": "",
                    "gdl": [
                      {
                        "v": "nam",
                        "gdl_utf8": "𒉆",
                        "id": "Q007649.1.4.0",
                        "delim": "-"
                      },
                      {
                        "v": "gal",
                        "gdl_utf8": "𒃲",
                        "id": "Q007649.1.4.1"
                      }
                    ],
                    "cf": "namgal",
                    "gw": "greatness",
                    "sense": "greatness",
                    "norm0": "namgal",
                    "pos": "N",
                    "epos": "N",
                    "base": "nam-gal",
                    "morph": "~"
                  }
                },
                {
                  "node": "l",
                  "frag": "(...)",
                  "id": "Q007649.l00219",
                  "ref": "Q007649.1.5",
                  "inst": "u",
                  "f": {
                    "lang": "sux",
                    "form": "x",
                    "delim": "",
                    "gdl": [
                      {
                        "x": "ellipsis",
                        "id": "Q007649.1.5.0",
                        "statusStart": "Q007649.1.5.0",
                        "o": ")"
                      }
                    ],
                    "pos": "u"
                  }
                },
                {
                  "node": "l",
                  "frag": "{d}amar-utu-ke₄",
                  "id": "Q007649.l0021a",
                  "ref": "Q007649.1.6",
                  "inst": "Marduk[1]DN",
                  "sig": "@ribo/babylon0%sux:{d}amar-utu-ke₄=Marduk[1//1]DN'DN$Marduk,ak.e/{d}amar-utu#~,ak.e",
                  "f": {
                    "lang": "sux",
                    "form": "{d}amar-utu-ke₄",
                    "delim": "",
                    "gdl": [
                      {
                        "det": "semantic",
                        "pos": "pre",
                        "seq": [
                          {
                            "v": "d",
                            "gdl_utf8": "𒀭",
                            "id": "Q007649.1.6.0"
                          }
                        ]
                      },
                      {
                        "v": "amar",
                        "gdl_utf8": "𒀫",
                        "id": "Q007649.1.6.1",
                        "delim": "-"
                      },
                      {
                        "v": "utu",
                        "gdl_utf8": "𒌓",
                        "id": "Q007649.1.6.2",
                        "delim": "-"
                      },
                      {
                        "v": "ke₄",
                        "gdl_utf8": "𒆤",
                        "id": "Q007649.1.6.3"
                      }
                    ],
                    "cf": "Marduk",
                    "gw": "1",
                    "sense": "1",
                    "norm0": "Marduk,ak.e",
                    "pos": "DN",
                    "epos": "DN",
                    "base": "{d}amar-utu",
                    "morph": "~,ak.e"
                  }
                },
                {
                  "node": "l",
                  "frag": "maš-kan₂-am-mi-di-ta-na{ki}",
                  "id": "Q007649.l0021b",
                  "ref": "Q007649.1.7",
                  "inst": "Maškan-Ammiditana[1]SN",
                  "sig": "@ribo/babylon0%sux:maš-kan₂-am-mi-di-ta-na{ki}=Maškan-Ammiditana[1//1]SN'SN$Maškan-Ammiditana/maš-kan₂-am-mi-di-ta-na{ki}#~",
                  "f": {
                    "lang": "sux",
                    "form": "maš-kan₂-am-mi-di-ta-na{ki}",
                    "delim": "",
                    "gdl": [
                      {
                        "v": "maš",
                        "gdl_utf8": "𒈦",
                        "id": "Q007649.1.7.0",
                        "delim": "-"
                      },
                      {
                        "v": "kan₂",
                        "gdl_utf8": "𒃷",
                        "id": "Q007649.1.7.1",
                        "delim": "-"
                      },
                      {
                        "v": "am",
                        "gdl_utf8": "𒄠",
                        "id": "Q007649.1.7.2",
                        "delim": "-"
                      },
                      {
                        "v": "mi",
                        "gdl_utf8": "𒈪",
                        "id": "Q007649.1.7.3",
                        "delim": "-"
                      },
                      {
                        "v": "di",
                        "gdl_utf8": "𒁲",
                        "id": "Q007649.1.7.4",
                        "delim": "-"
                      },
                      {
                        "v": "ta",
                        "gdl_utf8": "𒋫",
                        "id": "Q007649.1.7.5",
                        "delim": "-"
                      },
                      {
                        "v": "na",
                        "gdl_utf8": "𒈾",
                        "id": "Q007649.1.7.6"
                      },
                      {
                        "det": "semantic",
                        "pos": "post",
                        "seq": [
                          {
                            "v": "ki",
                            "gdl_utf8": "𒆠",
                            "id": "Q007649.1.7.7"
                          }
                        ]
                      }
                    ],
                    "cf": "Maškan-Ammiditana",
                    "gw": "1",
                    "sense": "1",
                    "norm0": "Maškan-Ammiditana",
                    "pos": "SN",
                    "epos": "SN",
                    "base": "maš-kan₂-am-mi-di-ta-na{ki}",
                    "morph": "~"
                  }
                },
                {
                  "node": "l",
                  "frag": "(ma-aš₂-ka-an-am-mi-di-ta-na)",
                  "id": "Q007649.l0021c",
                  "ref": "Q007649.1.8",
                  "inst": "Maškan-Ammiditana[1]SN",
                  "sig": "@ribo/babylon0%sux:ma-aš₂-ka-an-am-mi-di-ta-na=Maškan-Ammiditana[1//1]SN'SN$Maškan-Ammiditana/ma-aš₂-ka-an-am-mi-di-ta-na#~",
                  "f": {
                    "lang": "sux",
                    "form": "ma-aš₂-ka-an-am-mi-di-ta-na",
                    "delim": "",
                    "gdl": [
                      {
                        "v": "ma",
                        "gdl_utf8": "𒈠",
                        "id": "Q007649.1.8.0",
                        "statusStart": "1",
                        "o": "(",
                        "delim": "-"
                      },
                      {
                        "v": "aš₂",
                        "gdl_utf8": "𒀾",
                        "id": "Q007649.1.8.1",
                        "delim": "-"
                      },
                      {
                        "v": "ka",
                        "gdl_utf8": "𒅗",
                        "id": "Q007649.1.8.2",
                        "delim": "-"
                      },
                      {
                        "v": "an",
                        "gdl_utf8": "𒀭",
                        "id": "Q007649.1.8.3",
                        "delim": "-"
                      },
                      {
                        "v": "am",
                        "gdl_utf8": "𒄠",
                        "id": "Q007649.1.8.4",
                        "delim": "-"
                      },
                      {
                        "v": "mi",
                        "gdl_utf8": "𒈪",
                        "id": "Q007649.1.8.5",
                        "delim": "-"
                      },
                      {
                        "v": "di",
                        "gdl_utf8": "𒁲",
                        "id": "Q007649.1.8.6",
                        "delim": "-"
                      },
                      {
                        "v": "ta",
                        "gdl_utf8": "𒋫",
                        "id": "Q007649.1.8.7",
                        "delim": "-"
                      },
                      {
                        "v": "na",
                        "gdl_utf8": "𒈾",
                        "id": "Q007649.1.8.8",
                        "o": ")",
                        "statusStart": "Q007649.1.8.0"
                      }
                    ],
                    "cf": "Maškan-Ammiditana",
                    "gw": "1",
                    "sense": "1",
                    "norm0": "Maškan-Ammiditana",
                    "pos": "SN",
                    "epos": "SN",
                    "base": "ma-aš₂-ka-an-am-mi-di-ta-na",
                    "morph": "~"
                  }
                },
                {
                  "node": "l",
                  "frag": "(maš-kan₂-na-am-mi-di-ta-na{ki)}",
                  "id": "Q007649.l0021d",
                  "ref": "Q007649.1.9",
                  "inst": "Maškan-Ammiditana[1]SN",
                  "sig": "@ribo/babylon0%sux:maš-kan₂-na-am-mi-di-ta-na{ki}=Maškan-Ammiditana[1//1]SN'SN$Maškan-Ammiditana/maš-kan₂-na-am-mi-di-ta-na{ki}#~",
                  "f": {
                    "lang": "sux",
                    "form": "maš-kan₂-na-am-mi-di-ta-na{ki}",
                    "delim": "",
                    "gdl": [
                      {
                        "v": "maš",
                        "gdl_utf8": "𒈦",
                        "id": "Q007649.1.9.0",
                        "statusStart": "1",
                        "o": "(",
                        "delim": "-"
                      },
                      {
                        "v": "kan₂",
                        "gdl_utf8": "𒃷",
                        "id": "Q007649.1.9.1",
                        "delim": "-"
                      },
                      {
                        "v": "na",
                        "gdl_utf8": "𒈾",
                        "id": "Q007649.1.9.2",
                        "delim": "-"
                      },
                      {
                        "v": "am",
                        "gdl_utf8": "𒄠",
                        "id": "Q007649.1.9.3",
                        "delim": "-"
                      },
                      {
                        "v": "mi",
                        "gdl_utf8": "𒈪",
                        "id": "Q007649.1.9.4",
                        "delim": "-"
                      },
                      {
                        "v": "di",
                        "gdl_utf8": "𒁲",
                        "id": "Q007649.1.9.5",
                        "delim": "-"
                      },
                      {
                        "v": "ta",
                        "gdl_utf8": "𒋫",
                        "id": "Q007649.1.9.6",
                        "delim": "-"
                      },
                      {
                        "v": "na",
                        "gdl_utf8": "𒈾",
                        "id": "Q007649.1.9.7"
                      },
                      {
                        "det": "semantic",
                        "pos": "post",
                        "seq": [
                          {
                            "v": "ki",
                            "gdl_utf8": "𒆠",
                            "id": "Q007649.1.9.8",
                            "o": ")",
                            "statusStart": "Q007649.1.9.0"
                          }
                        ]
                      }
                    ],
                    "cf": "Maškan-Ammiditana",
                    "gw": "1",
                    "sense": "1",
                    "norm0": "Maškan-Ammiditana",
                    "pos": "SN",
                    "epos": "SN",
                    "base": "maš-kan₂-na-am-mi-di-ta-na{ki}",
                    "morph": "~"
                  }
                },
                {
                  "node": "l",
                  "frag": "gu₂",
                  "id": "Q007649.l0021e",
                  "ref": "Q007649.1.10",
                  "inst": "gu[bank, side]N",
                  "sig": "@ribo/babylon0%sux:gu₂=gu[neck//bank, side]N'N$gu/gu₂#~",
                  "f": {
                    "lang": "sux",
                    "form": "gu₂",
                    "delim": "",
                    "gdl": [
                      {
                        "v": "gu₂",
                        "gdl_utf8": "𒄘",
                        "id": "Q007649.1.10.0"
                      }
                    ],
                    "cf": "gu",
                    "gw": "neck",
                    "sense": "bank, side",
                    "norm0": "gu",
                    "pos": "N",
                    "epos": "N",
                    "base": "gu₂",
                    "morph": "~"
                  }
                },
                {
                  "node": "l",
                  "frag": "{i₇}buranuna{na}ta",
                  "id": "Q007649.l0021f",
                  "ref": "Q007649.1.11",
                  "inst": "Purattu[Euphrates]WN",
                  "sig": "@ribo/babylon0%sux:{i₇}buranuna{+na}-ta=Purattu[Euphrates//Euphrates]WN'WN$Purattu,ak.ta/{i₇}buranuna{+na}#~,ak.ta",
                  "f": {
                    "lang": "sux",
                    "form": "{i₇}buranuna{+na}-ta",
                    "delim": "",
                    "gdl": [
                      {
                        "det": "semantic",
                        "pos": "pre",
                        "seq": [
                          {
                            "v": "i₇",
                            "gdl_utf8": "𒀀𒇉",
                            "id": "Q007649.1.11.0"
                          }
                        ]
                      },
                      {
                        "v": "buranuna",
                        "gdl_utf8": "𒌓𒄒𒉣",
                        "id": "Q007649.1.11.1"
                      },
                      {
                        "det": "phonetic",
                        "pos": "post",
                        "delim": "-",
                        "seq": [
                          {
                            "v": "na",
                            "gdl_utf8": "𒈾",
                            "id": "Q007649.1.11.2"
                          }
                        ]
                      },
                      {
                        "v": "ta",
                        "gdl_utf8": "𒋫",
                        "id": "Q007649.1.11.3"
                      }
                    ],
                    "cf": "Purattu",
                    "gw": "Euphrates",
                    "sense": "Euphrates",
                    "norm0": "Purattu,ak.ta",
                    "pos": "WN",
                    "epos": "WN",
                    "base": "{i₇}buranuna{+na}",
                    "morph": "~,ak.ta"
                  }
                },
                {
                  "node": "l",
                  "frag": "bi₂-[...]",
                  "id": "Q007649.l00220",
                  "ref": "Q007649.1.12",
                  "inst": "u",
                  "f": {
                    "lang": "sux",
                    "form": "bi₂-x",
                    "gdl": [
                      {
                        "v": "bi₂",
                        "gdl_utf8": "𒉈",
                        "id": "Q007649.1.12.0",
                        "delim": "-"
                      },
                      {
                        "x": "ellipsis",
                        "id": "Q007649.1.12.1",
                        "breakStart": "1",
                        "break": "missing",
                        "o": "]",
                        "breakEnd": "Q007649.1.12.1"
                      }
                    ],
                    "pos": "u"
                  }
                }
              ]
            }
          ]
        }
      ]
    }
  ]
}
