{
  "type": "cdl",
  "project": "ribo/babylon0",
  "source": "http://oracc.org/ribo/babylon0",
  "license": "This data is released under the CC0 license",
  "license-url": "https://creativecommons.org/publicdomain/zero/1.0/",
  "more-info": "http://oracc.org/doc/opendata/",
  "UTC-timestamp": "2019-01-12T08:23:12",
  "textid": "Q007368",
  "cdl": [
    {
      "node": "c",
      "type": "text",
      "id": "Q007368.U0",
      "cdl": [
        {
          "node": "d",
          "type": "object",
          "ref": ""
        },
        {
          "node": "d",
          "type": "surface",
          "ref": ""
        },
        {
          "node": "d",
          "subtype": "column 1",
          "type": "column",
          "ref": "Q007368.i.1",
          "n": "1",
          "label": "i"
        },
        {
          "node": "c",
          "type": "discourse",
          "subtype": "body",
          "id": "Q007368.U1",
          "cdl": [
            {
              "node": "c",
              "type": "sentence",
              "implicit": "yes",
              "id": "Q007368.U2",
              "label": "i 1 - i 10",
              "cdl": [
                {
                  "node": "d",
                  "type": "line-start",
                  "ref": "Q007368.2",
                  "n": "1",
                  "label": "i 1"
                },
                {
                  "node": "l",
                  "frag": "mu",
                  "id": "Q007368.l02c53",
                  "ref": "Q007368.2.1",
                  "inst": "mu[year]N",
                  "sig": "@ribo/babylon0%sux:mu=mu[year//year]N'N$mu/mu#~",
                  "f": {
                    "lang": "sux",
                    "form": "mu",
                    "delim": "",
                    "gdl": [
                      {
                        "v": "mu",
                        "gdl_utf8": "𒈬",
                        "id": "Q007368.2.1.0"
                      }
                    ],
                    "cf": "mu",
                    "gw": "year",
                    "sense": "year",
                    "norm0": "mu",
                    "pos": "N",
                    "epos": "N",
                    "base": "mu",
                    "morph": "~"
                  }
                },
                {
                  "node": "l",
                  "frag": "ha-am-mu-ra-pi₂",
                  "id": "Q007368.l02c54",
                  "ref": "Q007368.2.2",
                  "inst": "Hammu-rapi[king of Babylon]RN",
                  "sig": "@ribo/babylon0%sux:ha-am-mu-ra-pi₂=Hammu-rapi[king of Babylon//king of Babylon]RN'RN$Hammu-rapi/ha-am-mu-ra-pi₂#~",
                  "f": {
                    "lang": "sux",
                    "form": "ha-am-mu-ra-pi₂",
                    "delim": "",
                    "gdl": [
                      {
                        "v": "ha",
                        "gdl_utf8": "𒄩",
                        "id": "Q007368.2.2.0",
                        "delim": "-"
                      },
                      {
                        "v": "am",
                        "gdl_utf8": "𒄠",
                        "id": "Q007368.2.2.1",
                        "delim": "-"
                      },
                      {
                        "v": "mu",
                        "gdl_utf8": "𒈬",
                        "id": "Q007368.2.2.2",
                        "delim": "-"
                      },
                      {
                        "v": "ra",
                        "gdl_utf8": "𒊏",
                        "id": "Q007368.2.2.3",
                        "delim": "-"
                      },
                      {
                        "v": "pi₂",
                        "gdl_utf8": "𒁉",
                        "id": "Q007368.2.2.4"
                      }
                    ],
                    "cf": "Hammu-rapi",
                    "gw": "king of Babylon",
                    "sense": "king of Babylon",
                    "norm0": "Hammu-rapi",
                    "pos": "RN",
                    "epos": "RN",
                    "base": "ha-am-mu-ra-pi₂",
                    "morph": "~"
                  }
                },
                {
                  "node": "l",
                  "frag": "lugal-e",
                  "id": "Q007368.l02c55",
                  "ref": "Q007368.2.3",
                  "inst": "lugal[king]N",
                  "sig": "@ribo/babylon0%sux:lugal-e=lugal[king//king]N'N$lugal,e/lugal#~,e",
                  "f": {
                    "lang": "sux",
                    "form": "lugal-e",
                    "gdl": [
                      {
                        "v": "lugal",
                        "gdl_utf8": "𒈗",
                        "id": "Q007368.2.3.0",
                        "delim": "-"
                      },
                      {
                        "v": "e",
                        "gdl_utf8": "𒂊",
                        "id": "Q007368.2.3.1"
                      }
                    ],
                    "cf": "lugal",
                    "gw": "king",
                    "sense": "king",
                    "norm0": "lugal,e",
                    "pos": "N",
                    "epos": "N",
                    "base": "lugal",
                    "morph": "~,e"
                  }
                },
                {
                  "node": "d",
                  "type": "line-start",
                  "ref": "Q007368.3",
                  "n": "2",
                  "label": "i 2"
                },
                {
                  "node": "l",
                  "frag": "a₂-ŋal₂",
                  "id": "Q007368.l02c56",
                  "ref": "Q007368.3.1",
                  "inst": "aŋal[strong//commander]AJ'N",
                  "sig": "@ribo/babylon0%sux:a₂-ŋal₂=aŋal[strong//commander]AJ'N$aŋal/a₂-ŋal₂#~",
                  "f": {
                    "lang": "sux",
                    "form": "a₂-ŋal₂",
                    "delim": "",
                    "gdl": [
                      {
                        "v": "a₂",
                        "gdl_utf8": "𒀉",
                        "id": "Q007368.3.1.0",
                        "delim": "-"
                      },
                      {
                        "v": "ŋal₂",
                        "gdl_utf8": "𒅅",
                        "id": "Q007368.3.1.1"
                      }
                    ],
                    "cf": "aŋal",
                    "gw": "strong",
                    "sense": "commander",
                    "norm0": "aŋal",
                    "pos": "AJ",
                    "epos": "N",
                    "base": "a₂-ŋal₂",
                    "morph": "~"
                  }
                },
                {
                  "node": "l",
                  "frag": "ki-aŋ₂",
                  "id": "Q007368.l02c57",
                  "ref": "Q007368.3.2",
                  "inst": "kiʾaŋa[beloved]AJ",
                  "sig": "@ribo/babylon0%sux:ki-aŋ₂=kiʾaŋa[beloved//beloved]AJ'AJ$kiʾaŋa/ki-aŋ₂#~",
                  "f": {
                    "lang": "sux",
                    "form": "ki-aŋ₂",
                    "delim": "",
                    "gdl": [
                      {
                        "v": "ki",
                        "gdl_utf8": "𒆠",
                        "id": "Q007368.3.2.0",
                        "delim": "-"
                      },
                      {
                        "v": "aŋ₂",
                        "gdl_utf8": "𒉘",
                        "id": "Q007368.3.2.1"
                      }
                    ],
                    "cf": "kiʾaŋa",
                    "gw": "beloved",
                    "sense": "beloved",
                    "norm0": "kiʾaŋa",
                    "pos": "AJ",
                    "epos": "AJ",
                    "base": "ki-aŋ₂",
                    "morph": "~"
                  }
                },
                {
                  "node": "l",
                  "frag": "{d}amar-utu-ke₄",
                  "id": "Q007368.l02c58",
                  "ref": "Q007368.3.3",
                  "inst": "Marduk[1]DN",
                  "sig": "@ribo/babylon0%sux:{d}amar-utu-ke₄=Marduk[1//1]DN'DN$Marduk,ak.e/{d}amar-utu#~,ak.e",
                  "f": {
                    "lang": "sux",
                    "form": "{d}amar-utu-ke₄",
                    "gdl": [
                      {
                        "det": "semantic",
                        "pos": "pre",
                        "seq": [
                          {
                            "v": "d",
                            "gdl_utf8": "𒀭",
                            "id": "Q007368.3.3.0"
                          }
                        ]
                      },
                      {
                        "v": "amar",
                        "gdl_utf8": "𒀫",
                        "id": "Q007368.3.3.1",
                        "delim": "-"
                      },
                      {
                        "v": "utu",
                        "gdl_utf8": "𒌓",
                        "id": "Q007368.3.3.2",
                        "delim": "-"
                      },
                      {
                        "v": "ke₄",
                        "gdl_utf8": "𒆤",
                        "id": "Q007368.3.3.3"
                      }
                    ],
                    "cf": "Marduk",
                    "gw": "1",
                    "sense": "1",
                    "norm0": "Marduk,ak.e",
                    "pos": "DN",
                    "epos": "DN",
                    "base": "{d}amar-utu",
                    "morph": "~,ak.e"
                  }
                },
                {
                  "node": "d",
                  "type": "line-start",
                  "ref": "Q007368.4",
                  "n": "3",
                  "label": "i 3"
                },
                {
                  "node": "l",
                  "frag": "usu",
                  "id": "Q007368.l02c59",
                  "ref": "Q007368.4.1",
                  "inst": "usu[force]N",
                  "sig": "@ribo/babylon0%sux:usu=usu[strength//force]N'N$usu/usu#~",
                  "f": {
                    "lang": "sux",
                    "form": "usu",
                    "delim": "",
                    "gdl": [
                      {
                        "v": "usu",
                        "gdl_utf8": "𒀉𒆗",
                        "id": "Q007368.4.1.0"
                      }
                    ],
                    "cf": "usu",
                    "gw": "strength",
                    "sense": "force",
                    "norm0": "usu",
                    "pos": "N",
                    "epos": "N",
                    "base": "usu",
                    "morph": "~"
                  }
                },
                {
                  "node": "l",
                  "frag": "mah",
                  "id": "Q007368.l02c5a",
                  "ref": "Q007368.4.2",
                  "inst": "mah[(to be) great]V/i",
                  "sig": "@ribo/babylon0%sux:mah=mah[great//(to be) great]V/i'V/i$mah/mah#~",
                  "f": {
                    "lang": "sux",
                    "form": "mah",
                    "delim": "",
                    "gdl": [
                      {
                        "v": "mah",
                        "gdl_utf8": "𒈤",
                        "id": "Q007368.4.2.0"
                      }
                    ],
                    "cf": "mah",
                    "gw": "great",
                    "sense": "(to be) great",
                    "norm0": "mah",
                    "pos": "V/i",
                    "epos": "V/i",
                    "base": "mah",
                    "morph": "~"
                  }
                },
                {
                  "node": "l",
                  "frag": "diŋir",
                  "id": "Q007368.l02c5b",
                  "ref": "Q007368.4.3",
                  "inst": "diŋir[deity, god, goddess]N",
                  "sig": "@ribo/babylon0%sux:diŋir=diŋir[deity//deity, god, goddess]N'N$diŋir/diŋir#~",
                  "f": {
                    "lang": "sux",
                    "form": "diŋir",
                    "delim": "",
                    "gdl": [
                      {
                        "v": "diŋir",
                        "gdl_utf8": "𒀭",
                        "id": "Q007368.4.3.0"
                      }
                    ],
                    "cf": "diŋir",
                    "gw": "deity",
                    "sense": "deity, god, goddess",
                    "norm0": "diŋir",
                    "pos": "N",
                    "epos": "N",
                    "base": "diŋir",
                    "morph": "~"
                  }
                },
                {
                  "node": "l",
                  "frag": "gal-gal-e-ne",
                  "id": "Q007368.l02c5c",
                  "ref": "Q007368.4.4",
                  "inst": "gal[(to be) big, great]V/i",
                  "sig": "@ribo/babylon0%sux:gal-gal-e-ne=gal[big//(to be) big, great]V/i'V/i$gal;e.ene/gal-gal#~;e.ene",
                  "f": {
                    "lang": "sux",
                    "form": "gal-gal-e-ne",
                    "gdl": [
                      {
                        "v": "gal",
                        "gdl_utf8": "𒃲",
                        "id": "Q007368.4.4.0",
                        "delim": "-"
                      },
                      {
                        "v": "gal",
                        "gdl_utf8": "𒃲",
                        "id": "Q007368.4.4.1",
                        "delim": "-"
                      },
                      {
                        "v": "e",
                        "gdl_utf8": "𒂊",
                        "id": "Q007368.4.4.2",
                        "delim": "-"
                      },
                      {
                        "v": "ne",
                        "gdl_utf8": "𒉈",
                        "id": "Q007368.4.4.3"
                      }
                    ],
                    "cf": "gal",
                    "gw": "big",
                    "sense": "(to be) big, great",
                    "norm0": "gal;e.ene",
                    "pos": "V/i",
                    "epos": "V/i",
                    "base": "gal-gal",
                    "morph": "~;e.ene"
                  }
                },
                {
                  "node": "d",
                  "type": "line-start",
                  "ref": "Q007368.5",
                  "n": "4",
                  "label": "i 4"
                },
                {
                  "node": "l",
                  "frag": "uŋnim",
                  "id": "Q007368.l02c5d",
                  "ref": "Q007368.5.1",
                  "inst": "ugnim[army]N",
                  "sig": "@ribo/babylon0%sux:uŋnim=ugnim[army//army]N'N$ugnim/uŋnim#~",
                  "f": {
                    "lang": "sux",
                    "form": "uŋnim",
                    "delim": "",
                    "gdl": [
                      {
                        "v": "uŋnim",
                        "gdl_utf8": "𒆠𒋢𒇻𒂠𒃻",
                        "id": "Q007368.5.1.0"
                      }
                    ],
                    "cf": "ugnim",
                    "gw": "army",
                    "sense": "army",
                    "norm0": "ugnim",
                    "pos": "N",
                    "epos": "N",
                    "base": "uŋnim",
                    "morph": "~"
                  }
                },
                {
                  "node": "l",
                  "frag": "elam{ki}ma",
                  "id": "Q007368.l02c5e",
                  "ref": "Q007368.5.2",
                  "inst": "Elam[1]GN",
                  "sig": "@ribo/babylon0%sux:elam{ki}-ma=Elam[1//1]GN'GN$Elam,a/elam{ki}+-ma=m.a#~,a",
                  "f": {
                    "lang": "sux",
                    "form": "elam{ki}-ma",
                    "gdl": [
                      {
                        "v": "elam",
                        "gdl_utf8": "𒉏",
                        "id": "Q007368.5.2.0"
                      },
                      {
                        "det": "semantic",
                        "pos": "post",
                        "delim": "-",
                        "seq": [
                          {
                            "v": "ki",
                            "gdl_utf8": "𒆠",
                            "id": "Q007368.5.2.1"
                          }
                        ]
                      },
                      {
                        "v": "ma",
                        "gdl_utf8": "𒈠",
                        "id": "Q007368.5.2.2"
                      }
                    ],
                    "cf": "Elam",
                    "gw": "1",
                    "sense": "1",
                    "norm0": "Elam,a",
                    "pos": "GN",
                    "epos": "GN",
                    "base": "elam{ki}",
                    "cont": "-ma=m.a",
                    "morph": "~,a"
                  }
                },
                {
                  "node": "d",
                  "type": "line-start",
                  "ref": "Q007368.6",
                  "n": "5",
                  "label": "i 5"
                },
                {
                  "node": "l",
                  "frag": "za₃",
                  "id": "Q007368.l02c5f",
                  "ref": "Q007368.6.1",
                  "inst": "zag[border, boundary, district]N",
                  "sig": "@ribo/babylon0%sux:za₃=zag[side//border, boundary, district]N'N$zag/za₃#~",
                  "f": {
                    "lang": "sux",
                    "form": "za₃",
                    "delim": "",
                    "gdl": [
                      {
                        "v": "za₃",
                        "gdl_utf8": "𒍠",
                        "id": "Q007368.6.1.0"
                      }
                    ],
                    "cf": "zag",
                    "gw": "side",
                    "sense": "border, boundary, district",
                    "norm0": "zag",
                    "pos": "N",
                    "epos": "N",
                    "base": "za₃",
                    "morph": "~"
                  }
                },
                {
                  "node": "l",
                  "frag": "mar-ha-ši-ta",
                  "id": "Q007368.l02c60",
                  "ref": "Q007368.6.2",
                  "inst": "Marhaši[1]GN",
                  "sig": "@ribo/babylon0%sux:mar-ha-ši-ta=Marhaši[1//1]GN'GN$Marhaši,ta/mar-ha-ši#~,ta",
                  "f": {
                    "lang": "sux",
                    "form": "mar-ha-ši-ta",
                    "gdl": [
                      {
                        "v": "mar",
                        "gdl_utf8": "𒈥",
                        "id": "Q007368.6.2.0",
                        "delim": "-"
                      },
                      {
                        "v": "ha",
                        "gdl_utf8": "𒄩",
                        "id": "Q007368.6.2.1",
                        "delim": "-"
                      },
                      {
                        "v": "ši",
                        "gdl_utf8": "𒅆",
                        "id": "Q007368.6.2.2",
                        "delim": "-"
                      },
                      {
                        "v": "ta",
                        "gdl_utf8": "𒋫",
                        "id": "Q007368.6.2.3"
                      }
                    ],
                    "cf": "Marhaši",
                    "gw": "1",
                    "sense": "1",
                    "norm0": "Marhaši,ta",
                    "pos": "GN",
                    "epos": "GN",
                    "base": "mar-ha-ši",
                    "morph": "~,ta"
                  }
                },
                {
                  "node": "d",
                  "type": "line-start",
                  "ref": "Q007368.7",
                  "n": "6",
                  "label": "i 6"
                },
                {
                  "node": "l",
                  "frag": "suburₓ(|SU.EDIN|){ki}",
                  "id": "Q007368.l02c61",
                  "ref": "Q007368.7.1",
                  "inst": "Subartu[1]GN",
                  "sig": "@ribo/babylon0%sux:suburₓ(|SU.EDIN|){ki}=Subartu[1//1]GN'GN$Subartu/suburₓ(|SU.EDIN|){ki}#~",
                  "f": {
                    "lang": "sux",
                    "form": "suburₓ(|SU.EDIN|){ki}",
                    "delim": "",
                    "gdl": [
                      {
                        "q": "suburₓ(|SU.EDIN|)",
                        "id": "Q007368.7.1.0",
                        "qualified": [
                          {
                            "v": "suburₓ"
                          },
                          {
                            "c": "|SU.EDIN|",
                            "gdl_utf8": "𒋢𒂔",
                            "seq": [
                              {
                                "s": "SU"
                              },
                              {
                                "o": "beside"
                              },
                              {
                                "s": "EDIN"
                              }
                            ]
                          }
                        ]
                      },
                      {
                        "det": "semantic",
                        "pos": "post",
                        "seq": [
                          {
                            "v": "ki",
                            "gdl_utf8": "𒆠",
                            "id": "Q007368.7.1.1"
                          }
                        ]
                      }
                    ],
                    "cf": "Subartu",
                    "gw": "1",
                    "sense": "1",
                    "norm0": "Subartu",
                    "pos": "GN",
                    "epos": "GN",
                    "base": "suburₓ(|SU.EDIN|){ki}",
                    "morph": "~"
                  }
                },
                {
                  "node": "l",
                  "frag": "gu-ti-um{ki}",
                  "id": "Q007368.l02c62",
                  "ref": "Q007368.7.2",
                  "inst": "Gutium[1]GN",
                  "sig": "@ribo/babylon0%sux:gu-ti-um{ki}=Gutium[1//1]GN'GN$Gutium/gu-ti-um{ki}#~",
                  "f": {
                    "lang": "sux",
                    "form": "gu-ti-um{ki}",
                    "gdl": [
                      {
                        "v": "gu",
                        "gdl_utf8": "𒄖",
                        "id": "Q007368.7.2.0",
                        "delim": "-"
                      },
                      {
                        "v": "ti",
                        "gdl_utf8": "𒋾",
                        "id": "Q007368.7.2.1",
                        "delim": "-"
                      },
                      {
                        "v": "um",
                        "gdl_utf8": "𒌝",
                        "id": "Q007368.7.2.2"
                      },
                      {
                        "det": "semantic",
                        "pos": "post",
                        "seq": [
                          {
                            "v": "ki",
                            "gdl_utf8": "𒆠",
                            "id": "Q007368.7.2.3"
                          }
                        ]
                      }
                    ],
                    "cf": "Gutium",
                    "gw": "1",
                    "sense": "1",
                    "norm0": "Gutium",
                    "pos": "GN",
                    "epos": "GN",
                    "base": "gu-ti-um{ki}",
                    "morph": "~"
                  }
                },
                {
                  "node": "d",
                  "type": "line-start",
                  "ref": "Q007368.8",
                  "n": "7",
                  "label": "i 7"
                },
                {
                  "node": "l",
                  "frag": "eš₃-nun-na{ki}",
                  "id": "Q007368.l02c63",
                  "ref": "Q007368.8.1",
                  "inst": "Ešnunna[1]SN",
                  "sig": "@ribo/babylon0%sux:eš₃-nun-na{ki}=Ešnunna[1//1]SN'SN$Ešnunna/eš₃-nun-na{ki}#~",
                  "f": {
                    "lang": "sux",
                    "form": "eš₃-nun-na{ki}",
                    "delim": "",
                    "gdl": [
                      {
                        "v": "eš₃",
                        "gdl_utf8": "𒀊",
                        "id": "Q007368.8.1.0",
                        "delim": "-"
                      },
                      {
                        "v": "nun",
                        "gdl_utf8": "𒉣",
                        "id": "Q007368.8.1.1",
                        "delim": "-"
                      },
                      {
                        "v": "na",
                        "gdl_utf8": "𒈾",
                        "id": "Q007368.8.1.2"
                      },
                      {
                        "det": "semantic",
                        "pos": "post",
                        "seq": [
                          {
                            "v": "ki",
                            "gdl_utf8": "𒆠",
                            "id": "Q007368.8.1.3"
                          }
                        ]
                      }
                    ],
                    "cf": "Ešnunna",
                    "gw": "1",
                    "sense": "1",
                    "norm0": "Ešnunna",
                    "pos": "SN",
                    "epos": "SN",
                    "base": "eš₃-nun-na{ki}",
                    "morph": "~"
                  }
                },
                {
                  "node": "l",
                  "frag": "u₃",
                  "id": "Q007368.l02c64",
                  "ref": "Q007368.8.2",
                  "inst": "u[and]CNJ",
                  "sig": "@ribo/babylon0%sux:u₃=u[and//and]CNJ'CNJ$u/u₃#~",
                  "f": {
                    "lang": "sux",
                    "form": "u₃",
                    "delim": "",
                    "gdl": [
                      {
                        "v": "u₃",
                        "gdl_utf8": "𒅇",
                        "id": "Q007368.8.2.0"
                      }
                    ],
                    "cf": "u",
                    "gw": "and",
                    "sense": "and",
                    "norm0": "u",
                    "pos": "CNJ",
                    "epos": "CNJ",
                    "base": "u₃",
                    "morph": "~"
                  }
                },
                {
                  "node": "l",
                  "frag": "ma₃-al-gi{ki}",
                  "id": "Q007368.l02c65",
                  "ref": "Q007368.8.3",
                  "inst": "Malgium[1]SN",
                  "sig": "@ribo/babylon0%sux:ma₃-al-gi{ki}=Malgium[1//1]SN'SN$Malgium/ma₃-al-gi{ki}#~",
                  "f": {
                    "lang": "sux",
                    "form": "ma₃-al-gi{ki}",
                    "gdl": [
                      {
                        "v": "ma₃",
                        "gdl_utf8": "𒂷",
                        "id": "Q007368.8.3.0",
                        "delim": "-"
                      },
                      {
                        "v": "al",
                        "gdl_utf8": "𒀠",
                        "id": "Q007368.8.3.1",
                        "delim": "-"
                      },
                      {
                        "v": "gi",
                        "gdl_utf8": "𒄀",
                        "id": "Q007368.8.3.2"
                      },
                      {
                        "det": "semantic",
                        "pos": "post",
                        "seq": [
                          {
                            "v": "ki",
                            "gdl_utf8": "𒆠",
                            "id": "Q007368.8.3.3"
                          }
                        ]
                      }
                    ],
                    "cf": "Malgium",
                    "gw": "1",
                    "sense": "1",
                    "norm0": "Malgium",
                    "pos": "SN",
                    "epos": "SN",
                    "base": "ma₃-al-gi{ki}",
                    "morph": "~"
                  }
                },
                {
                  "node": "d",
                  "type": "line-start",
                  "ref": "Q007368.9",
                  "n": "8",
                  "label": "i 8"
                },
                {
                  "node": "l",
                  "frag": "nam-dugud-bi",
                  "id": "Q007368.l02c66",
                  "ref": "Q007368.9.1",
                  "inst": "namdugud[heaviness]N",
                  "sig": "@ribo/babylon0%sux:nam-dugud-bi=namdugud[heaviness//heaviness]N'N$namdugud,bi/nam-dugud#~,bi",
                  "f": {
                    "lang": "sux",
                    "form": "nam-dugud-bi",
                    "delim": "",
                    "gdl": [
                      {
                        "v": "nam",
                        "gdl_utf8": "𒉆",
                        "id": "Q007368.9.1.0",
                        "delim": "-"
                      },
                      {
                        "v": "dugud",
                        "gdl_utf8": "𒂂",
                        "id": "Q007368.9.1.1",
                        "delim": "-"
                      },
                      {
                        "v": "bi",
                        "gdl_utf8": "𒁉",
                        "id": "Q007368.9.1.2"
                      }
                    ],
                    "cf": "namdugud",
                    "gw": "heaviness",
                    "sense": "heaviness",
                    "norm0": "namdugud,bi",
                    "pos": "N",
                    "epos": "N",
                    "base": "nam-dugud",
                    "morph": "~,bi"
                  }
                },
                {
                  "node": "l",
                  "frag": "i-im-zi-zi-eš-am₃",
                  "id": "Q007368.l02c67",
                  "ref": "Q007368.9.2",
                  "inst": "zig[rise//to levy, raise, muster]V/i'V/t",
                  "sig": "@ribo/babylon0%sux:i-im-zi-zi-eš-am₃=zig[rise//to levy, raise, muster]V/i'V/t$V.m:zig;eš.am/zi-zi#V.m:~;eš.am",
                  "f": {
                    "lang": "sux",
                    "form": "i-im-zi-zi-eš-am₃",
                    "gdl": [
                      {
                        "v": "i",
                        "gdl_utf8": "𒄿",
                        "id": "Q007368.9.2.0",
                        "delim": "-"
                      },
                      {
                        "v": "im",
                        "gdl_utf8": "𒅎",
                        "id": "Q007368.9.2.1",
                        "delim": "-"
                      },
                      {
                        "v": "zi",
                        "gdl_utf8": "𒍣",
                        "id": "Q007368.9.2.2",
                        "delim": "-"
                      },
                      {
                        "v": "zi",
                        "gdl_utf8": "𒍣",
                        "id": "Q007368.9.2.3",
                        "delim": "-"
                      },
                      {
                        "v": "eš",
                        "gdl_utf8": "𒌍",
                        "id": "Q007368.9.2.4",
                        "delim": "-"
                      },
                      {
                        "v": "am₃",
                        "gdl_utf8": "𒀀𒀭",
                        "id": "Q007368.9.2.5"
                      }
                    ],
                    "cf": "zig",
                    "gw": "rise",
                    "sense": "to levy, raise, muster",
                    "norm0": "V.m:zig;eš.am",
                    "pos": "V/i",
                    "epos": "V/t",
                    "base": "zi-zi",
                    "morph": "V.m:~;eš.am"
                  }
                },
                {
                  "node": "d",
                  "type": "line-start",
                  "ref": "Q007368.10",
                  "n": "9",
                  "label": "i 9"
                },
                {
                  "node": "c",
                  "type": "phrase",
                  "tag": "phr",
                  "id": "Q007368.U4",
                  "ref": "Q007368.ls00000",
                  "cdl": [
                    {
                      "node": "l",
                      "frag": "gar₃",
                      "id": "Q007368.l02c68",
                      "ref": "Q007368.10.1",
                      "inst": "gar[cvne]N",
                      "sig": "@ribo/babylon0%sux:gar₃=gar[cvne//(compound verb nominal element)]N'N$gar/gar₃#~",
                      "f": {
                        "lang": "sux",
                        "form": "gar₃",
                        "delim": "",
                        "gdl": [
                          {
                            "v": "gar₃",
                            "gdl_utf8": "𒃼",
                            "id": "Q007368.10.1.0"
                          }
                        ],
                        "cf": "gar",
                        "gw": "cvne",
                        "sense": "(compound verb nominal element)",
                        "norm0": "gar",
                        "pos": "N",
                        "epos": "N",
                        "base": "gar₃",
                        "morph": "~"
                      }
                    },
                    {
                      "node": "l",
                      "frag": "dar-a-bi",
                      "id": "Q007368.l02c69",
                      "ref": "Q007368.10.2",
                      "inst": "dar[split//to split, split up]V/t'V/t",
                      "sig": "@ribo/babylon0%sux:dar-a-bi=dar[split//to split, split up]V/t'V/t$dar;a,bi/dar#~;a,bi",
                      "f": {
                        "lang": "sux",
                        "form": "dar-a-bi",
                        "delim": "",
                        "gdl": [
                          {
                            "v": "dar",
                            "gdl_utf8": "𒁯",
                            "id": "Q007368.10.2.0",
                            "delim": "-"
                          },
                          {
                            "v": "a",
                            "gdl_utf8": "𒀀",
                            "id": "Q007368.10.2.1",
                            "delim": "-"
                          },
                          {
                            "v": "bi",
                            "gdl_utf8": "𒁉",
                            "id": "Q007368.10.2.2"
                          }
                        ],
                        "cf": "dar",
                        "gw": "split",
                        "sense": "to split, split up",
                        "norm0": "dar;a,bi",
                        "pos": "V/t",
                        "epos": "V/t",
                        "base": "dar",
                        "morph": "~;a,bi"
                      }
                    }
                  ]
                },
                {
                  "node": "l",
                  "frag": "i-ni-in-ŋar-ra-a",
                  "id": "Q007368.l02c6a",
                  "ref": "Q007368.10.3",
                  "inst": "ŋar[place//to put, place, lay down]V/t'V/t",
                  "sig": "@ribo/babylon0%sux:i-ni-in-ŋar-ra-a=ŋar[place//to put, place, lay down]V/t'V/t$V.i.n:ŋar;a,a/ŋar+-ra=r.a#V.i.n:~;a,a",
                  "f": {
                    "lang": "sux",
                    "form": "i-ni-in-ŋar-ra-a",
                    "gdl": [
                      {
                        "v": "i",
                        "gdl_utf8": "𒄿",
                        "id": "Q007368.10.3.0",
                        "delim": "-"
                      },
                      {
                        "v": "ni",
                        "gdl_utf8": "𒉌",
                        "id": "Q007368.10.3.1",
                        "delim": "-"
                      },
                      {
                        "v": "in",
                        "gdl_utf8": "𒅔",
                        "id": "Q007368.10.3.2",
                        "delim": "-"
                      },
                      {
                        "v": "ŋar",
                        "gdl_utf8": "𒃻",
                        "id": "Q007368.10.3.3",
                        "delim": "-"
                      },
                      {
                        "v": "ra",
                        "gdl_utf8": "𒊏",
                        "id": "Q007368.10.3.4",
                        "delim": "-"
                      },
                      {
                        "v": "a",
                        "gdl_utf8": "𒀀",
                        "id": "Q007368.10.3.5"
                      }
                    ],
                    "cf": "ŋar",
                    "gw": "place",
                    "sense": "to put, place, lay down",
                    "norm0": "V.i.n:ŋar;a,a",
                    "pos": "V/t",
                    "epos": "V/t",
                    "base": "ŋar",
                    "cont": "-ra=r.a",
                    "morph": "V.i.n:~;a,a"
                  }
                },
                {
                  "node": "d",
                  "type": "line-start",
                  "ref": "Q007368.11",
                  "n": "10",
                  "label": "i 10"
                },
                {
                  "node": "l",
                  "frag": "suhuš",
                  "id": "Q007368.l02c6b",
                  "ref": "Q007368.11.1",
                  "inst": "suhuš[foundation]N",
                  "sig": "@ribo/babylon0%sux:suhuš=suhuš[foundation//foundation]N'N$suhuš/suhuš#~",
                  "f": {
                    "lang": "sux",
                    "form": "suhuš",
                    "delim": "",
                    "gdl": [
                      {
                        "v": "suhuš",
                        "gdl_utf8": "𒁼",
                        "id": "Q007368.11.1.0"
                      }
                    ],
                    "cf": "suhuš",
                    "gw": "foundation",
                    "sense": "foundation",
                    "norm0": "suhuš",
                    "pos": "N",
                    "epos": "N",
                    "base": "suhuš",
                    "morph": "~"
                  }
                },
                {
                  "node": "l",
                  "frag": "ki-en-gi",
                  "id": "Q007368.l02c6c",
                  "ref": "Q007368.11.2",
                  "inst": "Kiʾengir[Sumer]GN",
                  "sig": "@ribo/babylon0%sux:ki-en-gi=Kiʾengir[Sumer//Sumer]GN'GN$Kiʾengir/ki-en-gi#~",
                  "f": {
                    "lang": "sux",
                    "form": "ki-en-gi",
                    "delim": "",
                    "gdl": [
                      {
                        "v": "ki",
                        "gdl_utf8": "𒆠",
                        "id": "Q007368.11.2.0",
                        "delim": "-"
                      },
                      {
                        "v": "en",
                        "gdl_utf8": "𒂗",
                        "id": "Q007368.11.2.1",
                        "delim": "-"
                      },
                      {
                        "v": "gi",
                        "gdl_utf8": "𒄀",
                        "id": "Q007368.11.2.2"
                      }
                    ],
                    "cf": "Kiʾengir",
                    "gw": "Sumer",
                    "sense": "Sumer",
                    "norm0": "Kiʾengir",
                    "pos": "GN",
                    "epos": "GN",
                    "base": "ki-en-gi",
                    "morph": "~"
                  }
                },
                {
                  "node": "l",
                  "frag": "ki-uri",
                  "id": "Q007368.l02c6d",
                  "ref": "Q007368.11.3",
                  "inst": "Uri[Akkad]GN",
                  "sig": "@ribo/babylon0%sux:ki-uri=Uri[Akkad//Akkad]GN'GN$Uri/ki-uri#~",
                  "f": {
                    "lang": "sux",
                    "form": "ki-uri",
                    "delim": "",
                    "gdl": [
                      {
                        "v": "ki",
                        "gdl_utf8": "𒆠",
                        "id": "Q007368.11.3.0",
                        "delim": "-"
                      },
                      {
                        "v": "uri",
                        "gdl_utf8": "𒌵",
                        "id": "Q007368.11.3.1"
                      }
                    ],
                    "cf": "Uri",
                    "gw": "Akkad",
                    "sense": "Akkad",
                    "norm0": "Uri",
                    "pos": "GN",
                    "epos": "GN",
                    "base": "ki-uri",
                    "morph": "~"
                  }
                },
                {
                  "node": "l",
                  "frag": "i-ni-in-ge-na(BI)",
                  "id": "Q007368.l02c6e",
                  "ref": "Q007368.11.4",
                  "inst": "gin[firm//to make firm]V/i'V/t",
                  "sig": "@ribo/babylon0%sux:i-ni-in-ge-na=gin[firm//to make firm]V/i'V/t$V.i.n:gin;a/ge-n·a#V.i.n:~;a",
                  "f": {
                    "lang": "sux",
                    "form": "i-ni-in-ge-na",
                    "gdl": [
                      {
                        "v": "i",
                        "gdl_utf8": "𒄿",
                        "id": "Q007368.11.4.0",
                        "delim": "-"
                      },
                      {
                        "v": "ni",
                        "gdl_utf8": "𒉌",
                        "id": "Q007368.11.4.1",
                        "delim": "-"
                      },
                      {
                        "v": "in",
                        "gdl_utf8": "𒅔",
                        "id": "Q007368.11.4.2",
                        "delim": "-"
                      },
                      {
                        "v": "ge",
                        "gdl_utf8": "𒄀",
                        "id": "Q007368.11.4.3",
                        "delim": "-"
                      },
                      {
                        "gg": "correction",
                        "gdl_type": "correction",
                        "group": [
                          {
                            "v": "na",
                            "gdl_utf8": "𒈾",
                            "id": "Q007368.11.4.4",
                            "gdl_remarked": "1"
                          },
                          {
                            "s": "BI",
                            "gdl_utf8": "𒁉"
                          }
                        ]
                      }
                    ],
                    "cf": "gin",
                    "gw": "firm",
                    "sense": "to make firm",
                    "norm0": "V.i.n:gin;a",
                    "pos": "V/i",
                    "epos": "V/t",
                    "base": "ge-n·a",
                    "morph": "V.i.n:~;a"
                  }
                }
              ]
            }
          ]
        }
      ]
    },
    {
      "linkbase": [
        {
          "type": "linkset",
          "xlink_title": "gar dar[advance//to advance victorously]V/t'V/t",
          "id": "Q007368.ls00000",
          "xlink_type": "extended",
          "xlink_role": "psu",
          "sig": "{gar₃ dar-a-bi = gar[cvne]N dar[split]V/t += gar dar[advance//to advance victorously]V/t'V/t}::@ribo/babylon0%sux:gar₃=gar[cvne//(compound verb nominal element)]N'N$gar/gar₃#~++@ribo/babylon0%sux:dar-a-bi=dar[split//to split, split up]V/t'V/t$dar;a,bi/dar#~;a,bi",
          "links": [
            {
              "type": "link",
              "xlink_title": "gar",
              "xlink_type": "locator",
              "xlink_href": "#Q007368.l02c68",
              "xlink_role": "elt"
            },
            {
              "type": "link",
              "xlink_title": "dar",
              "xlink_type": "locator",
              "xlink_href": "#Q007368.l02c69",
              "xlink_role": "elt"
            }
          ]
        }
      ]
    }
  ]
}
