{
  "type": "cdl",
  "project": "ribo/babylon0",
  "source": "http://oracc.org/ribo/babylon0",
  "license": "This data is released under the CC0 license",
  "license-url": "https://creativecommons.org/publicdomain/zero/1.0/",
  "more-info": "http://oracc.org/doc/opendata/",
  "UTC-timestamp": "2019-01-12T08:23:14",
  "textid": "Q007385",
  "cdl": [
    {
      "node": "c",
      "type": "text",
      "id": "Q007385.U0",
      "cdl": [
        {
          "node": "d",
          "type": "object",
          "ref": ""
        },
        {
          "node": "d",
          "type": "surface",
          "ref": ""
        },
        {
          "node": "c",
          "type": "discourse",
          "subtype": "body",
          "id": "Q007385.U1",
          "cdl": [
            {
              "node": "c",
              "type": "sentence",
              "implicit": "yes",
              "id": "Q007385.U2",
              "label": "5 - 7",
              "cdl": [
                {
                  "node": "d",
                  "type": "line-start",
                  "ref": "Q007385.1",
                  "n": "5",
                  "label": "5"
                },
                {
                  "node": "l",
                  "frag": "mu",
                  "id": "Q007385.l03678",
                  "ref": "Q007385.1.1",
                  "inst": "mu[year]N",
                  "sig": "@ribo/babylon0%sux:mu=mu[year//year]N'N$mu/mu#~",
                  "f": {
                    "lang": "sux",
                    "form": "mu",
                    "delim": "",
                    "gdl": [
                      {
                        "v": "mu",
                        "gdl_utf8": "𒈬",
                        "id": "Q007385.1.1.0"
                      }
                    ],
                    "cf": "mu",
                    "gw": "year",
                    "sense": "year",
                    "norm0": "mu",
                    "pos": "N",
                    "epos": "N",
                    "base": "mu",
                    "morph": "~"
                  }
                },
                {
                  "node": "l",
                  "frag": "(sa-am-su-i-lu-na",
                  "id": "Q007385.l03679",
                  "ref": "Q007385.1.2",
                  "inst": "Samsu-iluna[king of Babylon]RN",
                  "sig": "@ribo/babylon0%sux:sa-am-su-i-lu-na=Samsu-iluna[king of Babylon//king of Babylon]RN'RN$Samsu-iluna/sa-am-su-i-lu-na#~",
                  "f": {
                    "lang": "sux",
                    "form": "sa-am-su-i-lu-na",
                    "delim": "",
                    "gdl": [
                      {
                        "v": "sa",
                        "gdl_utf8": "𒊓",
                        "id": "Q007385.1.2.0",
                        "statusStart": "1",
                        "o": "(",
                        "delim": "-"
                      },
                      {
                        "v": "am",
                        "gdl_utf8": "𒄠",
                        "id": "Q007385.1.2.1",
                        "delim": "-"
                      },
                      {
                        "v": "su",
                        "gdl_utf8": "𒋢",
                        "id": "Q007385.1.2.2",
                        "delim": "-"
                      },
                      {
                        "v": "i",
                        "gdl_utf8": "𒄿",
                        "id": "Q007385.1.2.3",
                        "delim": "-"
                      },
                      {
                        "v": "lu",
                        "gdl_utf8": "𒇻",
                        "id": "Q007385.1.2.4",
                        "delim": "-"
                      },
                      {
                        "v": "na",
                        "gdl_utf8": "𒈾",
                        "id": "Q007385.1.2.5"
                      }
                    ],
                    "cf": "Samsu-iluna",
                    "gw": "king of Babylon",
                    "sense": "king of Babylon",
                    "norm0": "Samsu-iluna",
                    "pos": "RN",
                    "epos": "RN",
                    "base": "sa-am-su-i-lu-na",
                    "morph": "~"
                  }
                },
                {
                  "node": "l",
                  "frag": "lugal-e)",
                  "id": "Q007385.l0367a",
                  "ref": "Q007385.1.3",
                  "inst": "lugal[king]N",
                  "sig": "@ribo/babylon0%sux:lugal-e=lugal[king//king]N'N$lugal,e/lugal#~,e",
                  "f": {
                    "lang": "sux",
                    "form": "lugal-e",
                    "delim": "",
                    "gdl": [
                      {
                        "v": "lugal",
                        "gdl_utf8": "𒈗",
                        "id": "Q007385.1.3.0",
                        "delim": "-"
                      },
                      {
                        "v": "e",
                        "gdl_utf8": "𒂊",
                        "id": "Q007385.1.3.1",
                        "o": ")",
                        "statusStart": "Q007385.1.2.0"
                      }
                    ],
                    "cf": "lugal",
                    "gw": "king",
                    "sense": "king",
                    "norm0": "lugal,e",
                    "pos": "N",
                    "epos": "N",
                    "base": "lugal",
                    "morph": "~,e"
                  }
                },
                {
                  "node": "l",
                  "frag": "ki-in-du-a",
                  "id": "Q007385.l0367b",
                  "ref": "Q007385.1.4",
                  "inst": "kindu[path]N",
                  "sig": "@ribo/babylon0%sux:ki-in-du-a=kindu[path//path]N'N$kindu,a/ki-in-du#~,a",
                  "f": {
                    "lang": "sux",
                    "form": "ki-in-du-a",
                    "delim": "",
                    "gdl": [
                      {
                        "v": "ki",
                        "gdl_utf8": "𒆠",
                        "id": "Q007385.1.4.0",
                        "delim": "-"
                      },
                      {
                        "v": "in",
                        "gdl_utf8": "𒅔",
                        "id": "Q007385.1.4.1",
                        "delim": "-"
                      },
                      {
                        "v": "du",
                        "gdl_utf8": "𒁺",
                        "id": "Q007385.1.4.2",
                        "delim": "-"
                      },
                      {
                        "v": "a",
                        "gdl_utf8": "𒀀",
                        "id": "Q007385.1.4.3"
                      }
                    ],
                    "cf": "kindu",
                    "gw": "path",
                    "sense": "path",
                    "norm0": "kindu,a",
                    "pos": "N",
                    "epos": "N",
                    "base": "ki-in-du",
                    "morph": "~,a"
                  }
                },
                {
                  "node": "l",
                  "frag": "niŋ₂",
                  "id": "Q007385.l0367c",
                  "ref": "Q007385.1.5",
                  "inst": "niŋ[something]N",
                  "sig": "@ribo/babylon0%sux:niŋ₂=niŋ[thing//something]N'N$niŋ/niŋ₂#~",
                  "f": {
                    "lang": "sux",
                    "form": "niŋ₂",
                    "delim": "",
                    "gdl": [
                      {
                        "v": "niŋ₂",
                        "gdl_utf8": "𒃻",
                        "id": "Q007385.1.5.0"
                      }
                    ],
                    "cf": "niŋ",
                    "gw": "thing",
                    "sense": "something",
                    "norm0": "niŋ",
                    "pos": "N",
                    "epos": "N",
                    "base": "niŋ₂",
                    "morph": "~"
                  }
                },
                {
                  "node": "l",
                  "frag": "u₄",
                  "id": "Q007385.l0367d",
                  "ref": "Q007385.1.6",
                  "inst": "ud[day]N",
                  "sig": "@ribo/babylon0%sux:u₄=ud[sun//day]N'N$ud/u₄#~",
                  "f": {
                    "lang": "sux",
                    "form": "u₄",
                    "delim": "",
                    "gdl": [
                      {
                        "v": "u₄",
                        "gdl_utf8": "𒌓",
                        "id": "Q007385.1.6.0"
                      }
                    ],
                    "cf": "ud",
                    "gw": "sun",
                    "sense": "day",
                    "norm0": "ud",
                    "pos": "N",
                    "epos": "N",
                    "base": "u₄",
                    "morph": "~"
                  }
                },
                {
                  "node": "l",
                  "frag": "ul-a-ta",
                  "id": "Q007385.l0367e",
                  "ref": "Q007385.1.7",
                  "inst": "ul[(to be) distant (in time)]V/i",
                  "sig": "@ribo/babylon0%sux:ul-a-ta=ul[distant//(to be) distant (in time)]V/i'V/i$ul;a,ta/ul#~;a,ta",
                  "f": {
                    "lang": "sux",
                    "form": "ul-a-ta",
                    "delim": "",
                    "gdl": [
                      {
                        "v": "ul",
                        "gdl_utf8": "𒌌",
                        "id": "Q007385.1.7.0",
                        "delim": "-"
                      },
                      {
                        "v": "a",
                        "gdl_utf8": "𒀀",
                        "id": "Q007385.1.7.1",
                        "delim": "-"
                      },
                      {
                        "v": "ta",
                        "gdl_utf8": "𒋫",
                        "id": "Q007385.1.7.2"
                      }
                    ],
                    "cf": "ul",
                    "gw": "distant",
                    "sense": "(to be) distant (in time)",
                    "norm0": "ul;a,ta",
                    "pos": "V/i",
                    "epos": "V/i",
                    "base": "ul",
                    "morph": "~;a,ta"
                  }
                },
                {
                  "node": "l",
                  "frag": "(ul-li₂-a-ta)",
                  "id": "Q007385.l0367f",
                  "ref": "Q007385.1.8",
                  "inst": "ul[(to be) distant (in time)]V/i",
                  "sig": "@ribo/babylon0%sux:ul-li₂-a-ta=ul[distant//(to be) distant (in time)]V/i'V/i$ul;a,ta/ul-li₂#~;a,ta",
                  "f": {
                    "lang": "sux",
                    "form": "ul-li₂-a-ta",
                    "delim": "",
                    "gdl": [
                      {
                        "v": "ul",
                        "gdl_utf8": "𒌌",
                        "id": "Q007385.1.8.0",
                        "statusStart": "1",
                        "o": "(",
                        "delim": "-"
                      },
                      {
                        "v": "li₂",
                        "gdl_utf8": "𒉌",
                        "id": "Q007385.1.8.1",
                        "delim": "-"
                      },
                      {
                        "v": "a",
                        "gdl_utf8": "𒀀",
                        "id": "Q007385.1.8.2",
                        "delim": "-"
                      },
                      {
                        "v": "ta",
                        "gdl_utf8": "𒋫",
                        "id": "Q007385.1.8.3",
                        "o": ")",
                        "statusStart": "Q007385.1.8.0"
                      }
                    ],
                    "cf": "ul",
                    "gw": "distant",
                    "sense": "(to be) distant (in time)",
                    "norm0": "ul;a,ta",
                    "pos": "V/i",
                    "epos": "V/i",
                    "base": "ul-li₂",
                    "morph": "~;a,ta"
                  }
                },
                {
                  "node": "l",
                  "frag": "ba-šub-ba",
                  "id": "Q007385.l03680",
                  "ref": "Q007385.1.9",
                  "inst": "šub[to fall]V/i",
                  "sig": "@ribo/babylon0%sux:ba-šub-ba=šub[fall//to fall]V/i'V/i$ba:šub;a/šub+-ba=b.a#ba:~;a",
                  "f": {
                    "lang": "sux",
                    "form": "ba-šub-ba",
                    "gdl": [
                      {
                        "v": "ba",
                        "gdl_utf8": "𒁀",
                        "id": "Q007385.1.9.0",
                        "delim": "-"
                      },
                      {
                        "v": "šub",
                        "gdl_utf8": "𒊒",
                        "id": "Q007385.1.9.1",
                        "delim": "-"
                      },
                      {
                        "v": "ba",
                        "gdl_utf8": "𒁀",
                        "id": "Q007385.1.9.2"
                      }
                    ],
                    "cf": "šub",
                    "gw": "fall",
                    "sense": "to fall",
                    "norm0": "ba:šub;a",
                    "pos": "V/i",
                    "epos": "V/i",
                    "base": "šub",
                    "cont": "-ba=b.a",
                    "morph": "ba:~;a"
                  }
                },
                {
                  "node": "d",
                  "type": "line-start",
                  "ref": "Q007385.2",
                  "n": "6",
                  "label": "6"
                },
                {
                  "node": "l",
                  "frag": "{i₇}na-qa₂-ab-nu-uh₂-ši",
                  "id": "Q007385.l03681",
                  "ref": "Q007385.2.1",
                  "inst": "Samsu-iluna-naqab-nuhši[1]WN",
                  "sig": "@ribo/babylon0%sux:{i₇}na-qa₂-ab-nu-uh₂-ši=Samsu-iluna-naqab-nuhši[1//1]WN'WN$Samsu-iluna-naqab-nuhši/{i₇}na-qa₂-ab-nu-uh₂-ši#~",
                  "f": {
                    "lang": "sux",
                    "form": "{i₇}na-qa₂-ab-nu-uh₂-ši",
                    "delim": "",
                    "gdl": [
                      {
                        "det": "semantic",
                        "pos": "pre",
                        "seq": [
                          {
                            "v": "i₇",
                            "gdl_utf8": "𒀀𒇉",
                            "id": "Q007385.2.1.0"
                          }
                        ]
                      },
                      {
                        "v": "na",
                        "gdl_utf8": "𒈾",
                        "id": "Q007385.2.1.1",
                        "delim": "-"
                      },
                      {
                        "v": "qa₂",
                        "gdl_utf8": "𒂵",
                        "id": "Q007385.2.1.2",
                        "delim": "-"
                      },
                      {
                        "v": "ab",
                        "gdl_utf8": "𒀊",
                        "id": "Q007385.2.1.3",
                        "delim": "-"
                      },
                      {
                        "v": "nu",
                        "gdl_utf8": "𒉡",
                        "id": "Q007385.2.1.4",
                        "delim": "-"
                      },
                      {
                        "v": "uh₂",
                        "gdl_utf8": "𒌔",
                        "id": "Q007385.2.1.5",
                        "delim": "-"
                      },
                      {
                        "v": "ši",
                        "gdl_utf8": "𒅆",
                        "id": "Q007385.2.1.6"
                      }
                    ],
                    "cf": "Samsu-iluna-naqab-nuhši",
                    "gw": "1",
                    "sense": "1",
                    "norm0": "Samsu-iluna-naqab-nuhši",
                    "pos": "WN",
                    "epos": "WN",
                    "base": "{i₇}na-qa₂-ab-nu-uh₂-ši",
                    "morph": "~"
                  }
                },
                {
                  "node": "l",
                  "frag": "{(i₇}sa-am-su-i-lu-na-na-qa₂-ab-nu-hu-uš-ni-ši)",
                  "id": "Q007385.l03682",
                  "ref": "Q007385.2.2",
                  "inst": "Samsu-iluna-naqab-nuhši[1]WN",
                  "sig": "@ribo/babylon0%sux:{i₇}sa-am-su-i-lu-na-na-qa₂-ab-nu-hu-uš-ni-ši=Samsu-iluna-naqab-nuhši[1//1]WN'WN$Samsu-iluna-naqab-nuhši/{i₇}sa-am-su-i-lu-na-na-qa₂-ab-nu-hu-uš-ni-ši#~",
                  "f": {
                    "lang": "sux",
                    "form": "{i₇}sa-am-su-i-lu-na-na-qa₂-ab-nu-hu-uš-ni-ši",
                    "delim": "",
                    "gdl": [
                      {
                        "det": "semantic",
                        "pos": "pre",
                        "seq": [
                          {
                            "v": "i₇",
                            "gdl_utf8": "𒀀𒇉",
                            "id": "Q007385.2.2.0",
                            "statusStart": "1",
                            "o": "("
                          }
                        ]
                      },
                      {
                        "v": "sa",
                        "gdl_utf8": "𒊓",
                        "id": "Q007385.2.2.1",
                        "delim": "-"
                      },
                      {
                        "v": "am",
                        "gdl_utf8": "𒄠",
                        "id": "Q007385.2.2.2",
                        "delim": "-"
                      },
                      {
                        "v": "su",
                        "gdl_utf8": "𒋢",
                        "id": "Q007385.2.2.3",
                        "delim": "-"
                      },
                      {
                        "v": "i",
                        "gdl_utf8": "𒄿",
                        "id": "Q007385.2.2.4",
                        "delim": "-"
                      },
                      {
                        "v": "lu",
                        "gdl_utf8": "𒇻",
                        "id": "Q007385.2.2.5",
                        "delim": "-"
                      },
                      {
                        "v": "na",
                        "gdl_utf8": "𒈾",
                        "id": "Q007385.2.2.6",
                        "delim": "-"
                      },
                      {
                        "v": "na",
                        "gdl_utf8": "𒈾",
                        "id": "Q007385.2.2.7",
                        "delim": "-"
                      },
                      {
                        "v": "qa₂",
                        "gdl_utf8": "𒂵",
                        "id": "Q007385.2.2.8",
                        "delim": "-"
                      },
                      {
                        "v": "ab",
                        "gdl_utf8": "𒀊",
                        "id": "Q007385.2.2.9",
                        "delim": "-"
                      },
                      {
                        "v": "nu",
                        "gdl_utf8": "𒉡",
                        "id": "Q007385.2.2.10",
                        "delim": "-"
                      },
                      {
                        "v": "hu",
                        "gdl_utf8": "𒄷",
                        "id": "Q007385.2.2.11",
                        "delim": "-"
                      },
                      {
                        "v": "uš",
                        "gdl_utf8": "𒍑",
                        "id": "Q007385.2.2.12",
                        "delim": "-"
                      },
                      {
                        "v": "ni",
                        "gdl_utf8": "𒉌",
                        "id": "Q007385.2.2.13",
                        "delim": "-"
                      },
                      {
                        "v": "ši",
                        "gdl_utf8": "𒅆",
                        "id": "Q007385.2.2.14",
                        "o": ")",
                        "statusStart": "Q007385.2.2.0"
                      }
                    ],
                    "cf": "Samsu-iluna-naqab-nuhši",
                    "gw": "1",
                    "sense": "1",
                    "norm0": "Samsu-iluna-naqab-nuhši",
                    "pos": "WN",
                    "epos": "WN",
                    "base": "{i₇}sa-am-su-i-lu-na-na-qa₂-ab-nu-hu-uš-ni-ši",
                    "morph": "~"
                  }
                },
                {
                  "node": "l",
                  "frag": "mu-un-ba-al-la₂",
                  "id": "Q007385.l03683",
                  "ref": "Q007385.2.3",
                  "inst": "bal[to dig, excavate]V/t",
                  "sig": "@ribo/babylon0%sux:mu-un-ba-al-la₂=bal[dig//to dig, excavate]V/t'V/t$mu.n:bal;a/ba-al+-la₂=l.a#mu.n:~;a",
                  "f": {
                    "lang": "sux",
                    "form": "mu-un-ba-al-la₂",
                    "gdl": [
                      {
                        "v": "mu",
                        "gdl_utf8": "𒈬",
                        "id": "Q007385.2.3.0",
                        "delim": "-"
                      },
                      {
                        "v": "un",
                        "gdl_utf8": "𒌦",
                        "id": "Q007385.2.3.1",
                        "delim": "-"
                      },
                      {
                        "v": "ba",
                        "gdl_utf8": "𒁀",
                        "id": "Q007385.2.3.2",
                        "delim": "-"
                      },
                      {
                        "v": "al",
                        "gdl_utf8": "𒀠",
                        "id": "Q007385.2.3.3",
                        "delim": "-"
                      },
                      {
                        "v": "la₂",
                        "gdl_utf8": "𒇲",
                        "id": "Q007385.2.3.4"
                      }
                    ],
                    "cf": "bal",
                    "gw": "dig",
                    "sense": "to dig, excavate",
                    "norm0": "mu.n:bal;a",
                    "pos": "V/t",
                    "epos": "V/t",
                    "base": "ba-al",
                    "cont": "-la₂=l.a",
                    "morph": "mu.n:~;a"
                  }
                },
                {
                  "node": "d",
                  "type": "line-start",
                  "ref": "Q007385.3",
                  "n": "7",
                  "label": "7"
                },
                {
                  "node": "l",
                  "frag": "ša₃",
                  "id": "Q007385.l03684",
                  "ref": "Q007385.3.1",
                  "inst": "šag[heart]N",
                  "sig": "@ribo/babylon0%sux:ša₃=šag[heart//heart]N'N$šag/ša₃#~",
                  "f": {
                    "lang": "sux",
                    "form": "ša₃",
                    "delim": "",
                    "gdl": [
                      {
                        "v": "ša₃",
                        "gdl_utf8": "𒊮",
                        "id": "Q007385.3.1.0"
                      }
                    ],
                    "cf": "šag",
                    "gw": "heart",
                    "sense": "heart",
                    "norm0": "šag",
                    "pos": "N",
                    "epos": "N",
                    "base": "ša₃",
                    "morph": "~"
                  }
                },
                {
                  "node": "l",
                  "frag": "⸢ma⸣-da",
                  "id": "Q007385.l03685",
                  "ref": "Q007385.3.2",
                  "inst": "mada[land, country]N",
                  "sig": "@ribo/babylon0%sux:ma-da=mada[land//land, country]N'N$mada/ma-da#~",
                  "f": {
                    "lang": "sux",
                    "form": "ma-da",
                    "delim": "",
                    "gdl": [
                      {
                        "v": "ma",
                        "gdl_utf8": "𒈠",
                        "id": "Q007385.3.2.0",
                        "break": "damaged",
                        "ho": "1",
                        "delim": "-",
                        "hc": "1"
                      },
                      {
                        "v": "da",
                        "gdl_utf8": "𒁕",
                        "id": "Q007385.3.2.1",
                        "gdl_remarked": "1"
                      }
                    ],
                    "cf": "mada",
                    "gw": "land",
                    "sense": "land, country",
                    "norm0": "mada",
                    "pos": "N",
                    "epos": "N",
                    "base": "ma-da",
                    "morph": "~"
                  }
                },
                {
                  "node": "l",
                  "frag": "gana₂",
                  "id": "Q007385.l03686",
                  "ref": "Q007385.3.3",
                  "inst": "gana[field]N",
                  "sig": "@ribo/babylon0%sux:gana₂=gana[field//field]N'N$gana/gana₂#~",
                  "f": {
                    "lang": "sux",
                    "form": "gana₂",
                    "delim": "",
                    "gdl": [
                      {
                        "v": "gana₂",
                        "gdl_utf8": "𒃷",
                        "id": "Q007385.3.3.0"
                      }
                    ],
                    "cf": "gana",
                    "gw": "field",
                    "sense": "field",
                    "norm0": "gana",
                    "pos": "N",
                    "epos": "N",
                    "base": "gana₂",
                    "morph": "~"
                  }
                },
                {
                  "node": "l",
                  "frag": "daŋal",
                  "id": "Q007385.l03687",
                  "ref": "Q007385.3.4",
                  "inst": "daŋal[(to be) wide]V/i",
                  "sig": "@ribo/babylon0%sux:daŋal=daŋal[wide//(to be) wide]V/i'V/i$daŋal/daŋal#~",
                  "f": {
                    "lang": "sux",
                    "form": "daŋal",
                    "delim": "",
                    "gdl": [
                      {
                        "v": "daŋal",
                        "gdl_utf8": "𒂼",
                        "id": "Q007385.3.4.0"
                      }
                    ],
                    "cf": "daŋal",
                    "gw": "wide",
                    "sense": "(to be) wide",
                    "norm0": "daŋal",
                    "pos": "V/i",
                    "epos": "V/i",
                    "base": "daŋal",
                    "morph": "~"
                  }
                },
                {
                  "node": "l",
                  "frag": "im-ta-an-e₃",
                  "id": "Q007385.l03688",
                  "ref": "Q007385.3.5",
                  "inst": "e[leave//to bring out, send out]V/i'V/t",
                  "sig": "@ribo/babylon0%sux:im-ta-an-e₃=e[leave//to bring out, send out]V/i'V/t$V.m.ta.n:e/e₃#V.m.ta.n:~",
                  "f": {
                    "lang": "sux",
                    "form": "im-ta-an-e₃",
                    "delim": "",
                    "gdl": [
                      {
                        "v": "im",
                        "gdl_utf8": "𒅎",
                        "id": "Q007385.3.5.0",
                        "delim": "-"
                      },
                      {
                        "v": "ta",
                        "gdl_utf8": "𒋫",
                        "id": "Q007385.3.5.1",
                        "delim": "-"
                      },
                      {
                        "v": "an",
                        "gdl_utf8": "𒀭",
                        "id": "Q007385.3.5.2",
                        "delim": "-"
                      },
                      {
                        "v": "e₃",
                        "gdl_utf8": "𒌓𒁺",
                        "id": "Q007385.3.5.3"
                      }
                    ],
                    "cf": "e",
                    "gw": "leave",
                    "sense": "to bring out, send out",
                    "norm0": "V.m.ta.n:e",
                    "pos": "V/i",
                    "epos": "V/t",
                    "base": "e₃",
                    "morph": "V.m.ta.n:~"
                  }
                },
                {
                  "node": "l",
                  "frag": "bar",
                  "id": "Q007385.l03689",
                  "ref": "Q007385.3.6",
                  "inst": "bar[outside//outside, (other) side]V/t'N",
                  "sig": "@ribo/babylon0%sux:bar=bar[outside//outside, (other) side]V/t'N$bar/bar#~",
                  "f": {
                    "lang": "sux",
                    "form": "bar",
                    "delim": "",
                    "gdl": [
                      {
                        "v": "bar",
                        "gdl_utf8": "𒁇",
                        "id": "Q007385.3.6.0"
                      }
                    ],
                    "cf": "bar",
                    "gw": "outside",
                    "sense": "outside, (other) side",
                    "norm0": "bar",
                    "pos": "V/t",
                    "epos": "N",
                    "base": "bar",
                    "morph": "~"
                  }
                },
                {
                  "node": "l",
                  "frag": "⸢kalam",
                  "id": "Q007385.l0368a",
                  "ref": "Q007385.3.7",
                  "inst": "kalam[the Land (of Sumer)]N",
                  "sig": "@ribo/babylon0%sux:kalam=kalam[land//the Land (of Sumer)]N'N$kalam/kalam#~",
                  "f": {
                    "lang": "sux",
                    "form": "kalam",
                    "delim": "",
                    "gdl": [
                      {
                        "v": "kalam",
                        "gdl_utf8": "𒌦",
                        "id": "Q007385.3.7.0",
                        "break": "damaged",
                        "ho": "1"
                      }
                    ],
                    "cf": "kalam",
                    "gw": "land",
                    "sense": "the Land (of Sumer)",
                    "norm0": "kalam",
                    "pos": "N",
                    "epos": "N",
                    "base": "kalam",
                    "morph": "~"
                  }
                },
                {
                  "node": "l",
                  "frag": "e₃⸣-a",
                  "id": "Q007385.l0368b",
                  "ref": "Q007385.3.8",
                  "inst": "e[to leave, go out]V/i",
                  "sig": "@ribo/babylon0%sux:e₃-a=e[leave//to leave, go out]V/i'V/i$e;a/e₃#~;a",
                  "f": {
                    "lang": "sux",
                    "form": "e₃-a",
                    "delim": "",
                    "gdl": [
                      {
                        "v": "e₃",
                        "gdl_utf8": "𒌓𒁺",
                        "id": "Q007385.3.8.0",
                        "break": "damaged",
                        "delim": "-",
                        "hc": "1"
                      },
                      {
                        "v": "a",
                        "gdl_utf8": "𒀀",
                        "id": "Q007385.3.8.1"
                      }
                    ],
                    "cf": "e",
                    "gw": "leave",
                    "sense": "to leave, go out",
                    "norm0": "e;a",
                    "pos": "V/i",
                    "epos": "V/i",
                    "base": "e₃",
                    "morph": "~;a"
                  }
                },
                {
                  "node": "l",
                  "frag": "kur-kur-ra",
                  "id": "Q007385.l0368c",
                  "ref": "Q007385.3.9",
                  "inst": "kur[mountain(s)]N",
                  "sig": "@ribo/babylon0%sux:kur-kur-ra=kur[mountain//mountain(s)]N'N$kur,ak/kur-kur+-ra=r.a#~,ak",
                  "f": {
                    "lang": "sux",
                    "form": "kur-kur-ra",
                    "gdl": [
                      {
                        "v": "kur",
                        "gdl_utf8": "𒆳",
                        "id": "Q007385.3.9.0",
                        "delim": "-"
                      },
                      {
                        "v": "kur",
                        "gdl_utf8": "𒆳",
                        "id": "Q007385.3.9.1",
                        "delim": "-"
                      },
                      {
                        "v": "ra",
                        "gdl_utf8": "𒊏",
                        "id": "Q007385.3.9.2"
                      }
                    ],
                    "cf": "kur",
                    "gw": "mountain",
                    "sense": "mountain(s)",
                    "norm0": "kur,ak",
                    "pos": "N",
                    "epos": "N",
                    "base": "kur-kur",
                    "cont": "-ra=r.a",
                    "morph": "~,ak"
                  }
                }
              ]
            }
          ]
        }
      ]
    }
  ]
}
