{
  "type": "cdl",
  "project": "ribo/babylon0",
  "source": "http://oracc.org/ribo/babylon0",
  "license": "This data is released under the CC0 license",
  "license-url": "https://creativecommons.org/publicdomain/zero/1.0/",
  "more-info": "http://oracc.org/doc/opendata/",
  "UTC-timestamp": "2019-01-12T08:23:16",
  "textid": "Q007395",
  "cdl": [
    {
      "node": "c",
      "type": "text",
      "id": "Q007395.U0",
      "cdl": [
        {
          "node": "d",
          "type": "object",
          "ref": ""
        },
        {
          "node": "d",
          "type": "surface",
          "ref": ""
        },
        {
          "node": "c",
          "type": "discourse",
          "subtype": "body",
          "id": "Q007395.U1",
          "cdl": [
            {
              "node": "c",
              "type": "sentence",
              "implicit": "yes",
              "id": "Q007395.U2",
              "label": "1",
              "cdl": [
                {
                  "node": "d",
                  "type": "line-start",
                  "ref": "Q007395.1",
                  "n": "1",
                  "label": "1"
                },
                {
                  "node": "l",
                  "frag": "mu",
                  "id": "Q007395.l03752",
                  "ref": "Q007395.1.1",
                  "inst": "mu[year]N",
                  "sig": "@ribo/babylon0%sux:mu=mu[year//year]N'N$mu/mu#~",
                  "f": {
                    "lang": "sux",
                    "form": "mu",
                    "delim": "",
                    "gdl": [
                      {
                        "v": "mu",
                        "gdl_utf8": "𒈬",
                        "id": "Q007395.1.1.0"
                      }
                    ],
                    "cf": "mu",
                    "gw": "year",
                    "sense": "year",
                    "norm0": "mu",
                    "pos": "N",
                    "epos": "N",
                    "base": "mu",
                    "morph": "~"
                  }
                },
                {
                  "node": "l",
                  "frag": "sa-am-su-i-lu-na",
                  "id": "Q007395.l03753",
                  "ref": "Q007395.1.2",
                  "inst": "Samsu-iluna[king of Babylon]RN",
                  "sig": "@ribo/babylon0%sux:sa-am-su-i-lu-na=Samsu-iluna[king of Babylon//king of Babylon]RN'RN$Samsu-iluna/sa-am-su-i-lu-na#~",
                  "f": {
                    "lang": "sux",
                    "form": "sa-am-su-i-lu-na",
                    "delim": "",
                    "gdl": [
                      {
                        "v": "sa",
                        "gdl_utf8": "𒊓",
                        "id": "Q007395.1.2.0",
                        "delim": "-"
                      },
                      {
                        "v": "am",
                        "gdl_utf8": "𒄠",
                        "id": "Q007395.1.2.1",
                        "delim": "-"
                      },
                      {
                        "v": "su",
                        "gdl_utf8": "𒋢",
                        "id": "Q007395.1.2.2",
                        "delim": "-"
                      },
                      {
                        "v": "i",
                        "gdl_utf8": "𒄿",
                        "id": "Q007395.1.2.3",
                        "delim": "-"
                      },
                      {
                        "v": "lu",
                        "gdl_utf8": "𒇻",
                        "id": "Q007395.1.2.4",
                        "delim": "-"
                      },
                      {
                        "v": "na",
                        "gdl_utf8": "𒈾",
                        "id": "Q007395.1.2.5"
                      }
                    ],
                    "cf": "Samsu-iluna",
                    "gw": "king of Babylon",
                    "sense": "king of Babylon",
                    "norm0": "Samsu-iluna",
                    "pos": "RN",
                    "epos": "RN",
                    "base": "sa-am-su-i-lu-na",
                    "morph": "~"
                  }
                },
                {
                  "node": "l",
                  "frag": "lugal-e",
                  "id": "Q007395.l03754",
                  "ref": "Q007395.1.3",
                  "inst": "lugal[king]N",
                  "sig": "@ribo/babylon0%sux:lugal-e=lugal[king//king]N'N$lugal,e/lugal#~,e",
                  "f": {
                    "lang": "sux",
                    "form": "lugal-e",
                    "delim": "",
                    "gdl": [
                      {
                        "v": "lugal",
                        "gdl_utf8": "𒈗",
                        "id": "Q007395.1.3.0",
                        "delim": "-"
                      },
                      {
                        "v": "e",
                        "gdl_utf8": "𒂊",
                        "id": "Q007395.1.3.1"
                      }
                    ],
                    "cf": "lugal",
                    "gw": "king",
                    "sense": "king",
                    "norm0": "lugal,e",
                    "pos": "N",
                    "epos": "N",
                    "base": "lugal",
                    "morph": "~,e"
                  }
                },
                {
                  "node": "l",
                  "frag": "enim",
                  "id": "Q007395.l03755",
                  "ref": "Q007395.1.4",
                  "inst": "inim[word]N",
                  "sig": "@ribo/babylon0%sux:enim=inim[word//word]N'N$inim/enim#~",
                  "f": {
                    "lang": "sux",
                    "form": "enim",
                    "delim": "",
                    "gdl": [
                      {
                        "v": "enim",
                        "gdl_utf8": "𒅗",
                        "id": "Q007395.1.4.0"
                      }
                    ],
                    "cf": "inim",
                    "gw": "word",
                    "sense": "word",
                    "norm0": "inim",
                    "pos": "N",
                    "epos": "N",
                    "base": "enim",
                    "morph": "~"
                  }
                },
                {
                  "node": "l",
                  "frag": "{d}en-lil₂-la₂-ta",
                  "id": "Q007395.l03756",
                  "ref": "Q007395.1.5",
                  "inst": "Enlil[1]DN",
                  "sig": "@ribo/babylon0%sux:{d}en-lil₂-la₂-ta=Enlil[1//1]DN'DN$Enlil.ak.ta/{d}en-lil₂#~.ak.ta",
                  "f": {
                    "lang": "sux",
                    "form": "{d}en-lil₂-la₂-ta",
                    "delim": "",
                    "gdl": [
                      {
                        "det": "semantic",
                        "pos": "pre",
                        "seq": [
                          {
                            "v": "d",
                            "gdl_utf8": "𒀭",
                            "id": "Q007395.1.5.0"
                          }
                        ]
                      },
                      {
                        "v": "en",
                        "gdl_utf8": "𒂗",
                        "id": "Q007395.1.5.1",
                        "delim": "-"
                      },
                      {
                        "v": "lil₂",
                        "gdl_utf8": "𒆤",
                        "id": "Q007395.1.5.2",
                        "delim": "-"
                      },
                      {
                        "v": "la₂",
                        "gdl_utf8": "𒇲",
                        "id": "Q007395.1.5.3",
                        "delim": "-"
                      },
                      {
                        "v": "ta",
                        "gdl_utf8": "𒋫",
                        "id": "Q007395.1.5.4"
                      }
                    ],
                    "cf": "Enlil",
                    "gw": "1",
                    "sense": "1",
                    "norm0": "Enlil.ak.ta",
                    "pos": "DN",
                    "epos": "DN",
                    "base": "{d}en-lil₂",
                    "morph": "~.ak.ta"
                  }
                },
                {
                  "node": "l",
                  "frag": "ki-sur-ra{ki}",
                  "id": "Q007395.l03757",
                  "ref": "Q007395.1.6",
                  "inst": "Kisurra[1]SN",
                  "sig": "@ribo/babylon0%sux:ki-sur-ra{ki}=Kisurra[1//1]SN'SN$Kisurra/ki-sur-ra{ki}#~",
                  "f": {
                    "lang": "sux",
                    "form": "ki-sur-ra{ki}",
                    "delim": "",
                    "gdl": [
                      {
                        "v": "ki",
                        "gdl_utf8": "𒆠",
                        "id": "Q007395.1.6.0",
                        "delim": "-"
                      },
                      {
                        "v": "sur",
                        "gdl_utf8": "𒋩",
                        "id": "Q007395.1.6.1",
                        "delim": "-"
                      },
                      {
                        "v": "ra",
                        "gdl_utf8": "𒊏",
                        "id": "Q007395.1.6.2"
                      },
                      {
                        "det": "semantic",
                        "pos": "post",
                        "seq": [
                          {
                            "v": "ki",
                            "gdl_utf8": "𒆠",
                            "id": "Q007395.1.6.3"
                          }
                        ]
                      }
                    ],
                    "cf": "Kisurra",
                    "gw": "1",
                    "sense": "1",
                    "norm0": "Kisurra",
                    "pos": "SN",
                    "epos": "SN",
                    "base": "ki-sur-ra{ki}",
                    "morph": "~"
                  }
                },
                {
                  "node": "l",
                  "frag": "sa-bu-um{ki}bi-da-ke₄",
                  "id": "Q007395.l03758",
                  "ref": "Q007395.1.7",
                  "inst": "Sabum[1]SN",
                  "sig": "@ribo/babylon0%sux:sa-bu-um{ki}-bi-da-ke₄=Sabum[1//1]SN'SN$Sabum,bi.da.ak.e/sa-bu-um{ki}#~,bi.da.ak.e",
                  "f": {
                    "lang": "sux",
                    "form": "sa-bu-um{ki}-bi-da-ke₄",
                    "delim": "",
                    "gdl": [
                      {
                        "v": "sa",
                        "gdl_utf8": "𒊓",
                        "id": "Q007395.1.7.0",
                        "delim": "-"
                      },
                      {
                        "v": "bu",
                        "gdl_utf8": "𒁍",
                        "id": "Q007395.1.7.1",
                        "delim": "-"
                      },
                      {
                        "v": "um",
                        "gdl_utf8": "𒌝",
                        "id": "Q007395.1.7.2"
                      },
                      {
                        "det": "semantic",
                        "pos": "post",
                        "delim": "-",
                        "seq": [
                          {
                            "v": "ki",
                            "gdl_utf8": "𒆠",
                            "id": "Q007395.1.7.3"
                          }
                        ]
                      },
                      {
                        "v": "bi",
                        "gdl_utf8": "𒁉",
                        "id": "Q007395.1.7.4",
                        "delim": "-"
                      },
                      {
                        "v": "da",
                        "gdl_utf8": "𒁕",
                        "id": "Q007395.1.7.5",
                        "delim": "-"
                      },
                      {
                        "v": "ke₄",
                        "gdl_utf8": "𒆤",
                        "id": "Q007395.1.7.6"
                      }
                    ],
                    "cf": "Sabum",
                    "gw": "1",
                    "sense": "1",
                    "norm0": "Sabum,bi.da.ak.e",
                    "pos": "SN",
                    "epos": "SN",
                    "base": "sa-bu-um{ki}",
                    "morph": "~,bi.da.ak.e"
                  }
                },
                {
                  "node": "l",
                  "frag": "enim",
                  "id": "Q007395.l03759",
                  "ref": "Q007395.1.8",
                  "inst": "inim[word]N",
                  "sig": "@ribo/babylon0%sux:enim=inim[word//word]N'N$inim/enim#~",
                  "f": {
                    "lang": "sux",
                    "form": "enim",
                    "delim": "",
                    "gdl": [
                      {
                        "v": "enim",
                        "gdl_utf8": "𒅗",
                        "id": "Q007395.1.8.0"
                      }
                    ],
                    "cf": "inim",
                    "gw": "word",
                    "sense": "word",
                    "norm0": "inim",
                    "pos": "N",
                    "epos": "N",
                    "base": "enim",
                    "morph": "~"
                  }
                },
                {
                  "node": "l",
                  "frag": "si-il-la₂-aš",
                  "id": "Q007395.l0375a",
                  "ref": "Q007395.1.9",
                  "inst": "sil[to split, split apart, split off, slit]V/t",
                  "sig": "@ribo/babylon0%sux:si-il-la₂-aš=sil[split//to split, split apart, split off, slit]V/t'V/t$sil;a,eše/si-il+-la₂=l.a#~;a,eše",
                  "f": {
                    "lang": "sux",
                    "form": "si-il-la₂-aš",
                    "delim": "",
                    "gdl": [
                      {
                        "v": "si",
                        "gdl_utf8": "𒋛",
                        "id": "Q007395.1.9.0",
                        "delim": "-"
                      },
                      {
                        "v": "il",
                        "gdl_utf8": "𒅋",
                        "id": "Q007395.1.9.1",
                        "delim": "-"
                      },
                      {
                        "v": "la₂",
                        "gdl_utf8": "𒇲",
                        "id": "Q007395.1.9.2",
                        "delim": "-"
                      },
                      {
                        "v": "aš",
                        "gdl_utf8": "𒀸",
                        "id": "Q007395.1.9.3"
                      }
                    ],
                    "cf": "sil",
                    "gw": "split",
                    "sense": "to split, split apart, split off, slit",
                    "norm0": "sil;a,eše",
                    "pos": "V/t",
                    "epos": "V/t",
                    "base": "si-il",
                    "cont": "-la₂=l.a",
                    "morph": "~;a,eše"
                  }
                },
                {
                  "node": "l",
                  "frag": "bi₂-in-ku₄-ra",
                  "id": "Q007395.l0375b",
                  "ref": "Q007395.1.10",
                  "inst": "kur[enter//to make into]V/i'V/t",
                  "sig": "@ribo/babylon0%sux:bi₂-in-ku₄-ra=kur[enter//to make into]V/i'V/t$ba.i.n:kur;a/ku₄-r·a#ba.i.n:~;a",
                  "f": {
                    "lang": "sux",
                    "form": "bi₂-in-ku₄-ra",
                    "delim": "",
                    "gdl": [
                      {
                        "v": "bi₂",
                        "gdl_utf8": "𒉈",
                        "id": "Q007395.1.10.0",
                        "delim": "-"
                      },
                      {
                        "v": "in",
                        "gdl_utf8": "𒅔",
                        "id": "Q007395.1.10.1",
                        "delim": "-"
                      },
                      {
                        "v": "ku₄",
                        "gdl_utf8": "𒆭",
                        "id": "Q007395.1.10.2",
                        "delim": "-"
                      },
                      {
                        "v": "ra",
                        "gdl_utf8": "𒊏",
                        "id": "Q007395.1.10.3"
                      }
                    ],
                    "cf": "kur",
                    "gw": "enter",
                    "sense": "to make into",
                    "norm0": "ba.i.n:kur;a",
                    "pos": "V/i",
                    "epos": "V/t",
                    "base": "ku₄-r·a",
                    "morph": "ba.i.n:~;a"
                  }
                },
                {
                  "node": "l",
                  "frag": "(ki-sur-ra",
                  "id": "Q007395.l0375c",
                  "ref": "Q007395.1.11",
                  "inst": "Kisurra[1]SN",
                  "sig": "@ribo/babylon0%sux:ki-sur-ra=Kisurra[1//1]SN'SN$Kisurra/ki-sur-ra#~",
                  "f": {
                    "lang": "sux",
                    "form": "ki-sur-ra",
                    "delim": "",
                    "gdl": [
                      {
                        "v": "ki",
                        "gdl_utf8": "𒆠",
                        "id": "Q007395.1.11.0",
                        "statusStart": "1",
                        "o": "(",
                        "delim": "-"
                      },
                      {
                        "v": "sur",
                        "gdl_utf8": "𒋩",
                        "id": "Q007395.1.11.1",
                        "delim": "-"
                      },
                      {
                        "v": "ra",
                        "gdl_utf8": "𒊏",
                        "id": "Q007395.1.11.2"
                      }
                    ],
                    "cf": "Kisurra",
                    "gw": "1",
                    "sense": "1",
                    "norm0": "Kisurra",
                    "pos": "SN",
                    "epos": "SN",
                    "base": "ki-sur-ra",
                    "morph": "~"
                  }
                },
                {
                  "node": "l",
                  "frag": "ba-an-dab-ba",
                  "id": "Q007395.l0375d",
                  "ref": "Q007395.1.12",
                  "inst": "dab[to seize, take, hold]V/t",
                  "sig": "@ribo/babylon0%sux:ba-an-dab-ba=dab[seize//to seize, take, hold]V/t'V/t$ba.n:dab;a/dab+-ba=b.a#ba.n:~;a",
                  "f": {
                    "lang": "sux",
                    "form": "ba-an-dab-ba",
                    "delim": "",
                    "gdl": [
                      {
                        "v": "ba",
                        "gdl_utf8": "𒁀",
                        "id": "Q007395.1.12.0",
                        "delim": "-"
                      },
                      {
                        "v": "an",
                        "gdl_utf8": "𒀭",
                        "id": "Q007395.1.12.1",
                        "delim": "-"
                      },
                      {
                        "v": "dab",
                        "gdl_utf8": "𒁳",
                        "id": "Q007395.1.12.2",
                        "delim": "-"
                      },
                      {
                        "v": "ba",
                        "gdl_utf8": "𒁀",
                        "id": "Q007395.1.12.3"
                      }
                    ],
                    "cf": "dab",
                    "gw": "seize",
                    "sense": "to seize, take, hold",
                    "norm0": "ba.n:dab;a",
                    "pos": "V/t",
                    "epos": "V/t",
                    "base": "dab",
                    "cont": "-ba=b.a",
                    "morph": "ba.n:~;a"
                  }
                },
                {
                  "node": "l",
                  "frag": "u₃",
                  "id": "Q007395.l0375e",
                  "ref": "Q007395.1.13",
                  "inst": "u[and]CNJ",
                  "sig": "@ribo/babylon0%sux:u₃=u[and//and]CNJ'CNJ$u/u₃#~",
                  "f": {
                    "lang": "sux",
                    "form": "u₃",
                    "delim": "",
                    "gdl": [
                      {
                        "v": "u₃",
                        "gdl_utf8": "𒅇",
                        "id": "Q007395.1.13.0"
                      }
                    ],
                    "cf": "u",
                    "gw": "and",
                    "sense": "and",
                    "norm0": "u",
                    "pos": "CNJ",
                    "epos": "CNJ",
                    "base": "u₃",
                    "morph": "~"
                  }
                },
                {
                  "node": "l",
                  "frag": "{ŋeš}tukul",
                  "id": "Q007395.l0375f",
                  "ref": "Q007395.1.14",
                  "inst": "tukul[weapon]N",
                  "sig": "@ribo/babylon0%sux:{ŋeš}tukul=tukul[weapon//weapon]N'N$tukul/{ŋeš}tukul#~",
                  "f": {
                    "lang": "sux",
                    "form": "{ŋeš}tukul",
                    "delim": "",
                    "gdl": [
                      {
                        "det": "semantic",
                        "pos": "pre",
                        "seq": [
                          {
                            "v": "ŋeš",
                            "gdl_utf8": "𒄑",
                            "id": "Q007395.1.14.0"
                          }
                        ]
                      },
                      {
                        "v": "tukul",
                        "gdl_utf8": "𒆪",
                        "id": "Q007395.1.14.1"
                      }
                    ],
                    "cf": "tukul",
                    "gw": "weapon",
                    "sense": "weapon",
                    "norm0": "tukul",
                    "pos": "N",
                    "epos": "N",
                    "base": "{ŋeš}tukul",
                    "morph": "~"
                  }
                },
                {
                  "node": "l",
                  "frag": "ku₃-ga",
                  "id": "Q007395.l03760",
                  "ref": "Q007395.1.15",
                  "inst": "kug[(to be) pure]V/i",
                  "sig": "@ribo/babylon0%sux:ku₃-ga=kug[pure//(to be) pure]V/i'V/i$kug;a/ku₃-g·a#~;a",
                  "f": {
                    "lang": "sux",
                    "form": "ku₃-ga",
                    "delim": "",
                    "gdl": [
                      {
                        "v": "ku₃",
                        "gdl_utf8": "𒆬",
                        "id": "Q007395.1.15.0",
                        "delim": "-"
                      },
                      {
                        "v": "ga",
                        "gdl_utf8": "𒂵",
                        "id": "Q007395.1.15.1"
                      }
                    ],
                    "cf": "kug",
                    "gw": "pure",
                    "sense": "(to be) pure",
                    "norm0": "kug;a",
                    "pos": "V/i",
                    "epos": "V/i",
                    "base": "ku₃-g·a",
                    "morph": "~;a"
                  }
                },
                {
                  "node": "l",
                  "frag": "{d}en-lil₂",
                  "id": "Q007395.l03761",
                  "ref": "Q007395.1.16",
                  "inst": "Enlil[1]DN",
                  "sig": "@ribo/babylon0%sux:{d}en-lil₂=Enlil[1//1]DN'DN$Enlil/{d}en-lil₂#~",
                  "f": {
                    "lang": "sux",
                    "form": "{d}en-lil₂",
                    "delim": "",
                    "gdl": [
                      {
                        "det": "semantic",
                        "pos": "pre",
                        "seq": [
                          {
                            "v": "d",
                            "gdl_utf8": "𒀭",
                            "id": "Q007395.1.16.0"
                          }
                        ]
                      },
                      {
                        "v": "en",
                        "gdl_utf8": "𒂗",
                        "id": "Q007395.1.16.1",
                        "delim": "-"
                      },
                      {
                        "v": "lil₂",
                        "gdl_utf8": "𒆤",
                        "id": "Q007395.1.16.2"
                      }
                    ],
                    "cf": "Enlil",
                    "gw": "1",
                    "sense": "1",
                    "norm0": "Enlil",
                    "pos": "DN",
                    "epos": "DN",
                    "base": "{d}en-lil₂",
                    "morph": "~"
                  }
                },
                {
                  "node": "l",
                  "frag": "mu-un-šum₂-ma-ta",
                  "id": "Q007395.l03762",
                  "ref": "Q007395.1.17",
                  "inst": "šum[to give]V/t",
                  "sig": "@ribo/babylon0%sux:mu-un-šum₂-ma-ta=šum[give//to give]V/t'V/t$mu.n:šum;a,ta/šum₂+-ma=m.a#mu.n:~;a,ta",
                  "f": {
                    "lang": "sux",
                    "form": "mu-un-šum₂-ma-ta",
                    "delim": "",
                    "gdl": [
                      {
                        "v": "mu",
                        "gdl_utf8": "𒈬",
                        "id": "Q007395.1.17.0",
                        "delim": "-"
                      },
                      {
                        "v": "un",
                        "gdl_utf8": "𒌦",
                        "id": "Q007395.1.17.1",
                        "delim": "-"
                      },
                      {
                        "v": "šum₂",
                        "gdl_utf8": "𒋧",
                        "id": "Q007395.1.17.2",
                        "delim": "-"
                      },
                      {
                        "v": "ma",
                        "gdl_utf8": "𒈠",
                        "id": "Q007395.1.17.3",
                        "delim": "-"
                      },
                      {
                        "v": "ta",
                        "gdl_utf8": "𒋫",
                        "id": "Q007395.1.17.4"
                      }
                    ],
                    "cf": "šum",
                    "gw": "give",
                    "sense": "to give",
                    "norm0": "mu.n:šum;a,ta",
                    "pos": "V/t",
                    "epos": "V/t",
                    "base": "šum₂",
                    "cont": "-ma=m.a",
                    "morph": "mu.n:~;a,ta"
                  }
                },
                {
                  "node": "l",
                  "frag": "ma-da",
                  "id": "Q007395.l03763",
                  "ref": "Q007395.1.18",
                  "inst": "mada[land, country]N",
                  "sig": "@ribo/babylon0%sux:ma-da=mada[land//land, country]N'N$mada/ma-da#~",
                  "f": {
                    "lang": "sux",
                    "form": "ma-da",
                    "delim": "",
                    "gdl": [
                      {
                        "v": "ma",
                        "gdl_utf8": "𒈠",
                        "id": "Q007395.1.18.0",
                        "delim": "-"
                      },
                      {
                        "v": "da",
                        "gdl_utf8": "𒁕",
                        "id": "Q007395.1.18.1"
                      }
                    ],
                    "cf": "mada",
                    "gw": "land",
                    "sense": "land, country",
                    "norm0": "mada",
                    "pos": "N",
                    "epos": "N",
                    "base": "ma-da",
                    "morph": "~"
                  }
                },
                {
                  "node": "l",
                  "frag": "⸢sa-bu⸣-um{ki}",
                  "id": "Q007395.l03764",
                  "ref": "Q007395.1.19",
                  "inst": "Sabum[1]SN",
                  "sig": "@ribo/babylon0%sux:sa-bu-um{ki}=Sabum[1//1]SN'SN$Sabum/sa-bu-um{ki}#~",
                  "f": {
                    "lang": "sux",
                    "form": "sa-bu-um{ki}",
                    "delim": "",
                    "gdl": [
                      {
                        "v": "sa",
                        "gdl_utf8": "𒊓",
                        "id": "Q007395.1.19.0",
                        "break": "damaged",
                        "ho": "1",
                        "delim": "-"
                      },
                      {
                        "v": "bu",
                        "gdl_utf8": "𒁍",
                        "id": "Q007395.1.19.1",
                        "break": "damaged",
                        "delim": "-",
                        "hc": "1"
                      },
                      {
                        "v": "um",
                        "gdl_utf8": "𒌝",
                        "id": "Q007395.1.19.2"
                      },
                      {
                        "det": "semantic",
                        "pos": "post",
                        "seq": [
                          {
                            "v": "ki",
                            "gdl_utf8": "𒆠",
                            "id": "Q007395.1.19.3"
                          }
                        ]
                      }
                    ],
                    "cf": "Sabum",
                    "gw": "1",
                    "sense": "1",
                    "norm0": "Sabum",
                    "pos": "SN",
                    "epos": "SN",
                    "base": "sa-bu-um{ki}",
                    "morph": "~"
                  }
                },
                {
                  "node": "l",
                  "frag": "mu-un-gul-la)",
                  "id": "Q007395.l03765",
                  "ref": "Q007395.1.20",
                  "inst": "gul[to destroy]V/t",
                  "sig": "@ribo/babylon0%sux:mu-un-gul-la=gul[destroy//to destroy]V/t'V/t$mu.n:gul;a/gul+-la=l.a#mu.n:~;a",
                  "f": {
                    "lang": "sux",
                    "form": "mu-un-gul-la",
                    "gdl": [
                      {
                        "v": "mu",
                        "gdl_utf8": "𒈬",
                        "id": "Q007395.1.20.0",
                        "delim": "-"
                      },
                      {
                        "v": "un",
                        "gdl_utf8": "𒌦",
                        "id": "Q007395.1.20.1",
                        "delim": "-"
                      },
                      {
                        "v": "gul",
                        "gdl_utf8": "𒄢",
                        "id": "Q007395.1.20.2",
                        "delim": "-"
                      },
                      {
                        "v": "la",
                        "gdl_utf8": "𒆷",
                        "id": "Q007395.1.20.3",
                        "o": ")",
                        "statusStart": "Q007395.1.11.0"
                      }
                    ],
                    "cf": "gul",
                    "gw": "destroy",
                    "sense": "to destroy",
                    "norm0": "mu.n:gul;a",
                    "pos": "V/t",
                    "epos": "V/t",
                    "base": "gul",
                    "cont": "-la=l.a",
                    "morph": "mu.n:~;a"
                  }
                }
              ]
            }
          ]
        }
      ]
    }
  ]
}
