{
  "type": "cdl",
  "project": "ribo/babylon0",
  "source": "http://oracc.org/ribo/babylon0",
  "license": "This data is released under the CC0 license",
  "license-url": "https://creativecommons.org/publicdomain/zero/1.0/",
  "more-info": "http://oracc.org/doc/opendata/",
  "UTC-timestamp": "2019-01-12T08:23:13",
  "textid": "Q007373",
  "cdl": [
    {
      "node": "c",
      "type": "text",
      "id": "Q007373.U0",
      "cdl": [
        {
          "node": "d",
          "type": "object",
          "ref": ""
        },
        {
          "node": "d",
          "type": "surface",
          "ref": ""
        },
        {
          "node": "c",
          "type": "discourse",
          "subtype": "body",
          "id": "Q007373.U1",
          "cdl": [
            {
              "node": "c",
              "type": "sentence",
              "implicit": "yes",
              "id": "Q007373.U2",
              "label": "1",
              "cdl": [
                {
                  "node": "d",
                  "type": "line-start",
                  "ref": "Q007373.1",
                  "n": "1",
                  "label": "1"
                },
                {
                  "node": "l",
                  "frag": "mu",
                  "id": "Q007373.l02cf5",
                  "ref": "Q007373.1.1",
                  "inst": "mu[year]N",
                  "sig": "@ribo/babylon0%sux:mu=mu[year//year]N'N$mu/mu#~",
                  "f": {
                    "lang": "sux",
                    "form": "mu",
                    "delim": "",
                    "gdl": [
                      {
                        "v": "mu",
                        "gdl_utf8": "𒈬",
                        "id": "Q007373.1.1.0"
                      }
                    ],
                    "cf": "mu",
                    "gw": "year",
                    "sense": "year",
                    "norm0": "mu",
                    "pos": "N",
                    "epos": "N",
                    "base": "mu",
                    "morph": "~"
                  }
                },
                {
                  "node": "l",
                  "frag": "ha-am-mu-ra-pi₂",
                  "id": "Q007373.l02cf6",
                  "ref": "Q007373.1.2",
                  "inst": "Hammu-rapi[king of Babylon]RN",
                  "sig": "@ribo/babylon0%sux:ha-am-mu-ra-pi₂=Hammu-rapi[king of Babylon//king of Babylon]RN'RN$Hammu-rapi/ha-am-mu-ra-pi₂#~",
                  "f": {
                    "lang": "sux",
                    "form": "ha-am-mu-ra-pi₂",
                    "delim": "",
                    "gdl": [
                      {
                        "v": "ha",
                        "gdl_utf8": "𒄩",
                        "id": "Q007373.1.2.0",
                        "delim": "-"
                      },
                      {
                        "v": "am",
                        "gdl_utf8": "𒄠",
                        "id": "Q007373.1.2.1",
                        "delim": "-"
                      },
                      {
                        "v": "mu",
                        "gdl_utf8": "𒈬",
                        "id": "Q007373.1.2.2",
                        "delim": "-"
                      },
                      {
                        "v": "ra",
                        "gdl_utf8": "𒊏",
                        "id": "Q007373.1.2.3",
                        "delim": "-"
                      },
                      {
                        "v": "pi₂",
                        "gdl_utf8": "𒁉",
                        "id": "Q007373.1.2.4"
                      }
                    ],
                    "cf": "Hammu-rapi",
                    "gw": "king of Babylon",
                    "sense": "king of Babylon",
                    "norm0": "Hammu-rapi",
                    "pos": "RN",
                    "epos": "RN",
                    "base": "ha-am-mu-ra-pi₂",
                    "morph": "~"
                  }
                },
                {
                  "node": "l",
                  "frag": "lugal-e",
                  "id": "Q007373.l02cf7",
                  "ref": "Q007373.1.3",
                  "inst": "lugal[king]N",
                  "sig": "@ribo/babylon0%sux:lugal-e=lugal[king//king]N'N$lugal,e/lugal#~,e",
                  "f": {
                    "lang": "sux",
                    "form": "lugal-e",
                    "delim": "",
                    "gdl": [
                      {
                        "v": "lugal",
                        "gdl_utf8": "𒈗",
                        "id": "Q007373.1.3.0",
                        "delim": "-"
                      },
                      {
                        "v": "e",
                        "gdl_utf8": "𒂊",
                        "id": "Q007373.1.3.1"
                      }
                    ],
                    "cf": "lugal",
                    "gw": "king",
                    "sense": "king",
                    "norm0": "lugal,e",
                    "pos": "N",
                    "epos": "N",
                    "base": "lugal",
                    "morph": "~,e"
                  }
                },
                {
                  "node": "l",
                  "frag": "enim",
                  "id": "Q007373.l02cf8",
                  "ref": "Q007373.1.4",
                  "inst": "inim[word]N",
                  "sig": "@ribo/babylon0%sux:enim=inim[word//word]N'N$inim/enim#~",
                  "f": {
                    "lang": "sux",
                    "form": "enim",
                    "delim": "",
                    "gdl": [
                      {
                        "v": "enim",
                        "gdl_utf8": "𒅗",
                        "id": "Q007373.1.4.0"
                      }
                    ],
                    "cf": "inim",
                    "gw": "word",
                    "sense": "word",
                    "norm0": "inim",
                    "pos": "N",
                    "epos": "N",
                    "base": "enim",
                    "morph": "~"
                  }
                },
                {
                  "node": "l",
                  "frag": "an",
                  "id": "Q007373.l02cf9",
                  "ref": "Q007373.1.5",
                  "inst": "An[1]DN",
                  "sig": "@ribo/babylon0%sux:an=An[1//1]DN'DN$An/an#~",
                  "f": {
                    "lang": "sux",
                    "form": "an",
                    "delim": "",
                    "gdl": [
                      {
                        "v": "an",
                        "gdl_utf8": "𒀭",
                        "id": "Q007373.1.5.0"
                      }
                    ],
                    "cf": "An",
                    "gw": "1",
                    "sense": "1",
                    "norm0": "An",
                    "pos": "DN",
                    "epos": "DN",
                    "base": "an",
                    "morph": "~"
                  }
                },
                {
                  "node": "l",
                  "frag": "{d}en-lil₂-la₂-ta",
                  "id": "Q007373.l02cfa",
                  "ref": "Q007373.1.6",
                  "inst": "Enlil[1]DN",
                  "sig": "@ribo/babylon0%sux:{d}en-lil₂-la₂-ta=Enlil[1//1]DN'DN$Enlil.ak.ta/{d}en-lil₂#~.ak.ta",
                  "f": {
                    "lang": "sux",
                    "form": "{d}en-lil₂-la₂-ta",
                    "delim": "",
                    "gdl": [
                      {
                        "det": "semantic",
                        "pos": "pre",
                        "seq": [
                          {
                            "v": "d",
                            "gdl_utf8": "𒀭",
                            "id": "Q007373.1.6.0"
                          }
                        ]
                      },
                      {
                        "v": "en",
                        "gdl_utf8": "𒂗",
                        "id": "Q007373.1.6.1",
                        "delim": "-"
                      },
                      {
                        "v": "lil₂",
                        "gdl_utf8": "𒆤",
                        "id": "Q007373.1.6.2",
                        "delim": "-"
                      },
                      {
                        "v": "la₂",
                        "gdl_utf8": "𒇲",
                        "id": "Q007373.1.6.3",
                        "delim": "-"
                      },
                      {
                        "v": "ta",
                        "gdl_utf8": "𒋫",
                        "id": "Q007373.1.6.4"
                      }
                    ],
                    "cf": "Enlil",
                    "gw": "1",
                    "sense": "1",
                    "norm0": "Enlil.ak.ta",
                    "pos": "DN",
                    "epos": "DN",
                    "base": "{d}en-lil₂",
                    "morph": "~.ak.ta"
                  }
                },
                {
                  "node": "l",
                  "frag": "bad₃",
                  "id": "Q007373.l02cfb",
                  "ref": "Q007373.1.7",
                  "inst": "bad[wall, fortification]N",
                  "sig": "@ribo/babylon0%sux:bad₃=bad[wall//wall, fortification]N'N$bad/bad₃#~",
                  "f": {
                    "lang": "sux",
                    "form": "bad₃",
                    "delim": "",
                    "gdl": [
                      {
                        "v": "bad₃",
                        "gdl_utf8": "𒂦",
                        "id": "Q007373.1.7.0"
                      }
                    ],
                    "cf": "bad",
                    "gw": "wall",
                    "sense": "wall, fortification",
                    "norm0": "bad",
                    "pos": "N",
                    "epos": "N",
                    "base": "bad₃",
                    "morph": "~"
                  }
                },
                {
                  "node": "l",
                  "frag": "(gal)",
                  "id": "Q007373.l02cfc",
                  "ref": "Q007373.1.8",
                  "inst": "gal[(to be) big, great]V/i",
                  "sig": "@ribo/babylon0%sux:gal=gal[big//(to be) big, great]V/i'V/i$gal/gal#~",
                  "f": {
                    "lang": "sux",
                    "form": "gal",
                    "delim": "",
                    "gdl": [
                      {
                        "v": "gal",
                        "gdl_utf8": "𒃲",
                        "id": "Q007373.1.8.0",
                        "statusStart": "Q007373.1.8.0",
                        "o": ")"
                      }
                    ],
                    "cf": "gal",
                    "gw": "big",
                    "sense": "(to be) big, great",
                    "norm0": "gal",
                    "pos": "V/i",
                    "epos": "V/i",
                    "base": "gal",
                    "morph": "~"
                  }
                },
                {
                  "node": "l",
                  "frag": "ma₂-ri₂{ki}",
                  "id": "Q007373.l02cfd",
                  "ref": "Q007373.1.9",
                  "inst": "Mari[1]SN",
                  "sig": "@ribo/babylon0%sux:ma₂-ri₂{ki}=Mari[1//1]SN'SN$Mari/ma₂-ri₂{ki}#~",
                  "f": {
                    "lang": "sux",
                    "form": "ma₂-ri₂{ki}",
                    "delim": "",
                    "gdl": [
                      {
                        "v": "ma₂",
                        "gdl_utf8": "𒈣",
                        "id": "Q007373.1.9.0",
                        "delim": "-"
                      },
                      {
                        "v": "ri₂",
                        "gdl_utf8": "𒌷",
                        "id": "Q007373.1.9.1"
                      },
                      {
                        "det": "semantic",
                        "pos": "post",
                        "seq": [
                          {
                            "v": "ki",
                            "gdl_utf8": "𒆠",
                            "id": "Q007373.1.9.2"
                          }
                        ]
                      }
                    ],
                    "cf": "Mari",
                    "gw": "1",
                    "sense": "1",
                    "norm0": "Mari",
                    "pos": "SN",
                    "epos": "SN",
                    "base": "ma₂-ri₂{ki}",
                    "morph": "~"
                  }
                },
                {
                  "node": "l",
                  "frag": "(ma₂-ri{ki)}",
                  "id": "Q007373.l02cfe",
                  "ref": "Q007373.1.10",
                  "inst": "Mari[1]SN",
                  "sig": "@ribo/babylon0%sux:ma₂-ri{ki}=Mari[1//1]SN'SN$Mari/ma₂-ri{ki}#~",
                  "f": {
                    "lang": "sux",
                    "form": "ma₂-ri{ki}",
                    "delim": "",
                    "gdl": [
                      {
                        "v": "ma₂",
                        "gdl_utf8": "𒈣",
                        "id": "Q007373.1.10.0",
                        "statusStart": "1",
                        "o": "(",
                        "delim": "-"
                      },
                      {
                        "v": "ri",
                        "gdl_utf8": "𒊑",
                        "id": "Q007373.1.10.1"
                      },
                      {
                        "det": "semantic",
                        "pos": "post",
                        "seq": [
                          {
                            "v": "ki",
                            "gdl_utf8": "𒆠",
                            "id": "Q007373.1.10.2",
                            "o": ")",
                            "statusStart": "Q007373.1.10.0"
                          }
                        ]
                      }
                    ],
                    "cf": "Mari",
                    "gw": "1",
                    "sense": "1",
                    "norm0": "Mari",
                    "pos": "SN",
                    "epos": "SN",
                    "base": "ma₂-ri{ki}",
                    "morph": "~"
                  }
                },
                {
                  "node": "l",
                  "frag": "(ma-ri₂{ki)}",
                  "id": "Q007373.l02cff",
                  "ref": "Q007373.1.11",
                  "inst": "Mari[1]SN",
                  "sig": "@ribo/babylon0%sux:ma-ri₂{ki}=Mari[1//1]SN'SN$Mari/ma-ri₂{ki}#~",
                  "f": {
                    "lang": "sux",
                    "form": "ma-ri₂{ki}",
                    "delim": "",
                    "gdl": [
                      {
                        "v": "ma",
                        "gdl_utf8": "𒈠",
                        "id": "Q007373.1.11.0",
                        "statusStart": "1",
                        "o": "(",
                        "delim": "-"
                      },
                      {
                        "v": "ri₂",
                        "gdl_utf8": "𒌷",
                        "id": "Q007373.1.11.1"
                      },
                      {
                        "det": "semantic",
                        "pos": "post",
                        "seq": [
                          {
                            "v": "ki",
                            "gdl_utf8": "𒆠",
                            "id": "Q007373.1.11.2",
                            "o": ")",
                            "statusStart": "Q007373.1.11.0"
                          }
                        ]
                      }
                    ],
                    "cf": "Mari",
                    "gw": "1",
                    "sense": "1",
                    "norm0": "Mari",
                    "pos": "SN",
                    "epos": "SN",
                    "base": "ma-ri₂{ki}",
                    "morph": "~"
                  }
                },
                {
                  "node": "l",
                  "frag": "(ma-ri{ki)}",
                  "id": "Q007373.l02d00",
                  "ref": "Q007373.1.12",
                  "inst": "Mari[1]SN",
                  "sig": "@ribo/babylon0%sux:ma-ri{ki}=Mari[1//1]SN'SN$Mari/ma-ri{ki}#~",
                  "f": {
                    "lang": "sux",
                    "form": "ma-ri{ki}",
                    "delim": "",
                    "gdl": [
                      {
                        "v": "ma",
                        "gdl_utf8": "𒈠",
                        "id": "Q007373.1.12.0",
                        "statusStart": "1",
                        "o": "(",
                        "delim": "-"
                      },
                      {
                        "v": "ri",
                        "gdl_utf8": "𒊑",
                        "id": "Q007373.1.12.1"
                      },
                      {
                        "det": "semantic",
                        "pos": "post",
                        "seq": [
                          {
                            "v": "ki",
                            "gdl_utf8": "𒆠",
                            "id": "Q007373.1.12.2",
                            "o": ")",
                            "statusStart": "Q007373.1.12.0"
                          }
                        ]
                      }
                    ],
                    "cf": "Mari",
                    "gw": "1",
                    "sense": "1",
                    "norm0": "Mari",
                    "pos": "SN",
                    "epos": "SN",
                    "base": "ma-ri{ki}",
                    "morph": "~"
                  }
                },
                {
                  "node": "l",
                  "frag": "u₃",
                  "id": "Q007373.l02d01",
                  "ref": "Q007373.1.13",
                  "inst": "u[and]CNJ",
                  "sig": "@ribo/babylon0%sux:u₃=u[and//and]CNJ'CNJ$u/u₃#~",
                  "f": {
                    "lang": "sux",
                    "form": "u₃",
                    "delim": "",
                    "gdl": [
                      {
                        "v": "u₃",
                        "gdl_utf8": "𒅇",
                        "id": "Q007373.1.13.0"
                      }
                    ],
                    "cf": "u",
                    "gw": "and",
                    "sense": "and",
                    "norm0": "u",
                    "pos": "CNJ",
                    "epos": "CNJ",
                    "base": "u₃",
                    "morph": "~"
                  }
                },
                {
                  "node": "l",
                  "frag": "ma₃-al-gi₄-a{ki}",
                  "id": "Q007373.l02d02",
                  "ref": "Q007373.1.14",
                  "inst": "Malgium[1]SN",
                  "sig": "@ribo/babylon0%sux:ma₃-al-gi₄-a{ki}=Malgium[1//1]SN'SN$Malgium/ma₃-al-gi₄-a{ki}#~",
                  "f": {
                    "lang": "sux",
                    "form": "ma₃-al-gi₄-a{ki}",
                    "delim": "",
                    "gdl": [
                      {
                        "v": "ma₃",
                        "gdl_utf8": "𒂷",
                        "id": "Q007373.1.14.0",
                        "delim": "-"
                      },
                      {
                        "v": "al",
                        "gdl_utf8": "𒀠",
                        "id": "Q007373.1.14.1",
                        "delim": "-"
                      },
                      {
                        "v": "gi₄",
                        "gdl_utf8": "𒄄",
                        "id": "Q007373.1.14.2",
                        "delim": "-"
                      },
                      {
                        "v": "a",
                        "gdl_utf8": "𒀀",
                        "id": "Q007373.1.14.3"
                      },
                      {
                        "det": "semantic",
                        "pos": "post",
                        "seq": [
                          {
                            "v": "ki",
                            "gdl_utf8": "𒆠",
                            "id": "Q007373.1.14.4"
                          }
                        ]
                      }
                    ],
                    "cf": "Malgium",
                    "gw": "1",
                    "sense": "1",
                    "norm0": "Malgium",
                    "pos": "SN",
                    "epos": "SN",
                    "base": "ma₃-al-gi₄-a{ki}",
                    "morph": "~"
                  }
                },
                {
                  "node": "l",
                  "frag": "(ma₂-al-gi₄-a{ki)}",
                  "id": "Q007373.l02d03",
                  "ref": "Q007373.1.15",
                  "inst": "Malgium[1]SN",
                  "sig": "@ribo/babylon0%sux:ma₂-al-gi₄-a{ki}=Malgium[1//1]SN'SN$Malgium/ma₂-al-gi₄-a{ki}#~",
                  "f": {
                    "lang": "sux",
                    "form": "ma₂-al-gi₄-a{ki}",
                    "delim": "",
                    "gdl": [
                      {
                        "v": "ma₂",
                        "gdl_utf8": "𒈣",
                        "id": "Q007373.1.15.0",
                        "statusStart": "1",
                        "o": "(",
                        "delim": "-"
                      },
                      {
                        "v": "al",
                        "gdl_utf8": "𒀠",
                        "id": "Q007373.1.15.1",
                        "delim": "-"
                      },
                      {
                        "v": "gi₄",
                        "gdl_utf8": "𒄄",
                        "id": "Q007373.1.15.2",
                        "delim": "-"
                      },
                      {
                        "v": "a",
                        "gdl_utf8": "𒀀",
                        "id": "Q007373.1.15.3"
                      },
                      {
                        "det": "semantic",
                        "pos": "post",
                        "seq": [
                          {
                            "v": "ki",
                            "gdl_utf8": "𒆠",
                            "id": "Q007373.1.15.4",
                            "o": ")",
                            "statusStart": "Q007373.1.15.0"
                          }
                        ]
                      }
                    ],
                    "cf": "Malgium",
                    "gw": "1",
                    "sense": "1",
                    "norm0": "Malgium",
                    "pos": "SN",
                    "epos": "SN",
                    "base": "ma₂-al-gi₄-a{ki}",
                    "morph": "~"
                  }
                },
                {
                  "node": "l",
                  "frag": "(ma₃-al-ka-a)",
                  "id": "Q007373.l02d04",
                  "ref": "Q007373.1.16",
                  "inst": "Malgium[1]SN",
                  "sig": "@ribo/babylon0%sux:ma₃-al-ka-a=Malgium[1//1]SN'SN$Malgium/ma₃-al-ka-a#~",
                  "f": {
                    "lang": "sux",
                    "form": "ma₃-al-ka-a",
                    "delim": "",
                    "gdl": [
                      {
                        "v": "ma₃",
                        "gdl_utf8": "𒂷",
                        "id": "Q007373.1.16.0",
                        "statusStart": "1",
                        "o": "(",
                        "delim": "-"
                      },
                      {
                        "v": "al",
                        "gdl_utf8": "𒀠",
                        "id": "Q007373.1.16.1",
                        "delim": "-"
                      },
                      {
                        "v": "ka",
                        "gdl_utf8": "𒅗",
                        "id": "Q007373.1.16.2",
                        "delim": "-"
                      },
                      {
                        "v": "a",
                        "gdl_utf8": "𒀀",
                        "id": "Q007373.1.16.3",
                        "o": ")",
                        "statusStart": "Q007373.1.16.0"
                      }
                    ],
                    "cf": "Malgium",
                    "gw": "1",
                    "sense": "1",
                    "norm0": "Malgium",
                    "pos": "SN",
                    "epos": "SN",
                    "base": "ma₃-al-ka-a",
                    "morph": "~"
                  }
                },
                {
                  "node": "l",
                  "frag": "(MURGU{ki)}",
                  "id": "Q007373.l02d05",
                  "ref": "Q007373.1.17",
                  "inst": "Malgium[1]SN",
                  "sig": "@ribo/babylon0%sux:MURGU{ki}=Malgium[1//1]SN'SN$Malgium/MURGU{ki}#~",
                  "f": {
                    "lang": "sux",
                    "form": "MURGU{ki}",
                    "delim": "",
                    "gdl": [
                      {
                        "s": "MURGU",
                        "gdl_utf8": "𒋞",
                        "id": "Q007373.1.17.0",
                        "statusStart": "1",
                        "o": "("
                      },
                      {
                        "det": "semantic",
                        "pos": "post",
                        "seq": [
                          {
                            "v": "ki",
                            "gdl_utf8": "𒆠",
                            "id": "Q007373.1.17.1",
                            "o": ")",
                            "statusStart": "Q007373.1.17.0"
                          }
                        ]
                      }
                    ],
                    "cf": "Malgium",
                    "gw": "1",
                    "sense": "1",
                    "norm0": "Malgium",
                    "pos": "SN",
                    "epos": "SN",
                    "base": "MURGU{ki}",
                    "morph": "~"
                  }
                },
                {
                  "node": "l",
                  "frag": "(MURGU-A)",
                  "id": "Q007373.l02d06",
                  "ref": "Q007373.1.18",
                  "inst": "Malgium[1]SN",
                  "sig": "@ribo/babylon0%sux:MURGU-A=Malgium[1//1]SN'SN$Malgium/MURGU-A#~",
                  "f": {
                    "lang": "sux",
                    "form": "MURGU-A",
                    "delim": "",
                    "gdl": [
                      {
                        "s": "MURGU",
                        "gdl_utf8": "𒋞",
                        "id": "Q007373.1.18.0",
                        "statusStart": "1",
                        "o": "(",
                        "delim": "-"
                      },
                      {
                        "s": "A",
                        "gdl_utf8": "𒀀",
                        "id": "Q007373.1.18.1",
                        "o": ")",
                        "statusStart": "Q007373.1.18.0"
                      }
                    ],
                    "cf": "Malgium",
                    "gw": "1",
                    "sense": "1",
                    "norm0": "Malgium",
                    "pos": "SN",
                    "epos": "SN",
                    "base": "MURGU-A",
                    "morph": "~"
                  }
                },
                {
                  "node": "l",
                  "frag": "mu-un-gul-la",
                  "id": "Q007373.l02d07",
                  "ref": "Q007373.1.19",
                  "inst": "gul[to destroy]V/t",
                  "sig": "@ribo/babylon0%sux:mu-un-gul-la=gul[destroy//to destroy]V/t'V/t$mu.n:gul;a/gul+-la=l.a#mu.n:~;a",
                  "f": {
                    "lang": "sux",
                    "form": "mu-un-gul-la",
                    "delim": "",
                    "gdl": [
                      {
                        "v": "mu",
                        "gdl_utf8": "𒈬",
                        "id": "Q007373.1.19.0",
                        "delim": "-"
                      },
                      {
                        "v": "un",
                        "gdl_utf8": "𒌦",
                        "id": "Q007373.1.19.1",
                        "delim": "-"
                      },
                      {
                        "v": "gul",
                        "gdl_utf8": "𒄢",
                        "id": "Q007373.1.19.2",
                        "delim": "-"
                      },
                      {
                        "v": "la",
                        "gdl_utf8": "𒆷",
                        "id": "Q007373.1.19.3"
                      }
                    ],
                    "cf": "gul",
                    "gw": "destroy",
                    "sense": "to destroy",
                    "norm0": "mu.n:gul;a",
                    "pos": "V/t",
                    "epos": "V/t",
                    "base": "gul",
                    "cont": "-la=l.a",
                    "morph": "mu.n:~;a"
                  }
                },
                {
                  "node": "l",
                  "frag": "(mu-un-gul-gul)",
                  "id": "Q007373.l02d08",
                  "ref": "Q007373.1.20",
                  "inst": "gul[to destroy]V/t",
                  "sig": "@ribo/babylon0%sux:mu-un-gul-gul=gul[destroy//to destroy]V/t'V/t$mu.n:gul/gul-gul#mu.n:~",
                  "f": {
                    "lang": "sux",
                    "form": "mu-un-gul-gul",
                    "gdl": [
                      {
                        "v": "mu",
                        "gdl_utf8": "𒈬",
                        "id": "Q007373.1.20.0",
                        "statusStart": "1",
                        "o": "(",
                        "delim": "-"
                      },
                      {
                        "v": "un",
                        "gdl_utf8": "𒌦",
                        "id": "Q007373.1.20.1",
                        "delim": "-"
                      },
                      {
                        "v": "gul",
                        "gdl_utf8": "𒄢",
                        "id": "Q007373.1.20.2",
                        "delim": "-"
                      },
                      {
                        "v": "gul",
                        "gdl_utf8": "𒄢",
                        "id": "Q007373.1.20.3",
                        "o": ")",
                        "statusStart": "Q007373.1.20.0"
                      }
                    ],
                    "cf": "gul",
                    "gw": "destroy",
                    "sense": "to destroy",
                    "norm0": "mu.n:gul",
                    "pos": "V/t",
                    "epos": "V/t",
                    "base": "gul-gul",
                    "morph": "mu.n:~"
                  }
                }
              ]
            }
          ]
        }
      ]
    }
  ]
}
