{
  "type": "cdl",
  "project": "ribo/babylon0",
  "source": "http://oracc.org/ribo/babylon0",
  "license": "This data is released under the CC0 license",
  "license-url": "https://creativecommons.org/publicdomain/zero/1.0/",
  "more-info": "http://oracc.org/doc/opendata/",
  "UTC-timestamp": "2019-01-12T08:23:12",
  "textid": "Q007370",
  "cdl": [
    {
      "node": "c",
      "type": "text",
      "id": "Q007370.U0",
      "cdl": [
        {
          "node": "d",
          "type": "object",
          "ref": ""
        },
        {
          "node": "d",
          "type": "surface",
          "ref": ""
        },
        {
          "node": "d",
          "subtype": "column 1",
          "type": "column",
          "ref": "Q007370.i.1",
          "n": "1",
          "label": "i"
        },
        {
          "node": "c",
          "type": "discourse",
          "subtype": "body",
          "id": "Q007370.U1",
          "cdl": [
            {
              "node": "c",
              "type": "sentence",
              "implicit": "yes",
              "id": "Q007370.U2",
              "label": "i 1' - ii 6",
              "cdl": [
                {
                  "node": "d",
                  "type": "line-start",
                  "ref": "Q007370.2",
                  "n": "1'",
                  "label": "i 1'"
                },
                {
                  "node": "l",
                  "frag": "[mu",
                  "id": "Q007370.l02c91",
                  "ref": "Q007370.2.1",
                  "inst": "mu[year]N",
                  "sig": "@ribo/babylon0%sux:mu=mu[year//year]N'N$mu/mu#~",
                  "f": {
                    "lang": "sux",
                    "form": "mu",
                    "delim": "",
                    "gdl": [
                      {
                        "v": "mu",
                        "gdl_utf8": "𒈬",
                        "id": "Q007370.2.1.0",
                        "breakStart": "1",
                        "o": "[",
                        "break": "missing"
                      }
                    ],
                    "cf": "mu",
                    "gw": "year",
                    "sense": "year",
                    "norm0": "mu",
                    "pos": "N",
                    "epos": "N",
                    "base": "mu",
                    "morph": "~"
                  }
                },
                {
                  "node": "l",
                  "frag": "ha-am-mu-ra-pi₂",
                  "id": "Q007370.l02c92",
                  "ref": "Q007370.2.2",
                  "inst": "Hammu-rapi[king of Babylon]RN",
                  "sig": "@ribo/babylon0%sux:ha-am-mu-ra-pi₂=Hammu-rapi[king of Babylon//king of Babylon]RN'RN$Hammu-rapi/ha-am-mu-ra-pi₂#~",
                  "f": {
                    "lang": "sux",
                    "form": "ha-am-mu-ra-pi₂",
                    "delim": "",
                    "gdl": [
                      {
                        "v": "ha",
                        "gdl_utf8": "𒄩",
                        "id": "Q007370.2.2.0",
                        "break": "missing",
                        "delim": "-"
                      },
                      {
                        "v": "am",
                        "gdl_utf8": "𒄠",
                        "id": "Q007370.2.2.1",
                        "break": "missing",
                        "delim": "-"
                      },
                      {
                        "v": "mu",
                        "gdl_utf8": "𒈬",
                        "id": "Q007370.2.2.2",
                        "break": "missing",
                        "delim": "-"
                      },
                      {
                        "v": "ra",
                        "gdl_utf8": "𒊏",
                        "id": "Q007370.2.2.3",
                        "break": "missing",
                        "delim": "-"
                      },
                      {
                        "v": "pi₂",
                        "gdl_utf8": "𒁉",
                        "id": "Q007370.2.2.4",
                        "break": "missing"
                      }
                    ],
                    "cf": "Hammu-rapi",
                    "gw": "king of Babylon",
                    "sense": "king of Babylon",
                    "norm0": "Hammu-rapi",
                    "pos": "RN",
                    "epos": "RN",
                    "base": "ha-am-mu-ra-pi₂",
                    "morph": "~"
                  }
                },
                {
                  "node": "l",
                  "frag": "lugal",
                  "id": "Q007370.l02c93",
                  "ref": "Q007370.2.3",
                  "inst": "lugal[king]N",
                  "sig": "@ribo/babylon0%sux:lugal=lugal[king//king]N'N$lugal/lugal#~",
                  "f": {
                    "lang": "sux",
                    "form": "lugal",
                    "delim": "",
                    "gdl": [
                      {
                        "v": "lugal",
                        "gdl_utf8": "𒈗",
                        "id": "Q007370.2.3.0",
                        "break": "missing"
                      }
                    ],
                    "cf": "lugal",
                    "gw": "king",
                    "sense": "king",
                    "norm0": "lugal",
                    "pos": "N",
                    "epos": "N",
                    "base": "lugal",
                    "morph": "~"
                  }
                },
                {
                  "node": "l",
                  "frag": "ur-saŋ]",
                  "id": "Q007370.l02c94",
                  "ref": "Q007370.2.4",
                  "inst": "ursaŋ[warrior, hero]N",
                  "sig": "@ribo/babylon0%sux:ur-saŋ=ursaŋ[hero//warrior, hero]N'N$ursaŋ/ur-saŋ#~",
                  "f": {
                    "lang": "sux",
                    "form": "ur-saŋ",
                    "gdl": [
                      {
                        "v": "ur",
                        "gdl_utf8": "𒌨",
                        "id": "Q007370.2.4.0",
                        "break": "missing",
                        "delim": "-"
                      },
                      {
                        "v": "saŋ",
                        "gdl_utf8": "𒊕",
                        "id": "Q007370.2.4.1",
                        "break": "missing",
                        "o": "]",
                        "breakEnd": "Q007370.2.1.0"
                      }
                    ],
                    "cf": "ursaŋ",
                    "gw": "hero",
                    "sense": "warrior, hero",
                    "norm0": "ursaŋ",
                    "pos": "N",
                    "epos": "N",
                    "base": "ur-saŋ",
                    "morph": "~"
                  }
                },
                {
                  "node": "d",
                  "type": "line-start",
                  "ref": "Q007370.3",
                  "n": "2'",
                  "label": "i 2'"
                },
                {
                  "node": "l",
                  "frag": "[u₃-ma",
                  "id": "Q007370.l02c95",
                  "ref": "Q007370.3.1",
                  "inst": "uma[triumph, victory]N",
                  "sig": "@ribo/babylon0%sux:u₃-ma=uma[triumph//triumph, victory]N'N$uma/u₃-ma#~",
                  "f": {
                    "lang": "sux",
                    "form": "u₃-ma",
                    "delim": "",
                    "gdl": [
                      {
                        "v": "u₃",
                        "gdl_utf8": "𒅇",
                        "id": "Q007370.3.1.0",
                        "breakStart": "1",
                        "o": "[",
                        "break": "missing",
                        "delim": "-"
                      },
                      {
                        "v": "ma",
                        "gdl_utf8": "𒈠",
                        "id": "Q007370.3.1.1",
                        "break": "missing"
                      }
                    ],
                    "cf": "uma",
                    "gw": "triumph",
                    "sense": "triumph, victory",
                    "norm0": "uma",
                    "pos": "N",
                    "epos": "N",
                    "base": "u₃-ma",
                    "morph": "~"
                  }
                },
                {
                  "node": "l",
                  "frag": "{d}amar-utu-ke₄",
                  "id": "Q007370.l02c96",
                  "ref": "Q007370.3.2",
                  "inst": "Marduk[1]DN",
                  "sig": "@ribo/babylon0%sux:{d}amar-utu-ke₄=Marduk[1//1]DN'DN$Marduk,ak.e/{d}amar-utu#~,ak.e",
                  "f": {
                    "lang": "sux",
                    "form": "{d}amar-utu-ke₄",
                    "delim": "",
                    "gdl": [
                      {
                        "det": "semantic",
                        "pos": "pre",
                        "seq": [
                          {
                            "v": "d",
                            "gdl_utf8": "𒀭",
                            "id": "Q007370.3.2.0",
                            "break": "missing"
                          }
                        ]
                      },
                      {
                        "v": "amar",
                        "gdl_utf8": "𒀫",
                        "id": "Q007370.3.2.1",
                        "break": "missing",
                        "delim": "-"
                      },
                      {
                        "v": "utu",
                        "gdl_utf8": "𒌓",
                        "id": "Q007370.3.2.2",
                        "break": "missing",
                        "delim": "-"
                      },
                      {
                        "v": "ke₄",
                        "gdl_utf8": "𒆤",
                        "id": "Q007370.3.2.3",
                        "break": "missing"
                      }
                    ],
                    "cf": "Marduk",
                    "gw": "1",
                    "sense": "1",
                    "norm0": "Marduk,ak.e",
                    "pos": "DN",
                    "epos": "DN",
                    "base": "{d}amar-utu",
                    "morph": "~,ak.e"
                  }
                },
                {
                  "node": "l",
                  "frag": "sa₂-sa₂]",
                  "id": "Q007370.l02c97",
                  "ref": "Q007370.3.3",
                  "inst": "sa[equal//to equal, compare, compete, be equal to, rival]V/t'V/t",
                  "sig": "@ribo/babylon0%sux:sa₂-sa₂=sa[equal//to equal, compare, compete, be equal to, rival]V/t'V/t$sa/sa₂-sa₂#~",
                  "f": {
                    "lang": "sux",
                    "form": "sa₂-sa₂",
                    "gdl": [
                      {
                        "v": "sa₂",
                        "gdl_utf8": "𒁲",
                        "id": "Q007370.3.3.0",
                        "break": "missing",
                        "delim": "-"
                      },
                      {
                        "v": "sa₂",
                        "gdl_utf8": "𒁲",
                        "id": "Q007370.3.3.1",
                        "break": "missing",
                        "o": "]",
                        "breakEnd": "Q007370.3.1.0"
                      }
                    ],
                    "cf": "sa",
                    "gw": "equal",
                    "sense": "to equal, compare, compete, be equal to, rival",
                    "norm0": "sa",
                    "pos": "V/t",
                    "epos": "V/t",
                    "base": "sa₂-sa₂",
                    "morph": "~"
                  }
                },
                {
                  "node": "d",
                  "subtype": "column 2",
                  "type": "column",
                  "ref": "Q007370.ii.4",
                  "n": "2",
                  "label": "ii"
                },
                {
                  "node": "d",
                  "type": "line-start",
                  "ref": "Q007370.5",
                  "n": "1",
                  "label": "ii 1"
                },
                {
                  "node": "l",
                  "frag": "{ŋeš}tukul",
                  "id": "Q007370.l02c98",
                  "ref": "Q007370.5.1",
                  "inst": "tukul[weapon]N",
                  "sig": "@ribo/babylon0%sux:{ŋeš}tukul=tukul[weapon//weapon]N'N$tukul/{ŋeš}tukul#~",
                  "f": {
                    "lang": "sux",
                    "form": "{ŋeš}tukul",
                    "delim": "",
                    "gdl": [
                      {
                        "det": "semantic",
                        "pos": "pre",
                        "seq": [
                          {
                            "v": "ŋeš",
                            "gdl_utf8": "𒄑",
                            "id": "Q007370.5.1.0"
                          }
                        ]
                      },
                      {
                        "v": "tukul",
                        "gdl_utf8": "𒆪",
                        "id": "Q007370.5.1.1"
                      }
                    ],
                    "cf": "tukul",
                    "gw": "weapon",
                    "sense": "weapon",
                    "norm0": "tukul",
                    "pos": "N",
                    "epos": "N",
                    "base": "{ŋeš}tukul",
                    "morph": "~"
                  }
                },
                {
                  "node": "l",
                  "frag": "kala-ga-na",
                  "id": "Q007370.l02c99",
                  "ref": "Q007370.5.2",
                  "inst": "kalag[(to be) strong, powerful, mighty]V/i",
                  "sig": "@ribo/babylon0%sux:kala-ga-na=kalag[strong//(to be) strong, powerful, mighty]V/i'V/i$kalag;a,ani.a/kala+-ga=g.a#~;a,ani.a",
                  "f": {
                    "lang": "sux",
                    "form": "kala-ga-na",
                    "delim": "",
                    "gdl": [
                      {
                        "v": "kala",
                        "gdl_utf8": "𒆗",
                        "id": "Q007370.5.2.0",
                        "delim": "-"
                      },
                      {
                        "v": "ga",
                        "gdl_utf8": "𒂵",
                        "id": "Q007370.5.2.1",
                        "delim": "-"
                      },
                      {
                        "v": "na",
                        "gdl_utf8": "𒈾",
                        "id": "Q007370.5.2.2"
                      }
                    ],
                    "cf": "kalag",
                    "gw": "strong",
                    "sense": "(to be) strong, powerful, mighty",
                    "norm0": "kalag;a,ani.a",
                    "pos": "V/i",
                    "epos": "V/i",
                    "base": "kala",
                    "cont": "-ga=g.a",
                    "morph": "~;a,ani.a"
                  }
                },
                {
                  "node": "l",
                  "frag": "uŋnim",
                  "id": "Q007370.l02c9a",
                  "ref": "Q007370.5.3",
                  "inst": "ugnim[army]N",
                  "sig": "@ribo/babylon0%sux:uŋnim=ugnim[army//army]N'N$ugnim/uŋnim#~",
                  "f": {
                    "lang": "sux",
                    "form": "uŋnim",
                    "gdl": [
                      {
                        "v": "uŋnim",
                        "gdl_utf8": "𒆠𒋢𒇻𒂠𒃻",
                        "id": "Q007370.5.3.0"
                      }
                    ],
                    "cf": "ugnim",
                    "gw": "army",
                    "sense": "army",
                    "norm0": "ugnim",
                    "pos": "N",
                    "epos": "N",
                    "base": "uŋnim",
                    "morph": "~"
                  }
                },
                {
                  "node": "d",
                  "type": "line-start",
                  "ref": "Q007370.6",
                  "n": "2",
                  "label": "ii 2"
                },
                {
                  "node": "l",
                  "frag": "eš₃-nun-na{ki}",
                  "id": "Q007370.l02c9b",
                  "ref": "Q007370.6.1",
                  "inst": "Ešnunna[1]SN",
                  "sig": "@ribo/babylon0%sux:eš₃-nun-na{ki}=Ešnunna[1//1]SN'SN$Ešnunna/eš₃-nun-na{ki}#~",
                  "f": {
                    "lang": "sux",
                    "form": "eš₃-nun-na{ki}",
                    "delim": "",
                    "gdl": [
                      {
                        "v": "eš₃",
                        "gdl_utf8": "𒀊",
                        "id": "Q007370.6.1.0",
                        "delim": "-"
                      },
                      {
                        "v": "nun",
                        "gdl_utf8": "𒉣",
                        "id": "Q007370.6.1.1",
                        "delim": "-"
                      },
                      {
                        "v": "na",
                        "gdl_utf8": "𒈾",
                        "id": "Q007370.6.1.2"
                      },
                      {
                        "det": "semantic",
                        "pos": "post",
                        "seq": [
                          {
                            "v": "ki",
                            "gdl_utf8": "𒆠",
                            "id": "Q007370.6.1.3"
                          }
                        ]
                      }
                    ],
                    "cf": "Ešnunna",
                    "gw": "1",
                    "sense": "1",
                    "norm0": "Ešnunna",
                    "pos": "SN",
                    "epos": "SN",
                    "base": "eš₃-nun-na{ki}",
                    "morph": "~"
                  }
                },
                {
                  "node": "l",
                  "frag": "suburₓ(|SU.EDIN|){ki}",
                  "id": "Q007370.l02c9c",
                  "ref": "Q007370.6.2",
                  "inst": "Subartu[1]GN",
                  "sig": "@ribo/babylon0%sux:suburₓ(|SU.EDIN|){ki}=Subartu[1//1]GN'GN$Subartu/suburₓ(|SU.EDIN|){ki}#~",
                  "f": {
                    "lang": "sux",
                    "form": "suburₓ(|SU.EDIN|){ki}",
                    "delim": "",
                    "gdl": [
                      {
                        "q": "suburₓ(|SU.EDIN|)",
                        "id": "Q007370.6.2.0",
                        "qualified": [
                          {
                            "v": "suburₓ"
                          },
                          {
                            "c": "|SU.EDIN|",
                            "gdl_utf8": "𒋢𒂔",
                            "seq": [
                              {
                                "s": "SU"
                              },
                              {
                                "o": "beside"
                              },
                              {
                                "s": "EDIN"
                              }
                            ]
                          }
                        ]
                      },
                      {
                        "det": "semantic",
                        "pos": "post",
                        "seq": [
                          {
                            "v": "ki",
                            "gdl_utf8": "𒆠",
                            "id": "Q007370.6.2.1"
                          }
                        ]
                      }
                    ],
                    "cf": "Subartu",
                    "gw": "1",
                    "sense": "1",
                    "norm0": "Subartu",
                    "pos": "GN",
                    "epos": "GN",
                    "base": "suburₓ(|SU.EDIN|){ki}",
                    "morph": "~"
                  }
                },
                {
                  "node": "l",
                  "frag": "gu-ti-um{ki}",
                  "id": "Q007370.l02c9d",
                  "ref": "Q007370.6.3",
                  "inst": "Gutium[1]GN",
                  "sig": "@ribo/babylon0%sux:gu-ti-um{ki}=Gutium[1//1]GN'GN$Gutium/gu-ti-um{ki}#~",
                  "f": {
                    "lang": "sux",
                    "form": "gu-ti-um{ki}",
                    "gdl": [
                      {
                        "v": "gu",
                        "gdl_utf8": "𒄖",
                        "id": "Q007370.6.3.0",
                        "delim": "-"
                      },
                      {
                        "v": "ti",
                        "gdl_utf8": "𒋾",
                        "id": "Q007370.6.3.1",
                        "delim": "-"
                      },
                      {
                        "v": "um",
                        "gdl_utf8": "𒌝",
                        "id": "Q007370.6.3.2"
                      },
                      {
                        "det": "semantic",
                        "pos": "post",
                        "seq": [
                          {
                            "v": "ki",
                            "gdl_utf8": "𒆠",
                            "id": "Q007370.6.3.3"
                          }
                        ]
                      }
                    ],
                    "cf": "Gutium",
                    "gw": "1",
                    "sense": "1",
                    "norm0": "Gutium",
                    "pos": "GN",
                    "epos": "GN",
                    "base": "gu-ti-um{ki}",
                    "morph": "~"
                  }
                },
                {
                  "node": "d",
                  "type": "line-start",
                  "ref": "Q007370.7",
                  "n": "3",
                  "label": "ii 3"
                },
                {
                  "node": "l",
                  "frag": "me₃-ta",
                  "id": "Q007370.l02c9e",
                  "ref": "Q007370.7.1",
                  "inst": "me[battle]N",
                  "sig": "@ribo/babylon0%sux:me₃-ta=me[battle//battle]N'N$me,ta/me₃#~,ta",
                  "f": {
                    "lang": "sux",
                    "form": "me₃-ta",
                    "delim": "",
                    "gdl": [
                      {
                        "v": "me₃",
                        "gdl_utf8": "𒀞",
                        "id": "Q007370.7.1.0",
                        "delim": "-"
                      },
                      {
                        "v": "ta",
                        "gdl_utf8": "𒋫",
                        "id": "Q007370.7.1.1"
                      }
                    ],
                    "cf": "me",
                    "gw": "battle",
                    "sense": "battle",
                    "norm0": "me,ta",
                    "pos": "N",
                    "epos": "N",
                    "base": "me₃",
                    "morph": "~,ta"
                  }
                },
                {
                  "node": "l",
                  "frag": "bi₂-ib₂-šub-be₂",
                  "id": "Q007370.l02c9f",
                  "ref": "Q007370.7.2",
                  "inst": "šub[fall//to drop, lay (down)]V/i'V/t",
                  "sig": "@ribo/babylon0%sux:bi₂-ib₂-šub-be₂=šub[fall//to drop, lay (down)]V/i'V/t$ba.i.b:šub;e/šub+-be=b.e#ba.i.b:~;e",
                  "f": {
                    "lang": "sux",
                    "form": "bi₂-ib₂-šub-be₂",
                    "gdl": [
                      {
                        "v": "bi₂",
                        "gdl_utf8": "𒉈",
                        "id": "Q007370.7.2.0",
                        "delim": "-"
                      },
                      {
                        "v": "ib₂",
                        "gdl_utf8": "𒌈",
                        "id": "Q007370.7.2.1",
                        "delim": "-"
                      },
                      {
                        "v": "šub",
                        "gdl_utf8": "𒊒",
                        "id": "Q007370.7.2.2",
                        "delim": "-"
                      },
                      {
                        "v": "be₂",
                        "gdl_utf8": "𒁉",
                        "id": "Q007370.7.2.3"
                      }
                    ],
                    "cf": "šub",
                    "gw": "fall",
                    "sense": "to drop, lay (down)",
                    "norm0": "ba.i.b:šub;e",
                    "pos": "V/i",
                    "epos": "V/t",
                    "base": "šub",
                    "cont": "-be=b.e",
                    "morph": "ba.i.b:~;e"
                  }
                },
                {
                  "node": "d",
                  "type": "line-start",
                  "ref": "Q007370.8",
                  "n": "4",
                  "label": "ii 4"
                },
                {
                  "node": "l",
                  "frag": "ma-an-ki-sum₂{ki}",
                  "id": "Q007370.l02ca0",
                  "ref": "Q007370.8.1",
                  "inst": "Mankisum[1]SN",
                  "sig": "@ribo/babylon0%sux:ma-an-ki-sum₂{ki}=Mankisum[1//1]SN'SN$Mankisum/ma-an-ki-sum₂{ki}#~",
                  "f": {
                    "lang": "sux",
                    "form": "ma-an-ki-sum₂{ki}",
                    "delim": "",
                    "gdl": [
                      {
                        "v": "ma",
                        "gdl_utf8": "𒈠",
                        "id": "Q007370.8.1.0",
                        "delim": "-"
                      },
                      {
                        "v": "an",
                        "gdl_utf8": "𒀭",
                        "id": "Q007370.8.1.1",
                        "delim": "-"
                      },
                      {
                        "v": "ki",
                        "gdl_utf8": "𒆠",
                        "id": "Q007370.8.1.2",
                        "delim": "-"
                      },
                      {
                        "v": "sum₂",
                        "gdl_utf8": "𒍮",
                        "id": "Q007370.8.1.3"
                      },
                      {
                        "det": "semantic",
                        "pos": "post",
                        "seq": [
                          {
                            "v": "ki",
                            "gdl_utf8": "𒆠",
                            "id": "Q007370.8.1.4"
                          }
                        ]
                      }
                    ],
                    "cf": "Mankisum",
                    "gw": "1",
                    "sense": "1",
                    "norm0": "Mankisum",
                    "pos": "SN",
                    "epos": "SN",
                    "base": "ma-an-ki-sum₂{ki}",
                    "morph": "~"
                  }
                },
                {
                  "node": "l",
                  "frag": "u₃",
                  "id": "Q007370.l02ca1",
                  "ref": "Q007370.8.2",
                  "inst": "u[and]CNJ",
                  "sig": "@ribo/babylon0%sux:u₃=u[and//and]CNJ'CNJ$u/u₃#~",
                  "f": {
                    "lang": "sux",
                    "form": "u₃",
                    "delim": "",
                    "gdl": [
                      {
                        "v": "u₃",
                        "gdl_utf8": "𒅇",
                        "id": "Q007370.8.2.0"
                      }
                    ],
                    "cf": "u",
                    "gw": "and",
                    "sense": "and",
                    "norm0": "u",
                    "pos": "CNJ",
                    "epos": "CNJ",
                    "base": "u₃",
                    "morph": "~"
                  }
                },
                {
                  "node": "l",
                  "frag": "gu₂",
                  "id": "Q007370.l02ca2",
                  "ref": "Q007370.8.3",
                  "inst": "gu[bank, side]N",
                  "sig": "@ribo/babylon0%sux:gu₂=gu[neck//bank, side]N'N$gu/gu₂#~",
                  "f": {
                    "lang": "sux",
                    "form": "gu₂",
                    "delim": "",
                    "gdl": [
                      {
                        "v": "gu₂",
                        "gdl_utf8": "𒄘",
                        "id": "Q007370.8.3.0"
                      }
                    ],
                    "cf": "gu",
                    "gw": "neck",
                    "sense": "bank, side",
                    "norm0": "gu",
                    "pos": "N",
                    "epos": "N",
                    "base": "gu₂",
                    "morph": "~"
                  }
                },
                {
                  "node": "l",
                  "frag": "{i₇}idigna",
                  "id": "Q007370.l02ca3",
                  "ref": "Q007370.8.4",
                  "inst": "Idiqlat[Tigris]WN",
                  "sig": "@ribo/babylon0%sux:{i₇}idigna=Idiqlat[Tigris//Tigris]WN'WN$Idiqlat/{i₇}idigna#~",
                  "f": {
                    "lang": "sux",
                    "form": "{i₇}idigna",
                    "gdl": [
                      {
                        "det": "semantic",
                        "pos": "pre",
                        "seq": [
                          {
                            "v": "i₇",
                            "gdl_utf8": "𒀀𒇉",
                            "id": "Q007370.8.4.0"
                          }
                        ]
                      },
                      {
                        "v": "idigna",
                        "gdl_utf8": "𒄘𒃼",
                        "id": "Q007370.8.4.1"
                      }
                    ],
                    "cf": "Idiqlat",
                    "gw": "Tigris",
                    "sense": "Tigris",
                    "norm0": "Idiqlat",
                    "pos": "WN",
                    "epos": "WN",
                    "base": "{i₇}idigna",
                    "morph": "~"
                  }
                },
                {
                  "node": "d",
                  "type": "line-start",
                  "ref": "Q007370.9",
                  "n": "5",
                  "label": "ii 5"
                },
                {
                  "node": "l",
                  "frag": "en-na",
                  "id": "Q007370.l02ca4",
                  "ref": "Q007370.9.1",
                  "inst": "enna[until]CNJ",
                  "sig": "@ribo/babylon0%sux:en-na=enna[until//until]CNJ'CNJ$enna/en-na#~",
                  "f": {
                    "lang": "sux",
                    "form": "en-na",
                    "delim": "",
                    "gdl": [
                      {
                        "v": "en",
                        "gdl_utf8": "𒂗",
                        "id": "Q007370.9.1.0",
                        "delim": "-"
                      },
                      {
                        "v": "na",
                        "gdl_utf8": "𒈾",
                        "id": "Q007370.9.1.1"
                      }
                    ],
                    "cf": "enna",
                    "gw": "until",
                    "sense": "until",
                    "norm0": "enna",
                    "pos": "CNJ",
                    "epos": "CNJ",
                    "base": "en-na",
                    "morph": "~"
                  }
                },
                {
                  "node": "l",
                  "frag": "ma-da",
                  "id": "Q007370.l02ca5",
                  "ref": "Q007370.9.2",
                  "inst": "mada[land, country]N",
                  "sig": "@ribo/babylon0%sux:ma-da=mada[land//land, country]N'N$mada/ma-da#~",
                  "f": {
                    "lang": "sux",
                    "form": "ma-da",
                    "delim": "",
                    "gdl": [
                      {
                        "v": "ma",
                        "gdl_utf8": "𒈠",
                        "id": "Q007370.9.2.0",
                        "delim": "-"
                      },
                      {
                        "v": "da",
                        "gdl_utf8": "𒁕",
                        "id": "Q007370.9.2.1"
                      }
                    ],
                    "cf": "mada",
                    "gw": "land",
                    "sense": "land, country",
                    "norm0": "mada",
                    "pos": "N",
                    "epos": "N",
                    "base": "ma-da",
                    "morph": "~"
                  }
                },
                {
                  "node": "l",
                  "frag": "suburₓ(|SU.EDIN|){ki}še₃",
                  "id": "Q007370.l02ca6",
                  "ref": "Q007370.9.3",
                  "inst": "Subartu[1]GN",
                  "sig": "@ribo/babylon0%sux:suburₓ(|SU.EDIN|){ki}-še₃=Subartu[1//1]GN'GN$Subartu,eše/suburₓ(|SU.EDIN|){ki}#~,eše",
                  "f": {
                    "lang": "sux",
                    "form": "suburₓ(|SU.EDIN|){ki}-še₃",
                    "gdl": [
                      {
                        "q": "suburₓ(|SU.EDIN|)",
                        "id": "Q007370.9.3.0",
                        "qualified": [
                          {
                            "v": "suburₓ"
                          },
                          {
                            "c": "|SU.EDIN|",
                            "gdl_utf8": "𒋢𒂔",
                            "seq": [
                              {
                                "s": "SU"
                              },
                              {
                                "o": "beside"
                              },
                              {
                                "s": "EDIN"
                              }
                            ]
                          }
                        ]
                      },
                      {
                        "det": "semantic",
                        "pos": "post",
                        "delim": "-",
                        "seq": [
                          {
                            "v": "ki",
                            "gdl_utf8": "𒆠",
                            "id": "Q007370.9.3.1"
                          }
                        ]
                      },
                      {
                        "v": "še₃",
                        "gdl_utf8": "𒂠",
                        "id": "Q007370.9.3.2"
                      }
                    ],
                    "cf": "Subartu",
                    "gw": "1",
                    "sense": "1",
                    "norm0": "Subartu,eše",
                    "pos": "GN",
                    "epos": "GN",
                    "base": "suburₓ(|SU.EDIN|){ki}",
                    "morph": "~,eše"
                  }
                },
                {
                  "node": "d",
                  "type": "line-start",
                  "ref": "Q007370.10",
                  "n": "6",
                  "label": "ii 6"
                },
                {
                  "node": "l",
                  "frag": "šu-ne₂",
                  "id": "Q007370.l02ca7",
                  "ref": "Q007370.10.1",
                  "inst": "šu[hand]N",
                  "sig": "@ribo/babylon0%sux:šu-ne₂=šu[hand//hand]N'N$šu,ani.e/šu#~,ani.e",
                  "f": {
                    "lang": "sux",
                    "form": "šu-ne₂",
                    "delim": "",
                    "gdl": [
                      {
                        "v": "šu",
                        "gdl_utf8": "𒋗",
                        "id": "Q007370.10.1.0",
                        "delim": "-"
                      },
                      {
                        "v": "ne₂",
                        "gdl_utf8": "𒉌",
                        "id": "Q007370.10.1.1"
                      }
                    ],
                    "cf": "šu",
                    "gw": "hand",
                    "sense": "hand",
                    "norm0": "šu,ani.e",
                    "pos": "N",
                    "epos": "N",
                    "base": "šu",
                    "morph": "~,ani.e"
                  }
                },
                {
                  "node": "c",
                  "type": "phrase",
                  "tag": "phr",
                  "id": "Q007370.U4",
                  "ref": "Q007370.ls00000",
                  "cdl": [
                    {
                      "node": "l",
                      "frag": "sa₂",
                      "id": "Q007370.l02ca8",
                      "ref": "Q007370.10.2",
                      "inst": "sa[advice]N",
                      "sig": "@ribo/babylon0%sux:sa₂=sa[advice//advice, counsel]N'N$sa/sa₂#~",
                      "f": {
                        "lang": "sux",
                        "form": "sa₂",
                        "delim": "",
                        "gdl": [
                          {
                            "v": "sa₂",
                            "gdl_utf8": "𒁲",
                            "id": "Q007370.10.2.0"
                          }
                        ],
                        "cf": "sa",
                        "gw": "advice",
                        "sense": "advice, counsel",
                        "norm0": "sa",
                        "pos": "N",
                        "epos": "N",
                        "base": "sa₂",
                        "morph": "~"
                      }
                    },
                    {
                      "node": "l",
                      "frag": "bi₂-du₁₁-ga",
                      "id": "Q007370.l02ca9",
                      "ref": "Q007370.10.3",
                      "inst": "dug[to speak, talk, say]V/t",
                      "sig": "@ribo/babylon0%sux:bi₂-du₁₁-ga=dug[speak//to speak, talk, say]V/t'V/t$ba.i:dug;a/du₁₁-g·a#ba.i:~;a",
                      "f": {
                        "lang": "sux",
                        "form": "bi₂-du₁₁-ga",
                        "gdl": [
                          {
                            "v": "bi₂",
                            "gdl_utf8": "𒉈",
                            "id": "Q007370.10.3.0",
                            "delim": "-"
                          },
                          {
                            "v": "du₁₁",
                            "gdl_utf8": "𒅗",
                            "id": "Q007370.10.3.1",
                            "delim": "-"
                          },
                          {
                            "v": "ga",
                            "gdl_utf8": "𒂵",
                            "id": "Q007370.10.3.2"
                          }
                        ],
                        "cf": "dug",
                        "gw": "speak",
                        "sense": "to speak, talk, say",
                        "norm0": "ba.i:dug;a",
                        "pos": "V/t",
                        "epos": "V/t",
                        "base": "du₁₁-g·a",
                        "morph": "ba.i:~;a"
                      }
                    }
                  ]
                }
              ]
            }
          ]
        }
      ]
    },
    {
      "linkbase": [
        {
          "type": "linkset",
          "xlink_title": "sa dug[arrive//to arrive]V/t'V/t",
          "id": "Q007370.ls00000",
          "xlink_type": "extended",
          "xlink_role": "psu",
          "sig": "{sa₂ bi₂-du₁₁-ga = sa[advice]N dug[speak]V/t += sa dug[arrive//to arrive]V/t'V/t}::@ribo/babylon0%sux:sa₂=sa[advice//advice, counsel]N'N$sa/sa₂#~++@ribo/babylon0%sux:bi₂-du₁₁-ga=dug[speak//to speak, talk, say]V/t'V/t$ba.i:dug;a/du₁₁-g·a#ba.i:~;a",
          "links": [
            {
              "type": "link",
              "xlink_title": "sa",
              "xlink_type": "locator",
              "xlink_href": "#Q007370.l02ca8",
              "xlink_role": "elt"
            },
            {
              "type": "link",
              "xlink_title": "dug",
              "xlink_type": "locator",
              "xlink_href": "#Q007370.l02ca9",
              "xlink_role": "elt"
            }
          ]
        }
      ]
    }
  ]
}
