{
  "type": "cdl",
  "project": "ribo/babylon0",
  "source": "http://oracc.org/ribo/babylon0",
  "license": "This data is released under the CC0 license",
  "license-url": "https://creativecommons.org/publicdomain/zero/1.0/",
  "more-info": "http://oracc.org/doc/opendata/",
  "UTC-timestamp": "2019-01-12T08:23:18",
  "textid": "Q007410",
  "cdl": [
    {
      "node": "c",
      "type": "text",
      "id": "Q007410.U0",
      "cdl": [
        {
          "node": "d",
          "type": "object",
          "ref": ""
        },
        {
          "node": "d",
          "type": "surface",
          "ref": ""
        },
        {
          "node": "c",
          "type": "discourse",
          "subtype": "body",
          "id": "Q007410.U1",
          "cdl": [
            {
              "node": "c",
              "type": "sentence",
              "implicit": "yes",
              "id": "Q007410.U2",
              "label": "1",
              "cdl": [
                {
                  "node": "d",
                  "type": "line-start",
                  "ref": "Q007410.1",
                  "n": "1",
                  "label": "1"
                },
                {
                  "node": "l",
                  "frag": "mu",
                  "id": "Q007410.l03871",
                  "ref": "Q007410.1.1",
                  "inst": "mu[year]N",
                  "sig": "@ribo/babylon0%sux:mu=mu[year//year]N'N$mu/mu#~",
                  "f": {
                    "lang": "sux",
                    "form": "mu",
                    "delim": "",
                    "gdl": [
                      {
                        "v": "mu",
                        "gdl_utf8": "𒈬",
                        "id": "Q007410.1.1.0"
                      }
                    ],
                    "cf": "mu",
                    "gw": "year",
                    "sense": "year",
                    "norm0": "mu",
                    "pos": "N",
                    "epos": "N",
                    "base": "mu",
                    "morph": "~"
                  }
                },
                {
                  "node": "l",
                  "frag": "sa-am-su-i-lu-na",
                  "id": "Q007410.l03872",
                  "ref": "Q007410.1.2",
                  "inst": "Samsu-iluna[king of Babylon]RN",
                  "sig": "@ribo/babylon0%sux:sa-am-su-i-lu-na=Samsu-iluna[king of Babylon//king of Babylon]RN'RN$Samsu-iluna/sa-am-su-i-lu-na#~",
                  "f": {
                    "lang": "sux",
                    "form": "sa-am-su-i-lu-na",
                    "delim": "",
                    "gdl": [
                      {
                        "v": "sa",
                        "gdl_utf8": "𒊓",
                        "id": "Q007410.1.2.0",
                        "delim": "-"
                      },
                      {
                        "v": "am",
                        "gdl_utf8": "𒄠",
                        "id": "Q007410.1.2.1",
                        "delim": "-"
                      },
                      {
                        "v": "su",
                        "gdl_utf8": "𒋢",
                        "id": "Q007410.1.2.2",
                        "delim": "-"
                      },
                      {
                        "v": "i",
                        "gdl_utf8": "𒄿",
                        "id": "Q007410.1.2.3",
                        "delim": "-"
                      },
                      {
                        "v": "lu",
                        "gdl_utf8": "𒇻",
                        "id": "Q007410.1.2.4",
                        "delim": "-"
                      },
                      {
                        "v": "na",
                        "gdl_utf8": "𒈾",
                        "id": "Q007410.1.2.5"
                      }
                    ],
                    "cf": "Samsu-iluna",
                    "gw": "king of Babylon",
                    "sense": "king of Babylon",
                    "norm0": "Samsu-iluna",
                    "pos": "RN",
                    "epos": "RN",
                    "base": "sa-am-su-i-lu-na",
                    "morph": "~"
                  }
                },
                {
                  "node": "l",
                  "frag": "lugal-e",
                  "id": "Q007410.l03873",
                  "ref": "Q007410.1.3",
                  "inst": "lugal[king]N",
                  "sig": "@ribo/babylon0%sux:lugal-e=lugal[king//king]N'N$lugal,e/lugal#~,e",
                  "f": {
                    "lang": "sux",
                    "form": "lugal-e",
                    "delim": "",
                    "gdl": [
                      {
                        "v": "lugal",
                        "gdl_utf8": "𒈗",
                        "id": "Q007410.1.3.0",
                        "delim": "-"
                      },
                      {
                        "v": "e",
                        "gdl_utf8": "𒂊",
                        "id": "Q007410.1.3.1"
                      }
                    ],
                    "cf": "lugal",
                    "gw": "king",
                    "sense": "king",
                    "norm0": "lugal,e",
                    "pos": "N",
                    "epos": "N",
                    "base": "lugal",
                    "morph": "~,e"
                  }
                },
                {
                  "node": "l",
                  "frag": "a₂-aŋ₂-ŋa₂",
                  "id": "Q007410.l03874",
                  "ref": "Q007410.1.4",
                  "inst": "aʾaŋa[command]N",
                  "sig": "@ribo/babylon0%sux:a₂-aŋ₂-ŋa₂=aʾaŋa[assignment//command]N'N$aʾaŋa/a₂-aŋ₂-ŋa₂#~",
                  "f": {
                    "lang": "sux",
                    "form": "a₂-aŋ₂-ŋa₂",
                    "delim": "",
                    "gdl": [
                      {
                        "v": "a₂",
                        "gdl_utf8": "𒀉",
                        "id": "Q007410.1.4.0",
                        "delim": "-"
                      },
                      {
                        "v": "aŋ₂",
                        "gdl_utf8": "𒉘",
                        "id": "Q007410.1.4.1",
                        "delim": "-"
                      },
                      {
                        "v": "ŋa₂",
                        "gdl_utf8": "𒂷",
                        "id": "Q007410.1.4.2"
                      }
                    ],
                    "cf": "aʾaŋa",
                    "gw": "assignment",
                    "sense": "command",
                    "norm0": "aʾaŋa",
                    "pos": "N",
                    "epos": "N",
                    "base": "a₂-aŋ₂-ŋa₂",
                    "morph": "~"
                  }
                },
                {
                  "node": "l",
                  "frag": "{d}en-lil₂-la₂-ke₄",
                  "id": "Q007410.l03875",
                  "ref": "Q007410.1.5",
                  "inst": "Enlil[1]DN",
                  "sig": "@ribo/babylon0%sux:{d}en-lil₂-la₂-ke₄=Enlil[1//1]DN'DN$Enlil,ak.e/{d}en-lil₂+-la₂=l.a#~,ak.e",
                  "f": {
                    "lang": "sux",
                    "form": "{d}en-lil₂-la₂-ke₄",
                    "delim": "",
                    "gdl": [
                      {
                        "det": "semantic",
                        "pos": "pre",
                        "seq": [
                          {
                            "v": "d",
                            "gdl_utf8": "𒀭",
                            "id": "Q007410.1.5.0"
                          }
                        ]
                      },
                      {
                        "v": "en",
                        "gdl_utf8": "𒂗",
                        "id": "Q007410.1.5.1",
                        "delim": "-"
                      },
                      {
                        "v": "lil₂",
                        "gdl_utf8": "𒆤",
                        "id": "Q007410.1.5.2",
                        "delim": "-"
                      },
                      {
                        "v": "la₂",
                        "gdl_utf8": "𒇲",
                        "id": "Q007410.1.5.3",
                        "delim": "-"
                      },
                      {
                        "v": "ke₄",
                        "gdl_utf8": "𒆤",
                        "id": "Q007410.1.5.4"
                      }
                    ],
                    "cf": "Enlil",
                    "gw": "1",
                    "sense": "1",
                    "norm0": "Enlil,ak.e",
                    "pos": "DN",
                    "epos": "DN",
                    "base": "{d}en-lil₂",
                    "cont": "-la₂=l.a",
                    "morph": "~,ak.e"
                  }
                },
                {
                  "node": "l",
                  "frag": "nam-ku₃-zu",
                  "id": "Q007410.l03876",
                  "ref": "Q007410.1.6",
                  "inst": "namkugzu[wisdom]N",
                  "sig": "@ribo/babylon0%sux:nam-ku₃-zu=namkugzu[wisdom//wisdom]N'N$namkugzu/nam-ku₃-zu#~",
                  "f": {
                    "lang": "sux",
                    "form": "nam-ku₃-zu",
                    "delim": "",
                    "gdl": [
                      {
                        "v": "nam",
                        "gdl_utf8": "𒉆",
                        "id": "Q007410.1.6.0",
                        "delim": "-"
                      },
                      {
                        "v": "ku₃",
                        "gdl_utf8": "𒆬",
                        "id": "Q007410.1.6.1",
                        "delim": "-"
                      },
                      {
                        "v": "zu",
                        "gdl_utf8": "𒍪",
                        "id": "Q007410.1.6.2"
                      }
                    ],
                    "cf": "namkugzu",
                    "gw": "wisdom",
                    "sense": "wisdom",
                    "norm0": "namkugzu",
                    "pos": "N",
                    "epos": "N",
                    "base": "nam-ku₃-zu",
                    "morph": "~"
                  }
                },
                {
                  "node": "l",
                  "frag": "nam-a₂-ŋal₂-bi-ta",
                  "id": "Q007410.l03877",
                  "ref": "Q007410.1.7",
                  "inst": "namaŋal[strength]N",
                  "sig": "@ribo/babylon0%sux:nam-a₂-ŋal₂-bi-ta=namaŋal[strength//strength]N'N$namaŋal,bi.ta/nam-a₂-ŋal₂#~,bi.ta",
                  "f": {
                    "lang": "sux",
                    "form": "nam-a₂-ŋal₂-bi-ta",
                    "delim": "",
                    "gdl": [
                      {
                        "v": "nam",
                        "gdl_utf8": "𒉆",
                        "id": "Q007410.1.7.0",
                        "delim": "-"
                      },
                      {
                        "v": "a₂",
                        "gdl_utf8": "𒀉",
                        "id": "Q007410.1.7.1",
                        "delim": "-"
                      },
                      {
                        "v": "ŋal₂",
                        "gdl_utf8": "𒅅",
                        "id": "Q007410.1.7.2",
                        "delim": "-"
                      },
                      {
                        "v": "bi",
                        "gdl_utf8": "𒁉",
                        "id": "Q007410.1.7.3",
                        "delim": "-"
                      },
                      {
                        "v": "ta",
                        "gdl_utf8": "𒋫",
                        "id": "Q007410.1.7.4"
                      }
                    ],
                    "cf": "namaŋal",
                    "gw": "strength",
                    "sense": "strength",
                    "norm0": "namaŋal,bi.ta",
                    "pos": "N",
                    "epos": "N",
                    "base": "nam-a₂-ŋal₂",
                    "morph": "~,bi.ta"
                  }
                },
                {
                  "node": "l",
                  "frag": "{d}amar-utu-ke₄",
                  "id": "Q007410.l03878",
                  "ref": "Q007410.1.8",
                  "inst": "Marduk[1]DN",
                  "sig": "@ribo/babylon0%sux:{d}amar-utu-ke₄=Marduk[1//1]DN'DN$Marduk,ak.e/{d}amar-utu#~,ak.e",
                  "f": {
                    "lang": "sux",
                    "form": "{d}amar-utu-ke₄",
                    "delim": "",
                    "gdl": [
                      {
                        "det": "semantic",
                        "pos": "pre",
                        "seq": [
                          {
                            "v": "d",
                            "gdl_utf8": "𒀭",
                            "id": "Q007410.1.8.0"
                          }
                        ]
                      },
                      {
                        "v": "amar",
                        "gdl_utf8": "𒀫",
                        "id": "Q007410.1.8.1",
                        "delim": "-"
                      },
                      {
                        "v": "utu",
                        "gdl_utf8": "𒌓",
                        "id": "Q007410.1.8.2",
                        "delim": "-"
                      },
                      {
                        "v": "ke₄",
                        "gdl_utf8": "𒆤",
                        "id": "Q007410.1.8.3"
                      }
                    ],
                    "cf": "Marduk",
                    "gw": "1",
                    "sense": "1",
                    "norm0": "Marduk,ak.e",
                    "pos": "DN",
                    "epos": "DN",
                    "base": "{d}amar-utu",
                    "morph": "~,ak.e"
                  }
                },
                {
                  "node": "l",
                  "frag": "mu-un-na-an-šum₂-ma-ta",
                  "id": "Q007410.l03879",
                  "ref": "Q007410.1.9",
                  "inst": "šum[to give]V/t",
                  "sig": "@ribo/babylon0%sux:mu-un-na-an-šum₂-ma-ta=šum[give//to give]V/t'V/t$mu.na.n:šum;a,ta/šum₂+-ma=m.a#mu.na.n:~;a,ta",
                  "f": {
                    "lang": "sux",
                    "form": "mu-un-na-an-šum₂-ma-ta",
                    "delim": "",
                    "gdl": [
                      {
                        "v": "mu",
                        "gdl_utf8": "𒈬",
                        "id": "Q007410.1.9.0",
                        "delim": "-"
                      },
                      {
                        "v": "un",
                        "gdl_utf8": "𒌦",
                        "id": "Q007410.1.9.1",
                        "delim": "-"
                      },
                      {
                        "v": "na",
                        "gdl_utf8": "𒈾",
                        "id": "Q007410.1.9.2",
                        "delim": "-"
                      },
                      {
                        "v": "an",
                        "gdl_utf8": "𒀭",
                        "id": "Q007410.1.9.3",
                        "delim": "-"
                      },
                      {
                        "v": "šum₂",
                        "gdl_utf8": "𒋧",
                        "id": "Q007410.1.9.4",
                        "delim": "-"
                      },
                      {
                        "v": "ma",
                        "gdl_utf8": "𒈠",
                        "id": "Q007410.1.9.5",
                        "delim": "-"
                      },
                      {
                        "v": "ta",
                        "gdl_utf8": "𒋫",
                        "id": "Q007410.1.9.6"
                      }
                    ],
                    "cf": "šum",
                    "gw": "give",
                    "sense": "to give",
                    "norm0": "mu.na.n:šum;a,ta",
                    "pos": "V/t",
                    "epos": "V/t",
                    "base": "šum₂",
                    "cont": "-ma=m.a",
                    "morph": "mu.na.n:~;a,ta"
                  }
                },
                {
                  "node": "l",
                  "frag": "ia-di-ha-bu-um",
                  "id": "Q007410.l0387a",
                  "ref": "Q007410.1.10",
                  "inst": "Yadih-abum[1]RN",
                  "sig": "@ribo/babylon0%sux:ia-di-ha-bu-um=Yadih-abum[1//1]RN'RN$Yadih-abum/ia-di-ha-bu-um#~",
                  "f": {
                    "lang": "sux",
                    "form": "ia-di-ha-bu-um",
                    "delim": "",
                    "gdl": [
                      {
                        "v": "ia",
                        "gdl_utf8": "𒅀",
                        "id": "Q007410.1.10.0",
                        "delim": "-"
                      },
                      {
                        "v": "di",
                        "gdl_utf8": "𒁲",
                        "id": "Q007410.1.10.1",
                        "delim": "-"
                      },
                      {
                        "v": "ha",
                        "gdl_utf8": "𒄩",
                        "id": "Q007410.1.10.2",
                        "delim": "-"
                      },
                      {
                        "v": "bu",
                        "gdl_utf8": "𒁍",
                        "id": "Q007410.1.10.3",
                        "delim": "-"
                      },
                      {
                        "v": "um",
                        "gdl_utf8": "𒌝",
                        "id": "Q007410.1.10.4"
                      }
                    ],
                    "cf": "Yadih-abum",
                    "gw": "1",
                    "sense": "1",
                    "norm0": "Yadih-abum",
                    "pos": "RN",
                    "epos": "RN",
                    "base": "ia-di-ha-bu-um",
                    "morph": "~"
                  }
                },
                {
                  "node": "l",
                  "frag": "(ia-di-a-bu-um)",
                  "id": "Q007410.l0387b",
                  "ref": "Q007410.1.11",
                  "inst": "Yadih-abum[1]RN",
                  "sig": "@ribo/babylon0%sux:ia-di-a-bu-um=Yadih-abum[1//1]RN'RN$Yadih-abum/ia-di-a-bu-um#~",
                  "f": {
                    "lang": "sux",
                    "form": "ia-di-a-bu-um",
                    "delim": "",
                    "gdl": [
                      {
                        "v": "ia",
                        "gdl_utf8": "𒅀",
                        "id": "Q007410.1.11.0",
                        "statusStart": "1",
                        "o": "(",
                        "delim": "-"
                      },
                      {
                        "v": "di",
                        "gdl_utf8": "𒁲",
                        "id": "Q007410.1.11.1",
                        "delim": "-"
                      },
                      {
                        "v": "a",
                        "gdl_utf8": "𒀀",
                        "id": "Q007410.1.11.2",
                        "delim": "-"
                      },
                      {
                        "v": "bu",
                        "gdl_utf8": "𒁍",
                        "id": "Q007410.1.11.3",
                        "delim": "-"
                      },
                      {
                        "v": "um",
                        "gdl_utf8": "𒌝",
                        "id": "Q007410.1.11.4",
                        "o": ")",
                        "statusStart": "Q007410.1.11.0"
                      }
                    ],
                    "cf": "Yadih-abum",
                    "gw": "1",
                    "sense": "1",
                    "norm0": "Yadih-abum",
                    "pos": "RN",
                    "epos": "RN",
                    "base": "ia-di-a-bu-um",
                    "morph": "~"
                  }
                },
                {
                  "node": "l",
                  "frag": "u₃",
                  "id": "Q007410.l0387c",
                  "ref": "Q007410.1.12",
                  "inst": "u[and]CNJ",
                  "sig": "@ribo/babylon0%sux:u₃=u[and//and]CNJ'CNJ$u/u₃#~",
                  "f": {
                    "lang": "sux",
                    "form": "u₃",
                    "delim": "",
                    "gdl": [
                      {
                        "v": "u₃",
                        "gdl_utf8": "𒅇",
                        "id": "Q007410.1.12.0"
                      }
                    ],
                    "cf": "u",
                    "gw": "and",
                    "sense": "and",
                    "norm0": "u",
                    "pos": "CNJ",
                    "epos": "CNJ",
                    "base": "u₃",
                    "morph": "~"
                  }
                },
                {
                  "node": "l",
                  "frag": "mu-ti-hu-ur-ša-na",
                  "id": "Q007410.l0387d",
                  "ref": "Q007410.1.13",
                  "inst": "Muti-hursag[1]RN",
                  "sig": "@ribo/babylon0%sux:mu-ti-hu-ur-ša-na=Muti-hursag[1//1]RN'RN$Muti-hursag/mu-ti-hu-ur-ša-na#~",
                  "f": {
                    "lang": "sux",
                    "form": "mu-ti-hu-ur-ša-na",
                    "delim": "",
                    "gdl": [
                      {
                        "v": "mu",
                        "gdl_utf8": "𒈬",
                        "id": "Q007410.1.13.0",
                        "delim": "-"
                      },
                      {
                        "v": "ti",
                        "gdl_utf8": "𒋾",
                        "id": "Q007410.1.13.1",
                        "delim": "-"
                      },
                      {
                        "v": "hu",
                        "gdl_utf8": "𒄷",
                        "id": "Q007410.1.13.2",
                        "delim": "-"
                      },
                      {
                        "v": "ur",
                        "gdl_utf8": "𒌨",
                        "id": "Q007410.1.13.3",
                        "delim": "-"
                      },
                      {
                        "v": "ša",
                        "gdl_utf8": "𒊭",
                        "id": "Q007410.1.13.4",
                        "delim": "-"
                      },
                      {
                        "v": "na",
                        "gdl_utf8": "𒈾",
                        "id": "Q007410.1.13.5"
                      }
                    ],
                    "cf": "Muti-hursag",
                    "gw": "1",
                    "sense": "1",
                    "norm0": "Muti-hursag",
                    "pos": "RN",
                    "epos": "RN",
                    "base": "mu-ti-hu-ur-ša-na",
                    "morph": "~"
                  }
                },
                {
                  "node": "l",
                  "frag": "(mu-ti-hur-saŋ)",
                  "id": "Q007410.l0387e",
                  "ref": "Q007410.1.14",
                  "inst": "Muti-hursag[1]RN",
                  "sig": "@ribo/babylon0%sux:mu-ti-hur-saŋ=Muti-hursag[1//1]RN'RN$Muti-hursag/mu-ti-hur-saŋ#~",
                  "f": {
                    "lang": "sux",
                    "form": "mu-ti-hur-saŋ",
                    "delim": "",
                    "gdl": [
                      {
                        "v": "mu",
                        "gdl_utf8": "𒈬",
                        "id": "Q007410.1.14.0",
                        "statusStart": "1",
                        "o": "(",
                        "delim": "-"
                      },
                      {
                        "v": "ti",
                        "gdl_utf8": "𒋾",
                        "id": "Q007410.1.14.1",
                        "delim": "-"
                      },
                      {
                        "v": "hur",
                        "gdl_utf8": "𒄯",
                        "id": "Q007410.1.14.2",
                        "delim": "-"
                      },
                      {
                        "v": "saŋ",
                        "gdl_utf8": "𒊕",
                        "id": "Q007410.1.14.3",
                        "o": ")",
                        "statusStart": "Q007410.1.14.0"
                      }
                    ],
                    "cf": "Muti-hursag",
                    "gw": "1",
                    "sense": "1",
                    "norm0": "Muti-hursag",
                    "pos": "RN",
                    "epos": "RN",
                    "base": "mu-ti-hur-saŋ",
                    "morph": "~"
                  }
                },
                {
                  "node": "l",
                  "frag": "lugal-lugal-la",
                  "id": "Q007410.l0387f",
                  "ref": "Q007410.1.15",
                  "inst": "lugal[king]N",
                  "sig": "@ribo/babylon0%sux:lugal-lugal-la=lugal[king//king]N'N$lugal,a/lugal-lugal+-la=l.a#~,a",
                  "f": {
                    "lang": "sux",
                    "form": "lugal-lugal-la",
                    "delim": "",
                    "gdl": [
                      {
                        "v": "lugal",
                        "gdl_utf8": "𒈗",
                        "id": "Q007410.1.15.0",
                        "delim": "-"
                      },
                      {
                        "v": "lugal",
                        "gdl_utf8": "𒈗",
                        "id": "Q007410.1.15.1",
                        "delim": "-"
                      },
                      {
                        "v": "la",
                        "gdl_utf8": "𒆷",
                        "id": "Q007410.1.15.2"
                      }
                    ],
                    "cf": "lugal",
                    "gw": "king",
                    "sense": "king",
                    "norm0": "lugal,a",
                    "pos": "N",
                    "epos": "N",
                    "base": "lugal-lugal",
                    "cont": "-la=l.a",
                    "morph": "~,a"
                  }
                },
                {
                  "node": "l",
                  "frag": "an-da-kur₂-uš-a",
                  "id": "Q007410.l03880",
                  "ref": "Q007410.1.16",
                  "inst": "kur[(to be) hostile]V/i",
                  "sig": "@ribo/babylon0%sux:an-da-kur₂-uš-a=kur[different//(to be) hostile]V/i'V/i$kurV.n.da:~;eš.a/kur₂#~V.n.da:~;eš.a",
                  "f": {
                    "lang": "sux",
                    "form": "an-da-kur₂-uš-a",
                    "delim": "",
                    "gdl": [
                      {
                        "v": "an",
                        "gdl_utf8": "𒀭",
                        "id": "Q007410.1.16.0",
                        "delim": "-"
                      },
                      {
                        "v": "da",
                        "gdl_utf8": "𒁕",
                        "id": "Q007410.1.16.1",
                        "delim": "-"
                      },
                      {
                        "v": "kur₂",
                        "gdl_utf8": "𒉽",
                        "id": "Q007410.1.16.2",
                        "delim": "-"
                      },
                      {
                        "v": "uš",
                        "gdl_utf8": "𒍑",
                        "id": "Q007410.1.16.3",
                        "delim": "-"
                      },
                      {
                        "v": "a",
                        "gdl_utf8": "𒀀",
                        "id": "Q007410.1.16.4"
                      }
                    ],
                    "cf": "kur",
                    "gw": "different",
                    "sense": "(to be) hostile",
                    "norm0": "kurV.n.da:~;eš.a",
                    "pos": "V/i",
                    "epos": "V/i",
                    "base": "kur₂",
                    "morph": "~V.n.da:~;eš.a"
                  }
                },
                {
                  "node": "l",
                  "frag": "udug₂",
                  "id": "Q007410.l03881",
                  "ref": "Q007410.1.17",
                  "inst": "udug[weapon]N",
                  "sig": "@ribo/babylon0%sux:udug₂=udug[weapon//weapon]N'N$udug/udug₂#~",
                  "f": {
                    "lang": "sux",
                    "form": "udug₂",
                    "delim": "",
                    "gdl": [
                      {
                        "v": "udug₂",
                        "gdl_utf8": "𒂷𒄑",
                        "id": "Q007410.1.17.0"
                      }
                    ],
                    "cf": "udug",
                    "gw": "weapon",
                    "sense": "weapon",
                    "norm0": "udug",
                    "pos": "N",
                    "epos": "N",
                    "base": "udug₂",
                    "morph": "~"
                  }
                },
                {
                  "node": "l",
                  "frag": "huš-a-na",
                  "id": "Q007410.l03882",
                  "ref": "Q007410.1.18",
                  "inst": "huš[(to be) furious, angry]V/i",
                  "sig": "@ribo/babylon0%sux:huš-a-na=huš[reddish//(to be) furious, angry]V/i'V/i$huš;a,ani.a/huš#~;a,ani.a",
                  "f": {
                    "lang": "sux",
                    "form": "huš-a-na",
                    "delim": "",
                    "gdl": [
                      {
                        "v": "huš",
                        "gdl_utf8": "𒄭𒄊",
                        "id": "Q007410.1.18.0",
                        "delim": "-"
                      },
                      {
                        "v": "a",
                        "gdl_utf8": "𒀀",
                        "id": "Q007410.1.18.1",
                        "delim": "-"
                      },
                      {
                        "v": "na",
                        "gdl_utf8": "𒈾",
                        "id": "Q007410.1.18.2"
                      }
                    ],
                    "cf": "huš",
                    "gw": "reddish",
                    "sense": "(to be) furious, angry",
                    "norm0": "huš;a,ani.a",
                    "pos": "V/i",
                    "epos": "V/i",
                    "base": "huš",
                    "morph": "~;a,ani.a"
                  }
                },
                {
                  "node": "l",
                  "frag": "ŋeš-haš-a",
                  "id": "Q007410.l03883",
                  "ref": "Q007410.1.19",
                  "inst": "ŋešhaš[weapon]N",
                  "sig": "@ribo/babylon0%sux:ŋeš-haš-a=ŋešhaš[weapon//weapon]N'N$ŋešhaš,a/ŋeš-haš#~,a",
                  "f": {
                    "lang": "sux",
                    "form": "ŋeš-haš-a",
                    "delim": "",
                    "gdl": [
                      {
                        "v": "ŋeš",
                        "gdl_utf8": "𒄑",
                        "id": "Q007410.1.19.0",
                        "delim": "-"
                      },
                      {
                        "v": "haš",
                        "gdl_utf8": "𒋻",
                        "id": "Q007410.1.19.1",
                        "delim": "-"
                      },
                      {
                        "v": "a",
                        "gdl_utf8": "𒀀",
                        "id": "Q007410.1.19.2"
                      }
                    ],
                    "cf": "ŋešhaš",
                    "gw": "weapon",
                    "sense": "weapon",
                    "norm0": "ŋešhaš,a",
                    "pos": "N",
                    "epos": "N",
                    "base": "ŋeš-haš",
                    "morph": "~,a"
                  }
                },
                {
                  "node": "l",
                  "frag": "in-ne-en-AK-a",
                  "id": "Q007410.l03884",
                  "ref": "Q007410.1.20",
                  "inst": "ak[to do]V/t",
                  "sig": "@ribo/babylon0%sux:in-ne-en-AK-a=ak[do//to do]V/t'V/t$V.ne.n:ak;a/AK#V.ne.n:~;a",
                  "f": {
                    "lang": "sux",
                    "form": "in-ne-en-AK-a",
                    "delim": "",
                    "gdl": [
                      {
                        "v": "in",
                        "gdl_utf8": "𒅔",
                        "id": "Q007410.1.20.0",
                        "delim": "-"
                      },
                      {
                        "v": "ne",
                        "gdl_utf8": "𒉈",
                        "id": "Q007410.1.20.1",
                        "delim": "-"
                      },
                      {
                        "v": "en",
                        "gdl_utf8": "𒂗",
                        "id": "Q007410.1.20.2",
                        "delim": "-"
                      },
                      {
                        "s": "AK",
                        "gdl_utf8": "𒀝",
                        "id": "Q007410.1.20.3",
                        "delim": "-"
                      },
                      {
                        "v": "a",
                        "gdl_utf8": "𒀀",
                        "id": "Q007410.1.20.4"
                      }
                    ],
                    "cf": "ak",
                    "gw": "do",
                    "sense": "to do",
                    "norm0": "V.ne.n:ak;a",
                    "pos": "V/t",
                    "epos": "V/t",
                    "base": "AK",
                    "morph": "V.ne.n:~;a"
                  }
                },
                {
                  "node": "l",
                  "frag": "(šu-ne₂",
                  "id": "Q007410.l03885",
                  "ref": "Q007410.1.21",
                  "inst": "šu[hand]N",
                  "sig": "@ribo/babylon0%sux:šu-ne₂=šu[hand//hand]N'N$šu,ani.e/šu#~,ani.e",
                  "f": {
                    "lang": "sux",
                    "form": "šu-ne₂",
                    "delim": "",
                    "gdl": [
                      {
                        "v": "šu",
                        "gdl_utf8": "𒋗",
                        "id": "Q007410.1.21.0",
                        "statusStart": "1",
                        "o": "(",
                        "delim": "-"
                      },
                      {
                        "v": "ne₂",
                        "gdl_utf8": "𒉌",
                        "id": "Q007410.1.21.1"
                      }
                    ],
                    "cf": "šu",
                    "gw": "hand",
                    "sense": "hand",
                    "norm0": "šu,ani.e",
                    "pos": "N",
                    "epos": "N",
                    "base": "šu",
                    "morph": "~,ani.e"
                  }
                },
                {
                  "node": "c",
                  "type": "phrase",
                  "tag": "phr",
                  "id": "Q007410.U4",
                  "ref": "Q007410.ls00000",
                  "cdl": [
                    {
                      "node": "l",
                      "frag": "sa₂",
                      "id": "Q007410.l03886",
                      "ref": "Q007410.1.22",
                      "inst": "sa[advice, counsel]N",
                      "sig": "@ribo/babylon0%sux:sa₂=sa[advice//advice, counsel]N'N$sa/sa₂#~",
                      "f": {
                        "lang": "sux",
                        "form": "sa₂",
                        "delim": "",
                        "gdl": [
                          {
                            "v": "sa₂",
                            "gdl_utf8": "𒁲",
                            "id": "Q007410.1.22.0"
                          }
                        ],
                        "cf": "sa",
                        "gw": "advice",
                        "sense": "advice, counsel",
                        "norm0": "sa",
                        "pos": "N",
                        "epos": "N",
                        "base": "sa₂",
                        "morph": "~"
                      }
                    },
                    {
                      "node": "l",
                      "frag": "bi₂-in-du₁₁-ga)",
                      "id": "Q007410.l03887",
                      "ref": "Q007410.1.23",
                      "inst": "dug[to do, perform]V/t",
                      "sig": "@ribo/babylon0%sux:bi₂-in-du₁₁-ga=dug[speak//to do, perform]V/t'V/t$ba.i.n:dug;a/du₁₁-g·a#ba.i.n:~;a",
                      "f": {
                        "lang": "sux",
                        "form": "bi₂-in-du₁₁-ga",
                        "gdl": [
                          {
                            "v": "bi₂",
                            "gdl_utf8": "𒉈",
                            "id": "Q007410.1.23.0",
                            "delim": "-"
                          },
                          {
                            "v": "in",
                            "gdl_utf8": "𒅔",
                            "id": "Q007410.1.23.1",
                            "delim": "-"
                          },
                          {
                            "v": "du₁₁",
                            "gdl_utf8": "𒅗",
                            "id": "Q007410.1.23.2",
                            "delim": "-"
                          },
                          {
                            "v": "ga",
                            "gdl_utf8": "𒂵",
                            "id": "Q007410.1.23.3",
                            "o": ")",
                            "statusStart": "Q007410.1.21.0"
                          }
                        ],
                        "cf": "dug",
                        "gw": "speak",
                        "sense": "to do, perform",
                        "norm0": "ba.i.n:dug;a",
                        "pos": "V/t",
                        "epos": "V/t",
                        "base": "du₁₁-g·a",
                        "morph": "ba.i.n:~;a"
                      }
                    }
                  ]
                }
              ]
            }
          ]
        }
      ]
    },
    {
      "linkbase": [
        {
          "type": "linkset",
          "xlink_title": "sa dug[arrive//to arrive]V/t'V/t",
          "id": "Q007410.ls00000",
          "xlink_type": "extended",
          "xlink_role": "psu",
          "sig": "{sa₂ bi₂-in-du₁₁-ga = sa[advice]N dug[speak]V/t += sa dug[arrive//to arrive]V/t'V/t}::@ribo/babylon0%sux:sa₂=sa[advice//advice, counsel]N'N$sa/sa₂#~++@ribo/babylon0%sux:bi₂-in-du₁₁-ga=dug[speak//to speak, talk, say]V/t'V/t$ba.i.n:dug;a/du₁₁-g·a#ba.i.n:~;a",
          "links": [
            {
              "type": "link",
              "xlink_title": "sa",
              "xlink_type": "locator",
              "xlink_href": "#Q007410.l03886",
              "xlink_role": "elt"
            },
            {
              "type": "link",
              "xlink_title": "dug",
              "xlink_type": "locator",
              "xlink_href": "#Q007410.l03887",
              "xlink_role": "elt"
            }
          ]
        }
      ]
    }
  ]
}
