{
  "type": "cdl",
  "project": "ribo/babylon0",
  "source": "http://oracc.org/ribo/babylon0",
  "license": "This data is released under the CC0 license",
  "license-url": "https://creativecommons.org/publicdomain/zero/1.0/",
  "more-info": "http://oracc.org/doc/opendata/",
  "UTC-timestamp": "2019-01-12T08:23:19",
  "textid": "Q007642",
  "cdl": [
    {
      "node": "c",
      "type": "text",
      "id": "Q007642.U0",
      "cdl": [
        {
          "node": "d",
          "type": "object",
          "ref": ""
        },
        {
          "node": "d",
          "type": "surface",
          "ref": ""
        },
        {
          "node": "c",
          "type": "discourse",
          "subtype": "body",
          "id": "Q007642.U1",
          "cdl": [
            {
              "node": "c",
              "type": "sentence",
              "implicit": "yes",
              "id": "Q007642.U2",
              "label": "1",
              "cdl": [
                {
                  "node": "d",
                  "type": "line-start",
                  "ref": "Q007642.1",
                  "n": "1",
                  "label": "1"
                },
                {
                  "node": "l",
                  "frag": "mu",
                  "id": "Q007642.l0019f",
                  "ref": "Q007642.1.1",
                  "inst": "mu[year]N",
                  "sig": "@ribo/babylon0%sux:mu=mu[year//year]N'N$mu/mu#~",
                  "f": {
                    "lang": "sux",
                    "form": "mu",
                    "delim": "",
                    "gdl": [
                      {
                        "v": "mu",
                        "gdl_utf8": "𒈬",
                        "id": "Q007642.1.1.0"
                      }
                    ],
                    "cf": "mu",
                    "gw": "year",
                    "sense": "year",
                    "norm0": "mu",
                    "pos": "N",
                    "epos": "N",
                    "base": "mu",
                    "morph": "~"
                  }
                },
                {
                  "node": "l",
                  "frag": "am-mi-di-ta-na",
                  "id": "Q007642.l001a0",
                  "ref": "Q007642.1.2",
                  "inst": "Ammi-ditana[king of Babylon]RN",
                  "sig": "@ribo/babylon0%sux:am-mi-di-ta-na=Ammi-ditana[king of Babylon//king of Babylon]RN'RN$Ammi-ditana/am-mi-di-ta-na#~",
                  "f": {
                    "lang": "sux",
                    "form": "am-mi-di-ta-na",
                    "delim": "",
                    "gdl": [
                      {
                        "v": "am",
                        "gdl_utf8": "𒄠",
                        "id": "Q007642.1.2.0",
                        "delim": "-"
                      },
                      {
                        "v": "mi",
                        "gdl_utf8": "𒈪",
                        "id": "Q007642.1.2.1",
                        "delim": "-"
                      },
                      {
                        "v": "di",
                        "gdl_utf8": "𒁲",
                        "id": "Q007642.1.2.2",
                        "delim": "-"
                      },
                      {
                        "v": "ta",
                        "gdl_utf8": "𒋫",
                        "id": "Q007642.1.2.3",
                        "delim": "-"
                      },
                      {
                        "v": "na",
                        "gdl_utf8": "𒈾",
                        "id": "Q007642.1.2.4"
                      }
                    ],
                    "cf": "Ammi-ditana",
                    "gw": "king of Babylon",
                    "sense": "king of Babylon",
                    "norm0": "Ammi-ditana",
                    "pos": "RN",
                    "epos": "RN",
                    "base": "am-mi-di-ta-na",
                    "morph": "~"
                  }
                },
                {
                  "node": "l",
                  "frag": "lugal-e",
                  "id": "Q007642.l001a1",
                  "ref": "Q007642.1.3",
                  "inst": "lugal[king]N",
                  "sig": "@ribo/babylon0%sux:lugal-e=lugal[king//king]N'N$lugal,e/lugal#~,e",
                  "f": {
                    "lang": "sux",
                    "form": "lugal-e",
                    "delim": "",
                    "gdl": [
                      {
                        "v": "lugal",
                        "gdl_utf8": "𒈗",
                        "id": "Q007642.1.3.0",
                        "delim": "-"
                      },
                      {
                        "v": "e",
                        "gdl_utf8": "𒂊",
                        "id": "Q007642.1.3.1"
                      }
                    ],
                    "cf": "lugal",
                    "gw": "king",
                    "sense": "king",
                    "norm0": "lugal,e",
                    "pos": "N",
                    "epos": "N",
                    "base": "lugal",
                    "morph": "~,e"
                  }
                },
                {
                  "node": "l",
                  "frag": "sipa",
                  "id": "Q007642.l001a2",
                  "ref": "Q007642.1.4",
                  "inst": "sipad[shepherd]N",
                  "sig": "@ribo/babylon0%sux:sipa=sipad[shepherd//shepherd]N'N$sipad/sipa#~",
                  "f": {
                    "lang": "sux",
                    "form": "sipa",
                    "delim": "",
                    "gdl": [
                      {
                        "v": "sipa",
                        "gdl_utf8": "𒉺𒇻",
                        "id": "Q007642.1.4.0"
                      }
                    ],
                    "cf": "sipad",
                    "gw": "shepherd",
                    "sense": "shepherd",
                    "norm0": "sipad",
                    "pos": "N",
                    "epos": "N",
                    "base": "sipa",
                    "morph": "~"
                  }
                },
                {
                  "node": "l",
                  "frag": "ni₂-tuku",
                  "id": "Q007642.l001a3",
                  "ref": "Q007642.1.5",
                  "inst": "nituku[pious, attentive]AJ",
                  "sig": "@ribo/babylon0%sux:ni₂-tuku=nituku[pious//pious, attentive]AJ'AJ$nituku/ni₂-tuku#~",
                  "f": {
                    "lang": "sux",
                    "form": "ni₂-tuku",
                    "delim": "",
                    "gdl": [
                      {
                        "v": "ni₂",
                        "gdl_utf8": "𒉎",
                        "id": "Q007642.1.5.0",
                        "delim": "-"
                      },
                      {
                        "v": "tuku",
                        "gdl_utf8": "𒌇",
                        "id": "Q007642.1.5.1"
                      }
                    ],
                    "cf": "nituku",
                    "gw": "pious",
                    "sense": "pious, attentive",
                    "norm0": "nituku",
                    "pos": "AJ",
                    "epos": "AJ",
                    "base": "ni₂-tuku",
                    "morph": "~"
                  }
                },
                {
                  "node": "l",
                  "frag": "še-ga",
                  "id": "Q007642.l001a4",
                  "ref": "Q007642.1.6",
                  "inst": "šeg[favourite]'N",
                  "sig": "@ribo/babylon0%sux:še-ga=šeg[agree//favourite]V/t'N$šeg;a/še-g·a#~;a",
                  "f": {
                    "lang": "sux",
                    "form": "še-ga",
                    "delim": "",
                    "gdl": [
                      {
                        "v": "še",
                        "gdl_utf8": "𒊺",
                        "id": "Q007642.1.6.0",
                        "delim": "-"
                      },
                      {
                        "v": "ga",
                        "gdl_utf8": "𒂵",
                        "id": "Q007642.1.6.1"
                      }
                    ],
                    "cf": "šeg",
                    "gw": "agree",
                    "sense": "favourite",
                    "norm0": "šeg;a",
                    "pos": "V/t",
                    "epos": "N",
                    "base": "še-g·a",
                    "morph": "~;a"
                  }
                },
                {
                  "node": "l",
                  "frag": "{d}utu",
                  "id": "Q007642.l001a5",
                  "ref": "Q007642.1.7",
                  "inst": "Utu[1]DN",
                  "sig": "@ribo/babylon0%sux:{d}utu=Utu[1//1]DN'DN$Utu/{d}utu#~",
                  "f": {
                    "lang": "sux",
                    "form": "{d}utu",
                    "delim": "",
                    "gdl": [
                      {
                        "det": "semantic",
                        "pos": "pre",
                        "seq": [
                          {
                            "v": "d",
                            "gdl_utf8": "𒀭",
                            "id": "Q007642.1.7.0"
                          }
                        ]
                      },
                      {
                        "v": "utu",
                        "gdl_utf8": "𒌓",
                        "id": "Q007642.1.7.1"
                      }
                    ],
                    "cf": "Utu",
                    "gw": "1",
                    "sense": "1",
                    "norm0": "Utu",
                    "pos": "DN",
                    "epos": "DN",
                    "base": "{d}utu",
                    "morph": "~"
                  }
                },
                {
                  "node": "l",
                  "frag": "{d}iškur-bi-da-ta",
                  "id": "Q007642.l001a6",
                  "ref": "Q007642.1.8",
                  "inst": "Iškur[1]DN",
                  "sig": "@ribo/babylon0%sux:{d}iškur-bi-da-ta=Iškur[1//1]DN'DN$Iškur,bi.da.ak.ta/{d}iškur#~,bi.da.ak.ta",
                  "f": {
                    "lang": "sux",
                    "form": "{d}iškur-bi-da-ta",
                    "delim": "",
                    "gdl": [
                      {
                        "det": "semantic",
                        "pos": "pre",
                        "seq": [
                          {
                            "v": "d",
                            "gdl_utf8": "𒀭",
                            "id": "Q007642.1.8.0"
                          }
                        ]
                      },
                      {
                        "v": "iškur",
                        "gdl_utf8": "𒅎",
                        "id": "Q007642.1.8.1",
                        "delim": "-"
                      },
                      {
                        "v": "bi",
                        "gdl_utf8": "𒁉",
                        "id": "Q007642.1.8.2",
                        "delim": "-"
                      },
                      {
                        "v": "da",
                        "gdl_utf8": "𒁕",
                        "id": "Q007642.1.8.3",
                        "delim": "-"
                      },
                      {
                        "v": "ta",
                        "gdl_utf8": "𒋫",
                        "id": "Q007642.1.8.4"
                      }
                    ],
                    "cf": "Iškur",
                    "gw": "1",
                    "sense": "1",
                    "norm0": "Iškur,bi.da.ak.ta",
                    "pos": "DN",
                    "epos": "DN",
                    "base": "{d}iškur",
                    "morph": "~,bi.da.ak.ta"
                  }
                },
                {
                  "node": "l",
                  "frag": "{(d}amar-utu-bi-da)",
                  "id": "Q007642.l001a7",
                  "ref": "Q007642.1.9",
                  "inst": "Marduk[1]DN",
                  "sig": "@ribo/babylon0%sux:{d}amar-utu-bi-da=Marduk[1//1]DN'DN$Marduk,bi.da/{d}amar-utu#~,bi.da",
                  "f": {
                    "lang": "sux",
                    "form": "{d}amar-utu-bi-da",
                    "delim": "",
                    "gdl": [
                      {
                        "det": "semantic",
                        "pos": "pre",
                        "seq": [
                          {
                            "v": "d",
                            "gdl_utf8": "𒀭",
                            "id": "Q007642.1.9.0",
                            "statusStart": "1",
                            "o": "("
                          }
                        ]
                      },
                      {
                        "v": "amar",
                        "gdl_utf8": "𒀫",
                        "id": "Q007642.1.9.1",
                        "delim": "-"
                      },
                      {
                        "v": "utu",
                        "gdl_utf8": "𒌓",
                        "id": "Q007642.1.9.2",
                        "delim": "-"
                      },
                      {
                        "v": "bi",
                        "gdl_utf8": "𒁉",
                        "id": "Q007642.1.9.3",
                        "delim": "-"
                      },
                      {
                        "v": "da",
                        "gdl_utf8": "𒁕",
                        "id": "Q007642.1.9.4",
                        "o": ")",
                        "statusStart": "Q007642.1.9.0"
                      }
                    ],
                    "cf": "Marduk",
                    "gw": "1",
                    "sense": "1",
                    "norm0": "Marduk,bi.da",
                    "pos": "DN",
                    "epos": "DN",
                    "base": "{d}amar-utu",
                    "morph": "~,bi.da"
                  }
                },
                {
                  "node": "l",
                  "frag": "(an",
                  "id": "Q007642.l001a8",
                  "ref": "Q007642.1.10",
                  "inst": "An[1]DN",
                  "sig": "@ribo/babylon0%sux:an=An[1//1]DN'DN$An/an#~",
                  "f": {
                    "lang": "sux",
                    "form": "an",
                    "delim": "",
                    "gdl": [
                      {
                        "v": "an",
                        "gdl_utf8": "𒀭",
                        "id": "Q007642.1.10.0",
                        "statusStart": "1",
                        "o": "("
                      }
                    ],
                    "cf": "An",
                    "gw": "1",
                    "sense": "1",
                    "norm0": "An",
                    "pos": "DN",
                    "epos": "DN",
                    "base": "an",
                    "morph": "~"
                  }
                },
                {
                  "node": "l",
                  "frag": "{d}en-lil₂-ke₄)",
                  "id": "Q007642.l001a9",
                  "ref": "Q007642.1.11",
                  "inst": "Enlil[1]DN",
                  "sig": "@ribo/babylon0%sux:{d}en-lil₂-ke₄=Enlil[1//1]DN'DN$Enlil,ak.e/{d}en-lil₂#~,ak.e",
                  "f": {
                    "lang": "sux",
                    "form": "{d}en-lil₂-ke₄",
                    "delim": "",
                    "gdl": [
                      {
                        "det": "semantic",
                        "pos": "pre",
                        "seq": [
                          {
                            "v": "d",
                            "gdl_utf8": "𒀭",
                            "id": "Q007642.1.11.0"
                          }
                        ]
                      },
                      {
                        "v": "en",
                        "gdl_utf8": "𒂗",
                        "id": "Q007642.1.11.1",
                        "delim": "-"
                      },
                      {
                        "v": "lil₂",
                        "gdl_utf8": "𒆤",
                        "id": "Q007642.1.11.2",
                        "delim": "-"
                      },
                      {
                        "v": "ke₄",
                        "gdl_utf8": "𒆤",
                        "id": "Q007642.1.11.3",
                        "o": ")",
                        "statusStart": "Q007642.1.10.0"
                      }
                    ],
                    "cf": "Enlil",
                    "gw": "1",
                    "sense": "1",
                    "norm0": "Enlil,ak.e",
                    "pos": "DN",
                    "epos": "DN",
                    "base": "{d}en-lil₂",
                    "morph": "~,ak.e"
                  }
                },
                {
                  "node": "l",
                  "frag": "[...]",
                  "id": "Q007642.l001aa",
                  "ref": "Q007642.1.12",
                  "inst": "u",
                  "f": {
                    "lang": "sux",
                    "form": "x",
                    "delim": "",
                    "gdl": [
                      {
                        "x": "ellipsis",
                        "id": "Q007642.1.12.0",
                        "breakStart": "1",
                        "break": "missing",
                        "o": "]",
                        "breakEnd": "Q007642.1.12.0"
                      }
                    ],
                    "pos": "u"
                  }
                },
                {
                  "node": "l",
                  "frag": "il₂-la",
                  "id": "Q007642.l001ab",
                  "ref": "Q007642.1.13",
                  "inst": "il[to raise, carry]V/t",
                  "sig": "@ribo/babylon0%sux:il₂-la=il[raise//to raise, carry]V/t'V/t$il;a/il₂+-la=l.a#~;a",
                  "f": {
                    "lang": "sux",
                    "form": "il₂-la",
                    "delim": "",
                    "gdl": [
                      {
                        "v": "il₂",
                        "gdl_utf8": "𒅍",
                        "id": "Q007642.1.13.0",
                        "queried": "1",
                        "delim": "-"
                      },
                      {
                        "v": "la",
                        "gdl_utf8": "𒆷",
                        "id": "Q007642.1.13.1"
                      }
                    ],
                    "cf": "il",
                    "gw": "raise",
                    "sense": "to raise, carry",
                    "norm0": "il;a",
                    "pos": "V/t",
                    "epos": "V/t",
                    "base": "il₂",
                    "cont": "-la=l.a",
                    "morph": "~;a"
                  }
                },
                {
                  "node": "l",
                  "frag": "du₈-a",
                  "id": "Q007642.l001ac",
                  "ref": "Q007642.1.14",
                  "inst": "duh[to redress]V/t",
                  "sig": "@ribo/babylon0%sux:du₈-a=duh[loosen//to redress]V/t'V/t$duh;a/du₈#~;a",
                  "f": {
                    "lang": "sux",
                    "form": "du₈-a",
                    "gdl": [
                      {
                        "v": "du₈",
                        "gdl_utf8": "𒃮",
                        "id": "Q007642.1.14.0",
                        "delim": "-"
                      },
                      {
                        "v": "a",
                        "gdl_utf8": "𒀀",
                        "id": "Q007642.1.14.1"
                      }
                    ],
                    "cf": "duh",
                    "gw": "loosen",
                    "sense": "to redress",
                    "norm0": "duh;a",
                    "pos": "V/t",
                    "epos": "V/t",
                    "base": "du₈",
                    "morph": "~;a"
                  }
                }
              ]
            }
          ]
        }
      ]
    }
  ]
}
