{
  "type": "cdl",
  "project": "ribo/babylon0",
  "source": "http://oracc.org/ribo/babylon0",
  "license": "This data is released under the CC0 license",
  "license-url": "https://creativecommons.org/publicdomain/zero/1.0/",
  "more-info": "http://oracc.org/doc/opendata/",
  "UTC-timestamp": "2019-01-12T08:23:17",
  "textid": "Q007406",
  "cdl": [
    {
      "node": "c",
      "type": "text",
      "id": "Q007406.U0",
      "cdl": [
        {
          "node": "d",
          "type": "object",
          "ref": ""
        },
        {
          "node": "d",
          "type": "surface",
          "ref": ""
        },
        {
          "node": "c",
          "type": "discourse",
          "subtype": "body",
          "id": "Q007406.U1",
          "cdl": [
            {
              "node": "c",
              "type": "sentence",
              "implicit": "yes",
              "id": "Q007406.U2",
              "label": "1 - 9",
              "cdl": [
                {
                  "node": "d",
                  "type": "line-start",
                  "ref": "Q007406.1",
                  "n": "1",
                  "label": "1"
                },
                {
                  "node": "l",
                  "frag": "mu",
                  "id": "Q007406.l037fb",
                  "ref": "Q007406.1.1",
                  "inst": "mu[year]N",
                  "sig": "@ribo/babylon0%sux:mu=mu[year//year]N'N$mu/mu#~",
                  "f": {
                    "lang": "sux",
                    "form": "mu",
                    "delim": "",
                    "gdl": [
                      {
                        "v": "mu",
                        "gdl_utf8": "𒈬",
                        "id": "Q007406.1.1.0"
                      }
                    ],
                    "cf": "mu",
                    "gw": "year",
                    "sense": "year",
                    "norm0": "mu",
                    "pos": "N",
                    "epos": "N",
                    "base": "mu",
                    "morph": "~"
                  }
                },
                {
                  "node": "l",
                  "frag": "sa-am-su-i-lu-na",
                  "id": "Q007406.l037fc",
                  "ref": "Q007406.1.2",
                  "inst": "Samsu-iluna[king of Babylon]RN",
                  "sig": "@ribo/babylon0%sux:sa-am-su-i-lu-na=Samsu-iluna[king of Babylon//king of Babylon]RN'RN$Samsu-iluna/sa-am-su-i-lu-na#~",
                  "f": {
                    "lang": "sux",
                    "form": "sa-am-su-i-lu-na",
                    "delim": "",
                    "gdl": [
                      {
                        "v": "sa",
                        "gdl_utf8": "𒊓",
                        "id": "Q007406.1.2.0",
                        "delim": "-"
                      },
                      {
                        "v": "am",
                        "gdl_utf8": "𒄠",
                        "id": "Q007406.1.2.1",
                        "delim": "-"
                      },
                      {
                        "v": "su",
                        "gdl_utf8": "𒋢",
                        "id": "Q007406.1.2.2",
                        "delim": "-"
                      },
                      {
                        "v": "i",
                        "gdl_utf8": "𒄿",
                        "id": "Q007406.1.2.3",
                        "delim": "-"
                      },
                      {
                        "v": "lu",
                        "gdl_utf8": "𒇻",
                        "id": "Q007406.1.2.4",
                        "delim": "-"
                      },
                      {
                        "v": "na",
                        "gdl_utf8": "𒈾",
                        "id": "Q007406.1.2.5"
                      }
                    ],
                    "cf": "Samsu-iluna",
                    "gw": "king of Babylon",
                    "sense": "king of Babylon",
                    "norm0": "Samsu-iluna",
                    "pos": "RN",
                    "epos": "RN",
                    "base": "sa-am-su-i-lu-na",
                    "morph": "~"
                  }
                },
                {
                  "node": "l",
                  "frag": "[lugal-e]",
                  "id": "Q007406.l037fd",
                  "ref": "Q007406.1.3",
                  "inst": "lugal[king]N",
                  "sig": "@ribo/babylon0%sux:lugal-e=lugal[king//king]N'N$lugal,e/lugal#~,e",
                  "f": {
                    "lang": "sux",
                    "form": "lugal-e",
                    "gdl": [
                      {
                        "v": "lugal",
                        "gdl_utf8": "𒈗",
                        "id": "Q007406.1.3.0",
                        "breakStart": "1",
                        "o": "[",
                        "break": "missing",
                        "delim": "-"
                      },
                      {
                        "v": "e",
                        "gdl_utf8": "𒂊",
                        "id": "Q007406.1.3.1",
                        "break": "missing",
                        "o": "]",
                        "breakEnd": "Q007406.1.3.0"
                      }
                    ],
                    "cf": "lugal",
                    "gw": "king",
                    "sense": "king",
                    "norm0": "lugal,e",
                    "pos": "N",
                    "epos": "N",
                    "base": "lugal",
                    "morph": "~,e"
                  }
                },
                {
                  "node": "d",
                  "type": "line-start",
                  "ref": "Q007406.2",
                  "n": "2",
                  "label": "2"
                },
                {
                  "node": "l",
                  "frag": "nam-ku₃-zu",
                  "id": "Q007406.l037fe",
                  "ref": "Q007406.2.1",
                  "inst": "namkugzu[wisdom]N",
                  "sig": "@ribo/babylon0%sux:nam-ku₃-zu=namkugzu[wisdom//wisdom]N'N$namkugzu/nam-ku₃-zu#~",
                  "f": {
                    "lang": "sux",
                    "form": "nam-ku₃-zu",
                    "delim": "",
                    "gdl": [
                      {
                        "v": "nam",
                        "gdl_utf8": "𒉆",
                        "id": "Q007406.2.1.0",
                        "delim": "-"
                      },
                      {
                        "v": "ku₃",
                        "gdl_utf8": "𒆬",
                        "id": "Q007406.2.1.1",
                        "delim": "-"
                      },
                      {
                        "v": "zu",
                        "gdl_utf8": "𒍪",
                        "id": "Q007406.2.1.2"
                      }
                    ],
                    "cf": "namkugzu",
                    "gw": "wisdom",
                    "sense": "wisdom",
                    "norm0": "namkugzu",
                    "pos": "N",
                    "epos": "N",
                    "base": "nam-ku₃-zu",
                    "morph": "~"
                  }
                },
                {
                  "node": "l",
                  "frag": "mu-un-[gur₁₀-ra]",
                  "id": "Q007406.l037ff",
                  "ref": "Q007406.2.2",
                  "inst": "gur[to reap]V/t",
                  "sig": "@ribo/babylon0%sux:mu-un-gur₁₀-ra=gur[reap//to reap]V/t'V/t$mu.n:gur;a/gur₁₀+-ra=r.a#mu.n:~;a",
                  "f": {
                    "lang": "sux",
                    "form": "mu-un-gur₁₀-ra",
                    "gdl": [
                      {
                        "v": "mu",
                        "gdl_utf8": "𒈬",
                        "id": "Q007406.2.2.0",
                        "delim": "-"
                      },
                      {
                        "v": "un",
                        "gdl_utf8": "𒌦",
                        "id": "Q007406.2.2.1",
                        "delim": "-"
                      },
                      {
                        "v": "gur₁₀",
                        "gdl_utf8": "𒆥",
                        "id": "Q007406.2.2.2",
                        "breakStart": "1",
                        "o": "[",
                        "break": "missing",
                        "delim": "-"
                      },
                      {
                        "v": "ra",
                        "gdl_utf8": "𒊏",
                        "id": "Q007406.2.2.3",
                        "break": "missing",
                        "o": "]",
                        "breakEnd": "Q007406.2.2.2"
                      }
                    ],
                    "cf": "gur",
                    "gw": "reap",
                    "sense": "to reap",
                    "norm0": "mu.n:gur;a",
                    "pos": "V/t",
                    "epos": "V/t",
                    "base": "gur₁₀",
                    "cont": "-ra=r.a",
                    "morph": "mu.n:~;a"
                  }
                },
                {
                  "node": "d",
                  "type": "line-start",
                  "ref": "Q007406.3",
                  "n": "3",
                  "label": "3"
                },
                {
                  "node": "l",
                  "frag": "bad₃",
                  "id": "Q007406.l03800",
                  "ref": "Q007406.3.1",
                  "inst": "bad[wall, fortification]N",
                  "sig": "@ribo/babylon0%sux:bad₃=bad[wall//wall, fortification]N'N$bad/bad₃#~",
                  "f": {
                    "lang": "sux",
                    "form": "bad₃",
                    "delim": "",
                    "gdl": [
                      {
                        "v": "bad₃",
                        "gdl_utf8": "𒂦",
                        "id": "Q007406.3.1.0"
                      }
                    ],
                    "cf": "bad",
                    "gw": "wall",
                    "sense": "wall, fortification",
                    "norm0": "bad",
                    "pos": "N",
                    "epos": "N",
                    "base": "bad₃",
                    "morph": "~"
                  }
                },
                {
                  "node": "l",
                  "frag": "kiš{ki}a",
                  "id": "Q007406.l03801",
                  "ref": "Q007406.3.2",
                  "inst": "Kiš[1]SN",
                  "sig": "@ribo/babylon0%sux:kiš{ki}-a=Kiš[Kish//1]SN'SN$Kiš,a/kiš{ki}#~,a",
                  "f": {
                    "lang": "sux",
                    "form": "kiš{ki}-a",
                    "delim": "",
                    "gdl": [
                      {
                        "v": "kiš",
                        "gdl_utf8": "𒆧",
                        "id": "Q007406.3.2.0"
                      },
                      {
                        "det": "semantic",
                        "pos": "post",
                        "delim": "-",
                        "seq": [
                          {
                            "v": "ki",
                            "gdl_utf8": "𒆠",
                            "id": "Q007406.3.2.1"
                          }
                        ]
                      },
                      {
                        "v": "a",
                        "gdl_utf8": "𒀀",
                        "id": "Q007406.3.2.2"
                      }
                    ],
                    "cf": "Kiš",
                    "gw": "Kish",
                    "sense": "1",
                    "norm0": "Kiš,a",
                    "pos": "SN",
                    "epos": "SN",
                    "base": "kiš{ki}",
                    "morph": "~,a"
                  }
                },
                {
                  "node": "l",
                  "frag": "bad₃",
                  "id": "Q007406.l03802",
                  "ref": "Q007406.3.3",
                  "inst": "bad[wall, fortification]N",
                  "sig": "@ribo/babylon0%sux:bad₃=bad[wall//wall, fortification]N'N$bad/bad₃#~",
                  "f": {
                    "lang": "sux",
                    "form": "bad₃",
                    "delim": "",
                    "gdl": [
                      {
                        "v": "bad₃",
                        "gdl_utf8": "𒂦",
                        "id": "Q007406.3.3.0"
                      }
                    ],
                    "cf": "bad",
                    "gw": "wall",
                    "sense": "wall, fortification",
                    "norm0": "bad",
                    "pos": "N",
                    "epos": "N",
                    "base": "bad₃",
                    "morph": "~"
                  }
                },
                {
                  "node": "l",
                  "frag": "me-lim₄-bi",
                  "id": "Q007406.l03803",
                  "ref": "Q007406.3.4",
                  "inst": "melim[frightening splendor]N",
                  "sig": "@ribo/babylon0%sux:me-lim₄-bi=melim[splendor//frightening splendor]N'N$melim,bi/me-lim₄#~,bi",
                  "f": {
                    "lang": "sux",
                    "form": "me-lim₄-bi",
                    "delim": "",
                    "gdl": [
                      {
                        "v": "me",
                        "gdl_utf8": "𒈨",
                        "id": "Q007406.3.4.0",
                        "delim": "-"
                      },
                      {
                        "v": "lim₄",
                        "gdl_utf8": "𒉈",
                        "id": "Q007406.3.4.1",
                        "delim": "-"
                      },
                      {
                        "v": "bi",
                        "gdl_utf8": "𒁉",
                        "id": "Q007406.3.4.2"
                      }
                    ],
                    "cf": "melim",
                    "gw": "splendor",
                    "sense": "frightening splendor",
                    "norm0": "melim,bi",
                    "pos": "N",
                    "epos": "N",
                    "base": "me-lim₄",
                    "morph": "~,bi"
                  }
                },
                {
                  "node": "l",
                  "frag": "kur-kur",
                  "id": "Q007406.l03804",
                  "ref": "Q007406.3.5",
                  "inst": "kur[land, country]N",
                  "sig": "@ribo/babylon0%sux:kur-kur=kur[mountain//land, country]N'N$kur/kur-kur#~",
                  "f": {
                    "lang": "sux",
                    "form": "kur-kur",
                    "gdl": [
                      {
                        "v": "kur",
                        "gdl_utf8": "𒆳",
                        "id": "Q007406.3.5.0",
                        "delim": "-"
                      },
                      {
                        "v": "kur",
                        "gdl_utf8": "𒆳",
                        "id": "Q007406.3.5.1"
                      }
                    ],
                    "cf": "kur",
                    "gw": "mountain",
                    "sense": "land, country",
                    "norm0": "kur",
                    "pos": "N",
                    "epos": "N",
                    "base": "kur-kur",
                    "morph": "~"
                  }
                },
                {
                  "node": "d",
                  "type": "line-start",
                  "ref": "Q007406.4",
                  "n": "4",
                  "label": "4"
                },
                {
                  "node": "l",
                  "frag": "gu₂",
                  "id": "Q007406.l03805",
                  "ref": "Q007406.4.1",
                  "inst": "gu[bank, side]N",
                  "sig": "@ribo/babylon0%sux:gu₂=gu[neck//bank, side]N'N$gu/gu₂#~",
                  "f": {
                    "lang": "sux",
                    "form": "gu₂",
                    "delim": "",
                    "gdl": [
                      {
                        "v": "gu₂",
                        "gdl_utf8": "𒄘",
                        "id": "Q007406.4.1.0"
                      }
                    ],
                    "cf": "gu",
                    "gw": "neck",
                    "sense": "bank, side",
                    "norm0": "gu",
                    "pos": "N",
                    "epos": "N",
                    "base": "gu₂",
                    "morph": "~"
                  }
                },
                {
                  "node": "l",
                  "frag": "{i₇}buranuna",
                  "id": "Q007406.l03806",
                  "ref": "Q007406.4.2",
                  "inst": "Purattu[Euphrates]WN",
                  "sig": "@ribo/babylon0%sux:{i₇}buranuna=Purattu[Euphrates//Euphrates]WN'WN$Purattu/buranuna#~",
                  "f": {
                    "lang": "sux",
                    "form": "{i₇}buranuna",
                    "delim": "",
                    "gdl": [
                      {
                        "det": "semantic",
                        "pos": "pre",
                        "seq": [
                          {
                            "v": "i₇",
                            "gdl_utf8": "𒀀𒇉",
                            "id": "Q007406.4.2.0"
                          }
                        ]
                      },
                      {
                        "v": "buranuna",
                        "gdl_utf8": "𒌓𒄒𒉣",
                        "id": "Q007406.4.2.1"
                      }
                    ],
                    "cf": "Purattu",
                    "gw": "Euphrates",
                    "sense": "Euphrates",
                    "norm0": "Purattu",
                    "pos": "WN",
                    "epos": "WN",
                    "base": "buranuna",
                    "morph": "~"
                  }
                },
                {
                  "node": "l",
                  "frag": "mu-un-du₃-a",
                  "id": "Q007406.l03807",
                  "ref": "Q007406.4.3",
                  "inst": "du[to build, make]V/t",
                  "sig": "@ribo/babylon0%sux:mu-un-du₃-a=du[build//to build, make]V/t'V/t$mu.n:du;a/du₃#mu.n:~;a",
                  "f": {
                    "lang": "sux",
                    "form": "mu-un-du₃-a",
                    "gdl": [
                      {
                        "v": "mu",
                        "gdl_utf8": "𒈬",
                        "id": "Q007406.4.3.0",
                        "delim": "-"
                      },
                      {
                        "v": "un",
                        "gdl_utf8": "𒌦",
                        "id": "Q007406.4.3.1",
                        "delim": "-"
                      },
                      {
                        "v": "du₃",
                        "gdl_utf8": "𒆕",
                        "id": "Q007406.4.3.2",
                        "delim": "-"
                      },
                      {
                        "v": "a",
                        "gdl_utf8": "𒀀",
                        "id": "Q007406.4.3.3"
                      }
                    ],
                    "cf": "du",
                    "gw": "build",
                    "sense": "to build, make",
                    "norm0": "mu.n:du;a",
                    "pos": "V/t",
                    "epos": "V/t",
                    "base": "du₃",
                    "morph": "mu.n:~;a"
                  }
                },
                {
                  "node": "d",
                  "type": "line-start",
                  "ref": "Q007406.5",
                  "n": "5",
                  "label": "5"
                },
                {
                  "node": "l",
                  "frag": "u₃",
                  "id": "Q007406.l03808",
                  "ref": "Q007406.5.1",
                  "inst": "u[and]CNJ",
                  "sig": "@ribo/babylon0%sux:u₃=u[and//and]CNJ'CNJ$u/u₃#~",
                  "f": {
                    "lang": "sux",
                    "form": "u₃",
                    "delim": "",
                    "gdl": [
                      {
                        "v": "u₃",
                        "gdl_utf8": "𒅇",
                        "id": "Q007406.5.1.0"
                      }
                    ],
                    "cf": "u",
                    "gw": "and",
                    "sense": "and",
                    "norm0": "u",
                    "pos": "CNJ",
                    "epos": "CNJ",
                    "base": "u₃",
                    "morph": "~"
                  }
                },
                {
                  "node": "l",
                  "frag": "bad₃-sa-am-su-i-lu-na",
                  "id": "Q007406.l03809",
                  "ref": "Q007406.5.2",
                  "inst": "Dur-Samsu-iluna[1]SN",
                  "sig": "@ribo/babylon0%sux:bad₃-sa-am-su-i-lu-na=Dur-Samsu-iluna[1//1]SN'SN$Dur-Samsu-iluna/bad₃-sa-am-su-i-lu-na#~",
                  "f": {
                    "lang": "sux",
                    "form": "bad₃-sa-am-su-i-lu-na",
                    "gdl": [
                      {
                        "v": "bad₃",
                        "gdl_utf8": "𒂦",
                        "id": "Q007406.5.2.0",
                        "delim": "-"
                      },
                      {
                        "v": "sa",
                        "gdl_utf8": "𒊓",
                        "id": "Q007406.5.2.1",
                        "delim": "-"
                      },
                      {
                        "v": "am",
                        "gdl_utf8": "𒄠",
                        "id": "Q007406.5.2.2",
                        "delim": "-"
                      },
                      {
                        "v": "su",
                        "gdl_utf8": "𒋢",
                        "id": "Q007406.5.2.3",
                        "delim": "-"
                      },
                      {
                        "v": "i",
                        "gdl_utf8": "𒄿",
                        "id": "Q007406.5.2.4",
                        "delim": "-"
                      },
                      {
                        "v": "lu",
                        "gdl_utf8": "𒇻",
                        "id": "Q007406.5.2.5",
                        "delim": "-"
                      },
                      {
                        "v": "na",
                        "gdl_utf8": "𒈾",
                        "id": "Q007406.5.2.6"
                      }
                    ],
                    "cf": "Dur-Samsu-iluna",
                    "gw": "1",
                    "sense": "1",
                    "norm0": "Dur-Samsu-iluna",
                    "pos": "SN",
                    "epos": "SN",
                    "base": "bad₃-sa-am-su-i-lu-na",
                    "morph": "~"
                  }
                },
                {
                  "node": "d",
                  "type": "line-start",
                  "ref": "Q007406.6",
                  "n": "6",
                  "label": "6"
                },
                {
                  "node": "l",
                  "frag": "ma-da",
                  "id": "Q007406.l0380a",
                  "ref": "Q007406.6.1",
                  "inst": "mada[land, country]N",
                  "sig": "@ribo/babylon0%sux:ma-da=mada[land//land, country]N'N$mada/ma-da#~",
                  "f": {
                    "lang": "sux",
                    "form": "ma-da",
                    "delim": "",
                    "gdl": [
                      {
                        "v": "ma",
                        "gdl_utf8": "𒈠",
                        "id": "Q007406.6.1.0",
                        "delim": "-"
                      },
                      {
                        "v": "da",
                        "gdl_utf8": "𒁕",
                        "id": "Q007406.6.1.1"
                      }
                    ],
                    "cf": "mada",
                    "gw": "land",
                    "sense": "land, country",
                    "norm0": "mada",
                    "pos": "N",
                    "epos": "N",
                    "base": "ma-da",
                    "morph": "~"
                  }
                },
                {
                  "node": "l",
                  "frag": "wa-ru-um-ma-ke₄",
                  "id": "Q007406.l0380b",
                  "ref": "Q007406.6.2",
                  "inst": "Warûm[1]GN",
                  "sig": "@ribo/babylon0%sux:wa-ru-um-ma-ke₄=Warûm[1//1]GN'GN$Warûm,ak.e/wa-ru-um+-ma=m.a#~,ak.e",
                  "f": {
                    "lang": "sux",
                    "form": "wa-ru-um-ma-ke₄",
                    "gdl": [
                      {
                        "v": "wa",
                        "gdl_utf8": "𒉿",
                        "id": "Q007406.6.2.0",
                        "delim": "-"
                      },
                      {
                        "v": "ru",
                        "gdl_utf8": "𒊒",
                        "id": "Q007406.6.2.1",
                        "delim": "-"
                      },
                      {
                        "v": "um",
                        "gdl_utf8": "𒌝",
                        "id": "Q007406.6.2.2",
                        "delim": "-"
                      },
                      {
                        "v": "ma",
                        "gdl_utf8": "𒈠",
                        "id": "Q007406.6.2.3",
                        "delim": "-"
                      },
                      {
                        "v": "ke₄",
                        "gdl_utf8": "𒆤",
                        "id": "Q007406.6.2.4"
                      }
                    ],
                    "cf": "Warûm",
                    "gw": "1",
                    "sense": "1",
                    "norm0": "Warûm,ak.e",
                    "pos": "GN",
                    "epos": "GN",
                    "base": "wa-ru-um",
                    "cont": "-ma=m.a",
                    "morph": "~,ak.e"
                  }
                },
                {
                  "node": "d",
                  "type": "line-start",
                  "ref": "Q007406.7",
                  "n": "7",
                  "label": "7"
                },
                {
                  "node": "l",
                  "frag": "gu₂",
                  "id": "Q007406.l0380c",
                  "ref": "Q007406.7.1",
                  "inst": "gu[bank, side]N",
                  "sig": "@ribo/babylon0%sux:gu₂=gu[neck//bank, side]N'N$gu/gu₂#~",
                  "f": {
                    "lang": "sux",
                    "form": "gu₂",
                    "delim": "",
                    "gdl": [
                      {
                        "v": "gu₂",
                        "gdl_utf8": "𒄘",
                        "id": "Q007406.7.1.0"
                      }
                    ],
                    "cf": "gu",
                    "gw": "neck",
                    "sense": "bank, side",
                    "norm0": "gu",
                    "pos": "N",
                    "epos": "N",
                    "base": "gu₂",
                    "morph": "~"
                  }
                },
                {
                  "node": "l",
                  "frag": "{i₇}dur-ul₃-ka-ta",
                  "id": "Q007406.l0380d",
                  "ref": "Q007406.7.2",
                  "inst": "Turul[1]WN",
                  "sig": "@ribo/babylon0%sux:{i₇}dur-ul₃-ka-ta=Turul[1//1]WN'WN$Turul,ak.ak.ta/{i₇}dur-ul₃#~,ak.ak.ta",
                  "f": {
                    "lang": "sux",
                    "form": "{i₇}dur-ul₃-ka-ta",
                    "delim": "",
                    "gdl": [
                      {
                        "det": "semantic",
                        "pos": "pre",
                        "seq": [
                          {
                            "v": "i₇",
                            "gdl_utf8": "𒀀𒇉",
                            "id": "Q007406.7.2.0"
                          }
                        ]
                      },
                      {
                        "v": "dur",
                        "gdl_utf8": "𒄙",
                        "id": "Q007406.7.2.1",
                        "delim": "-"
                      },
                      {
                        "v": "ul₃",
                        "gdl_utf8": "𒄒",
                        "id": "Q007406.7.2.2",
                        "delim": "-"
                      },
                      {
                        "v": "ka",
                        "gdl_utf8": "𒅗",
                        "id": "Q007406.7.2.3",
                        "delim": "-"
                      },
                      {
                        "v": "ta",
                        "gdl_utf8": "𒋫",
                        "id": "Q007406.7.2.4"
                      }
                    ],
                    "cf": "Turul",
                    "gw": "1",
                    "sense": "1",
                    "norm0": "Turul,ak.ak.ta",
                    "pos": "WN",
                    "epos": "WN",
                    "base": "{i₇}dur-ul₃",
                    "morph": "~,ak.ak.ta"
                  }
                },
                {
                  "node": "l",
                  "frag": "bi₂-in-dim₂-ma",
                  "id": "Q007406.l0380e",
                  "ref": "Q007406.7.3",
                  "inst": "dim[to create, make, manufacture]V/t",
                  "sig": "@ribo/babylon0%sux:bi₂-in-dim₂-ma=dim[create//to create, make, manufacture]V/t'V/t$ba.i.n:dim;a/dim₂+-ma=m.a#ba.i.n:~;a",
                  "f": {
                    "lang": "sux",
                    "form": "bi₂-in-dim₂-ma",
                    "gdl": [
                      {
                        "v": "bi₂",
                        "gdl_utf8": "𒉈",
                        "id": "Q007406.7.3.0",
                        "delim": "-"
                      },
                      {
                        "v": "in",
                        "gdl_utf8": "𒅔",
                        "id": "Q007406.7.3.1",
                        "delim": "-"
                      },
                      {
                        "v": "dim₂",
                        "gdl_utf8": "𒁶",
                        "id": "Q007406.7.3.2",
                        "delim": "-"
                      },
                      {
                        "v": "ma",
                        "gdl_utf8": "𒈠",
                        "id": "Q007406.7.3.3"
                      }
                    ],
                    "cf": "dim",
                    "gw": "create",
                    "sense": "to create, make, manufacture",
                    "norm0": "ba.i.n:dim;a",
                    "pos": "V/t",
                    "epos": "V/t",
                    "base": "dim₂",
                    "cont": "-ma=m.a",
                    "morph": "ba.i.n:~;a"
                  }
                },
                {
                  "node": "d",
                  "type": "line-start",
                  "ref": "Q007406.8",
                  "n": "8",
                  "label": "8"
                },
                {
                  "node": "l",
                  "frag": "sar",
                  "id": "Q007406.l0380f",
                  "ref": "Q007406.8.1",
                  "inst": "X",
                  "f": {
                    "lang": "sux",
                    "form": "sar",
                    "delim": "",
                    "gdl": [
                      {
                        "v": "sar",
                        "gdl_utf8": "𒊬",
                        "id": "Q007406.8.1.0"
                      }
                    ],
                    "pos": "X"
                  }
                },
                {
                  "node": "l",
                  "frag": "zi",
                  "id": "Q007406.l03810",
                  "ref": "Q007406.8.2",
                  "inst": "X",
                  "f": {
                    "lang": "sux",
                    "form": "zi",
                    "delim": "",
                    "gdl": [
                      {
                        "v": "zi",
                        "gdl_utf8": "𒍣",
                        "id": "Q007406.8.2.0"
                      }
                    ],
                    "pos": "X"
                  }
                },
                {
                  "node": "l",
                  "frag": "x",
                  "id": "Q007406.l03811",
                  "ref": "Q007406.8.3",
                  "inst": "u",
                  "f": {
                    "lang": "sux",
                    "form": "x",
                    "delim": "",
                    "gdl": [
                      {
                        "v": "x",
                        "gdl_utf8": "x",
                        "id": "Q007406.8.3.0"
                      }
                    ],
                    "pos": "u"
                  }
                },
                {
                  "node": "l",
                  "frag": "x",
                  "id": "Q007406.l03812",
                  "ref": "Q007406.8.4",
                  "inst": "u",
                  "f": {
                    "lang": "sux",
                    "form": "x",
                    "delim": "",
                    "gdl": [
                      {
                        "v": "x",
                        "gdl_utf8": "x",
                        "id": "Q007406.8.4.0"
                      }
                    ],
                    "pos": "u"
                  }
                },
                {
                  "node": "l",
                  "frag": "x",
                  "id": "Q007406.l03813",
                  "ref": "Q007406.8.5",
                  "inst": "u",
                  "f": {
                    "lang": "sux",
                    "form": "x",
                    "delim": "",
                    "gdl": [
                      {
                        "v": "x",
                        "gdl_utf8": "x",
                        "id": "Q007406.8.5.0"
                      }
                    ],
                    "pos": "u"
                  }
                },
                {
                  "node": "l",
                  "frag": "x",
                  "id": "Q007406.l03814",
                  "ref": "Q007406.8.6",
                  "inst": "u",
                  "f": {
                    "lang": "sux",
                    "form": "x",
                    "gdl": [
                      {
                        "v": "x",
                        "gdl_utf8": "x",
                        "id": "Q007406.8.6.0"
                      }
                    ],
                    "pos": "u"
                  }
                },
                {
                  "node": "d",
                  "type": "line-start",
                  "ref": "Q007406.9",
                  "n": "9",
                  "label": "9"
                },
                {
                  "node": "l",
                  "frag": "[...]-ta",
                  "id": "Q007406.l03815",
                  "ref": "Q007406.9.1",
                  "inst": "u",
                  "f": {
                    "lang": "sux",
                    "form": "x-ta",
                    "delim": "",
                    "gdl": [
                      {
                        "x": "ellipsis",
                        "id": "Q007406.9.1.0",
                        "breakStart": "1",
                        "break": "missing",
                        "o": "]",
                        "breakEnd": "Q007406.9.1.0",
                        "delim": "-"
                      },
                      {
                        "v": "ta",
                        "gdl_utf8": "𒋫",
                        "id": "Q007406.9.1.1"
                      }
                    ],
                    "pos": "u"
                  }
                },
                {
                  "node": "l",
                  "frag": "limmu₂-ba",
                  "id": "Q007406.l03816",
                  "ref": "Q007406.9.2",
                  "inst": "limmu[four]NU",
                  "sig": "@ribo/babylon0%sux:limmu₂-ba=limmu[four//four]NU'NU$limmu,bi.ak/limmu₂#~,bi.ak",
                  "f": {
                    "lang": "sux",
                    "form": "limmu₂-ba",
                    "delim": "",
                    "gdl": [
                      {
                        "v": "limmu₂",
                        "gdl_utf8": "𒇹",
                        "id": "Q007406.9.2.0",
                        "delim": "-"
                      },
                      {
                        "v": "ba",
                        "gdl_utf8": "𒁀",
                        "id": "Q007406.9.2.1"
                      }
                    ],
                    "cf": "limmu",
                    "gw": "four",
                    "sense": "four",
                    "norm0": "limmu,bi.ak",
                    "pos": "NU",
                    "epos": "NU",
                    "base": "limmu₂",
                    "morph": "~,bi.ak"
                  }
                },
                {
                  "node": "l",
                  "frag": "[...]",
                  "id": "Q007406.l03817",
                  "ref": "Q007406.9.3",
                  "inst": "u",
                  "f": {
                    "lang": "sux",
                    "form": "x",
                    "gdl": [
                      {
                        "x": "ellipsis",
                        "id": "Q007406.9.3.0",
                        "breakStart": "1",
                        "break": "missing",
                        "o": "]",
                        "breakEnd": "Q007406.9.3.0"
                      }
                    ],
                    "pos": "u"
                  }
                }
              ]
            }
          ]
        }
      ]
    }
  ]
}
