{
  "type": "cdl",
  "project": "ribo/babylon0",
  "source": "http://oracc.org/ribo/babylon0",
  "license": "This data is released under the CC0 license",
  "license-url": "https://creativecommons.org/publicdomain/zero/1.0/",
  "more-info": "http://oracc.org/doc/opendata/",
  "UTC-timestamp": "2019-01-12T08:23:18",
  "textid": "Q007411",
  "cdl": [
    {
      "node": "c",
      "type": "text",
      "id": "Q007411.U0",
      "cdl": [
        {
          "node": "d",
          "type": "object",
          "ref": ""
        },
        {
          "node": "d",
          "type": "surface",
          "ref": ""
        },
        {
          "node": "c",
          "type": "discourse",
          "subtype": "body",
          "id": "Q007411.U1",
          "cdl": [
            {
              "node": "c",
              "type": "sentence",
              "implicit": "yes",
              "id": "Q007411.U2",
              "label": "1 - 3",
              "cdl": [
                {
                  "node": "d",
                  "type": "line-start",
                  "ref": "Q007411.1",
                  "n": "1",
                  "label": "1"
                },
                {
                  "node": "l",
                  "frag": "mu",
                  "id": "Q007411.l03888",
                  "ref": "Q007411.1.1",
                  "inst": "mu[year]N",
                  "sig": "@ribo/babylon0%sux:mu=mu[year//year]N'N$mu/mu#~",
                  "f": {
                    "lang": "sux",
                    "form": "mu",
                    "delim": "",
                    "gdl": [
                      {
                        "v": "mu",
                        "gdl_utf8": "𒈬",
                        "id": "Q007411.1.1.0"
                      }
                    ],
                    "cf": "mu",
                    "gw": "year",
                    "sense": "year",
                    "norm0": "mu",
                    "pos": "N",
                    "epos": "N",
                    "base": "mu",
                    "morph": "~"
                  }
                },
                {
                  "node": "l",
                  "frag": "us₂-sa",
                  "id": "Q007411.l03889",
                  "ref": "Q007411.1.2",
                  "inst": "us[follow//(to be) adjacent to, border on]V/t'V/i",
                  "sig": "@ribo/babylon0%sux:us₂-sa=us[follow//(to be) adjacent to, border on]V/t'V/i$us;a/us₂+-sa=s.a#~;a",
                  "f": {
                    "lang": "sux",
                    "form": "us₂-sa",
                    "delim": "",
                    "gdl": [
                      {
                        "v": "us₂",
                        "gdl_utf8": "𒍑",
                        "id": "Q007411.1.2.0",
                        "delim": "-"
                      },
                      {
                        "v": "sa",
                        "gdl_utf8": "𒊓",
                        "id": "Q007411.1.2.1"
                      }
                    ],
                    "cf": "us",
                    "gw": "follow",
                    "sense": "(to be) adjacent to, border on",
                    "norm0": "us;a",
                    "pos": "V/t",
                    "epos": "V/i",
                    "base": "us₂",
                    "cont": "-sa=s.a",
                    "morph": "~;a"
                  }
                },
                {
                  "node": "l",
                  "frag": "sa-am-su-i-lu-na",
                  "id": "Q007411.l0388a",
                  "ref": "Q007411.1.3",
                  "inst": "Samsu-iluna[king of Babylon]RN",
                  "sig": "@ribo/babylon0%sux:sa-am-su-i-lu-na=Samsu-iluna[king of Babylon//king of Babylon]RN'RN$Samsu-iluna/sa-am-su-i-lu-na#~",
                  "f": {
                    "lang": "sux",
                    "form": "sa-am-su-i-lu-na",
                    "delim": "",
                    "gdl": [
                      {
                        "v": "sa",
                        "gdl_utf8": "𒊓",
                        "id": "Q007411.1.3.0",
                        "delim": "-"
                      },
                      {
                        "v": "am",
                        "gdl_utf8": "𒄠",
                        "id": "Q007411.1.3.1",
                        "delim": "-"
                      },
                      {
                        "v": "su",
                        "gdl_utf8": "𒋢",
                        "id": "Q007411.1.3.2",
                        "delim": "-"
                      },
                      {
                        "v": "i",
                        "gdl_utf8": "𒄿",
                        "id": "Q007411.1.3.3",
                        "delim": "-"
                      },
                      {
                        "v": "lu",
                        "gdl_utf8": "𒇻",
                        "id": "Q007411.1.3.4",
                        "delim": "-"
                      },
                      {
                        "v": "na",
                        "gdl_utf8": "𒈾",
                        "id": "Q007411.1.3.5"
                      }
                    ],
                    "cf": "Samsu-iluna",
                    "gw": "king of Babylon",
                    "sense": "king of Babylon",
                    "norm0": "Samsu-iluna",
                    "pos": "RN",
                    "epos": "RN",
                    "base": "sa-am-su-i-lu-na",
                    "morph": "~"
                  }
                },
                {
                  "node": "l",
                  "frag": "lugal-e",
                  "id": "Q007411.l0388b",
                  "ref": "Q007411.1.4",
                  "inst": "lugal[king]N",
                  "sig": "@ribo/babylon0%sux:lugal-e=lugal[king//king]N'N$lugal,e/lugal#~,e",
                  "f": {
                    "lang": "sux",
                    "form": "lugal-e",
                    "delim": "",
                    "gdl": [
                      {
                        "v": "lugal",
                        "gdl_utf8": "𒈗",
                        "id": "Q007411.1.4.0",
                        "delim": "-"
                      },
                      {
                        "v": "e",
                        "gdl_utf8": "𒂊",
                        "id": "Q007411.1.4.1"
                      }
                    ],
                    "cf": "lugal",
                    "gw": "king",
                    "sense": "king",
                    "norm0": "lugal,e",
                    "pos": "N",
                    "epos": "N",
                    "base": "lugal",
                    "morph": "~,e"
                  }
                },
                {
                  "node": "l",
                  "frag": "ia-di-ha-bu",
                  "id": "Q007411.l0388c",
                  "ref": "Q007411.1.5",
                  "inst": "Yadih-abum[1]RN",
                  "sig": "@ribo/babylon0%sux:ia-di-ha-bu=Yadih-abum[1//1]RN'RN$Yadih-abum/ia-di-ha-bu#~",
                  "f": {
                    "lang": "sux",
                    "form": "ia-di-ha-bu",
                    "delim": "",
                    "gdl": [
                      {
                        "v": "ia",
                        "gdl_utf8": "𒅀",
                        "id": "Q007411.1.5.0",
                        "delim": "-"
                      },
                      {
                        "v": "di",
                        "gdl_utf8": "𒁲",
                        "id": "Q007411.1.5.1",
                        "delim": "-"
                      },
                      {
                        "v": "ha",
                        "gdl_utf8": "𒄩",
                        "id": "Q007411.1.5.2",
                        "delim": "-"
                      },
                      {
                        "v": "bu",
                        "gdl_utf8": "𒁍",
                        "id": "Q007411.1.5.3"
                      }
                    ],
                    "cf": "Yadih-abum",
                    "gw": "1",
                    "sense": "1",
                    "norm0": "Yadih-abum",
                    "pos": "RN",
                    "epos": "RN",
                    "base": "ia-di-ha-bu",
                    "morph": "~"
                  }
                },
                {
                  "node": "l",
                  "frag": "u₃",
                  "id": "Q007411.l0388d",
                  "ref": "Q007411.1.6",
                  "inst": "u[and]CNJ",
                  "sig": "@ribo/babylon0%sux:u₃=u[and//and]CNJ'CNJ$u/u₃#~",
                  "f": {
                    "lang": "sux",
                    "form": "u₃",
                    "delim": "",
                    "gdl": [
                      {
                        "v": "u₃",
                        "gdl_utf8": "𒅇",
                        "id": "Q007411.1.6.0"
                      }
                    ],
                    "cf": "u",
                    "gw": "and",
                    "sense": "and",
                    "norm0": "u",
                    "pos": "CNJ",
                    "epos": "CNJ",
                    "base": "u₃",
                    "morph": "~"
                  }
                },
                {
                  "node": "l",
                  "frag": "mu-ti-hu-ur-ša-na",
                  "id": "Q007411.l0388e",
                  "ref": "Q007411.1.7",
                  "inst": "Muti-hursag[1]RN",
                  "sig": "@ribo/babylon0%sux:mu-ti-hu-ur-ša-na=Muti-hursag[1//1]RN'RN$Muti-hursag/mu-ti-hu-ur-ša-na#~",
                  "f": {
                    "lang": "sux",
                    "form": "mu-ti-hu-ur-ša-na",
                    "delim": "",
                    "gdl": [
                      {
                        "v": "mu",
                        "gdl_utf8": "𒈬",
                        "id": "Q007411.1.7.0",
                        "delim": "-"
                      },
                      {
                        "v": "ti",
                        "gdl_utf8": "𒋾",
                        "id": "Q007411.1.7.1",
                        "delim": "-"
                      },
                      {
                        "v": "hu",
                        "gdl_utf8": "𒄷",
                        "id": "Q007411.1.7.2",
                        "delim": "-"
                      },
                      {
                        "v": "ur",
                        "gdl_utf8": "𒌨",
                        "id": "Q007411.1.7.3",
                        "delim": "-"
                      },
                      {
                        "v": "ša",
                        "gdl_utf8": "𒊭",
                        "id": "Q007411.1.7.4",
                        "delim": "-"
                      },
                      {
                        "v": "na",
                        "gdl_utf8": "𒈾",
                        "id": "Q007411.1.7.5"
                      }
                    ],
                    "cf": "Muti-hursag",
                    "gw": "1",
                    "sense": "1",
                    "norm0": "Muti-hursag",
                    "pos": "RN",
                    "epos": "RN",
                    "base": "mu-ti-hu-ur-ša-na",
                    "morph": "~"
                  }
                },
                {
                  "node": "l",
                  "frag": "udug₂",
                  "id": "Q007411.l0388f",
                  "ref": "Q007411.1.8",
                  "inst": "udug[weapon]N",
                  "sig": "@ribo/babylon0%sux:udug₂=udug[weapon//weapon]N'N$udug/udug₂#~",
                  "f": {
                    "lang": "sux",
                    "form": "udug₂",
                    "delim": "",
                    "gdl": [
                      {
                        "v": "udug₂",
                        "gdl_utf8": "𒂷𒄑",
                        "id": "Q007411.1.8.0"
                      }
                    ],
                    "cf": "udug",
                    "gw": "weapon",
                    "sense": "weapon",
                    "norm0": "udug",
                    "pos": "N",
                    "epos": "N",
                    "base": "udug₂",
                    "morph": "~"
                  }
                },
                {
                  "node": "l",
                  "frag": "huš-a-na",
                  "id": "Q007411.l03890",
                  "ref": "Q007411.1.9",
                  "inst": "huš[(to be) furious, angry]V/i",
                  "sig": "@ribo/babylon0%sux:huš-a-na=huš[reddish//(to be) furious, angry]V/i'V/i$huš;a,ani.a/huš#~;a,ani.a",
                  "f": {
                    "lang": "sux",
                    "form": "huš-a-na",
                    "delim": "",
                    "gdl": [
                      {
                        "v": "huš",
                        "gdl_utf8": "𒄭𒄊",
                        "id": "Q007411.1.9.0",
                        "delim": "-"
                      },
                      {
                        "v": "a",
                        "gdl_utf8": "𒀀",
                        "id": "Q007411.1.9.1",
                        "delim": "-"
                      },
                      {
                        "v": "na",
                        "gdl_utf8": "𒈾",
                        "id": "Q007411.1.9.2"
                      }
                    ],
                    "cf": "huš",
                    "gw": "reddish",
                    "sense": "(to be) furious, angry",
                    "norm0": "huš;a,ani.a",
                    "pos": "V/i",
                    "epos": "V/i",
                    "base": "huš",
                    "morph": "~;a,ani.a"
                  }
                },
                {
                  "node": "l",
                  "frag": "ŋeš-haš-a",
                  "id": "Q007411.l03891",
                  "ref": "Q007411.1.10",
                  "inst": "ŋešhaš[weapon]N",
                  "sig": "@ribo/babylon0%sux:ŋeš-haš-a=ŋešhaš[weapon//weapon]N'N$ŋešhaš,a/ŋeš-haš#~,a",
                  "f": {
                    "lang": "sux",
                    "form": "ŋeš-haš-a",
                    "delim": "",
                    "gdl": [
                      {
                        "v": "ŋeš",
                        "gdl_utf8": "𒄑",
                        "id": "Q007411.1.10.0",
                        "delim": "-"
                      },
                      {
                        "v": "haš",
                        "gdl_utf8": "𒋻",
                        "id": "Q007411.1.10.1",
                        "delim": "-"
                      },
                      {
                        "v": "a",
                        "gdl_utf8": "𒀀",
                        "id": "Q007411.1.10.2"
                      }
                    ],
                    "cf": "ŋešhaš",
                    "gw": "weapon",
                    "sense": "weapon",
                    "norm0": "ŋešhaš,a",
                    "pos": "N",
                    "epos": "N",
                    "base": "ŋeš-haš",
                    "morph": "~,a"
                  }
                },
                {
                  "node": "l",
                  "frag": "bi₂-in-ak-a",
                  "id": "Q007411.l03892",
                  "ref": "Q007411.1.11",
                  "inst": "ak[to do]V/t",
                  "sig": "@ribo/babylon0%sux:bi₂-in-ak-a=ak[do//to do]V/t'V/t$ba.i.n:ak;a/ak#ba.i.n:~;a",
                  "f": {
                    "lang": "sux",
                    "form": "bi₂-in-ak-a",
                    "gdl": [
                      {
                        "v": "bi₂",
                        "gdl_utf8": "𒉈",
                        "id": "Q007411.1.11.0",
                        "delim": "-"
                      },
                      {
                        "v": "in",
                        "gdl_utf8": "𒅔",
                        "id": "Q007411.1.11.1",
                        "delim": "-"
                      },
                      {
                        "v": "ak",
                        "gdl_utf8": "𒀝",
                        "id": "Q007411.1.11.2",
                        "delim": "-"
                      },
                      {
                        "v": "a",
                        "gdl_utf8": "𒀀",
                        "id": "Q007411.1.11.3"
                      }
                    ],
                    "cf": "ak",
                    "gw": "do",
                    "sense": "to do",
                    "norm0": "ba.i.n:ak;a",
                    "pos": "V/t",
                    "epos": "V/t",
                    "base": "ak",
                    "morph": "ba.i.n:~;a"
                  }
                },
                {
                  "node": "d",
                  "type": "nonx",
                  "ref": "Q007411.2",
                  "strict": "0",
                  "extent": "046",
                  "state": "other"
                },
                {
                  "node": "d",
                  "type": "line-start",
                  "ref": "Q007411.3",
                  "n": "2",
                  "label": "2"
                },
                {
                  "node": "l",
                  "frag": "mu",
                  "id": "Q007411.l03893",
                  "ref": "Q007411.3.1",
                  "inst": "mu[year]N",
                  "sig": "@ribo/babylon0%sux:mu=mu[year//year]N'N$mu/mu#~",
                  "f": {
                    "lang": "sux",
                    "form": "mu",
                    "delim": "",
                    "gdl": [
                      {
                        "v": "mu",
                        "gdl_utf8": "𒈬",
                        "id": "Q007411.3.1.0"
                      }
                    ],
                    "cf": "mu",
                    "gw": "year",
                    "sense": "year",
                    "norm0": "mu",
                    "pos": "N",
                    "epos": "N",
                    "base": "mu",
                    "morph": "~"
                  }
                },
                {
                  "node": "l",
                  "frag": "sa-am-su-i-lu-na",
                  "id": "Q007411.l03894",
                  "ref": "Q007411.3.2",
                  "inst": "Samsu-iluna[king of Babylon]RN",
                  "sig": "@ribo/babylon0%sux:sa-am-su-i-lu-na=Samsu-iluna[king of Babylon//king of Babylon]RN'RN$Samsu-iluna/sa-am-su-i-lu-na#~",
                  "f": {
                    "lang": "sux",
                    "form": "sa-am-su-i-lu-na",
                    "delim": "",
                    "gdl": [
                      {
                        "v": "sa",
                        "gdl_utf8": "𒊓",
                        "id": "Q007411.3.2.0",
                        "delim": "-"
                      },
                      {
                        "v": "am",
                        "gdl_utf8": "𒄠",
                        "id": "Q007411.3.2.1",
                        "delim": "-"
                      },
                      {
                        "v": "su",
                        "gdl_utf8": "𒋢",
                        "id": "Q007411.3.2.2",
                        "delim": "-"
                      },
                      {
                        "v": "i",
                        "gdl_utf8": "𒄿",
                        "id": "Q007411.3.2.3",
                        "delim": "-"
                      },
                      {
                        "v": "lu",
                        "gdl_utf8": "𒇻",
                        "id": "Q007411.3.2.4",
                        "delim": "-"
                      },
                      {
                        "v": "na",
                        "gdl_utf8": "𒈾",
                        "id": "Q007411.3.2.5"
                      }
                    ],
                    "cf": "Samsu-iluna",
                    "gw": "king of Babylon",
                    "sense": "king of Babylon",
                    "norm0": "Samsu-iluna",
                    "pos": "RN",
                    "epos": "RN",
                    "base": "sa-am-su-i-lu-na",
                    "morph": "~"
                  }
                },
                {
                  "node": "l",
                  "frag": "lugal-e",
                  "id": "Q007411.l03895",
                  "ref": "Q007411.3.3",
                  "inst": "lugal[king]N",
                  "sig": "@ribo/babylon0%sux:lugal-e=lugal[king//king]N'N$lugal,e/lugal#~,e",
                  "f": {
                    "lang": "sux",
                    "form": "lugal-e",
                    "delim": "",
                    "gdl": [
                      {
                        "v": "lugal",
                        "gdl_utf8": "𒈗",
                        "id": "Q007411.3.3.0",
                        "delim": "-"
                      },
                      {
                        "v": "e",
                        "gdl_utf8": "𒂊",
                        "id": "Q007411.3.3.1"
                      }
                    ],
                    "cf": "lugal",
                    "gw": "king",
                    "sense": "king",
                    "norm0": "lugal,e",
                    "pos": "N",
                    "epos": "N",
                    "base": "lugal",
                    "morph": "~,e"
                  }
                },
                {
                  "node": "l",
                  "frag": "mu",
                  "id": "Q007411.l03896",
                  "ref": "Q007411.3.4",
                  "inst": "mu[year]N",
                  "sig": "@ribo/babylon0%sux:mu=mu[year//year]N'N$mu/mu#~",
                  "f": {
                    "lang": "sux",
                    "form": "mu",
                    "delim": "",
                    "gdl": [
                      {
                        "v": "mu",
                        "gdl_utf8": "𒈬",
                        "id": "Q007411.3.4.0"
                      }
                    ],
                    "cf": "mu",
                    "gw": "year",
                    "sense": "year",
                    "norm0": "mu",
                    "pos": "N",
                    "epos": "N",
                    "base": "mu",
                    "morph": "~"
                  }
                },
                {
                  "node": "l",
                  "frag": "gibil",
                  "id": "Q007411.l03897",
                  "ref": "Q007411.3.5",
                  "inst": "gibil[(to be) new]V/i",
                  "sig": "@ribo/babylon0%sux:gibil=gibil[new//(to be) new]V/i'V/i$gibil/gibil#~",
                  "f": {
                    "lang": "sux",
                    "form": "gibil",
                    "gdl": [
                      {
                        "v": "gibil",
                        "gdl_utf8": "𒉋",
                        "id": "Q007411.3.5.0"
                      }
                    ],
                    "cf": "gibil",
                    "gw": "new",
                    "sense": "(to be) new",
                    "norm0": "gibil",
                    "pos": "V/i",
                    "epos": "V/i",
                    "base": "gibil",
                    "morph": "~"
                  }
                },
                {
                  "node": "d",
                  "type": "nonx",
                  "ref": "Q007411.4",
                  "strict": "0",
                  "extent": "533",
                  "state": "other"
                },
                {
                  "node": "d",
                  "type": "line-start",
                  "ref": "Q007411.5",
                  "n": "3",
                  "label": "3"
                },
                {
                  "node": "l",
                  "frag": "mu",
                  "id": "Q007411.l03898",
                  "ref": "Q007411.5.1",
                  "inst": "mu[year]N",
                  "sig": "@ribo/babylon0%sux:mu=mu[year//year]N'N$mu/mu#~",
                  "f": {
                    "lang": "sux",
                    "form": "mu",
                    "delim": "",
                    "gdl": [
                      {
                        "v": "mu",
                        "gdl_utf8": "𒈬",
                        "id": "Q007411.5.1.0"
                      }
                    ],
                    "cf": "mu",
                    "gw": "year",
                    "sense": "year",
                    "norm0": "mu",
                    "pos": "N",
                    "epos": "N",
                    "base": "mu",
                    "morph": "~"
                  }
                },
                {
                  "node": "l",
                  "frag": "gibil",
                  "id": "Q007411.l03899",
                  "ref": "Q007411.5.2",
                  "inst": "gibil[(to be) new]V/i",
                  "sig": "@ribo/babylon0%sux:gibil=gibil[new//(to be) new]V/i'V/i$gibil/gibil#~",
                  "f": {
                    "lang": "sux",
                    "form": "gibil",
                    "delim": "",
                    "gdl": [
                      {
                        "v": "gibil",
                        "gdl_utf8": "𒉋",
                        "id": "Q007411.5.2.0"
                      }
                    ],
                    "cf": "gibil",
                    "gw": "new",
                    "sense": "(to be) new",
                    "norm0": "gibil",
                    "pos": "V/i",
                    "epos": "V/i",
                    "base": "gibil",
                    "morph": "~"
                  }
                },
                {
                  "node": "l",
                  "frag": "wa-ar-ki",
                  "id": "Q007411.l0389a",
                  "ref": "Q007411.5.3",
                  "inst": "warki[after]PRP",
                  "sig": "@ribo/babylon0%akk:wa-ar-ki=warki[after//after]PRP'PRP$warki",
                  "f": {
                    "lang": "akk",
                    "form": "wa-ar-ki",
                    "delim": "",
                    "gdl": [
                      {
                        "v": "wa",
                        "gdl_utf8": "𒉿",
                        "id": "Q007411.5.3.0",
                        "delim": "-"
                      },
                      {
                        "v": "ar",
                        "gdl_utf8": "𒅈",
                        "id": "Q007411.5.3.1",
                        "delim": "-"
                      },
                      {
                        "v": "ki",
                        "gdl_utf8": "𒆠",
                        "id": "Q007411.5.3.2"
                      }
                    ],
                    "cf": "warki",
                    "gw": "after",
                    "sense": "after",
                    "norm": "warki",
                    "pos": "PRP",
                    "epos": "PRP"
                  }
                },
                {
                  "node": "l",
                  "frag": "mu",
                  "id": "Q007411.l0389b",
                  "ref": "Q007411.5.4",
                  "inst": "mu[year]N",
                  "sig": "@ribo/babylon0%sux:mu=mu[year//year]N'N$mu/mu#~",
                  "f": {
                    "lang": "sux",
                    "form": "mu",
                    "delim": "",
                    "gdl": [
                      {
                        "v": "mu",
                        "gdl_utf8": "𒈬",
                        "id": "Q007411.5.4.0"
                      }
                    ],
                    "cf": "mu",
                    "gw": "year",
                    "sense": "year",
                    "norm0": "mu",
                    "pos": "N",
                    "epos": "N",
                    "base": "mu",
                    "morph": "~"
                  }
                },
                {
                  "node": "l",
                  "frag": "sa-am-su-i-lu-na",
                  "id": "Q007411.l0389c",
                  "ref": "Q007411.5.5",
                  "inst": "Samsu-iluna[king of Babylon]RN",
                  "sig": "@ribo/babylon0%sux:sa-am-su-i-lu-na=Samsu-iluna[king of Babylon//king of Babylon]RN'RN$Samsu-iluna/sa-am-su-i-lu-na#~",
                  "f": {
                    "lang": "sux",
                    "form": "sa-am-su-i-lu-na",
                    "delim": "",
                    "gdl": [
                      {
                        "v": "sa",
                        "gdl_utf8": "𒊓",
                        "id": "Q007411.5.5.0",
                        "delim": "-"
                      },
                      {
                        "v": "am",
                        "gdl_utf8": "𒄠",
                        "id": "Q007411.5.5.1",
                        "delim": "-"
                      },
                      {
                        "v": "su",
                        "gdl_utf8": "𒋢",
                        "id": "Q007411.5.5.2",
                        "delim": "-"
                      },
                      {
                        "v": "i",
                        "gdl_utf8": "𒄿",
                        "id": "Q007411.5.5.3",
                        "delim": "-"
                      },
                      {
                        "v": "lu",
                        "gdl_utf8": "𒇻",
                        "id": "Q007411.5.5.4",
                        "delim": "-"
                      },
                      {
                        "v": "na",
                        "gdl_utf8": "𒈾",
                        "id": "Q007411.5.5.5"
                      }
                    ],
                    "cf": "Samsu-iluna",
                    "gw": "king of Babylon",
                    "sense": "king of Babylon",
                    "norm0": "Samsu-iluna",
                    "pos": "RN",
                    "epos": "RN",
                    "base": "sa-am-su-i-lu-na",
                    "morph": "~"
                  }
                },
                {
                  "node": "l",
                  "frag": "a₂-aŋ₂-ŋa₂",
                  "id": "Q007411.l0389d",
                  "ref": "Q007411.5.6",
                  "inst": "aʾaŋa[command]N",
                  "sig": "@ribo/babylon0%sux:a₂-aŋ₂-ŋa₂=aʾaŋa[assignment//command]N'N$aʾaŋa/a₂-aŋ₂-ŋa₂#~",
                  "f": {
                    "lang": "sux",
                    "form": "a₂-aŋ₂-ŋa₂",
                    "delim": "",
                    "gdl": [
                      {
                        "v": "a₂",
                        "gdl_utf8": "𒀉",
                        "id": "Q007411.5.6.0",
                        "delim": "-"
                      },
                      {
                        "v": "aŋ₂",
                        "gdl_utf8": "𒉘",
                        "id": "Q007411.5.6.1",
                        "delim": "-"
                      },
                      {
                        "v": "ŋa₂",
                        "gdl_utf8": "𒂷",
                        "id": "Q007411.5.6.2"
                      }
                    ],
                    "cf": "aʾaŋa",
                    "gw": "assignment",
                    "sense": "command",
                    "norm0": "aʾaŋa",
                    "pos": "N",
                    "epos": "N",
                    "base": "a₂-aŋ₂-ŋa₂",
                    "morph": "~"
                  }
                },
                {
                  "node": "l",
                  "frag": "{d}en-lil₂-la₂-ke₄",
                  "id": "Q007411.l0389e",
                  "ref": "Q007411.5.7",
                  "inst": "Enlil[1]DN",
                  "sig": "@ribo/babylon0%sux:{d}en-lil₂-la₂-ke₄=Enlil[1//1]DN'DN$Enlil,ak.e/{d}en-lil₂+-la₂=l.a#~,ak.e",
                  "f": {
                    "lang": "sux",
                    "form": "{d}en-lil₂-la₂-ke₄",
                    "gdl": [
                      {
                        "det": "semantic",
                        "pos": "pre",
                        "seq": [
                          {
                            "v": "d",
                            "gdl_utf8": "𒀭",
                            "id": "Q007411.5.7.0"
                          }
                        ]
                      },
                      {
                        "v": "en",
                        "gdl_utf8": "𒂗",
                        "id": "Q007411.5.7.1",
                        "delim": "-"
                      },
                      {
                        "v": "lil₂",
                        "gdl_utf8": "𒆤",
                        "id": "Q007411.5.7.2",
                        "delim": "-"
                      },
                      {
                        "v": "la₂",
                        "gdl_utf8": "𒇲",
                        "id": "Q007411.5.7.3",
                        "delim": "-"
                      },
                      {
                        "v": "ke₄",
                        "gdl_utf8": "𒆤",
                        "id": "Q007411.5.7.4"
                      }
                    ],
                    "cf": "Enlil",
                    "gw": "1",
                    "sense": "1",
                    "norm0": "Enlil,ak.e",
                    "pos": "DN",
                    "epos": "DN",
                    "base": "{d}en-lil₂",
                    "cont": "-la₂=l.a",
                    "morph": "~,ak.e"
                  }
                }
              ]
            }
          ]
        }
      ]
    }
  ]
}
