{
  "type": "cdl",
  "project": "ribo/babylon0",
  "source": "http://oracc.org/ribo/babylon0",
  "license": "This data is released under the CC0 license",
  "license-url": "https://creativecommons.org/publicdomain/zero/1.0/",
  "more-info": "http://oracc.org/doc/opendata/",
  "UTC-timestamp": "2019-01-12T08:23:16",
  "textid": "Q007398",
  "cdl": [
    {
      "node": "c",
      "type": "text",
      "id": "Q007398.U0",
      "cdl": [
        {
          "node": "d",
          "type": "object",
          "ref": ""
        },
        {
          "node": "d",
          "type": "surface",
          "ref": ""
        },
        {
          "node": "c",
          "type": "discourse",
          "subtype": "body",
          "id": "Q007398.U1",
          "cdl": [
            {
              "node": "c",
              "type": "sentence",
              "implicit": "yes",
              "id": "Q007398.U2",
              "label": "1",
              "cdl": [
                {
                  "node": "d",
                  "type": "line-start",
                  "ref": "Q007398.1",
                  "n": "1",
                  "label": "1"
                },
                {
                  "node": "l",
                  "frag": "mu",
                  "id": "Q007398.l03780",
                  "ref": "Q007398.1.1",
                  "inst": "mu[year]N",
                  "sig": "@ribo/babylon0%sux:mu=mu[year//year]N'N$mu/mu#~",
                  "f": {
                    "lang": "sux",
                    "form": "mu",
                    "delim": "",
                    "gdl": [
                      {
                        "v": "mu",
                        "gdl_utf8": "𒈬",
                        "id": "Q007398.1.1.0"
                      }
                    ],
                    "cf": "mu",
                    "gw": "year",
                    "sense": "year",
                    "norm0": "mu",
                    "pos": "N",
                    "epos": "N",
                    "base": "mu",
                    "morph": "~"
                  }
                },
                {
                  "node": "l",
                  "frag": "sa-am-su-i-lu-na",
                  "id": "Q007398.l03781",
                  "ref": "Q007398.1.2",
                  "inst": "Samsu-iluna[king of Babylon]RN",
                  "sig": "@ribo/babylon0%sux:sa-am-su-i-lu-na=Samsu-iluna[king of Babylon//king of Babylon]RN'RN$Samsu-iluna/sa-am-su-i-lu-na#~",
                  "f": {
                    "lang": "sux",
                    "form": "sa-am-su-i-lu-na",
                    "delim": "",
                    "gdl": [
                      {
                        "v": "sa",
                        "gdl_utf8": "𒊓",
                        "id": "Q007398.1.2.0",
                        "delim": "-"
                      },
                      {
                        "v": "am",
                        "gdl_utf8": "𒄠",
                        "id": "Q007398.1.2.1",
                        "delim": "-"
                      },
                      {
                        "v": "su",
                        "gdl_utf8": "𒋢",
                        "id": "Q007398.1.2.2",
                        "delim": "-"
                      },
                      {
                        "v": "i",
                        "gdl_utf8": "𒄿",
                        "id": "Q007398.1.2.3",
                        "delim": "-"
                      },
                      {
                        "v": "lu",
                        "gdl_utf8": "𒇻",
                        "id": "Q007398.1.2.4",
                        "delim": "-"
                      },
                      {
                        "v": "na",
                        "gdl_utf8": "𒈾",
                        "id": "Q007398.1.2.5"
                      }
                    ],
                    "cf": "Samsu-iluna",
                    "gw": "king of Babylon",
                    "sense": "king of Babylon",
                    "norm0": "Samsu-iluna",
                    "pos": "RN",
                    "epos": "RN",
                    "base": "sa-am-su-i-lu-na",
                    "morph": "~"
                  }
                },
                {
                  "node": "l",
                  "frag": "lugal-e",
                  "id": "Q007398.l03782",
                  "ref": "Q007398.1.3",
                  "inst": "lugal[king]N",
                  "sig": "@ribo/babylon0%sux:lugal-e=lugal[king//king]N'N$lugal,e/lugal#~,e",
                  "f": {
                    "lang": "sux",
                    "form": "lugal-e",
                    "delim": "",
                    "gdl": [
                      {
                        "v": "lugal",
                        "gdl_utf8": "𒈗",
                        "id": "Q007398.1.3.0",
                        "delim": "-"
                      },
                      {
                        "v": "e",
                        "gdl_utf8": "𒂊",
                        "id": "Q007398.1.3.1"
                      }
                    ],
                    "cf": "lugal",
                    "gw": "king",
                    "sense": "king",
                    "norm0": "lugal,e",
                    "pos": "N",
                    "epos": "N",
                    "base": "lugal",
                    "morph": "~,e"
                  }
                },
                {
                  "node": "l",
                  "frag": "bad₃",
                  "id": "Q007398.l03783",
                  "ref": "Q007398.1.4",
                  "inst": "bad[wall, fortification]N",
                  "sig": "@ribo/babylon0%sux:bad₃=bad[wall//wall, fortification]N'N$bad/bad₃#~",
                  "f": {
                    "lang": "sux",
                    "form": "bad₃",
                    "delim": "",
                    "gdl": [
                      {
                        "v": "bad₃",
                        "gdl_utf8": "𒂦",
                        "id": "Q007398.1.4.0"
                      }
                    ],
                    "cf": "bad",
                    "gw": "wall",
                    "sense": "wall, fortification",
                    "norm0": "bad",
                    "pos": "N",
                    "epos": "N",
                    "base": "bad₃",
                    "morph": "~"
                  }
                },
                {
                  "node": "l",
                  "frag": "an-da",
                  "id": "Q007398.l03784",
                  "ref": "Q007398.1.5",
                  "inst": "an[sky, heaven]N",
                  "sig": "@ribo/babylon0%sux:an-da=an[sky//sky, heaven]N'N$an,da/an#~,da",
                  "f": {
                    "lang": "sux",
                    "form": "an-da",
                    "delim": "",
                    "gdl": [
                      {
                        "v": "an",
                        "gdl_utf8": "𒀭",
                        "id": "Q007398.1.5.0",
                        "delim": "-"
                      },
                      {
                        "v": "da",
                        "gdl_utf8": "𒁕",
                        "id": "Q007398.1.5.1"
                      }
                    ],
                    "cf": "an",
                    "gw": "sky",
                    "sense": "sky, heaven",
                    "norm0": "an,da",
                    "pos": "N",
                    "epos": "N",
                    "base": "an",
                    "morph": "~,da"
                  }
                },
                {
                  "node": "l",
                  "frag": "sa₂-a",
                  "id": "Q007398.l03785",
                  "ref": "Q007398.1.6",
                  "inst": "sa[to equal, compare, compete, be equal to, rival]V/t",
                  "sig": "@ribo/babylon0%sux:sa₂-a=sa[equal//to equal, compare, compete, be equal to, rival]V/t'V/t$sa;a/sa₂#~;a",
                  "f": {
                    "lang": "sux",
                    "form": "sa₂-a",
                    "delim": "",
                    "gdl": [
                      {
                        "v": "sa₂",
                        "gdl_utf8": "𒁲",
                        "id": "Q007398.1.6.0",
                        "delim": "-"
                      },
                      {
                        "v": "a",
                        "gdl_utf8": "𒀀",
                        "id": "Q007398.1.6.1"
                      }
                    ],
                    "cf": "sa",
                    "gw": "equal",
                    "sense": "to equal, compare, compete, be equal to, rival",
                    "norm0": "sa;a",
                    "pos": "V/t",
                    "epos": "V/t",
                    "base": "sa₂",
                    "morph": "~;a"
                  }
                },
                {
                  "node": "l",
                  "frag": "zibbir{ki}",
                  "id": "Q007398.l03786",
                  "ref": "Q007398.1.7",
                  "inst": "Sippar[1]SN",
                  "sig": "@ribo/babylon0%sux:zibbir{ki}=Sippar[1//1]SN'SN$Sippar/zibbir{ki}#~",
                  "f": {
                    "lang": "sux",
                    "form": "zibbir{ki}",
                    "delim": "",
                    "gdl": [
                      {
                        "v": "zibbir",
                        "gdl_utf8": "𒌓𒄒𒉣",
                        "id": "Q007398.1.7.0"
                      },
                      {
                        "det": "semantic",
                        "pos": "post",
                        "seq": [
                          {
                            "v": "ki",
                            "gdl_utf8": "𒆠",
                            "id": "Q007398.1.7.1"
                          }
                        ]
                      }
                    ],
                    "cf": "Sippar",
                    "gw": "1",
                    "sense": "1",
                    "norm0": "Sippar",
                    "pos": "SN",
                    "epos": "SN",
                    "base": "zibbir{ki}",
                    "morph": "~"
                  }
                },
                {
                  "node": "l",
                  "frag": "niŋ₂",
                  "id": "Q007398.l03787",
                  "ref": "Q007398.1.8",
                  "inst": "niŋ[something]N",
                  "sig": "@ribo/babylon0%sux:niŋ₂=niŋ[thing//something]N'N$niŋ/niŋ₂#~",
                  "f": {
                    "lang": "sux",
                    "form": "niŋ₂",
                    "delim": "",
                    "gdl": [
                      {
                        "v": "niŋ₂",
                        "gdl_utf8": "𒃻",
                        "id": "Q007398.1.8.0"
                      }
                    ],
                    "cf": "niŋ",
                    "gw": "thing",
                    "sense": "something",
                    "norm0": "niŋ",
                    "pos": "N",
                    "epos": "N",
                    "base": "niŋ₂",
                    "morph": "~"
                  }
                },
                {
                  "node": "l",
                  "frag": "ul-e",
                  "id": "Q007398.l03788",
                  "ref": "Q007398.1.9",
                  "inst": "ul[(to be) distant (in time)]V/i",
                  "sig": "@ribo/babylon0%sux:ul-e=ul[distant//(to be) distant (in time)]V/i'V/i$ul;e/ul#~;e",
                  "f": {
                    "lang": "sux",
                    "form": "ul-e",
                    "delim": "",
                    "gdl": [
                      {
                        "v": "ul",
                        "gdl_utf8": "𒌌",
                        "id": "Q007398.1.9.0",
                        "delim": "-"
                      },
                      {
                        "v": "e",
                        "gdl_utf8": "𒂊",
                        "id": "Q007398.1.9.1"
                      }
                    ],
                    "cf": "ul",
                    "gw": "distant",
                    "sense": "(to be) distant (in time)",
                    "norm0": "ul;e",
                    "pos": "V/i",
                    "epos": "V/i",
                    "base": "ul",
                    "morph": "~;e"
                  }
                },
                {
                  "node": "l",
                  "frag": "u₄-na-me-ka",
                  "id": "Q007398.l03789",
                  "ref": "Q007398.1.10",
                  "inst": "udnamekam[ever//in the future, ever]MA",
                  "sig": "@ribo/babylon0%sux:u₄-na-me-ka=udnamekam[ever//in the future, ever]MA'MA$udnamekam/u₄-na-me-ka#~",
                  "f": {
                    "lang": "sux",
                    "form": "u₄-na-me-ka",
                    "delim": "",
                    "gdl": [
                      {
                        "v": "u₄",
                        "gdl_utf8": "𒌓",
                        "id": "Q007398.1.10.0",
                        "delim": "-"
                      },
                      {
                        "v": "na",
                        "gdl_utf8": "𒈾",
                        "id": "Q007398.1.10.1",
                        "delim": "-"
                      },
                      {
                        "v": "me",
                        "gdl_utf8": "𒈨",
                        "id": "Q007398.1.10.2",
                        "delim": "-"
                      },
                      {
                        "v": "ka",
                        "gdl_utf8": "𒅗",
                        "id": "Q007398.1.10.3"
                      }
                    ],
                    "cf": "udnamekam",
                    "gw": "ever",
                    "sense": "in the future, ever",
                    "norm0": "udnamekam",
                    "pos": "MA",
                    "epos": "MA",
                    "base": "u₄-na-me-ka",
                    "morph": "~"
                  }
                },
                {
                  "node": "l",
                  "frag": "šeg₁₂",
                  "id": "Q007398.l0378a",
                  "ref": "Q007398.1.11",
                  "inst": "šeg[brick, mudbrick]N",
                  "sig": "@ribo/babylon0%sux:šeg₁₂=šeg[brick//brick, mudbrick]N'N$šeg/šeg₁₂#~",
                  "f": {
                    "lang": "sux",
                    "form": "šeg₁₂",
                    "delim": "",
                    "gdl": [
                      {
                        "v": "šeg₁₂",
                        "gdl_utf8": "𒋞",
                        "id": "Q007398.1.11.0"
                      }
                    ],
                    "cf": "šeg",
                    "gw": "brick",
                    "sense": "brick, mudbrick",
                    "norm0": "šeg",
                    "pos": "N",
                    "epos": "N",
                    "base": "šeg₁₂",
                    "morph": "~"
                  }
                },
                {
                  "node": "l",
                  "frag": "[...]",
                  "id": "Q007398.l0378b",
                  "ref": "Q007398.1.12",
                  "inst": "u",
                  "f": {
                    "lang": "sux",
                    "form": "x",
                    "delim": "",
                    "gdl": [
                      {
                        "x": "ellipsis",
                        "id": "Q007398.1.12.0",
                        "breakStart": "1",
                        "break": "missing",
                        "o": "]",
                        "breakEnd": "Q007398.1.12.0"
                      }
                    ],
                    "pos": "u"
                  }
                },
                {
                  "node": "c",
                  "type": "phrase",
                  "tag": "phr",
                  "id": "Q007398.U4",
                  "ref": "Q007398.ls00000",
                  "cdl": [
                    {
                      "node": "l",
                      "frag": "ša₃-ge",
                      "id": "Q007398.l0378c",
                      "ref": "Q007398.1.13",
                      "inst": "šag[heart]N",
                      "sig": "@ribo/babylon0%sux:ša₃-ge=šag[heart//heart]N'N$šag,e/ša₃-g·e#~,e",
                      "f": {
                        "lang": "sux",
                        "form": "ša₃-ge",
                        "delim": "",
                        "gdl": [
                          {
                            "v": "ša₃",
                            "gdl_utf8": "𒊮",
                            "id": "Q007398.1.13.0",
                            "delim": "-"
                          },
                          {
                            "v": "ge",
                            "gdl_utf8": "𒄀",
                            "id": "Q007398.1.13.1"
                          }
                        ],
                        "cf": "šag",
                        "gw": "heart",
                        "sense": "heart",
                        "norm0": "šag,e",
                        "pos": "N",
                        "epos": "N",
                        "base": "ša₃-g·e",
                        "morph": "~,e"
                      }
                    },
                    {
                      "node": "l",
                      "frag": "tum₂-a",
                      "id": "Q007398.l0378d",
                      "ref": "Q007398.1.14",
                      "inst": "tum[bring//to bring]V/t'V/t",
                      "sig": "@ribo/babylon0%sux:tum₂-a=tum[bring//to bring]V/t'V/t$tum;a/tum₂#~;a",
                      "f": {
                        "lang": "sux",
                        "form": "tum₂-a",
                        "delim": "",
                        "gdl": [
                          {
                            "v": "tum₂",
                            "gdl_utf8": "𒁺",
                            "id": "Q007398.1.14.0",
                            "delim": "-"
                          },
                          {
                            "v": "a",
                            "gdl_utf8": "𒀀",
                            "id": "Q007398.1.14.1"
                          }
                        ],
                        "cf": "tum",
                        "gw": "bring",
                        "sense": "to bring",
                        "norm0": "tum;a",
                        "pos": "V/t",
                        "epos": "V/t",
                        "base": "tum₂",
                        "morph": "~;a"
                      }
                    }
                  ]
                },
                {
                  "node": "l",
                  "frag": "{d}utu-ke₄",
                  "id": "Q007398.l0378e",
                  "ref": "Q007398.1.15",
                  "inst": "Utu[1]DN",
                  "sig": "@ribo/babylon0%sux:{d}utu-ke₄=Utu[1//1]DN'DN$Utu,ak.e/{d}utu#~,ak.e",
                  "f": {
                    "lang": "sux",
                    "form": "{d}utu-ke₄",
                    "delim": "",
                    "gdl": [
                      {
                        "det": "semantic",
                        "pos": "pre",
                        "seq": [
                          {
                            "v": "d",
                            "gdl_utf8": "𒀭",
                            "id": "Q007398.1.15.0"
                          }
                        ]
                      },
                      {
                        "v": "utu",
                        "gdl_utf8": "𒌓",
                        "id": "Q007398.1.15.1",
                        "delim": "-"
                      },
                      {
                        "v": "ke₄",
                        "gdl_utf8": "𒆤",
                        "id": "Q007398.1.15.2"
                      }
                    ],
                    "cf": "Utu",
                    "gw": "1",
                    "sense": "1",
                    "norm0": "Utu,ak.e",
                    "pos": "DN",
                    "epos": "DN",
                    "base": "{d}utu",
                    "morph": "~,ak.e"
                  }
                },
                {
                  "node": "l",
                  "frag": "mu-un-du₃-a",
                  "id": "Q007398.l0378f",
                  "ref": "Q007398.1.16",
                  "inst": "du[to build, make]V/t",
                  "sig": "@ribo/babylon0%sux:mu-un-du₃-a=du[build//to build, make]V/t'V/t$mu.n:du;a/du₃#mu.n:~;a",
                  "f": {
                    "lang": "sux",
                    "form": "mu-un-du₃-a",
                    "delim": "",
                    "gdl": [
                      {
                        "v": "mu",
                        "gdl_utf8": "𒈬",
                        "id": "Q007398.1.16.0",
                        "delim": "-"
                      },
                      {
                        "v": "un",
                        "gdl_utf8": "𒌦",
                        "id": "Q007398.1.16.1",
                        "delim": "-"
                      },
                      {
                        "v": "du₃",
                        "gdl_utf8": "𒆕",
                        "id": "Q007398.1.16.2",
                        "delim": "-"
                      },
                      {
                        "v": "a",
                        "gdl_utf8": "𒀀",
                        "id": "Q007398.1.16.3"
                      }
                    ],
                    "cf": "du",
                    "gw": "build",
                    "sense": "to build, make",
                    "norm0": "mu.n:du;a",
                    "pos": "V/t",
                    "epos": "V/t",
                    "base": "du₃",
                    "morph": "mu.n:~;a"
                  }
                },
                {
                  "node": "l",
                  "frag": "ni₂",
                  "id": "Q007398.l03790",
                  "ref": "Q007398.1.17",
                  "inst": "ni[aura]N",
                  "sig": "@ribo/babylon0%sux:ni₂=ni[fear//aura]N'N$ni/ni₂#~",
                  "f": {
                    "lang": "sux",
                    "form": "ni₂",
                    "delim": "",
                    "gdl": [
                      {
                        "v": "ni₂",
                        "gdl_utf8": "𒉎",
                        "id": "Q007398.1.17.0"
                      }
                    ],
                    "cf": "ni",
                    "gw": "fear",
                    "sense": "aura",
                    "norm0": "ni",
                    "pos": "N",
                    "epos": "N",
                    "base": "ni₂",
                    "morph": "~"
                  }
                },
                {
                  "node": "l",
                  "frag": "gal-a-ni",
                  "id": "Q007398.l03791",
                  "ref": "Q007398.1.18",
                  "inst": "gal[(to be) big, great]V/i",
                  "sig": "@ribo/babylon0%sux:gal-a-ni=gal[big//(to be) big, great]V/i'V/i$gal;a,ani/gal#~;a,ani",
                  "f": {
                    "lang": "sux",
                    "form": "gal-a-ni",
                    "delim": "",
                    "gdl": [
                      {
                        "v": "gal",
                        "gdl_utf8": "𒃲",
                        "id": "Q007398.1.18.0",
                        "delim": "-"
                      },
                      {
                        "v": "a",
                        "gdl_utf8": "𒀀",
                        "id": "Q007398.1.18.1",
                        "delim": "-"
                      },
                      {
                        "v": "ni",
                        "gdl_utf8": "𒉌",
                        "id": "Q007398.1.18.2"
                      }
                    ],
                    "cf": "gal",
                    "gw": "big",
                    "sense": "(to be) big, great",
                    "norm0": "gal;a,ani",
                    "pos": "V/i",
                    "epos": "V/i",
                    "base": "gal",
                    "morph": "~;a,ani"
                  }
                },
                {
                  "node": "l",
                  "frag": "[...]",
                  "id": "Q007398.l03792",
                  "ref": "Q007398.1.19",
                  "inst": "u",
                  "f": {
                    "lang": "sux",
                    "form": "x",
                    "delim": "",
                    "gdl": [
                      {
                        "x": "ellipsis",
                        "id": "Q007398.1.19.0",
                        "breakStart": "1",
                        "break": "missing",
                        "o": "]",
                        "breakEnd": "Q007398.1.19.0"
                      }
                    ],
                    "pos": "u"
                  }
                },
                {
                  "node": "l",
                  "frag": "bi₂-[...]",
                  "id": "Q007398.l03793",
                  "ref": "Q007398.1.20",
                  "inst": "u",
                  "f": {
                    "lang": "sux",
                    "form": "bi₂-x",
                    "gdl": [
                      {
                        "v": "bi₂",
                        "gdl_utf8": "𒉈",
                        "id": "Q007398.1.20.0",
                        "delim": "-"
                      },
                      {
                        "x": "ellipsis",
                        "id": "Q007398.1.20.1",
                        "breakStart": "1",
                        "break": "missing",
                        "o": "]",
                        "breakEnd": "Q007398.1.20.1"
                      }
                    ],
                    "pos": "u"
                  }
                }
              ]
            }
          ]
        }
      ]
    },
    {
      "linkbase": [
        {
          "type": "linkset",
          "xlink_title": "šag de[decide//to decide]V/t'V/t",
          "id": "Q007398.ls00000",
          "xlink_type": "extended",
          "xlink_role": "psu",
          "sig": "{ša₃-ga-ne₂ nam-mu-un-tum₂ = šag[heart]N tum[bring]V/t += šag de[decide//to decide]V/t'V/t}::@ribo/babylon0%sux:ša₃-ga-ne₂=šag[heart//heart]N'N$šag,ani.e/ša₃-g·a#~,ani.e++@ribo/babylon0%sux:nam-mu-un-tum₂=tum[bring//to bring]V/t'V/t$na.Vmma.n:tum/tum₂#na.Vmma.n:~",
          "links": [
            {
              "type": "link",
              "xlink_title": "šag",
              "xlink_type": "locator",
              "xlink_href": "#Q007398.l0378c",
              "xlink_role": "elt"
            },
            {
              "type": "link",
              "xlink_title": "tum",
              "xlink_type": "locator",
              "xlink_href": "#Q007398.l0378d",
              "xlink_role": "elt"
            }
          ]
        }
      ]
    }
  ]
}
