{
  "type": "cdl",
  "project": "dcclt",
  "source": "http://oracc.org/dcclt",
  "license": "This data is released under the CC0 license",
  "license-url": "https://creativecommons.org/publicdomain/zero/1.0/",
  "more-info": "http://oracc.org/doc/opendata/",
  "UTC-timestamp": "2019-01-29T00:07:56",
  "textid": "P000197",
  "cdl": [
    {
      "node": "c",
      "type": "text",
      "id": "P000197.U0",
      "cdl": [
        {
          "node": "d",
          "type": "object",
          "ref": ""
        },
        {
          "node": "d",
          "subtype": "obverse",
          "type": "obverse",
          "ref": "P000197.o.1",
          "label": "o"
        },
        {
          "node": "d",
          "subtype": "column 1o",
          "type": "column",
          "ref": "P000197.o.i.2",
          "n": "1",
          "label": "o i"
        },
        {
          "node": "c",
          "type": "discourse",
          "subtype": "body",
          "id": "P000197.U1",
          "cdl": [
            {
              "node": "c",
              "type": "sentence",
              "implicit": "yes",
              "id": "P000197.U2",
              "label": "o i 1",
              "cdl": [
                {
                  "node": "d",
                  "type": "line-start",
                  "ref": "P000197.3",
                  "n": "1",
                  "label": "o i 1"
                },
                {
                  "node": "d",
                  "type": "field-start",
                  "subtype": "wp"
                },
                {
                  "node": "l",
                  "frag": "1(N01)",
                  "id": "P000197.l037ef",
                  "ref": "P000197.3.1",
                  "inst": "%qpc:1(N01)=",
                  "f": {
                    "lang": "qpc",
                    "form": "1(N01)",
                    "gdl": [
                      {
                        "n": "n",
                        "form": "1(N01)",
                        "id": "P000197.3.1.0",
                        "seq": [
                          {
                            "r": "1"
                          },
                          {
                            "s": "N01"
                          }
                        ]
                      }
                    ]
                  }
                },
                {
                  "node": "d",
                  "type": "field-end",
                  "subtype": "wp"
                },
                {
                  "node": "d",
                  "type": "field-start",
                  "subtype": "wp"
                },
                {
                  "node": "l",
                  "frag": "[...]",
                  "id": "P000197.l037f0",
                  "ref": "P000197.3.2",
                  "inst": "%qpc:x=",
                  "f": {
                    "lang": "qpc",
                    "form": "x",
                    "delim": "",
                    "gdl": [
                      {
                        "x": "ellipsis",
                        "id": "P000197.3.2.0",
                        "breakStart": "1",
                        "break": "missing",
                        "o": "]",
                        "breakEnd": "P000197.3.2.0"
                      }
                    ]
                  }
                },
                {
                  "node": "l",
                  "frag": "DA~a",
                  "id": "P000197.l037f1",
                  "ref": "P000197.3.3",
                  "inst": "%qpc:DA=",
                  "f": {
                    "lang": "qpc",
                    "form": "DA",
                    "delim": "",
                    "gdl": [
                      {
                        "form": "DA~a",
                        "id": "P000197.3.3.0",
                        "mods": [
                          {
                            "b": "DA"
                          },
                          {
                            "a": "a"
                          }
                        ]
                      }
                    ]
                  }
                },
                {
                  "node": "l",
                  "frag": "X",
                  "id": "P000197.l037f2",
                  "ref": "P000197.3.4",
                  "inst": "%qpc:X=",
                  "f": {
                    "lang": "qpc",
                    "form": "X",
                    "delim": "",
                    "gdl": [
                      {
                        "s": "X",
                        "id": "P000197.3.4.0"
                      }
                    ]
                  }
                },
                {
                  "node": "l",
                  "frag": "ME~a",
                  "id": "P000197.l037f3",
                  "ref": "P000197.3.5",
                  "inst": "%qpc:ME=",
                  "f": {
                    "lang": "qpc",
                    "form": "ME",
                    "delim": "",
                    "gdl": [
                      {
                        "form": "ME~a",
                        "id": "P000197.3.5.0",
                        "mods": [
                          {
                            "b": "ME"
                          },
                          {
                            "a": "a"
                          }
                        ]
                      }
                    ]
                  }
                },
                {
                  "node": "l",
                  "frag": "NA~a",
                  "id": "P000197.l037f4",
                  "ref": "P000197.3.6",
                  "inst": "%qpc:NA=",
                  "f": {
                    "lang": "qpc",
                    "form": "NA",
                    "delim": "",
                    "gdl": [
                      {
                        "form": "NA~a",
                        "id": "P000197.3.6.0",
                        "mods": [
                          {
                            "b": "NA"
                          },
                          {
                            "a": "a"
                          }
                        ]
                      }
                    ]
                  }
                },
                {
                  "node": "l",
                  "frag": "NIR~b",
                  "id": "P000197.l037f5",
                  "ref": "P000197.3.7",
                  "inst": "%qpc:NIR=",
                  "f": {
                    "lang": "qpc",
                    "form": "NIR",
                    "delim": "",
                    "gdl": [
                      {
                        "form": "NIR~b",
                        "id": "P000197.3.7.0",
                        "mods": [
                          {
                            "b": "NIR"
                          },
                          {
                            "a": "b"
                          }
                        ]
                      }
                    ]
                  }
                },
                {
                  "node": "l",
                  "frag": "A",
                  "id": "P000197.l037f6",
                  "ref": "P000197.3.8",
                  "inst": "%qpc:A=",
                  "f": {
                    "lang": "qpc",
                    "form": "A",
                    "delim": "",
                    "gdl": [
                      {
                        "s": "A",
                        "id": "P000197.3.8.0"
                      }
                    ]
                  }
                },
                {
                  "node": "l",
                  "frag": "ZATU680~b",
                  "id": "P000197.l037f7",
                  "ref": "P000197.3.9",
                  "inst": "%qpc:ZATU680=",
                  "f": {
                    "lang": "qpc",
                    "form": "ZATU680",
                    "gdl": [
                      {
                        "form": "ZATU680~b",
                        "id": "P000197.3.9.0",
                        "mods": [
                          {
                            "b": "ZATU680"
                          },
                          {
                            "a": "b"
                          }
                        ]
                      }
                    ]
                  }
                },
                {
                  "node": "d",
                  "type": "field-end",
                  "subtype": "wp"
                },
                {
                  "node": "d",
                  "subtype": "reverse",
                  "type": "reverse",
                  "ref": "P000197.r.4",
                  "label": "r"
                },
                {
                  "node": "d",
                  "subtype": "column 1r",
                  "type": "column",
                  "ref": "P000197.r.i.5",
                  "n": "1",
                  "label": "r i"
                }
              ]
            },
            {
              "node": "c",
              "type": "sentence",
              "implicit": "yes",
              "tag": "#auto",
              "id": "P000197.U4",
              "label": "r i 1",
              "cdl": [
                {
                  "node": "d",
                  "type": "line-start",
                  "ref": "P000197.6",
                  "n": "1",
                  "label": "r i 1"
                },
                {
                  "node": "d",
                  "type": "field-start",
                  "subtype": "wp"
                },
                {
                  "node": "l",
                  "frag": "1(N01)",
                  "id": "P000197.l037f8",
                  "ref": "P000197.6.1",
                  "inst": "%qpc:1(N01)=",
                  "f": {
                    "lang": "qpc",
                    "form": "1(N01)",
                    "gdl": [
                      {
                        "n": "n",
                        "form": "1(N01)",
                        "id": "P000197.6.1.0",
                        "seq": [
                          {
                            "r": "1"
                          },
                          {
                            "s": "N01"
                          }
                        ]
                      }
                    ]
                  }
                },
                {
                  "node": "d",
                  "type": "field-end",
                  "subtype": "wp"
                },
                {
                  "node": "d",
                  "type": "field-start",
                  "subtype": "wp"
                },
                {
                  "node": "l",
                  "frag": "[...]",
                  "id": "P000197.l037f9",
                  "ref": "P000197.6.2",
                  "inst": "%qpc:x=",
                  "f": {
                    "lang": "qpc",
                    "form": "x",
                    "delim": "",
                    "gdl": [
                      {
                        "x": "ellipsis",
                        "id": "P000197.6.2.0",
                        "breakStart": "1",
                        "break": "missing",
                        "o": "]",
                        "breakEnd": "P000197.6.2.0"
                      }
                    ]
                  }
                },
                {
                  "node": "l",
                  "frag": "DA~a",
                  "id": "P000197.l037fa",
                  "ref": "P000197.6.3",
                  "inst": "%qpc:DA=",
                  "f": {
                    "lang": "qpc",
                    "form": "DA",
                    "delim": "",
                    "gdl": [
                      {
                        "form": "DA~a",
                        "id": "P000197.6.3.0",
                        "mods": [
                          {
                            "b": "DA"
                          },
                          {
                            "a": "a"
                          }
                        ]
                      }
                    ]
                  }
                },
                {
                  "node": "l",
                  "frag": "X",
                  "id": "P000197.l037fb",
                  "ref": "P000197.6.4",
                  "inst": "%qpc:X=",
                  "f": {
                    "lang": "qpc",
                    "form": "X",
                    "delim": "",
                    "gdl": [
                      {
                        "s": "X",
                        "id": "P000197.6.4.0"
                      }
                    ]
                  }
                },
                {
                  "node": "l",
                  "frag": "ME~a",
                  "id": "P000197.l037fc",
                  "ref": "P000197.6.5",
                  "inst": "%qpc:ME=",
                  "f": {
                    "lang": "qpc",
                    "form": "ME",
                    "delim": "",
                    "gdl": [
                      {
                        "form": "ME~a",
                        "id": "P000197.6.5.0",
                        "mods": [
                          {
                            "b": "ME"
                          },
                          {
                            "a": "a"
                          }
                        ]
                      }
                    ]
                  }
                },
                {
                  "node": "l",
                  "frag": "NA~a",
                  "id": "P000197.l037fd",
                  "ref": "P000197.6.6",
                  "inst": "%qpc:NA=",
                  "f": {
                    "lang": "qpc",
                    "form": "NA",
                    "delim": "",
                    "gdl": [
                      {
                        "form": "NA~a",
                        "id": "P000197.6.6.0",
                        "mods": [
                          {
                            "b": "NA"
                          },
                          {
                            "a": "a"
                          }
                        ]
                      }
                    ]
                  }
                },
                {
                  "node": "l",
                  "frag": "NIR~b",
                  "id": "P000197.l037fe",
                  "ref": "P000197.6.7",
                  "inst": "%qpc:NIR=",
                  "f": {
                    "lang": "qpc",
                    "form": "NIR",
                    "delim": "",
                    "gdl": [
                      {
                        "form": "NIR~b",
                        "id": "P000197.6.7.0",
                        "mods": [
                          {
                            "b": "NIR"
                          },
                          {
                            "a": "b"
                          }
                        ]
                      }
                    ]
                  }
                },
                {
                  "node": "l",
                  "frag": "A",
                  "id": "P000197.l037ff",
                  "ref": "P000197.6.8",
                  "inst": "%qpc:A=",
                  "f": {
                    "lang": "qpc",
                    "form": "A",
                    "delim": "",
                    "gdl": [
                      {
                        "s": "A",
                        "id": "P000197.6.8.0"
                      }
                    ]
                  }
                },
                {
                  "node": "l",
                  "frag": "ZATU680~b",
                  "id": "P000197.l03800",
                  "ref": "P000197.6.9",
                  "inst": "%qpc:ZATU680=",
                  "f": {
                    "lang": "qpc",
                    "form": "ZATU680",
                    "gdl": [
                      {
                        "form": "ZATU680~b",
                        "id": "P000197.6.9.0",
                        "mods": [
                          {
                            "b": "ZATU680"
                          },
                          {
                            "a": "b"
                          }
                        ]
                      }
                    ]
                  }
                },
                {
                  "node": "d",
                  "type": "field-end",
                  "subtype": "wp"
                }
              ]
            }
          ]
        }
      ]
    }
  ]
}
