{
  "type": "cdl",
  "project": "dcclt",
  "source": "http://oracc.org/dcclt",
  "license": "This data is released under the CC0 license",
  "license-url": "https://creativecommons.org/publicdomain/zero/1.0/",
  "more-info": "http://oracc.org/doc/opendata/",
  "UTC-timestamp": "2019-01-29T00:08:21",
  "textid": "P000382",
  "cdl": [
    {
      "node": "c",
      "type": "text",
      "id": "P000382.U0",
      "cdl": [
        {
          "node": "d",
          "type": "object",
          "ref": ""
        },
        {
          "node": "d",
          "subtype": "obverse",
          "type": "obverse",
          "ref": "P000382.o.1",
          "label": "o"
        },
        {
          "node": "d",
          "subtype": "column 1o",
          "type": "column",
          "ref": "P000382.o.i.2",
          "n": "1",
          "label": "o i"
        },
        {
          "node": "c",
          "type": "discourse",
          "subtype": "body",
          "id": "P000382.U1",
          "cdl": [
            {
              "node": "c",
              "type": "sentence",
              "implicit": "yes",
              "id": "P000382.U2",
              "label": "o i 1",
              "cdl": [
                {
                  "node": "d",
                  "type": "line-start",
                  "ref": "P000382.3",
                  "n": "1",
                  "label": "o i 1"
                },
                {
                  "node": "d",
                  "type": "field-start",
                  "subtype": "wp"
                },
                {
                  "node": "l",
                  "frag": "1(N01)",
                  "id": "P000382.l02df6",
                  "ref": "P000382.3.1",
                  "inst": "%qpc:1(N01)=",
                  "f": {
                    "lang": "qpc",
                    "form": "1(N01)",
                    "gdl": [
                      {
                        "n": "n",
                        "form": "1(N01)",
                        "id": "P000382.3.1.0",
                        "seq": [
                          {
                            "r": "1"
                          },
                          {
                            "s": "N01"
                          }
                        ]
                      }
                    ]
                  }
                },
                {
                  "node": "d",
                  "type": "field-end",
                  "subtype": "wp"
                },
                {
                  "node": "d",
                  "type": "field-start",
                  "subtype": "wp"
                },
                {
                  "node": "l",
                  "frag": "[...]",
                  "id": "P000382.l02df7",
                  "ref": "P000382.3.2",
                  "inst": "%qpc:x=",
                  "f": {
                    "lang": "qpc",
                    "form": "x",
                    "delim": "",
                    "gdl": [
                      {
                        "x": "ellipsis",
                        "id": "P000382.3.2.0",
                        "breakStart": "1",
                        "break": "missing",
                        "o": "]",
                        "breakEnd": "P000382.3.2.0"
                      }
                    ]
                  }
                },
                {
                  "node": "l",
                  "frag": "X",
                  "id": "P000382.l02df8",
                  "ref": "P000382.3.3",
                  "inst": "%qpc:X=",
                  "f": {
                    "lang": "qpc",
                    "form": "X",
                    "gdl": [
                      {
                        "s": "X",
                        "id": "P000382.3.3.0"
                      }
                    ]
                  }
                },
                {
                  "node": "d",
                  "type": "field-end",
                  "subtype": "wp"
                },
                {
                  "node": "d",
                  "subtype": "column 2o",
                  "type": "column",
                  "ref": "P000382.o.ii.4",
                  "n": "2",
                  "label": "o ii"
                }
              ]
            },
            {
              "node": "c",
              "type": "sentence",
              "implicit": "yes",
              "tag": "#auto",
              "id": "P000382.U4",
              "label": "o ii 1",
              "cdl": [
                {
                  "node": "d",
                  "type": "line-start",
                  "ref": "P000382.5",
                  "n": "1",
                  "label": "o ii 1"
                },
                {
                  "node": "d",
                  "type": "field-start",
                  "subtype": "wp"
                },
                {
                  "node": "l",
                  "frag": "1(N01)",
                  "id": "P000382.l02df9",
                  "ref": "P000382.5.1",
                  "inst": "%qpc:1(N01)=",
                  "f": {
                    "lang": "qpc",
                    "form": "1(N01)",
                    "gdl": [
                      {
                        "n": "n",
                        "form": "1(N01)",
                        "id": "P000382.5.1.0",
                        "seq": [
                          {
                            "r": "1"
                          },
                          {
                            "s": "N01"
                          }
                        ]
                      }
                    ]
                  }
                },
                {
                  "node": "d",
                  "type": "field-end",
                  "subtype": "wp"
                },
                {
                  "node": "d",
                  "type": "field-start",
                  "subtype": "wp"
                },
                {
                  "node": "l",
                  "frag": "⸢NAGAR~b⸣",
                  "id": "P000382.l02dfa",
                  "ref": "P000382.5.2",
                  "inst": "%qpc:NAGAR=",
                  "f": {
                    "lang": "qpc",
                    "form": "NAGAR",
                    "delim": "",
                    "gdl": [
                      {
                        "form": "NAGAR~b",
                        "id": "P000382.5.2.0",
                        "break": "damaged",
                        "ho": "1",
                        "hc": "1",
                        "mods": [
                          {
                            "b": "NAGAR"
                          },
                          {
                            "a": "b"
                          }
                        ]
                      }
                    ]
                  }
                },
                {
                  "node": "l",
                  "frag": "AN",
                  "id": "P000382.l02dfb",
                  "ref": "P000382.5.3",
                  "inst": "%qpc:AN=",
                  "f": {
                    "lang": "qpc",
                    "form": "AN",
                    "gdl": [
                      {
                        "s": "AN",
                        "id": "P000382.5.3.0"
                      }
                    ]
                  }
                },
                {
                  "node": "d",
                  "type": "field-end",
                  "subtype": "wp"
                }
              ]
            },
            {
              "node": "c",
              "type": "sentence",
              "implicit": "yes",
              "tag": "#auto",
              "id": "P000382.U6",
              "label": "o ii 2",
              "cdl": [
                {
                  "node": "d",
                  "type": "line-start",
                  "ref": "P000382.6",
                  "n": "2",
                  "label": "o ii 2"
                },
                {
                  "node": "d",
                  "type": "field-start",
                  "subtype": "wp"
                },
                {
                  "node": "l",
                  "frag": "1(N01)",
                  "id": "P000382.l02dfc",
                  "ref": "P000382.6.1",
                  "inst": "%qpc:1(N01)=",
                  "f": {
                    "lang": "qpc",
                    "form": "1(N01)",
                    "gdl": [
                      {
                        "n": "n",
                        "form": "1(N01)",
                        "id": "P000382.6.1.0",
                        "seq": [
                          {
                            "r": "1"
                          },
                          {
                            "s": "N01"
                          }
                        ]
                      }
                    ]
                  }
                },
                {
                  "node": "d",
                  "type": "field-end",
                  "subtype": "wp"
                },
                {
                  "node": "d",
                  "type": "field-start",
                  "subtype": "wp"
                },
                {
                  "node": "l",
                  "frag": "⸢NAGAR~b",
                  "id": "P000382.l02dfd",
                  "ref": "P000382.6.2",
                  "inst": "%qpc:NAGAR=",
                  "f": {
                    "lang": "qpc",
                    "form": "NAGAR",
                    "delim": "",
                    "gdl": [
                      {
                        "form": "NAGAR~b",
                        "id": "P000382.6.2.0",
                        "break": "damaged",
                        "ho": "1",
                        "mods": [
                          {
                            "b": "NAGAR"
                          },
                          {
                            "a": "b"
                          }
                        ]
                      }
                    ]
                  }
                },
                {
                  "node": "l",
                  "frag": "ŠITA~a1⸣",
                  "id": "P000382.l02dfe",
                  "ref": "P000382.6.3",
                  "inst": "%qpc:ŠITA=",
                  "f": {
                    "lang": "qpc",
                    "form": "ŠITA",
                    "gdl": [
                      {
                        "form": "ŠITA~a1",
                        "id": "P000382.6.3.0",
                        "break": "damaged",
                        "hc": "1",
                        "mods": [
                          {
                            "b": "ŠITA"
                          },
                          {
                            "a": "a1"
                          }
                        ]
                      }
                    ]
                  }
                },
                {
                  "node": "d",
                  "type": "field-end",
                  "subtype": "wp"
                }
              ]
            },
            {
              "node": "c",
              "type": "sentence",
              "implicit": "yes",
              "tag": "#auto",
              "id": "P000382.U8",
              "label": "o ii 3",
              "cdl": [
                {
                  "node": "d",
                  "type": "line-start",
                  "ref": "P000382.7",
                  "n": "3",
                  "label": "o ii 3"
                },
                {
                  "node": "d",
                  "type": "field-start",
                  "subtype": "wp"
                },
                {
                  "node": "l",
                  "frag": "1(N01)",
                  "id": "P000382.l02dff",
                  "ref": "P000382.7.1",
                  "inst": "%qpc:1(N01)=",
                  "f": {
                    "lang": "qpc",
                    "form": "1(N01)",
                    "gdl": [
                      {
                        "n": "n",
                        "form": "1(N01)",
                        "id": "P000382.7.1.0",
                        "seq": [
                          {
                            "r": "1"
                          },
                          {
                            "s": "N01"
                          }
                        ]
                      }
                    ]
                  }
                },
                {
                  "node": "d",
                  "type": "field-end",
                  "subtype": "wp"
                },
                {
                  "node": "d",
                  "type": "field-start",
                  "subtype": "wp"
                },
                {
                  "node": "l",
                  "frag": "⸢NAGAR~b",
                  "id": "P000382.l02e00",
                  "ref": "P000382.7.2",
                  "inst": "%qpc:NAGAR=",
                  "f": {
                    "lang": "qpc",
                    "form": "NAGAR",
                    "delim": "",
                    "gdl": [
                      {
                        "form": "NAGAR~b",
                        "id": "P000382.7.2.0",
                        "break": "damaged",
                        "ho": "1",
                        "mods": [
                          {
                            "b": "NAGAR"
                          },
                          {
                            "a": "b"
                          }
                        ]
                      }
                    ]
                  }
                },
                {
                  "node": "l",
                  "frag": "AN",
                  "id": "P000382.l02e01",
                  "ref": "P000382.7.3",
                  "inst": "%qpc:AN=",
                  "f": {
                    "lang": "qpc",
                    "form": "AN",
                    "delim": "",
                    "gdl": [
                      {
                        "s": "AN",
                        "id": "P000382.7.3.0",
                        "break": "damaged"
                      }
                    ]
                  }
                },
                {
                  "node": "l",
                  "frag": "ŠITA~a1⸣",
                  "id": "P000382.l02e02",
                  "ref": "P000382.7.4",
                  "inst": "%qpc:ŠITA=",
                  "f": {
                    "lang": "qpc",
                    "form": "ŠITA",
                    "gdl": [
                      {
                        "form": "ŠITA~a1",
                        "id": "P000382.7.4.0",
                        "break": "damaged",
                        "hc": "1",
                        "mods": [
                          {
                            "b": "ŠITA"
                          },
                          {
                            "a": "a1"
                          }
                        ]
                      }
                    ]
                  }
                },
                {
                  "node": "d",
                  "type": "field-end",
                  "subtype": "wp"
                }
              ]
            }
          ]
        }
      ]
    }
  ]
}
