{
  "type": "cdl",
  "project": "dcclt",
  "source": "http://oracc.org/dcclt",
  "license": "This data is released under the CC0 license",
  "license-url": "https://creativecommons.org/publicdomain/zero/1.0/",
  "more-info": "http://oracc.org/doc/opendata/",
  "UTC-timestamp": "2019-01-29T00:08:05",
  "textid": "P000261",
  "cdl": [
    {
      "node": "c",
      "type": "text",
      "id": "P000261.U0",
      "cdl": [
        {
          "node": "d",
          "type": "object",
          "ref": ""
        },
        {
          "node": "d",
          "subtype": "obverse",
          "type": "obverse",
          "ref": "P000261.o.1",
          "label": "o"
        },
        {
          "node": "d",
          "subtype": "column 1o",
          "type": "column",
          "ref": "P000261.o.i.2",
          "n": "1",
          "label": "o i"
        },
        {
          "node": "c",
          "type": "discourse",
          "subtype": "body",
          "id": "P000261.U1",
          "cdl": [
            {
              "node": "c",
              "type": "sentence",
              "implicit": "yes",
              "id": "P000261.U2",
              "label": "o i 1",
              "cdl": [
                {
                  "node": "d",
                  "type": "line-start",
                  "ref": "P000261.3",
                  "n": "1",
                  "label": "o i 1"
                },
                {
                  "node": "d",
                  "type": "field-start",
                  "subtype": "wp"
                },
                {
                  "node": "l",
                  "frag": "1(N01)",
                  "id": "P000261.l022f7",
                  "ref": "P000261.3.1",
                  "inst": "%qpc:1(N01)=",
                  "f": {
                    "lang": "qpc",
                    "form": "1(N01)",
                    "gdl": [
                      {
                        "n": "n",
                        "form": "1(N01)",
                        "id": "P000261.3.1.0",
                        "seq": [
                          {
                            "r": "1"
                          },
                          {
                            "s": "N01"
                          }
                        ]
                      }
                    ]
                  }
                },
                {
                  "node": "d",
                  "type": "field-end",
                  "subtype": "wp"
                },
                {
                  "node": "d",
                  "type": "field-start",
                  "subtype": "wp"
                },
                {
                  "node": "l",
                  "frag": "|GIŠ×ŠU₂~a|",
                  "id": "P000261.l022f8",
                  "ref": "P000261.3.2",
                  "inst": "%qpc:|GIŠ×ŠU₂|=",
                  "f": {
                    "lang": "qpc",
                    "form": "|GIŠ×ŠU₂|",
                    "delim": "",
                    "gdl": [
                      {
                        "c": "|GIŠ×ŠU₂~a|",
                        "id": "P000261.3.2.0",
                        "break": "damaged",
                        "ho": "1",
                        "hc": "1",
                        "seq": [
                          {
                            "s": "GIŠ"
                          },
                          {
                            "o": "containing"
                          },
                          {
                            "form": "ŠU₂~a",
                            "mods": [
                              {
                                "b": "ŠU₂"
                              },
                              {
                                "a": "a"
                              }
                            ]
                          }
                        ]
                      }
                    ]
                  }
                },
                {
                  "node": "l",
                  "frag": "|ŠE~a&ŠE~a|",
                  "id": "P000261.l022f9",
                  "ref": "P000261.3.3",
                  "inst": "%qpc:|ŠE&ŠE|=",
                  "f": {
                    "lang": "qpc",
                    "form": "|ŠE&ŠE|",
                    "gdl": [
                      {
                        "c": "|ŠE~a&ŠE~a|",
                        "id": "P000261.3.3.0",
                        "seq": [
                          {
                            "form": "ŠE~a",
                            "mods": [
                              {
                                "b": "ŠE"
                              },
                              {
                                "a": "a"
                              }
                            ]
                          },
                          {
                            "o": "above"
                          },
                          {
                            "form": "ŠE~a",
                            "mods": [
                              {
                                "b": "ŠE"
                              },
                              {
                                "a": "a"
                              }
                            ]
                          }
                        ]
                      }
                    ]
                  }
                },
                {
                  "node": "d",
                  "type": "field-end",
                  "subtype": "wp"
                }
              ]
            },
            {
              "node": "c",
              "type": "sentence",
              "implicit": "yes",
              "tag": "#auto",
              "id": "P000261.U4",
              "label": "o i 2",
              "cdl": [
                {
                  "node": "d",
                  "type": "line-start",
                  "ref": "P000261.4",
                  "n": "2",
                  "label": "o i 2"
                },
                {
                  "node": "d",
                  "type": "field-start",
                  "subtype": "wp"
                },
                {
                  "node": "l",
                  "frag": "1(N01)",
                  "id": "P000261.l022fa",
                  "ref": "P000261.4.1",
                  "inst": "%qpc:1(N01)=",
                  "f": {
                    "lang": "qpc",
                    "form": "1(N01)",
                    "gdl": [
                      {
                        "n": "n",
                        "form": "1(N01)",
                        "id": "P000261.4.1.0",
                        "seq": [
                          {
                            "r": "1"
                          },
                          {
                            "s": "N01"
                          }
                        ]
                      }
                    ]
                  }
                },
                {
                  "node": "d",
                  "type": "field-end",
                  "subtype": "wp"
                },
                {
                  "node": "d",
                  "type": "field-start",
                  "subtype": "wp"
                },
                {
                  "node": "l",
                  "frag": "ZI~a",
                  "id": "P000261.l022fb",
                  "ref": "P000261.4.2",
                  "inst": "%qpc:ZI=",
                  "f": {
                    "lang": "qpc",
                    "form": "ZI",
                    "delim": "",
                    "gdl": [
                      {
                        "form": "ZI~a",
                        "id": "P000261.4.2.0",
                        "mods": [
                          {
                            "b": "ZI"
                          },
                          {
                            "a": "a"
                          }
                        ]
                      }
                    ]
                  }
                },
                {
                  "node": "l",
                  "frag": "|GIŠ×ŠU₂~a|",
                  "id": "P000261.l022fc",
                  "ref": "P000261.4.3",
                  "inst": "%qpc:|GIŠ×ŠU₂|=",
                  "f": {
                    "lang": "qpc",
                    "form": "|GIŠ×ŠU₂|",
                    "delim": "",
                    "gdl": [
                      {
                        "c": "|GIŠ×ŠU₂~a|",
                        "id": "P000261.4.3.0",
                        "seq": [
                          {
                            "s": "GIŠ"
                          },
                          {
                            "o": "containing"
                          },
                          {
                            "form": "ŠU₂~a",
                            "mods": [
                              {
                                "b": "ŠU₂"
                              },
                              {
                                "a": "a"
                              }
                            ]
                          }
                        ]
                      }
                    ]
                  }
                },
                {
                  "node": "l",
                  "frag": "|ŠE~a&ŠE~a|",
                  "id": "P000261.l022fd",
                  "ref": "P000261.4.4",
                  "inst": "%qpc:|ŠE&ŠE|=",
                  "f": {
                    "lang": "qpc",
                    "form": "|ŠE&ŠE|",
                    "gdl": [
                      {
                        "c": "|ŠE~a&ŠE~a|",
                        "id": "P000261.4.4.0",
                        "seq": [
                          {
                            "form": "ŠE~a",
                            "mods": [
                              {
                                "b": "ŠE"
                              },
                              {
                                "a": "a"
                              }
                            ]
                          },
                          {
                            "o": "above"
                          },
                          {
                            "form": "ŠE~a",
                            "mods": [
                              {
                                "b": "ŠE"
                              },
                              {
                                "a": "a"
                              }
                            ]
                          }
                        ]
                      }
                    ]
                  }
                },
                {
                  "node": "d",
                  "type": "field-end",
                  "subtype": "wp"
                }
              ]
            },
            {
              "node": "c",
              "type": "sentence",
              "implicit": "yes",
              "tag": "#auto",
              "id": "P000261.U6",
              "label": "o i 3",
              "cdl": [
                {
                  "node": "d",
                  "type": "line-start",
                  "ref": "P000261.5",
                  "n": "3",
                  "label": "o i 3"
                },
                {
                  "node": "d",
                  "type": "field-start",
                  "subtype": "wp"
                },
                {
                  "node": "l",
                  "frag": "1(N01)",
                  "id": "P000261.l022fe",
                  "ref": "P000261.5.1",
                  "inst": "%qpc:1(N01)=",
                  "f": {
                    "lang": "qpc",
                    "form": "1(N01)",
                    "gdl": [
                      {
                        "n": "n",
                        "form": "1(N01)",
                        "id": "P000261.5.1.0",
                        "seq": [
                          {
                            "r": "1"
                          },
                          {
                            "s": "N01"
                          }
                        ]
                      }
                    ]
                  }
                },
                {
                  "node": "d",
                  "type": "field-end",
                  "subtype": "wp"
                },
                {
                  "node": "d",
                  "type": "field-start",
                  "subtype": "wp"
                },
                {
                  "node": "l",
                  "frag": "NI~a",
                  "id": "P000261.l022ff",
                  "ref": "P000261.5.2",
                  "inst": "%qpc:NI=",
                  "f": {
                    "lang": "qpc",
                    "form": "NI",
                    "delim": "",
                    "gdl": [
                      {
                        "form": "NI~a",
                        "id": "P000261.5.2.0",
                        "mods": [
                          {
                            "b": "NI"
                          },
                          {
                            "a": "a"
                          }
                        ]
                      }
                    ]
                  }
                },
                {
                  "node": "l",
                  "frag": "ME~a",
                  "id": "P000261.l02300",
                  "ref": "P000261.5.3",
                  "inst": "%qpc:ME=",
                  "f": {
                    "lang": "qpc",
                    "form": "ME",
                    "gdl": [
                      {
                        "form": "ME~a",
                        "id": "P000261.5.3.0",
                        "mods": [
                          {
                            "b": "ME"
                          },
                          {
                            "a": "a"
                          }
                        ]
                      }
                    ]
                  }
                },
                {
                  "node": "d",
                  "type": "field-end",
                  "subtype": "wp"
                }
              ]
            },
            {
              "node": "c",
              "type": "sentence",
              "implicit": "yes",
              "tag": "#auto",
              "id": "P000261.U8",
              "label": "o i 4",
              "cdl": [
                {
                  "node": "d",
                  "type": "line-start",
                  "ref": "P000261.6",
                  "n": "4",
                  "label": "o i 4"
                },
                {
                  "node": "d",
                  "type": "field-start",
                  "subtype": "wp"
                },
                {
                  "node": "l",
                  "frag": "1(N01)",
                  "id": "P000261.l02301",
                  "ref": "P000261.6.1",
                  "inst": "%qpc:1(N01)=",
                  "f": {
                    "lang": "qpc",
                    "form": "1(N01)",
                    "gdl": [
                      {
                        "n": "n",
                        "form": "1(N01)",
                        "id": "P000261.6.1.0",
                        "seq": [
                          {
                            "r": "1"
                          },
                          {
                            "s": "N01"
                          }
                        ]
                      }
                    ]
                  }
                },
                {
                  "node": "d",
                  "type": "field-end",
                  "subtype": "wp"
                },
                {
                  "node": "d",
                  "type": "field-start",
                  "subtype": "wp"
                },
                {
                  "node": "l",
                  "frag": "DA~a",
                  "id": "P000261.l02302",
                  "ref": "P000261.6.2",
                  "inst": "%qpc:DA=",
                  "f": {
                    "lang": "qpc",
                    "form": "DA",
                    "delim": "",
                    "gdl": [
                      {
                        "form": "DA~a",
                        "id": "P000261.6.2.0",
                        "mods": [
                          {
                            "b": "DA"
                          },
                          {
                            "a": "a"
                          }
                        ]
                      }
                    ]
                  }
                },
                {
                  "node": "l",
                  "frag": "MUŠEN",
                  "id": "P000261.l02303",
                  "ref": "P000261.6.3",
                  "inst": "%qpc:MUŠEN=",
                  "f": {
                    "lang": "qpc",
                    "form": "MUŠEN",
                    "gdl": [
                      {
                        "s": "MUŠEN",
                        "id": "P000261.6.3.0"
                      }
                    ]
                  }
                },
                {
                  "node": "d",
                  "type": "field-end",
                  "subtype": "wp"
                }
              ]
            },
            {
              "node": "c",
              "type": "sentence",
              "implicit": "yes",
              "tag": "#auto",
              "id": "P000261.U10",
              "label": "o i 5",
              "cdl": [
                {
                  "node": "d",
                  "type": "line-start",
                  "ref": "P000261.7",
                  "n": "5",
                  "label": "o i 5"
                },
                {
                  "node": "d",
                  "type": "field-start",
                  "subtype": "wp"
                },
                {
                  "node": "l",
                  "frag": "1(N01)",
                  "id": "P000261.l02304",
                  "ref": "P000261.7.1",
                  "inst": "%qpc:1(N01)=",
                  "f": {
                    "lang": "qpc",
                    "form": "1(N01)",
                    "gdl": [
                      {
                        "n": "n",
                        "form": "1(N01)",
                        "id": "P000261.7.1.0",
                        "seq": [
                          {
                            "r": "1"
                          },
                          {
                            "s": "N01"
                          }
                        ]
                      }
                    ]
                  }
                },
                {
                  "node": "d",
                  "type": "field-end",
                  "subtype": "wp"
                },
                {
                  "node": "d",
                  "type": "field-start",
                  "subtype": "wp"
                },
                {
                  "node": "l",
                  "frag": "SANGA~a",
                  "id": "P000261.l02305",
                  "ref": "P000261.7.2",
                  "inst": "%qpc:SANGA=",
                  "f": {
                    "lang": "qpc",
                    "form": "SANGA",
                    "delim": "",
                    "gdl": [
                      {
                        "form": "SANGA~a",
                        "id": "P000261.7.2.0",
                        "mods": [
                          {
                            "b": "SANGA"
                          },
                          {
                            "a": "a"
                          }
                        ]
                      }
                    ]
                  }
                },
                {
                  "node": "l",
                  "frag": "GU",
                  "id": "P000261.l02306",
                  "ref": "P000261.7.3",
                  "inst": "%qpc:GU=",
                  "f": {
                    "lang": "qpc",
                    "form": "GU",
                    "delim": "",
                    "gdl": [
                      {
                        "s": "GU",
                        "id": "P000261.7.3.0"
                      }
                    ]
                  }
                },
                {
                  "node": "l",
                  "frag": "X",
                  "id": "P000261.l02307",
                  "ref": "P000261.7.4",
                  "inst": "%qpc:X=",
                  "f": {
                    "lang": "qpc",
                    "form": "X",
                    "gdl": [
                      {
                        "s": "X",
                        "id": "P000261.7.4.0"
                      }
                    ]
                  }
                },
                {
                  "node": "d",
                  "type": "field-end",
                  "subtype": "wp"
                },
                {
                  "node": "d",
                  "subtype": "column 2o",
                  "type": "column",
                  "ref": "P000261.o.ii.8",
                  "n": "2",
                  "label": "o ii"
                }
              ]
            },
            {
              "node": "c",
              "type": "sentence",
              "implicit": "yes",
              "tag": "#auto",
              "id": "P000261.U12",
              "label": "o ii 1",
              "cdl": [
                {
                  "node": "d",
                  "type": "line-start",
                  "ref": "P000261.9",
                  "n": "1",
                  "label": "o ii 1"
                },
                {
                  "node": "d",
                  "type": "field-start",
                  "subtype": "wp"
                },
                {
                  "node": "l",
                  "frag": "1(N01)",
                  "id": "P000261.l02308",
                  "ref": "P000261.9.1",
                  "inst": "%qpc:1(N01)=",
                  "f": {
                    "lang": "qpc",
                    "form": "1(N01)",
                    "gdl": [
                      {
                        "n": "n",
                        "form": "1(N01)",
                        "id": "P000261.9.1.0",
                        "seq": [
                          {
                            "r": "1"
                          },
                          {
                            "s": "N01"
                          }
                        ]
                      }
                    ]
                  }
                },
                {
                  "node": "d",
                  "type": "field-end",
                  "subtype": "wp"
                },
                {
                  "node": "d",
                  "type": "field-start",
                  "subtype": "wp"
                },
                {
                  "node": "l",
                  "frag": "[...]",
                  "id": "P000261.l02309",
                  "ref": "P000261.9.2",
                  "inst": "%qpc:x=",
                  "f": {
                    "lang": "qpc",
                    "form": "x",
                    "gdl": [
                      {
                        "x": "ellipsis",
                        "id": "P000261.9.2.0",
                        "breakStart": "1",
                        "break": "missing",
                        "o": "]",
                        "breakEnd": "P000261.9.2.0"
                      }
                    ]
                  }
                },
                {
                  "node": "d",
                  "type": "field-end",
                  "subtype": "wp"
                }
              ]
            },
            {
              "node": "c",
              "type": "sentence",
              "implicit": "yes",
              "tag": "#auto",
              "id": "P000261.U14",
              "label": "o ii 2",
              "cdl": [
                {
                  "node": "d",
                  "type": "line-start",
                  "ref": "P000261.10",
                  "n": "2",
                  "label": "o ii 2"
                },
                {
                  "node": "d",
                  "type": "field-start",
                  "subtype": "wp"
                },
                {
                  "node": "l",
                  "frag": "1(N01)",
                  "id": "P000261.l0230a",
                  "ref": "P000261.10.1",
                  "inst": "%qpc:1(N01)=",
                  "f": {
                    "lang": "qpc",
                    "form": "1(N01)",
                    "gdl": [
                      {
                        "n": "n",
                        "form": "1(N01)",
                        "id": "P000261.10.1.0",
                        "seq": [
                          {
                            "r": "1"
                          },
                          {
                            "s": "N01"
                          }
                        ]
                      }
                    ]
                  }
                },
                {
                  "node": "d",
                  "type": "field-end",
                  "subtype": "wp"
                },
                {
                  "node": "d",
                  "type": "field-start",
                  "subtype": "wp"
                },
                {
                  "node": "l",
                  "frag": "⸢SAR~a⸣",
                  "id": "P000261.l0230b",
                  "ref": "P000261.10.2",
                  "inst": "%qpc:SAR=",
                  "f": {
                    "lang": "qpc",
                    "form": "SAR",
                    "delim": "",
                    "gdl": [
                      {
                        "form": "SAR~a",
                        "id": "P000261.10.2.0",
                        "break": "damaged",
                        "ho": "1",
                        "hc": "1",
                        "mods": [
                          {
                            "b": "SAR"
                          },
                          {
                            "a": "a"
                          }
                        ]
                      }
                    ]
                  }
                },
                {
                  "node": "l",
                  "frag": "[...]",
                  "id": "P000261.l0230c",
                  "ref": "P000261.10.3",
                  "inst": "%qpc:x=",
                  "f": {
                    "lang": "qpc",
                    "form": "x",
                    "gdl": [
                      {
                        "x": "ellipsis",
                        "id": "P000261.10.3.0",
                        "breakStart": "1",
                        "break": "missing",
                        "o": "]",
                        "breakEnd": "P000261.10.3.0"
                      }
                    ]
                  }
                },
                {
                  "node": "d",
                  "type": "field-end",
                  "subtype": "wp"
                }
              ]
            },
            {
              "node": "c",
              "type": "sentence",
              "implicit": "yes",
              "tag": "#auto",
              "id": "P000261.U16",
              "label": "o ii 3",
              "cdl": [
                {
                  "node": "d",
                  "type": "line-start",
                  "ref": "P000261.11",
                  "n": "3",
                  "label": "o ii 3"
                },
                {
                  "node": "d",
                  "type": "field-start",
                  "subtype": "wp"
                },
                {
                  "node": "l",
                  "frag": "1(N01)",
                  "id": "P000261.l0230d",
                  "ref": "P000261.11.1",
                  "inst": "%qpc:1(N01)=",
                  "f": {
                    "lang": "qpc",
                    "form": "1(N01)",
                    "gdl": [
                      {
                        "n": "n",
                        "form": "1(N01)",
                        "id": "P000261.11.1.0",
                        "seq": [
                          {
                            "r": "1"
                          },
                          {
                            "s": "N01"
                          }
                        ]
                      }
                    ]
                  }
                },
                {
                  "node": "d",
                  "type": "field-end",
                  "subtype": "wp"
                },
                {
                  "node": "d",
                  "type": "field-start",
                  "subtype": "wp"
                },
                {
                  "node": "l",
                  "frag": "X",
                  "id": "P000261.l0230e",
                  "ref": "P000261.11.2",
                  "inst": "%qpc:X=",
                  "f": {
                    "lang": "qpc",
                    "form": "X",
                    "delim": "",
                    "gdl": [
                      {
                        "s": "X",
                        "id": "P000261.11.2.0"
                      }
                    ]
                  }
                },
                {
                  "node": "l",
                  "frag": "[...]",
                  "id": "P000261.l0230f",
                  "ref": "P000261.11.3",
                  "inst": "%qpc:x=",
                  "f": {
                    "lang": "qpc",
                    "form": "x",
                    "gdl": [
                      {
                        "x": "ellipsis",
                        "id": "P000261.11.3.0",
                        "breakStart": "1",
                        "break": "missing",
                        "o": "]",
                        "breakEnd": "P000261.11.3.0"
                      }
                    ]
                  }
                },
                {
                  "node": "d",
                  "type": "field-end",
                  "subtype": "wp"
                }
              ]
            },
            {
              "node": "c",
              "type": "sentence",
              "implicit": "yes",
              "tag": "#auto",
              "id": "P000261.U18",
              "label": "o ii 4",
              "cdl": [
                {
                  "node": "d",
                  "type": "line-start",
                  "ref": "P000261.12",
                  "n": "4",
                  "label": "o ii 4"
                },
                {
                  "node": "d",
                  "type": "field-start",
                  "subtype": "wp"
                },
                {
                  "node": "l",
                  "frag": "1(N01)",
                  "id": "P000261.l02310",
                  "ref": "P000261.12.1",
                  "inst": "%qpc:1(N01)=",
                  "f": {
                    "lang": "qpc",
                    "form": "1(N01)",
                    "gdl": [
                      {
                        "n": "n",
                        "form": "1(N01)",
                        "id": "P000261.12.1.0",
                        "seq": [
                          {
                            "r": "1"
                          },
                          {
                            "s": "N01"
                          }
                        ]
                      }
                    ]
                  }
                },
                {
                  "node": "d",
                  "type": "field-end",
                  "subtype": "wp"
                },
                {
                  "node": "d",
                  "type": "field-start",
                  "subtype": "wp"
                },
                {
                  "node": "l",
                  "frag": "[...]",
                  "id": "P000261.l02311",
                  "ref": "P000261.12.2",
                  "inst": "%qpc:x=",
                  "f": {
                    "lang": "qpc",
                    "form": "x",
                    "gdl": [
                      {
                        "x": "ellipsis",
                        "id": "P000261.12.2.0",
                        "breakStart": "1",
                        "break": "missing",
                        "o": "]",
                        "breakEnd": "P000261.12.2.0"
                      }
                    ]
                  }
                },
                {
                  "node": "d",
                  "type": "field-end",
                  "subtype": "wp"
                }
              ]
            }
          ]
        }
      ]
    }
  ]
}
