{
  "type": "cdl",
  "project": "dcclt",
  "source": "http://oracc.org/dcclt",
  "license": "This data is released under the CC0 license",
  "license-url": "https://creativecommons.org/publicdomain/zero/1.0/",
  "more-info": "http://oracc.org/doc/opendata/",
  "UTC-timestamp": "2019-01-29T00:08:16",
  "textid": "P000345",
  "cdl": [
    {
      "node": "c",
      "type": "text",
      "id": "P000345.U0",
      "cdl": [
        {
          "node": "d",
          "type": "object",
          "ref": ""
        },
        {
          "node": "d",
          "subtype": "obverse",
          "type": "obverse",
          "ref": "P000345.o.1",
          "label": "o"
        },
        {
          "node": "d",
          "subtype": "column 1o",
          "type": "column",
          "ref": "P000345.o.i.2",
          "n": "1",
          "label": "o i"
        },
        {
          "node": "c",
          "type": "discourse",
          "subtype": "body",
          "id": "P000345.U1",
          "cdl": [
            {
              "node": "c",
              "type": "sentence",
              "implicit": "yes",
              "id": "P000345.U2",
              "label": "o i 1",
              "cdl": [
                {
                  "node": "d",
                  "type": "line-start",
                  "ref": "P000345.3",
                  "n": "1",
                  "label": "o i 1"
                },
                {
                  "node": "d",
                  "type": "field-start",
                  "subtype": "wp"
                },
                {
                  "node": "l",
                  "frag": "1(N01)",
                  "id": "P000345.l000ca",
                  "ref": "P000345.3.1",
                  "inst": "%qpc:1(N01)=",
                  "f": {
                    "lang": "qpc",
                    "form": "1(N01)",
                    "gdl": [
                      {
                        "n": "n",
                        "form": "1(N01)",
                        "id": "P000345.3.1.0",
                        "seq": [
                          {
                            "r": "1"
                          },
                          {
                            "s": "N01"
                          }
                        ]
                      }
                    ]
                  }
                },
                {
                  "node": "d",
                  "type": "field-end",
                  "subtype": "wp"
                },
                {
                  "node": "d",
                  "type": "field-start",
                  "subtype": "wp"
                },
                {
                  "node": "l",
                  "frag": "⸢NAMEŠDA⸣",
                  "id": "P000345.l000cb",
                  "ref": "P000345.3.2",
                  "inst": "%qpc:NAMEŠDA=",
                  "f": {
                    "lang": "qpc",
                    "form": "NAMEŠDA",
                    "gdl": [
                      {
                        "s": "NAMEŠDA",
                        "id": "P000345.3.2.0",
                        "break": "damaged",
                        "ho": "1",
                        "hc": "1"
                      }
                    ]
                  }
                },
                {
                  "node": "d",
                  "type": "field-end",
                  "subtype": "wp"
                }
              ]
            },
            {
              "node": "c",
              "type": "sentence",
              "implicit": "yes",
              "tag": "#auto",
              "id": "P000345.U4",
              "label": "o i 2",
              "cdl": [
                {
                  "node": "d",
                  "type": "line-start",
                  "ref": "P000345.4",
                  "n": "2",
                  "label": "o i 2"
                },
                {
                  "node": "d",
                  "type": "field-start",
                  "subtype": "wp"
                },
                {
                  "node": "l",
                  "frag": "1(N01)",
                  "id": "P000345.l000cc",
                  "ref": "P000345.4.1",
                  "inst": "%qpc:1(N01)=",
                  "f": {
                    "lang": "qpc",
                    "form": "1(N01)",
                    "gdl": [
                      {
                        "n": "n",
                        "form": "1(N01)",
                        "id": "P000345.4.1.0",
                        "seq": [
                          {
                            "r": "1"
                          },
                          {
                            "s": "N01"
                          }
                        ]
                      }
                    ]
                  }
                },
                {
                  "node": "d",
                  "type": "field-end",
                  "subtype": "wp"
                },
                {
                  "node": "d",
                  "type": "field-start",
                  "subtype": "wp"
                },
                {
                  "node": "l",
                  "frag": "⸢NAM₂",
                  "id": "P000345.l000cd",
                  "ref": "P000345.4.2",
                  "inst": "%qpc:NAM₂=",
                  "f": {
                    "lang": "qpc",
                    "form": "NAM₂",
                    "delim": "",
                    "gdl": [
                      {
                        "s": "NAM₂",
                        "id": "P000345.4.2.0",
                        "break": "damaged",
                        "ho": "1"
                      }
                    ]
                  }
                },
                {
                  "node": "l",
                  "frag": "KAB⸣",
                  "id": "P000345.l000ce",
                  "ref": "P000345.4.3",
                  "inst": "%qpc:KAB=",
                  "f": {
                    "lang": "qpc",
                    "form": "KAB",
                    "gdl": [
                      {
                        "s": "KAB",
                        "id": "P000345.4.3.0",
                        "break": "damaged",
                        "hc": "1"
                      }
                    ]
                  }
                },
                {
                  "node": "d",
                  "type": "field-end",
                  "subtype": "wp"
                }
              ]
            },
            {
              "node": "c",
              "type": "sentence",
              "implicit": "yes",
              "tag": "#auto",
              "id": "P000345.U6",
              "label": "o i 3",
              "cdl": [
                {
                  "node": "d",
                  "type": "line-start",
                  "ref": "P000345.5",
                  "n": "3",
                  "label": "o i 3"
                },
                {
                  "node": "d",
                  "type": "field-start",
                  "subtype": "wp"
                },
                {
                  "node": "l",
                  "frag": "1(N01)",
                  "id": "P000345.l000cf",
                  "ref": "P000345.5.1",
                  "inst": "%qpc:1(N01)=",
                  "f": {
                    "lang": "qpc",
                    "form": "1(N01)",
                    "gdl": [
                      {
                        "n": "n",
                        "form": "1(N01)",
                        "id": "P000345.5.1.0",
                        "seq": [
                          {
                            "r": "1"
                          },
                          {
                            "s": "N01"
                          }
                        ]
                      }
                    ]
                  }
                },
                {
                  "node": "d",
                  "type": "field-end",
                  "subtype": "wp"
                },
                {
                  "node": "d",
                  "type": "field-start",
                  "subtype": "wp"
                },
                {
                  "node": "l",
                  "frag": "⸢NAM₂⸣",
                  "id": "P000345.l000d0",
                  "ref": "P000345.5.2",
                  "inst": "%qpc:NAM₂=",
                  "f": {
                    "lang": "qpc",
                    "form": "NAM₂",
                    "delim": "",
                    "gdl": [
                      {
                        "s": "NAM₂",
                        "id": "P000345.5.2.0",
                        "break": "damaged",
                        "ho": "1",
                        "hc": "1"
                      }
                    ]
                  }
                },
                {
                  "node": "l",
                  "frag": "DI",
                  "id": "P000345.l000d1",
                  "ref": "P000345.5.3",
                  "inst": "%qpc:DI=",
                  "f": {
                    "lang": "qpc",
                    "form": "DI",
                    "gdl": [
                      {
                        "s": "DI",
                        "id": "P000345.5.3.0"
                      }
                    ]
                  }
                },
                {
                  "node": "d",
                  "type": "field-end",
                  "subtype": "wp"
                }
              ]
            }
          ]
        }
      ]
    }
  ]
}
