{
  "type": "cdl",
  "project": "dcclt",
  "source": "http://oracc.org/dcclt",
  "license": "This data is released under the CC0 license",
  "license-url": "https://creativecommons.org/publicdomain/zero/1.0/",
  "more-info": "http://oracc.org/doc/opendata/",
  "UTC-timestamp": "2019-01-29T00:08:08",
  "textid": "P000281",
  "cdl": [
    {
      "node": "c",
      "type": "text",
      "id": "P000281.U0",
      "cdl": [
        {
          "node": "d",
          "type": "object",
          "ref": ""
        },
        {
          "node": "d",
          "subtype": "obverse",
          "type": "obverse",
          "ref": "P000281.o.1",
          "label": "o"
        },
        {
          "node": "d",
          "subtype": "column 1o",
          "type": "column",
          "ref": "P000281.o.i.2",
          "n": "1",
          "label": "o i"
        },
        {
          "node": "c",
          "type": "discourse",
          "subtype": "body",
          "id": "P000281.U1",
          "cdl": [
            {
              "node": "c",
              "type": "sentence",
              "implicit": "yes",
              "id": "P000281.U2",
              "label": "o i 1",
              "cdl": [
                {
                  "node": "d",
                  "type": "line-start",
                  "ref": "P000281.3",
                  "n": "1",
                  "label": "o i 1"
                },
                {
                  "node": "d",
                  "type": "field-start",
                  "subtype": "wp"
                },
                {
                  "node": "l",
                  "frag": "1(N01)",
                  "id": "P000281.l023f0",
                  "ref": "P000281.3.1",
                  "inst": "%qpc:1(N01)=",
                  "f": {
                    "lang": "qpc",
                    "form": "1(N01)",
                    "gdl": [
                      {
                        "n": "n",
                        "form": "1(N01)",
                        "id": "P000281.3.1.0",
                        "seq": [
                          {
                            "r": "1"
                          },
                          {
                            "s": "N01"
                          }
                        ]
                      }
                    ]
                  }
                },
                {
                  "node": "d",
                  "type": "field-end",
                  "subtype": "wp"
                },
                {
                  "node": "d",
                  "type": "field-start",
                  "subtype": "wp"
                },
                {
                  "node": "l",
                  "frag": "⸢DUG~c⸣",
                  "id": "P000281.l023f1",
                  "ref": "P000281.3.2",
                  "inst": "%qpc:DUG=",
                  "f": {
                    "lang": "qpc",
                    "form": "DUG",
                    "gdl": [
                      {
                        "form": "DUG~c",
                        "id": "P000281.3.2.0",
                        "break": "damaged",
                        "ho": "1",
                        "hc": "1",
                        "mods": [
                          {
                            "b": "DUG"
                          },
                          {
                            "a": "c"
                          }
                        ]
                      }
                    ]
                  }
                },
                {
                  "node": "d",
                  "type": "field-end",
                  "subtype": "wp"
                }
              ]
            },
            {
              "node": "c",
              "type": "sentence",
              "implicit": "yes",
              "tag": "#auto",
              "id": "P000281.U4",
              "label": "o i 2",
              "cdl": [
                {
                  "node": "d",
                  "type": "line-start",
                  "ref": "P000281.4",
                  "n": "2",
                  "label": "o i 2"
                },
                {
                  "node": "d",
                  "type": "field-start",
                  "subtype": "wp"
                },
                {
                  "node": "l",
                  "frag": "1(N01)",
                  "id": "P000281.l023f2",
                  "ref": "P000281.4.1",
                  "inst": "%qpc:1(N01)=",
                  "f": {
                    "lang": "qpc",
                    "form": "1(N01)",
                    "gdl": [
                      {
                        "n": "n",
                        "form": "1(N01)",
                        "id": "P000281.4.1.0",
                        "seq": [
                          {
                            "r": "1"
                          },
                          {
                            "s": "N01"
                          }
                        ]
                      }
                    ]
                  }
                },
                {
                  "node": "d",
                  "type": "field-end",
                  "subtype": "wp"
                },
                {
                  "node": "d",
                  "type": "field-start",
                  "subtype": "wp"
                },
                {
                  "node": "l",
                  "frag": "|DUG~c×1(N57)|",
                  "id": "P000281.l023f3",
                  "ref": "P000281.4.2",
                  "inst": "%qpc:|DUG×1(N57)|=",
                  "f": {
                    "lang": "qpc",
                    "form": "|DUG×1(N57)|",
                    "gdl": [
                      {
                        "c": "|DUG~c×1(N57)|",
                        "id": "P000281.4.2.0",
                        "seq": [
                          {
                            "form": "DUG~c",
                            "mods": [
                              {
                                "b": "DUG"
                              },
                              {
                                "a": "c"
                              }
                            ]
                          },
                          {
                            "o": "containing"
                          },
                          {
                            "n": "n",
                            "form": "1(N57)",
                            "seq": [
                              {
                                "r": "1"
                              },
                              {
                                "s": "N57"
                              }
                            ]
                          }
                        ]
                      }
                    ]
                  }
                },
                {
                  "node": "d",
                  "type": "field-end",
                  "subtype": "wp"
                }
              ]
            },
            {
              "node": "c",
              "type": "sentence",
              "implicit": "yes",
              "tag": "#auto",
              "id": "P000281.U6",
              "label": "o i 3",
              "cdl": [
                {
                  "node": "d",
                  "type": "line-start",
                  "ref": "P000281.5",
                  "n": "3",
                  "label": "o i 3"
                },
                {
                  "node": "d",
                  "type": "field-start",
                  "subtype": "wp"
                },
                {
                  "node": "l",
                  "frag": "1(N01)",
                  "id": "P000281.l023f4",
                  "ref": "P000281.5.1",
                  "inst": "%qpc:1(N01)=",
                  "f": {
                    "lang": "qpc",
                    "form": "1(N01)",
                    "gdl": [
                      {
                        "n": "n",
                        "form": "1(N01)",
                        "id": "P000281.5.1.0",
                        "seq": [
                          {
                            "r": "1"
                          },
                          {
                            "s": "N01"
                          }
                        ]
                      }
                    ]
                  }
                },
                {
                  "node": "d",
                  "type": "field-end",
                  "subtype": "wp"
                },
                {
                  "node": "d",
                  "type": "field-start",
                  "subtype": "wp"
                },
                {
                  "node": "l",
                  "frag": "ŠAKIR~c",
                  "id": "P000281.l023f5",
                  "ref": "P000281.5.2",
                  "inst": "%qpc:ŠAKIR=",
                  "f": {
                    "lang": "qpc",
                    "form": "ŠAKIR",
                    "gdl": [
                      {
                        "form": "ŠAKIR~c",
                        "id": "P000281.5.2.0",
                        "mods": [
                          {
                            "b": "ŠAKIR"
                          },
                          {
                            "a": "c"
                          }
                        ]
                      }
                    ]
                  }
                },
                {
                  "node": "d",
                  "type": "field-end",
                  "subtype": "wp"
                }
              ]
            },
            {
              "node": "c",
              "type": "sentence",
              "implicit": "yes",
              "tag": "#auto",
              "id": "P000281.U8",
              "label": "o i 4",
              "cdl": [
                {
                  "node": "d",
                  "type": "line-start",
                  "ref": "P000281.6",
                  "n": "4",
                  "label": "o i 4"
                },
                {
                  "node": "d",
                  "type": "field-start",
                  "subtype": "wp"
                },
                {
                  "node": "l",
                  "frag": "1(N01)",
                  "id": "P000281.l023f6",
                  "ref": "P000281.6.1",
                  "inst": "%qpc:1(N01)=",
                  "f": {
                    "lang": "qpc",
                    "form": "1(N01)",
                    "gdl": [
                      {
                        "n": "n",
                        "form": "1(N01)",
                        "id": "P000281.6.1.0",
                        "seq": [
                          {
                            "r": "1"
                          },
                          {
                            "s": "N01"
                          }
                        ]
                      }
                    ]
                  }
                },
                {
                  "node": "d",
                  "type": "field-end",
                  "subtype": "wp"
                },
                {
                  "node": "d",
                  "type": "field-start",
                  "subtype": "wp"
                },
                {
                  "node": "l",
                  "frag": "⸢MUD₃~a⸣",
                  "id": "P000281.l023f7",
                  "ref": "P000281.6.2",
                  "inst": "%qpc:MUD₃=",
                  "f": {
                    "lang": "qpc",
                    "form": "MUD₃",
                    "gdl": [
                      {
                        "form": "MUD₃~a",
                        "id": "P000281.6.2.0",
                        "break": "damaged",
                        "queried": "1",
                        "ho": "1",
                        "hc": "1",
                        "mods": [
                          {
                            "b": "MUD₃"
                          },
                          {
                            "a": "a"
                          }
                        ]
                      }
                    ]
                  }
                },
                {
                  "node": "d",
                  "type": "field-end",
                  "subtype": "wp"
                },
                {
                  "node": "d",
                  "subtype": "column 2o",
                  "type": "column",
                  "ref": "P000281.o.ii.7",
                  "n": "2",
                  "label": "o ii"
                }
              ]
            },
            {
              "node": "c",
              "type": "sentence",
              "implicit": "yes",
              "tag": "#auto",
              "id": "P000281.U10",
              "label": "o ii 1",
              "cdl": [
                {
                  "node": "d",
                  "type": "line-start",
                  "ref": "P000281.8",
                  "n": "1",
                  "label": "o ii 1"
                },
                {
                  "node": "d",
                  "type": "field-start",
                  "subtype": "wp"
                },
                {
                  "node": "l",
                  "frag": "1(N01)",
                  "id": "P000281.l023f8",
                  "ref": "P000281.8.1",
                  "inst": "%qpc:1(N01)=",
                  "f": {
                    "lang": "qpc",
                    "form": "1(N01)",
                    "gdl": [
                      {
                        "n": "n",
                        "form": "1(N01)",
                        "id": "P000281.8.1.0",
                        "seq": [
                          {
                            "r": "1"
                          },
                          {
                            "s": "N01"
                          }
                        ]
                      }
                    ]
                  }
                },
                {
                  "node": "d",
                  "type": "field-end",
                  "subtype": "wp"
                },
                {
                  "node": "d",
                  "type": "field-start",
                  "subtype": "wp"
                },
                {
                  "node": "l",
                  "frag": "[...]",
                  "id": "P000281.l023f9",
                  "ref": "P000281.8.2",
                  "inst": "%qpc:x=",
                  "f": {
                    "lang": "qpc",
                    "form": "x",
                    "delim": "",
                    "gdl": [
                      {
                        "x": "ellipsis",
                        "id": "P000281.8.2.0",
                        "breakStart": "1",
                        "break": "missing",
                        "o": "]",
                        "breakEnd": "P000281.8.2.0"
                      }
                    ]
                  }
                },
                {
                  "node": "l",
                  "frag": "⸢SU~a",
                  "id": "P000281.l023fa",
                  "ref": "P000281.8.3",
                  "inst": "%qpc:SU=",
                  "f": {
                    "lang": "qpc",
                    "form": "SU",
                    "delim": "",
                    "gdl": [
                      {
                        "form": "SU~a",
                        "id": "P000281.8.3.0",
                        "break": "damaged",
                        "ho": "1",
                        "mods": [
                          {
                            "b": "SU"
                          },
                          {
                            "a": "a"
                          }
                        ]
                      }
                    ]
                  }
                },
                {
                  "node": "l",
                  "frag": "NI~b⸣",
                  "id": "P000281.l023fb",
                  "ref": "P000281.8.4",
                  "inst": "%qpc:NI=",
                  "f": {
                    "lang": "qpc",
                    "form": "NI",
                    "gdl": [
                      {
                        "form": "NI~b",
                        "id": "P000281.8.4.0",
                        "break": "damaged",
                        "hc": "1",
                        "mods": [
                          {
                            "b": "NI"
                          },
                          {
                            "a": "b"
                          }
                        ]
                      }
                    ]
                  }
                },
                {
                  "node": "d",
                  "type": "field-end",
                  "subtype": "wp"
                }
              ]
            },
            {
              "node": "c",
              "type": "sentence",
              "implicit": "yes",
              "tag": "#auto",
              "id": "P000281.U12",
              "label": "o ii 2",
              "cdl": [
                {
                  "node": "d",
                  "type": "line-start",
                  "ref": "P000281.9",
                  "n": "2",
                  "label": "o ii 2"
                },
                {
                  "node": "d",
                  "type": "field-start",
                  "subtype": "wp"
                },
                {
                  "node": "l",
                  "frag": "1(N01)",
                  "id": "P000281.l023fc",
                  "ref": "P000281.9.1",
                  "inst": "%qpc:1(N01)=",
                  "f": {
                    "lang": "qpc",
                    "form": "1(N01)",
                    "gdl": [
                      {
                        "n": "n",
                        "form": "1(N01)",
                        "id": "P000281.9.1.0",
                        "seq": [
                          {
                            "r": "1"
                          },
                          {
                            "s": "N01"
                          }
                        ]
                      }
                    ]
                  }
                },
                {
                  "node": "d",
                  "type": "field-end",
                  "subtype": "wp"
                },
                {
                  "node": "d",
                  "type": "field-start",
                  "subtype": "wp"
                },
                {
                  "node": "l",
                  "frag": "⸢GAN~a⸣",
                  "id": "P000281.l023fd",
                  "ref": "P000281.9.2",
                  "inst": "%qpc:GAN=",
                  "f": {
                    "lang": "qpc",
                    "form": "GAN",
                    "gdl": [
                      {
                        "form": "GAN~a",
                        "id": "P000281.9.2.0",
                        "break": "damaged",
                        "ho": "1",
                        "hc": "1",
                        "mods": [
                          {
                            "b": "GAN"
                          },
                          {
                            "a": "a"
                          }
                        ]
                      }
                    ]
                  }
                },
                {
                  "node": "d",
                  "type": "field-end",
                  "subtype": "wp"
                }
              ]
            },
            {
              "node": "c",
              "type": "sentence",
              "implicit": "yes",
              "tag": "#auto",
              "id": "P000281.U14",
              "label": "o ii 3",
              "cdl": [
                {
                  "node": "d",
                  "type": "line-start",
                  "ref": "P000281.10",
                  "n": "3",
                  "label": "o ii 3"
                },
                {
                  "node": "d",
                  "type": "field-start",
                  "subtype": "wp"
                },
                {
                  "node": "l",
                  "frag": "1(N01)",
                  "id": "P000281.l023fe",
                  "ref": "P000281.10.1",
                  "inst": "%qpc:1(N01)=",
                  "f": {
                    "lang": "qpc",
                    "form": "1(N01)",
                    "gdl": [
                      {
                        "n": "n",
                        "form": "1(N01)",
                        "id": "P000281.10.1.0",
                        "seq": [
                          {
                            "r": "1"
                          },
                          {
                            "s": "N01"
                          }
                        ]
                      }
                    ]
                  }
                },
                {
                  "node": "d",
                  "type": "field-end",
                  "subtype": "wp"
                },
                {
                  "node": "d",
                  "type": "field-start",
                  "subtype": "wp"
                },
                {
                  "node": "l",
                  "frag": "5(N57)",
                  "id": "P000281.l023ff",
                  "ref": "P000281.10.2",
                  "inst": "%qpc:5(N57)=",
                  "f": {
                    "lang": "qpc",
                    "form": "5(N57)",
                    "delim": "",
                    "gdl": [
                      {
                        "n": "n",
                        "form": "5(N57)",
                        "id": "P000281.10.2.0",
                        "break": "damaged",
                        "queried": "1",
                        "ho": "1",
                        "hc": "1",
                        "seq": [
                          {
                            "r": "5"
                          },
                          {
                            "s": "N57"
                          }
                        ]
                      }
                    ]
                  }
                },
                {
                  "node": "l",
                  "frag": "GAN~a",
                  "id": "P000281.l02400",
                  "ref": "P000281.10.3",
                  "inst": "%qpc:GAN=",
                  "f": {
                    "lang": "qpc",
                    "form": "GAN",
                    "gdl": [
                      {
                        "form": "GAN~a",
                        "id": "P000281.10.3.0",
                        "mods": [
                          {
                            "b": "GAN"
                          },
                          {
                            "a": "a"
                          }
                        ]
                      }
                    ]
                  }
                },
                {
                  "node": "d",
                  "type": "field-end",
                  "subtype": "wp"
                }
              ]
            },
            {
              "node": "c",
              "type": "sentence",
              "implicit": "yes",
              "tag": "#auto",
              "id": "P000281.U16",
              "label": "o ii 4",
              "cdl": [
                {
                  "node": "d",
                  "type": "line-start",
                  "ref": "P000281.11",
                  "n": "4",
                  "label": "o ii 4"
                },
                {
                  "node": "d",
                  "type": "field-start",
                  "subtype": "wp"
                },
                {
                  "node": "l",
                  "frag": "1(N01)",
                  "id": "P000281.l02401",
                  "ref": "P000281.11.1",
                  "inst": "%qpc:1(N01)=",
                  "f": {
                    "lang": "qpc",
                    "form": "1(N01)",
                    "gdl": [
                      {
                        "n": "n",
                        "form": "1(N01)",
                        "id": "P000281.11.1.0",
                        "seq": [
                          {
                            "r": "1"
                          },
                          {
                            "s": "N01"
                          }
                        ]
                      }
                    ]
                  }
                },
                {
                  "node": "d",
                  "type": "field-end",
                  "subtype": "wp"
                },
                {
                  "node": "d",
                  "type": "field-start",
                  "subtype": "wp"
                },
                {
                  "node": "l",
                  "frag": "E₂~a",
                  "id": "P000281.l02402",
                  "ref": "P000281.11.2",
                  "inst": "%qpc:E₂=",
                  "f": {
                    "lang": "qpc",
                    "form": "E₂",
                    "delim": "",
                    "gdl": [
                      {
                        "form": "E₂~a",
                        "id": "P000281.11.2.0",
                        "mods": [
                          {
                            "b": "E₂"
                          },
                          {
                            "a": "a"
                          }
                        ]
                      }
                    ]
                  }
                },
                {
                  "node": "l",
                  "frag": "GAN~a",
                  "id": "P000281.l02403",
                  "ref": "P000281.11.3",
                  "inst": "%qpc:GAN=",
                  "f": {
                    "lang": "qpc",
                    "form": "GAN",
                    "gdl": [
                      {
                        "form": "GAN~a",
                        "id": "P000281.11.3.0",
                        "mods": [
                          {
                            "b": "GAN"
                          },
                          {
                            "a": "a"
                          }
                        ]
                      }
                    ]
                  }
                },
                {
                  "node": "d",
                  "type": "field-end",
                  "subtype": "wp"
                }
              ]
            },
            {
              "node": "c",
              "type": "sentence",
              "implicit": "yes",
              "tag": "#auto",
              "id": "P000281.U18",
              "label": "o ii 5",
              "cdl": [
                {
                  "node": "d",
                  "type": "line-start",
                  "ref": "P000281.12",
                  "n": "5",
                  "label": "o ii 5"
                },
                {
                  "node": "d",
                  "type": "field-start",
                  "subtype": "wp"
                },
                {
                  "node": "l",
                  "frag": "1(N01)",
                  "id": "P000281.l02404",
                  "ref": "P000281.12.1",
                  "inst": "%qpc:1(N01)=",
                  "f": {
                    "lang": "qpc",
                    "form": "1(N01)",
                    "gdl": [
                      {
                        "n": "n",
                        "form": "1(N01)",
                        "id": "P000281.12.1.0",
                        "seq": [
                          {
                            "r": "1"
                          },
                          {
                            "s": "N01"
                          }
                        ]
                      }
                    ]
                  }
                },
                {
                  "node": "d",
                  "type": "field-end",
                  "subtype": "wp"
                },
                {
                  "node": "d",
                  "type": "field-start",
                  "subtype": "wp"
                },
                {
                  "node": "l",
                  "frag": "|DUG~b×ŠE~a|",
                  "id": "P000281.l02405",
                  "ref": "P000281.12.2",
                  "inst": "%qpc:|DUG×ŠE|=",
                  "f": {
                    "lang": "qpc",
                    "form": "|DUG×ŠE|",
                    "gdl": [
                      {
                        "c": "|DUG~b×ŠE~a|",
                        "id": "P000281.12.2.0",
                        "seq": [
                          {
                            "form": "DUG~b",
                            "mods": [
                              {
                                "b": "DUG"
                              },
                              {
                                "a": "b"
                              }
                            ]
                          },
                          {
                            "o": "containing"
                          },
                          {
                            "form": "ŠE~a",
                            "mods": [
                              {
                                "b": "ŠE"
                              },
                              {
                                "a": "a"
                              }
                            ]
                          }
                        ]
                      }
                    ]
                  }
                },
                {
                  "node": "d",
                  "type": "field-end",
                  "subtype": "wp"
                }
              ]
            },
            {
              "node": "c",
              "type": "sentence",
              "implicit": "yes",
              "tag": "#auto",
              "id": "P000281.U20",
              "label": "o ii 6",
              "cdl": [
                {
                  "node": "d",
                  "type": "line-start",
                  "ref": "P000281.13",
                  "n": "6",
                  "label": "o ii 6"
                },
                {
                  "node": "d",
                  "type": "field-start",
                  "subtype": "wp"
                },
                {
                  "node": "l",
                  "frag": "1(N01)",
                  "id": "P000281.l02406",
                  "ref": "P000281.13.1",
                  "inst": "%qpc:1(N01)=",
                  "f": {
                    "lang": "qpc",
                    "form": "1(N01)",
                    "gdl": [
                      {
                        "n": "n",
                        "form": "1(N01)",
                        "id": "P000281.13.1.0",
                        "seq": [
                          {
                            "r": "1"
                          },
                          {
                            "s": "N01"
                          }
                        ]
                      }
                    ]
                  }
                },
                {
                  "node": "d",
                  "type": "field-end",
                  "subtype": "wp"
                },
                {
                  "node": "d",
                  "type": "field-start",
                  "subtype": "wp"
                },
                {
                  "node": "l",
                  "frag": "|DUG~b×BALA~a|",
                  "id": "P000281.l02407",
                  "ref": "P000281.13.2",
                  "inst": "%qpc:|DUG×BALA|=",
                  "f": {
                    "lang": "qpc",
                    "form": "|DUG×BALA|",
                    "gdl": [
                      {
                        "c": "|DUG~b×BALA~a|",
                        "id": "P000281.13.2.0",
                        "seq": [
                          {
                            "form": "DUG~b",
                            "mods": [
                              {
                                "b": "DUG"
                              },
                              {
                                "a": "b"
                              }
                            ]
                          },
                          {
                            "o": "containing"
                          },
                          {
                            "form": "BALA~a",
                            "mods": [
                              {
                                "b": "BALA"
                              },
                              {
                                "a": "a"
                              }
                            ]
                          }
                        ]
                      }
                    ]
                  }
                },
                {
                  "node": "d",
                  "type": "field-end",
                  "subtype": "wp"
                }
              ]
            },
            {
              "node": "c",
              "type": "sentence",
              "implicit": "yes",
              "tag": "#auto",
              "id": "P000281.U22",
              "label": "o ii 7",
              "cdl": [
                {
                  "node": "d",
                  "type": "line-start",
                  "ref": "P000281.14",
                  "n": "7",
                  "label": "o ii 7"
                },
                {
                  "node": "d",
                  "type": "field-start",
                  "subtype": "wp"
                },
                {
                  "node": "l",
                  "frag": "1(N01)",
                  "id": "P000281.l02408",
                  "ref": "P000281.14.1",
                  "inst": "%qpc:1(N01)=",
                  "f": {
                    "lang": "qpc",
                    "form": "1(N01)",
                    "gdl": [
                      {
                        "n": "n",
                        "form": "1(N01)",
                        "id": "P000281.14.1.0",
                        "seq": [
                          {
                            "r": "1"
                          },
                          {
                            "s": "N01"
                          }
                        ]
                      }
                    ]
                  }
                },
                {
                  "node": "d",
                  "type": "field-end",
                  "subtype": "wp"
                },
                {
                  "node": "d",
                  "type": "field-start",
                  "subtype": "wp"
                },
                {
                  "node": "l",
                  "frag": "|DUG~b×KASKAL|",
                  "id": "P000281.l02409",
                  "ref": "P000281.14.2",
                  "inst": "%qpc:|DUG×KASKAL|=",
                  "f": {
                    "lang": "qpc",
                    "form": "|DUG×KASKAL|",
                    "gdl": [
                      {
                        "c": "|DUG~b×KASKAL|",
                        "id": "P000281.14.2.0",
                        "break": "damaged",
                        "ho": "1",
                        "hc": "1",
                        "seq": [
                          {
                            "form": "DUG~b",
                            "mods": [
                              {
                                "b": "DUG"
                              },
                              {
                                "a": "b"
                              }
                            ]
                          },
                          {
                            "o": "containing"
                          },
                          {
                            "s": "KASKAL"
                          }
                        ]
                      }
                    ]
                  }
                },
                {
                  "node": "d",
                  "type": "field-end",
                  "subtype": "wp"
                },
                {
                  "node": "d",
                  "subtype": "column 3o",
                  "type": "column",
                  "ref": "P000281.o.iii.15",
                  "n": "3",
                  "label": "o iii"
                }
              ]
            },
            {
              "node": "c",
              "type": "sentence",
              "implicit": "yes",
              "tag": "#auto",
              "id": "P000281.U24",
              "label": "o iii 1",
              "cdl": [
                {
                  "node": "d",
                  "type": "line-start",
                  "ref": "P000281.16",
                  "n": "1",
                  "label": "o iii 1"
                },
                {
                  "node": "d",
                  "type": "field-start",
                  "subtype": "wp"
                },
                {
                  "node": "l",
                  "frag": "1(N01)",
                  "id": "P000281.l0240a",
                  "ref": "P000281.16.1",
                  "inst": "%qpc:1(N01)=",
                  "f": {
                    "lang": "qpc",
                    "form": "1(N01)",
                    "gdl": [
                      {
                        "n": "n",
                        "form": "1(N01)",
                        "id": "P000281.16.1.0",
                        "seq": [
                          {
                            "r": "1"
                          },
                          {
                            "s": "N01"
                          }
                        ]
                      }
                    ]
                  }
                },
                {
                  "node": "d",
                  "type": "field-end",
                  "subtype": "wp"
                },
                {
                  "node": "d",
                  "type": "field-start",
                  "subtype": "wp"
                },
                {
                  "node": "l",
                  "frag": "[...]",
                  "id": "P000281.l0240b",
                  "ref": "P000281.16.2",
                  "inst": "%qpc:x=",
                  "f": {
                    "lang": "qpc",
                    "form": "x",
                    "gdl": [
                      {
                        "x": "ellipsis",
                        "id": "P000281.16.2.0",
                        "breakStart": "1",
                        "break": "missing",
                        "o": "]",
                        "breakEnd": "P000281.16.2.0"
                      }
                    ]
                  }
                },
                {
                  "node": "d",
                  "type": "field-end",
                  "subtype": "wp"
                }
              ]
            },
            {
              "node": "c",
              "type": "sentence",
              "implicit": "yes",
              "tag": "#auto",
              "id": "P000281.U26",
              "label": "o iii 2",
              "cdl": [
                {
                  "node": "d",
                  "type": "line-start",
                  "ref": "P000281.17",
                  "n": "2",
                  "label": "o iii 2"
                },
                {
                  "node": "d",
                  "type": "field-start",
                  "subtype": "wp"
                },
                {
                  "node": "l",
                  "frag": "1(N01)",
                  "id": "P000281.l0240c",
                  "ref": "P000281.17.1",
                  "inst": "%qpc:1(N01)=",
                  "f": {
                    "lang": "qpc",
                    "form": "1(N01)",
                    "gdl": [
                      {
                        "n": "n",
                        "form": "1(N01)",
                        "id": "P000281.17.1.0",
                        "seq": [
                          {
                            "r": "1"
                          },
                          {
                            "s": "N01"
                          }
                        ]
                      }
                    ]
                  }
                },
                {
                  "node": "d",
                  "type": "field-end",
                  "subtype": "wp"
                },
                {
                  "node": "d",
                  "type": "field-start",
                  "subtype": "wp"
                },
                {
                  "node": "l",
                  "frag": "[...]",
                  "id": "P000281.l0240d",
                  "ref": "P000281.17.2",
                  "inst": "%qpc:x=",
                  "f": {
                    "lang": "qpc",
                    "form": "x",
                    "gdl": [
                      {
                        "x": "ellipsis",
                        "id": "P000281.17.2.0",
                        "breakStart": "1",
                        "break": "missing",
                        "o": "]",
                        "breakEnd": "P000281.17.2.0"
                      }
                    ]
                  }
                },
                {
                  "node": "d",
                  "type": "field-end",
                  "subtype": "wp"
                }
              ]
            },
            {
              "node": "c",
              "type": "sentence",
              "implicit": "yes",
              "tag": "#auto",
              "id": "P000281.U28",
              "label": "o iii 3",
              "cdl": [
                {
                  "node": "d",
                  "type": "line-start",
                  "ref": "P000281.18",
                  "n": "3",
                  "label": "o iii 3"
                },
                {
                  "node": "d",
                  "type": "field-start",
                  "subtype": "wp"
                },
                {
                  "node": "l",
                  "frag": "1(N01)",
                  "id": "P000281.l0240e",
                  "ref": "P000281.18.1",
                  "inst": "%qpc:1(N01)=",
                  "f": {
                    "lang": "qpc",
                    "form": "1(N01)",
                    "gdl": [
                      {
                        "n": "n",
                        "form": "1(N01)",
                        "id": "P000281.18.1.0",
                        "seq": [
                          {
                            "r": "1"
                          },
                          {
                            "s": "N01"
                          }
                        ]
                      }
                    ]
                  }
                },
                {
                  "node": "d",
                  "type": "field-end",
                  "subtype": "wp"
                },
                {
                  "node": "d",
                  "type": "field-start",
                  "subtype": "wp"
                },
                {
                  "node": "l",
                  "frag": "|DUG~b×TI|",
                  "id": "P000281.l0240f",
                  "ref": "P000281.18.2",
                  "inst": "%qpc:|DUG×TI|=",
                  "f": {
                    "lang": "qpc",
                    "form": "|DUG×TI|",
                    "gdl": [
                      {
                        "c": "|DUG~b×TI|",
                        "id": "P000281.18.2.0",
                        "break": "damaged",
                        "ho": "1",
                        "hc": "1",
                        "seq": [
                          {
                            "form": "DUG~b",
                            "mods": [
                              {
                                "b": "DUG"
                              },
                              {
                                "a": "b"
                              }
                            ]
                          },
                          {
                            "o": "containing"
                          },
                          {
                            "s": "TI"
                          }
                        ]
                      }
                    ]
                  }
                },
                {
                  "node": "d",
                  "type": "field-end",
                  "subtype": "wp"
                }
              ]
            },
            {
              "node": "c",
              "type": "sentence",
              "implicit": "yes",
              "tag": "#auto",
              "id": "P000281.U30",
              "label": "o iii 4",
              "cdl": [
                {
                  "node": "d",
                  "type": "line-start",
                  "ref": "P000281.19",
                  "n": "4",
                  "label": "o iii 4"
                },
                {
                  "node": "d",
                  "type": "field-start",
                  "subtype": "wp"
                },
                {
                  "node": "l",
                  "frag": "1(N01)",
                  "id": "P000281.l02410",
                  "ref": "P000281.19.1",
                  "inst": "%qpc:1(N01)=",
                  "f": {
                    "lang": "qpc",
                    "form": "1(N01)",
                    "gdl": [
                      {
                        "n": "n",
                        "form": "1(N01)",
                        "id": "P000281.19.1.0",
                        "seq": [
                          {
                            "r": "1"
                          },
                          {
                            "s": "N01"
                          }
                        ]
                      }
                    ]
                  }
                },
                {
                  "node": "d",
                  "type": "field-end",
                  "subtype": "wp"
                },
                {
                  "node": "d",
                  "type": "field-start",
                  "subtype": "wp"
                },
                {
                  "node": "l",
                  "frag": "|DUG~b×MAŠ|",
                  "id": "P000281.l02411",
                  "ref": "P000281.19.2",
                  "inst": "%qpc:|DUG×MAŠ|=",
                  "f": {
                    "lang": "qpc",
                    "form": "|DUG×MAŠ|",
                    "gdl": [
                      {
                        "c": "|DUG~b×MAŠ|",
                        "id": "P000281.19.2.0",
                        "break": "damaged",
                        "ho": "1",
                        "hc": "1",
                        "seq": [
                          {
                            "form": "DUG~b",
                            "mods": [
                              {
                                "b": "DUG"
                              },
                              {
                                "a": "b"
                              }
                            ]
                          },
                          {
                            "o": "containing"
                          },
                          {
                            "s": "MAŠ"
                          }
                        ]
                      }
                    ]
                  }
                },
                {
                  "node": "d",
                  "type": "field-end",
                  "subtype": "wp"
                }
              ]
            },
            {
              "node": "c",
              "type": "sentence",
              "implicit": "yes",
              "tag": "#auto",
              "id": "P000281.U32",
              "label": "o iii 5",
              "cdl": [
                {
                  "node": "d",
                  "type": "line-start",
                  "ref": "P000281.20",
                  "n": "5",
                  "label": "o iii 5"
                },
                {
                  "node": "d",
                  "type": "field-start",
                  "subtype": "wp"
                },
                {
                  "node": "l",
                  "frag": "1(N01)",
                  "id": "P000281.l02412",
                  "ref": "P000281.20.1",
                  "inst": "%qpc:1(N01)=",
                  "f": {
                    "lang": "qpc",
                    "form": "1(N01)",
                    "gdl": [
                      {
                        "n": "n",
                        "form": "1(N01)",
                        "id": "P000281.20.1.0",
                        "seq": [
                          {
                            "r": "1"
                          },
                          {
                            "s": "N01"
                          }
                        ]
                      }
                    ]
                  }
                },
                {
                  "node": "d",
                  "type": "field-end",
                  "subtype": "wp"
                },
                {
                  "node": "d",
                  "type": "field-start",
                  "subtype": "wp"
                },
                {
                  "node": "l",
                  "frag": "|DUG~b×SI₄~a|",
                  "id": "P000281.l02413",
                  "ref": "P000281.20.2",
                  "inst": "%qpc:|DUG×SI₄|=",
                  "f": {
                    "lang": "qpc",
                    "form": "|DUG×SI₄|",
                    "gdl": [
                      {
                        "c": "|DUG~b×SI₄~a|",
                        "id": "P000281.20.2.0",
                        "break": "damaged",
                        "ho": "1",
                        "hc": "1",
                        "seq": [
                          {
                            "form": "DUG~b",
                            "mods": [
                              {
                                "b": "DUG"
                              },
                              {
                                "a": "b"
                              }
                            ]
                          },
                          {
                            "o": "containing"
                          },
                          {
                            "form": "SI₄~a",
                            "mods": [
                              {
                                "b": "SI₄"
                              },
                              {
                                "a": "a"
                              }
                            ]
                          }
                        ]
                      }
                    ]
                  }
                },
                {
                  "node": "d",
                  "type": "field-end",
                  "subtype": "wp"
                }
              ]
            },
            {
              "node": "c",
              "type": "sentence",
              "implicit": "yes",
              "tag": "#auto",
              "id": "P000281.U34",
              "label": "o iii 6",
              "cdl": [
                {
                  "node": "d",
                  "type": "line-start",
                  "ref": "P000281.21",
                  "n": "6",
                  "label": "o iii 6"
                },
                {
                  "node": "d",
                  "type": "field-start",
                  "subtype": "wp"
                },
                {
                  "node": "l",
                  "frag": "1(N01)",
                  "id": "P000281.l02414",
                  "ref": "P000281.21.1",
                  "inst": "%qpc:1(N01)=",
                  "f": {
                    "lang": "qpc",
                    "form": "1(N01)",
                    "gdl": [
                      {
                        "n": "n",
                        "form": "1(N01)",
                        "id": "P000281.21.1.0",
                        "seq": [
                          {
                            "r": "1"
                          },
                          {
                            "s": "N01"
                          }
                        ]
                      }
                    ]
                  }
                },
                {
                  "node": "d",
                  "type": "field-end",
                  "subtype": "wp"
                },
                {
                  "node": "d",
                  "type": "field-start",
                  "subtype": "wp"
                },
                {
                  "node": "l",
                  "frag": "[...]",
                  "id": "P000281.l02415",
                  "ref": "P000281.21.2",
                  "inst": "%qpc:x=",
                  "f": {
                    "lang": "qpc",
                    "form": "x",
                    "gdl": [
                      {
                        "x": "ellipsis",
                        "id": "P000281.21.2.0",
                        "breakStart": "1",
                        "break": "missing",
                        "o": "]",
                        "breakEnd": "P000281.21.2.0"
                      }
                    ]
                  }
                },
                {
                  "node": "d",
                  "type": "field-end",
                  "subtype": "wp"
                }
              ]
            }
          ]
        }
      ]
    }
  ]
}
