{
  "type": "cdl",
  "project": "dcclt",
  "source": "http://oracc.org/dcclt",
  "license": "This data is released under the CC0 license",
  "license-url": "https://creativecommons.org/publicdomain/zero/1.0/",
  "more-info": "http://oracc.org/doc/opendata/",
  "UTC-timestamp": "2019-01-29T00:08:48",
  "textid": "P000601",
  "cdl": [
    {
      "node": "c",
      "type": "text",
      "id": "P000601.U0",
      "cdl": [
        {
          "node": "d",
          "type": "object",
          "ref": ""
        },
        {
          "node": "d",
          "subtype": "obverse",
          "type": "obverse",
          "ref": "P000601.o.1",
          "label": "o"
        },
        {
          "node": "d",
          "subtype": "column 1o",
          "type": "column",
          "ref": "P000601.o.i.2",
          "n": "1",
          "label": "o i"
        },
        {
          "node": "c",
          "type": "discourse",
          "subtype": "body",
          "id": "P000601.U1",
          "cdl": [
            {
              "node": "c",
              "type": "sentence",
              "implicit": "yes",
              "id": "P000601.U2",
              "label": "o i 1",
              "cdl": [
                {
                  "node": "d",
                  "type": "line-start",
                  "ref": "P000601.3",
                  "n": "1",
                  "label": "o i 1"
                },
                {
                  "node": "d",
                  "type": "field-start",
                  "subtype": "wp"
                },
                {
                  "node": "l",
                  "frag": "1(N01)",
                  "id": "P000601.l001fc",
                  "ref": "P000601.3.1",
                  "inst": "%qpc:1(N01)=",
                  "f": {
                    "lang": "qpc",
                    "form": "1(N01)",
                    "gdl": [
                      {
                        "n": "n",
                        "form": "1(N01)",
                        "id": "P000601.3.1.0",
                        "seq": [
                          {
                            "r": "1"
                          },
                          {
                            "s": "N01"
                          }
                        ]
                      }
                    ]
                  }
                },
                {
                  "node": "d",
                  "type": "field-end",
                  "subtype": "wp"
                },
                {
                  "node": "d",
                  "type": "field-start",
                  "subtype": "wp"
                },
                {
                  "node": "l",
                  "frag": "⸢NAMEŠDA⸣",
                  "id": "P000601.l001fd",
                  "ref": "P000601.3.2",
                  "inst": "%qpc:NAMEŠDA=",
                  "f": {
                    "lang": "qpc",
                    "form": "NAMEŠDA",
                    "gdl": [
                      {
                        "s": "NAMEŠDA",
                        "id": "P000601.3.2.0",
                        "break": "damaged",
                        "ho": "1",
                        "hc": "1"
                      }
                    ]
                  }
                },
                {
                  "node": "d",
                  "type": "field-end",
                  "subtype": "wp"
                }
              ]
            },
            {
              "node": "c",
              "type": "sentence",
              "implicit": "yes",
              "tag": "#auto",
              "id": "P000601.U4",
              "label": "o i 2",
              "cdl": [
                {
                  "node": "d",
                  "type": "line-start",
                  "ref": "P000601.4",
                  "n": "2",
                  "label": "o i 2"
                },
                {
                  "node": "d",
                  "type": "field-start",
                  "subtype": "wp"
                },
                {
                  "node": "l",
                  "frag": "1(N01)",
                  "id": "P000601.l001fe",
                  "ref": "P000601.4.1",
                  "inst": "%qpc:1(N01)=",
                  "f": {
                    "lang": "qpc",
                    "form": "1(N01)",
                    "gdl": [
                      {
                        "n": "n",
                        "form": "1(N01)",
                        "id": "P000601.4.1.0",
                        "seq": [
                          {
                            "r": "1"
                          },
                          {
                            "s": "N01"
                          }
                        ]
                      }
                    ]
                  }
                },
                {
                  "node": "d",
                  "type": "field-end",
                  "subtype": "wp"
                },
                {
                  "node": "d",
                  "type": "field-start",
                  "subtype": "wp"
                },
                {
                  "node": "l",
                  "frag": "⸢NAM₂⸣",
                  "id": "P000601.l001ff",
                  "ref": "P000601.4.2",
                  "inst": "%qpc:NAM₂=",
                  "f": {
                    "lang": "qpc",
                    "form": "NAM₂",
                    "delim": "",
                    "gdl": [
                      {
                        "s": "NAM₂",
                        "id": "P000601.4.2.0",
                        "break": "damaged",
                        "ho": "1",
                        "hc": "1"
                      }
                    ]
                  }
                },
                {
                  "node": "l",
                  "frag": "KAB",
                  "id": "P000601.l00200",
                  "ref": "P000601.4.3",
                  "inst": "%qpc:KAB=",
                  "f": {
                    "lang": "qpc",
                    "form": "KAB",
                    "gdl": [
                      {
                        "s": "KAB",
                        "id": "P000601.4.3.0"
                      }
                    ]
                  }
                },
                {
                  "node": "d",
                  "type": "field-end",
                  "subtype": "wp"
                }
              ]
            },
            {
              "node": "c",
              "type": "sentence",
              "implicit": "yes",
              "tag": "#auto",
              "id": "P000601.U6",
              "label": "o i 3",
              "cdl": [
                {
                  "node": "d",
                  "type": "line-start",
                  "ref": "P000601.5",
                  "n": "3",
                  "label": "o i 3"
                },
                {
                  "node": "d",
                  "type": "field-start",
                  "subtype": "wp"
                },
                {
                  "node": "l",
                  "frag": "1(N01)",
                  "id": "P000601.l00201",
                  "ref": "P000601.5.1",
                  "inst": "%qpc:1(N01)=",
                  "f": {
                    "lang": "qpc",
                    "form": "1(N01)",
                    "gdl": [
                      {
                        "n": "n",
                        "form": "1(N01)",
                        "id": "P000601.5.1.0",
                        "seq": [
                          {
                            "r": "1"
                          },
                          {
                            "s": "N01"
                          }
                        ]
                      }
                    ]
                  }
                },
                {
                  "node": "d",
                  "type": "field-end",
                  "subtype": "wp"
                },
                {
                  "node": "d",
                  "type": "field-start",
                  "subtype": "wp"
                },
                {
                  "node": "l",
                  "frag": "NAM₂",
                  "id": "P000601.l00202",
                  "ref": "P000601.5.2",
                  "inst": "%qpc:NAM₂=",
                  "f": {
                    "lang": "qpc",
                    "form": "NAM₂",
                    "delim": "",
                    "gdl": [
                      {
                        "s": "NAM₂",
                        "id": "P000601.5.2.0"
                      }
                    ]
                  }
                },
                {
                  "node": "l",
                  "frag": "DI",
                  "id": "P000601.l00203",
                  "ref": "P000601.5.3",
                  "inst": "%qpc:DI=",
                  "f": {
                    "lang": "qpc",
                    "form": "DI",
                    "gdl": [
                      {
                        "s": "DI",
                        "id": "P000601.5.3.0"
                      }
                    ]
                  }
                },
                {
                  "node": "d",
                  "type": "field-end",
                  "subtype": "wp"
                }
              ]
            },
            {
              "node": "c",
              "type": "sentence",
              "implicit": "yes",
              "tag": "#auto",
              "id": "P000601.U8",
              "label": "o i 4",
              "cdl": [
                {
                  "node": "d",
                  "type": "line-start",
                  "ref": "P000601.6",
                  "n": "4",
                  "label": "o i 4"
                },
                {
                  "node": "d",
                  "type": "field-start",
                  "subtype": "wp"
                },
                {
                  "node": "l",
                  "frag": "1(N01)",
                  "id": "P000601.l00204",
                  "ref": "P000601.6.1",
                  "inst": "%qpc:1(N01)=",
                  "f": {
                    "lang": "qpc",
                    "form": "1(N01)",
                    "gdl": [
                      {
                        "n": "n",
                        "form": "1(N01)",
                        "id": "P000601.6.1.0",
                        "seq": [
                          {
                            "r": "1"
                          },
                          {
                            "s": "N01"
                          }
                        ]
                      }
                    ]
                  }
                },
                {
                  "node": "d",
                  "type": "field-end",
                  "subtype": "wp"
                },
                {
                  "node": "d",
                  "type": "field-start",
                  "subtype": "wp"
                },
                {
                  "node": "l",
                  "frag": "⸢NAM₂",
                  "id": "P000601.l00205",
                  "ref": "P000601.6.2",
                  "inst": "%qpc:NAM₂=",
                  "f": {
                    "lang": "qpc",
                    "form": "NAM₂",
                    "delim": "",
                    "gdl": [
                      {
                        "s": "NAM₂",
                        "id": "P000601.6.2.0",
                        "break": "damaged",
                        "ho": "1"
                      }
                    ]
                  }
                },
                {
                  "node": "l",
                  "frag": "NAM₂⸣",
                  "id": "P000601.l00206",
                  "ref": "P000601.6.3",
                  "inst": "%qpc:NAM₂=",
                  "f": {
                    "lang": "qpc",
                    "form": "NAM₂",
                    "gdl": [
                      {
                        "s": "NAM₂",
                        "id": "P000601.6.3.0",
                        "break": "damaged",
                        "hc": "1"
                      }
                    ]
                  }
                },
                {
                  "node": "d",
                  "type": "field-end",
                  "subtype": "wp"
                },
                {
                  "node": "d",
                  "subtype": "column 2o",
                  "type": "column",
                  "ref": "P000601.o.ii.7",
                  "n": "2",
                  "label": "o ii"
                }
              ]
            },
            {
              "node": "c",
              "type": "sentence",
              "implicit": "yes",
              "tag": "#auto",
              "id": "P000601.U10",
              "label": "o ii 1",
              "cdl": [
                {
                  "node": "d",
                  "type": "line-start",
                  "ref": "P000601.8",
                  "n": "1",
                  "label": "o ii 1"
                },
                {
                  "node": "d",
                  "type": "field-start",
                  "subtype": "wp"
                },
                {
                  "node": "l",
                  "frag": "1(N01)",
                  "id": "P000601.l00207",
                  "ref": "P000601.8.1",
                  "inst": "%qpc:1(N01)=",
                  "f": {
                    "lang": "qpc",
                    "form": "1(N01)",
                    "gdl": [
                      {
                        "n": "n",
                        "form": "1(N01)",
                        "id": "P000601.8.1.0",
                        "seq": [
                          {
                            "r": "1"
                          },
                          {
                            "s": "N01"
                          }
                        ]
                      }
                    ]
                  }
                },
                {
                  "node": "d",
                  "type": "field-end",
                  "subtype": "wp"
                },
                {
                  "node": "d",
                  "type": "field-start",
                  "subtype": "wp"
                },
                {
                  "node": "l",
                  "frag": "⸢KINGAL⸣",
                  "id": "P000601.l00208",
                  "ref": "P000601.8.2",
                  "inst": "%qpc:KINGAL=",
                  "f": {
                    "lang": "qpc",
                    "form": "KINGAL",
                    "gdl": [
                      {
                        "s": "KINGAL",
                        "id": "P000601.8.2.0",
                        "break": "damaged",
                        "ho": "1",
                        "hc": "1"
                      }
                    ]
                  }
                },
                {
                  "node": "d",
                  "type": "field-end",
                  "subtype": "wp"
                }
              ]
            },
            {
              "node": "c",
              "type": "sentence",
              "implicit": "yes",
              "tag": "#auto",
              "id": "P000601.U12",
              "label": "o ii 2",
              "cdl": [
                {
                  "node": "d",
                  "type": "line-start",
                  "ref": "P000601.9",
                  "n": "2",
                  "label": "o ii 2"
                },
                {
                  "node": "d",
                  "type": "field-start",
                  "subtype": "wp"
                },
                {
                  "node": "l",
                  "frag": "1(N01)",
                  "id": "P000601.l00209",
                  "ref": "P000601.9.1",
                  "inst": "%qpc:1(N01)=",
                  "f": {
                    "lang": "qpc",
                    "form": "1(N01)",
                    "gdl": [
                      {
                        "n": "n",
                        "form": "1(N01)",
                        "id": "P000601.9.1.0",
                        "seq": [
                          {
                            "r": "1"
                          },
                          {
                            "s": "N01"
                          }
                        ]
                      }
                    ]
                  }
                },
                {
                  "node": "d",
                  "type": "field-end",
                  "subtype": "wp"
                },
                {
                  "node": "d",
                  "type": "field-start",
                  "subtype": "wp"
                },
                {
                  "node": "l",
                  "frag": "GAL~a",
                  "id": "P000601.l0020a",
                  "ref": "P000601.9.2",
                  "inst": "%qpc:GAL=",
                  "f": {
                    "lang": "qpc",
                    "form": "GAL",
                    "delim": "",
                    "gdl": [
                      {
                        "form": "GAL~a",
                        "id": "P000601.9.2.0",
                        "mods": [
                          {
                            "b": "GAL"
                          },
                          {
                            "a": "a"
                          }
                        ]
                      }
                    ]
                  }
                },
                {
                  "node": "l",
                  "frag": "[...]",
                  "id": "P000601.l0020b",
                  "ref": "P000601.9.3",
                  "inst": "%qpc:x=",
                  "f": {
                    "lang": "qpc",
                    "form": "x",
                    "gdl": [
                      {
                        "x": "ellipsis",
                        "id": "P000601.9.3.0",
                        "breakStart": "1",
                        "break": "missing",
                        "o": "]",
                        "breakEnd": "P000601.9.3.0"
                      }
                    ]
                  }
                },
                {
                  "node": "d",
                  "type": "field-end",
                  "subtype": "wp"
                }
              ]
            },
            {
              "node": "c",
              "type": "sentence",
              "implicit": "yes",
              "tag": "#auto",
              "id": "P000601.U14",
              "label": "o ii 3",
              "cdl": [
                {
                  "node": "d",
                  "type": "line-start",
                  "ref": "P000601.10",
                  "n": "3",
                  "label": "o ii 3"
                },
                {
                  "node": "d",
                  "type": "field-start",
                  "subtype": "wp"
                },
                {
                  "node": "l",
                  "frag": "1(N01)",
                  "id": "P000601.l0020c",
                  "ref": "P000601.10.1",
                  "inst": "%qpc:1(N01)=",
                  "f": {
                    "lang": "qpc",
                    "form": "1(N01)",
                    "gdl": [
                      {
                        "n": "n",
                        "form": "1(N01)",
                        "id": "P000601.10.1.0",
                        "seq": [
                          {
                            "r": "1"
                          },
                          {
                            "s": "N01"
                          }
                        ]
                      }
                    ]
                  }
                },
                {
                  "node": "d",
                  "type": "field-end",
                  "subtype": "wp"
                },
                {
                  "node": "d",
                  "type": "field-start",
                  "subtype": "wp"
                },
                {
                  "node": "l",
                  "frag": "⸢GAL~a⸣",
                  "id": "P000601.l0020d",
                  "ref": "P000601.10.2",
                  "inst": "%qpc:GAL=",
                  "f": {
                    "lang": "qpc",
                    "form": "GAL",
                    "delim": "",
                    "gdl": [
                      {
                        "form": "GAL~a",
                        "id": "P000601.10.2.0",
                        "break": "damaged",
                        "ho": "1",
                        "hc": "1",
                        "mods": [
                          {
                            "b": "GAL"
                          },
                          {
                            "a": "a"
                          }
                        ]
                      }
                    ]
                  }
                },
                {
                  "node": "l",
                  "frag": "[...]",
                  "id": "P000601.l0020e",
                  "ref": "P000601.10.3",
                  "inst": "%qpc:x=",
                  "f": {
                    "lang": "qpc",
                    "form": "x",
                    "gdl": [
                      {
                        "x": "ellipsis",
                        "id": "P000601.10.3.0",
                        "breakStart": "1",
                        "break": "missing",
                        "o": "]",
                        "breakEnd": "P000601.10.3.0"
                      }
                    ]
                  }
                },
                {
                  "node": "d",
                  "type": "field-end",
                  "subtype": "wp"
                },
                {
                  "node": "d",
                  "subtype": "reverse",
                  "type": "reverse",
                  "ref": "P000601.r.11",
                  "label": "r"
                },
                {
                  "node": "d",
                  "subtype": "column 1r",
                  "type": "column",
                  "ref": "P000601.r.i.12",
                  "n": "1",
                  "label": "r i"
                }
              ]
            },
            {
              "node": "c",
              "type": "sentence",
              "implicit": "yes",
              "tag": "#auto",
              "id": "P000601.U16",
              "label": "r i 1",
              "cdl": [
                {
                  "node": "d",
                  "type": "line-start",
                  "ref": "P000601.13",
                  "n": "1",
                  "label": "r i 1"
                },
                {
                  "node": "d",
                  "type": "field-start",
                  "subtype": "wp"
                },
                {
                  "node": "l",
                  "frag": "[...]",
                  "id": "P000601.l0020f",
                  "ref": "P000601.13.1",
                  "inst": "%qpc:x=",
                  "f": {
                    "lang": "qpc",
                    "form": "x",
                    "gdl": [
                      {
                        "x": "ellipsis",
                        "id": "P000601.13.1.0",
                        "breakStart": "1",
                        "break": "missing",
                        "o": "]",
                        "breakEnd": "P000601.13.1.0"
                      }
                    ]
                  }
                },
                {
                  "node": "d",
                  "type": "field-end",
                  "subtype": "wp"
                },
                {
                  "node": "d",
                  "type": "field-start",
                  "subtype": "wp"
                },
                {
                  "node": "l",
                  "frag": "HI",
                  "id": "P000601.l00210",
                  "ref": "P000601.13.2",
                  "inst": "%qpc:HI=",
                  "f": {
                    "lang": "qpc",
                    "form": "HI",
                    "delim": "",
                    "gdl": [
                      {
                        "s": "HI",
                        "id": "P000601.13.2.0"
                      }
                    ]
                  }
                },
                {
                  "node": "l",
                  "frag": "U₄",
                  "id": "P000601.l00211",
                  "ref": "P000601.13.3",
                  "inst": "%qpc:U₄=",
                  "f": {
                    "lang": "qpc",
                    "form": "U₄",
                    "delim": "",
                    "gdl": [
                      {
                        "s": "U₄",
                        "id": "P000601.13.3.0"
                      }
                    ]
                  }
                },
                {
                  "node": "l",
                  "frag": "[...]",
                  "id": "P000601.l00212",
                  "ref": "P000601.13.4",
                  "inst": "%qpc:x=",
                  "f": {
                    "lang": "qpc",
                    "form": "x",
                    "gdl": [
                      {
                        "x": "ellipsis",
                        "id": "P000601.13.4.0",
                        "breakStart": "1",
                        "break": "missing",
                        "o": "]",
                        "breakEnd": "P000601.13.4.0"
                      }
                    ]
                  }
                },
                {
                  "node": "d",
                  "type": "field-end",
                  "subtype": "wp"
                }
              ]
            }
          ]
        }
      ]
    }
  ]
}
