{
  "type": "cdl",
  "project": "dcclt",
  "source": "http://oracc.org/dcclt",
  "license": "This data is released under the CC0 license",
  "license-url": "https://creativecommons.org/publicdomain/zero/1.0/",
  "more-info": "http://oracc.org/doc/opendata/",
  "UTC-timestamp": "2019-01-29T00:09:12",
  "textid": "P010331",
  "cdl": [
    {
      "node": "c",
      "type": "text",
      "id": "P010331.U0",
      "cdl": [
        {
          "node": "d",
          "type": "object",
          "ref": ""
        },
        {
          "node": "d",
          "subtype": "obverse",
          "type": "obverse",
          "ref": "P010331.o.1",
          "label": "o"
        },
        {
          "node": "d",
          "subtype": "column 1o",
          "type": "column",
          "ref": "P010331.o.i.2",
          "n": "1",
          "label": "o i"
        },
        {
          "node": "d",
          "type": "nonx",
          "ref": "P010331.3",
          "strict": "1",
          "extent": "1",
          "scope": "line",
          "state": "traces"
        },
        {
          "node": "c",
          "type": "discourse",
          "subtype": "body",
          "id": "P010331.U1",
          "cdl": [
            {
              "node": "c",
              "type": "sentence",
              "implicit": "yes",
              "id": "P010331.U2",
              "label": "o i 2'",
              "cdl": [
                {
                  "node": "d",
                  "type": "line-start",
                  "ref": "P010331.4",
                  "n": "2'",
                  "label": "o i 2'"
                },
                {
                  "node": "l",
                  "frag": "[...]",
                  "id": "P010331.l09895",
                  "ref": "P010331.4.1",
                  "inst": "%sux:x=",
                  "f": {
                    "lang": "sux",
                    "form": "x",
                    "delim": "",
                    "gdl": [
                      {
                        "x": "ellipsis",
                        "id": "P010331.4.1.0",
                        "breakStart": "1",
                        "break": "missing",
                        "o": "]",
                        "breakEnd": "P010331.4.1.0"
                      }
                    ]
                  }
                },
                {
                  "node": "l",
                  "frag": "an",
                  "id": "P010331.l09896",
                  "ref": "P010331.4.2",
                  "inst": "%sux:an=",
                  "f": {
                    "lang": "sux",
                    "form": "an",
                    "delim": "",
                    "gdl": [
                      {
                        "v": "an",
                        "id": "P010331.4.2.0"
                      }
                    ]
                  }
                },
                {
                  "node": "l",
                  "frag": "ki",
                  "id": "P010331.l09897",
                  "ref": "P010331.4.3",
                  "inst": "%sux:ki=",
                  "f": {
                    "lang": "sux",
                    "form": "ki",
                    "gdl": [
                      {
                        "v": "ki",
                        "id": "P010331.4.3.0"
                      }
                    ]
                  }
                },
                {
                  "node": "d",
                  "subtype": "column 2o",
                  "type": "column",
                  "ref": "P010331.o.ii.5",
                  "n": "2",
                  "label": "o ii"
                }
              ]
            },
            {
              "node": "c",
              "type": "sentence",
              "implicit": "yes",
              "tag": "#auto",
              "id": "P010331.U4",
              "label": "o ii 1'",
              "cdl": [
                {
                  "node": "d",
                  "type": "line-start",
                  "ref": "P010331.6",
                  "n": "1'",
                  "label": "o ii 1'"
                },
                {
                  "node": "l",
                  "frag": "|ŠE&ŠE|",
                  "id": "P010331.l09898",
                  "ref": "P010331.6.1",
                  "inst": "%sux:|ŠE&ŠE|=",
                  "f": {
                    "lang": "sux",
                    "form": "|ŠE&ŠE|",
                    "delim": "",
                    "gdl": [
                      {
                        "c": "|ŠE&ŠE|",
                        "id": "P010331.6.1.0",
                        "seq": [
                          {
                            "s": "ŠE"
                          },
                          {
                            "o": "above"
                          },
                          {
                            "s": "ŠE"
                          }
                        ]
                      }
                    ]
                  }
                },
                {
                  "node": "l",
                  "frag": "HI",
                  "id": "P010331.l09899",
                  "ref": "P010331.6.2",
                  "inst": "%sux:HI=",
                  "f": {
                    "lang": "sux",
                    "form": "HI",
                    "gdl": [
                      {
                        "s": "HI",
                        "id": "P010331.6.2.0"
                      }
                    ]
                  }
                }
              ]
            }
          ]
        }
      ]
    }
  ]
}
