{
  "type": "cdl",
  "project": "dcclt",
  "source": "http://oracc.org/dcclt",
  "license": "This data is released under the CC0 license",
  "license-url": "https://creativecommons.org/publicdomain/zero/1.0/",
  "more-info": "http://oracc.org/doc/opendata/",
  "UTC-timestamp": "2019-01-29T00:09:26",
  "textid": "P224937",
  "cdl": [
    {
      "node": "c",
      "type": "text",
      "id": "P224937.U0",
      "cdl": [
        {
          "node": "d",
          "type": "object",
          "ref": ""
        },
        {
          "node": "d",
          "subtype": "obverse",
          "type": "obverse",
          "ref": "P224937.o.1",
          "label": "o"
        },
        {
          "node": "c",
          "type": "discourse",
          "subtype": "body",
          "id": "P224937.U1",
          "cdl": [
            {
              "node": "c",
              "type": "sentence",
              "implicit": "yes",
              "id": "P224937.U2",
              "label": "o 1",
              "cdl": [
                {
                  "node": "d",
                  "type": "line-start",
                  "ref": "P224937.2",
                  "n": "1",
                  "label": "o 1"
                },
                {
                  "node": "l",
                  "frag": "{ŋeš}saŋ-e-eš",
                  "id": "P224937.l1a4c7",
                  "ref": "P224937.2.1",
                  "inst": "X",
                  "f": {
                    "lang": "sux",
                    "form": "{ŋeš}saŋ-e-eš",
                    "gdl": [
                      {
                        "det": "semantic",
                        "pos": "pre",
                        "seq": [
                          {
                            "v": "ŋeš",
                            "id": "P224937.2.1.0"
                          }
                        ]
                      },
                      {
                        "v": "saŋ",
                        "id": "P224937.2.1.1",
                        "delim": "-"
                      },
                      {
                        "v": "e",
                        "id": "P224937.2.1.2",
                        "delim": "-"
                      },
                      {
                        "v": "eš",
                        "id": "P224937.2.1.3"
                      }
                    ],
                    "pos": "X"
                  }
                }
              ]
            },
            {
              "node": "c",
              "type": "sentence",
              "implicit": "yes",
              "tag": "#auto",
              "id": "P224937.U4",
              "label": "o 2",
              "cdl": [
                {
                  "node": "d",
                  "type": "line-start",
                  "ref": "P224937.3",
                  "n": "2",
                  "label": "o 2"
                },
                {
                  "node": "l",
                  "frag": "{ŋeš}šu₂-a",
                  "id": "P224937.l1a4c8",
                  "ref": "P224937.3.1",
                  "inst": "šuʾa[stool]N",
                  "exosig": "@dcclt%sux:{ŋeš}šu₂-a=šuʾa[stool//stool]N'N$šuʾa/{ŋeš}šu₂-a#~",
                  "exoprj": "epsd2",
                  "exolng": "sux",
                  "f": {
                    "lang": "sux",
                    "form": "{ŋeš}šu₂-a",
                    "gdl": [
                      {
                        "det": "semantic",
                        "pos": "pre",
                        "seq": [
                          {
                            "v": "ŋeš",
                            "id": "P224937.3.1.0"
                          }
                        ]
                      },
                      {
                        "v": "šu₂",
                        "id": "P224937.3.1.1",
                        "delim": "-"
                      },
                      {
                        "v": "a",
                        "id": "P224937.3.1.2"
                      }
                    ],
                    "cf": "šuʾa",
                    "gw": "stool",
                    "sense": "stool",
                    "norm0": "šuʾa",
                    "pos": "N",
                    "epos": "N",
                    "base": "{ŋeš}šu₂-a",
                    "morph": "~"
                  }
                }
              ]
            },
            {
              "node": "c",
              "type": "sentence",
              "implicit": "yes",
              "tag": "#auto",
              "id": "P224937.U6",
              "label": "o 3",
              "cdl": [
                {
                  "node": "d",
                  "type": "line-start",
                  "ref": "P224937.4",
                  "n": "3",
                  "label": "o 3"
                },
                {
                  "node": "l",
                  "frag": "{ŋeš}šu₂-a",
                  "id": "P224937.l1a4c9",
                  "ref": "P224937.4.1",
                  "inst": "šuʾa[stool]",
                  "exosig": "@dcclt%sux:{ŋeš}šu₂-a=šuʾa[stool//stool]N'N$šuʾa/{ŋeš}šu₂-a#~",
                  "exoprj": "epsd2",
                  "exolng": "sux",
                  "f": {
                    "lang": "sux",
                    "form": "{ŋeš}šu₂-a",
                    "delim": "",
                    "gdl": [
                      {
                        "det": "semantic",
                        "pos": "pre",
                        "seq": [
                          {
                            "v": "ŋeš",
                            "id": "P224937.4.1.0"
                          }
                        ]
                      },
                      {
                        "v": "šu₂",
                        "id": "P224937.4.1.1",
                        "delim": "-"
                      },
                      {
                        "v": "a",
                        "id": "P224937.4.1.2"
                      }
                    ],
                    "cf": "šuʾa",
                    "gw": "stool",
                    "sense": "stool",
                    "norm0": "šuʾa",
                    "pos": "N",
                    "epos": "N",
                    "base": "{ŋeš}šu₂-a",
                    "morph": "~"
                  }
                },
                {
                  "node": "l",
                  "frag": "⸢du₁₀⸣-us₂",
                  "id": "P224937.l1a4ca",
                  "ref": "P224937.4.2",
                  "inst": "dus[bathroom]",
                  "exosig": "@dcclt%sux:du₁₀-us₂=dus[bathroom//bathroom]N'N$dus/du₁₀-us₂#~",
                  "exoprj": "epsd2",
                  "exolng": "sux",
                  "f": {
                    "lang": "sux",
                    "form": "du₁₀-us₂",
                    "gdl": [
                      {
                        "v": "du₁₀",
                        "id": "P224937.4.2.0",
                        "break": "damaged",
                        "ho": "1",
                        "delim": "-",
                        "hc": "1"
                      },
                      {
                        "v": "us₂",
                        "id": "P224937.4.2.1"
                      }
                    ],
                    "cf": "dus",
                    "gw": "bathroom",
                    "sense": "bathroom",
                    "norm0": "dus",
                    "pos": "N",
                    "epos": "N",
                    "base": "du₁₀-us₂",
                    "morph": "~"
                  }
                }
              ]
            }
          ]
        }
      ]
    }
  ]
}
