{
  "type": "cdl",
  "project": "dcclt",
  "source": "http://oracc.org/dcclt",
  "license": "This data is released under the CC0 license",
  "license-url": "https://creativecommons.org/publicdomain/zero/1.0/",
  "more-info": "http://oracc.org/doc/opendata/",
  "UTC-timestamp": "2019-01-29T00:09:35",
  "textid": "P225046",
  "cdl": [
    {
      "node": "c",
      "type": "text",
      "id": "P225046.U0",
      "cdl": [
        {
          "node": "d",
          "subtype": "tablet",
          "type": "tablet",
          "ref": "P225046.x849.1",
          "label": "x849"
        },
        {
          "node": "d",
          "subtype": "obverse",
          "type": "obverse",
          "ref": "P225046.o.2",
          "label": "o"
        },
        {
          "node": "d",
          "subtype": "column 1o",
          "type": "column",
          "ref": "P225046.o.i.3",
          "n": "1",
          "label": "o i"
        },
        {
          "node": "c",
          "type": "discourse",
          "subtype": "body",
          "id": "P225046.U1",
          "cdl": [
            {
              "node": "c",
              "type": "sentence",
              "implicit": "yes",
              "id": "P225046.U2",
              "label": "o i 1",
              "cdl": [
                {
                  "node": "d",
                  "type": "line-start",
                  "ref": "P225046.4",
                  "n": "1",
                  "label": "o i 1"
                },
                {
                  "node": "l",
                  "frag": "šen",
                  "id": "P225046.l209d6",
                  "ref": "P225046.4.1",
                  "inst": "%sux:šen=",
                  "f": {
                    "lang": "sux",
                    "form": "šen",
                    "delim": "",
                    "gdl": [
                      {
                        "v": "šen",
                        "id": "P225046.4.1.0"
                      }
                    ]
                  }
                },
                {
                  "node": "l",
                  "frag": "tab-ba{zabar}",
                  "id": "P225046.l209d7",
                  "ref": "P225046.4.2",
                  "inst": "%sux:tab-ba{zabar}=",
                  "f": {
                    "lang": "sux",
                    "form": "tab-ba{zabar}",
                    "gdl": [
                      {
                        "v": "tab",
                        "id": "P225046.4.2.0",
                        "delim": "-"
                      },
                      {
                        "v": "ba",
                        "id": "P225046.4.2.1"
                      },
                      {
                        "det": "semantic",
                        "pos": "post",
                        "seq": [
                          {
                            "v": "zabar",
                            "id": "P225046.4.2.2"
                          }
                        ]
                      }
                    ]
                  }
                }
              ]
            },
            {
              "node": "c",
              "type": "sentence",
              "implicit": "yes",
              "tag": "#auto",
              "id": "P225046.U4",
              "label": "o i 2",
              "cdl": [
                {
                  "node": "d",
                  "type": "line-start",
                  "ref": "P225046.5",
                  "n": "2",
                  "label": "o i 2"
                },
                {
                  "node": "l",
                  "frag": "ša-an-da-lum{zabar}",
                  "id": "P225046.l209d8",
                  "ref": "P225046.5.1",
                  "inst": "%sux:ša-an-da-lum{zabar}=",
                  "f": {
                    "lang": "sux",
                    "form": "ša-an-da-lum{zabar}",
                    "gdl": [
                      {
                        "v": "ša",
                        "id": "P225046.5.1.0",
                        "delim": "-"
                      },
                      {
                        "v": "an",
                        "id": "P225046.5.1.1",
                        "delim": "-"
                      },
                      {
                        "v": "da",
                        "id": "P225046.5.1.2",
                        "delim": "-"
                      },
                      {
                        "v": "lum",
                        "id": "P225046.5.1.3"
                      },
                      {
                        "det": "semantic",
                        "pos": "post",
                        "seq": [
                          {
                            "v": "zabar",
                            "id": "P225046.5.1.4"
                          }
                        ]
                      }
                    ]
                  }
                }
              ]
            },
            {
              "node": "c",
              "type": "sentence",
              "implicit": "yes",
              "tag": "#auto",
              "id": "P225046.U6",
              "label": "o i 3",
              "cdl": [
                {
                  "node": "d",
                  "type": "line-start",
                  "ref": "P225046.6",
                  "n": "3",
                  "label": "o i 3"
                },
                {
                  "node": "l",
                  "frag": "an-za-ab{zabar}",
                  "id": "P225046.l209d9",
                  "ref": "P225046.6.1",
                  "inst": "%sux:an-za-ab{zabar}=",
                  "f": {
                    "lang": "sux",
                    "form": "an-za-ab{zabar}",
                    "gdl": [
                      {
                        "v": "an",
                        "id": "P225046.6.1.0",
                        "delim": "-"
                      },
                      {
                        "v": "za",
                        "id": "P225046.6.1.1",
                        "delim": "-"
                      },
                      {
                        "v": "ab",
                        "id": "P225046.6.1.2"
                      },
                      {
                        "det": "semantic",
                        "pos": "post",
                        "seq": [
                          {
                            "v": "zabar",
                            "id": "P225046.6.1.3"
                          }
                        ]
                      }
                    ]
                  }
                }
              ]
            }
          ]
        }
      ]
    }
  ]
}
