{
  "type": "cdl",
  "project": "dcclt",
  "source": "http://oracc.org/dcclt",
  "license": "This data is released under the CC0 license",
  "license-url": "https://creativecommons.org/publicdomain/zero/1.0/",
  "more-info": "http://oracc.org/doc/opendata/",
  "UTC-timestamp": "2019-01-29T00:09:43",
  "textid": "P225116",
  "cdl": [
    {
      "node": "c",
      "type": "text",
      "id": "P225116.U0",
      "cdl": [
        {
          "node": "d",
          "subtype": "tablet",
          "type": "tablet",
          "ref": "P225116.x2524.1",
          "label": "x2524"
        },
        {
          "node": "d",
          "subtype": "obverse",
          "type": "obverse",
          "ref": "P225116.o.2",
          "label": "o"
        },
        {
          "node": "d",
          "subtype": "column 1o",
          "type": "column",
          "ref": "P225116.o.i.3",
          "n": "1",
          "label": "o i"
        },
        {
          "node": "c",
          "type": "discourse",
          "subtype": "body",
          "id": "P225116.U1",
          "cdl": [
            {
              "node": "c",
              "type": "sentence",
              "implicit": "yes",
              "id": "P225116.U2",
              "label": "o i 1",
              "cdl": [
                {
                  "node": "d",
                  "type": "line-start",
                  "ref": "P225116.4",
                  "n": "1",
                  "label": "o i 1"
                },
                {
                  "node": "l",
                  "frag": "{⸢d}nin",
                  "id": "P225116.l56fb3",
                  "ref": "P225116.4.1",
                  "inst": "%sux:{d}nin=",
                  "f": {
                    "lang": "sux",
                    "form": "{d}nin",
                    "delim": "",
                    "gdl": [
                      {
                        "det": "semantic",
                        "pos": "pre",
                        "seq": [
                          {
                            "v": "d",
                            "id": "P225116.4.1.0",
                            "break": "damaged",
                            "ho": "1"
                          }
                        ]
                      },
                      {
                        "v": "nin",
                        "id": "P225116.4.1.1",
                        "break": "damaged"
                      }
                    ]
                  }
                },
                {
                  "node": "l",
                  "frag": "i₃⸣-si-in-na",
                  "id": "P225116.l56fb4",
                  "ref": "P225116.4.2",
                  "inst": "%sux:i₃-si-in-na=",
                  "f": {
                    "lang": "sux",
                    "form": "i₃-si-in-na",
                    "gdl": [
                      {
                        "v": "i₃",
                        "id": "P225116.4.2.0",
                        "break": "damaged",
                        "delim": "-",
                        "hc": "1"
                      },
                      {
                        "v": "si",
                        "id": "P225116.4.2.1",
                        "delim": "-"
                      },
                      {
                        "v": "in",
                        "id": "P225116.4.2.2",
                        "delim": "-"
                      },
                      {
                        "v": "na",
                        "id": "P225116.4.2.3"
                      }
                    ]
                  }
                }
              ]
            },
            {
              "node": "c",
              "type": "sentence",
              "implicit": "yes",
              "tag": "#auto",
              "id": "P225116.U4",
              "label": "o i 2",
              "cdl": [
                {
                  "node": "d",
                  "type": "line-start",
                  "ref": "P225116.5",
                  "n": "2",
                  "label": "o i 2"
                },
                {
                  "node": "l",
                  "frag": "{⸢d}da-mu⸣",
                  "id": "P225116.l56fb5",
                  "ref": "P225116.5.1",
                  "inst": "%sux:{d}da-mu=",
                  "f": {
                    "lang": "sux",
                    "form": "{d}da-mu",
                    "gdl": [
                      {
                        "det": "semantic",
                        "pos": "pre",
                        "seq": [
                          {
                            "v": "d",
                            "id": "P225116.5.1.0",
                            "break": "damaged",
                            "ho": "1"
                          }
                        ]
                      },
                      {
                        "v": "da",
                        "id": "P225116.5.1.1",
                        "break": "damaged",
                        "delim": "-"
                      },
                      {
                        "v": "mu",
                        "id": "P225116.5.1.2",
                        "break": "damaged",
                        "hc": "1"
                      }
                    ]
                  }
                }
              ]
            },
            {
              "node": "c",
              "type": "sentence",
              "implicit": "yes",
              "tag": "#auto",
              "id": "P225116.U6",
              "label": "o i 3",
              "cdl": [
                {
                  "node": "d",
                  "type": "line-start",
                  "ref": "P225116.6",
                  "n": "3",
                  "label": "o i 3"
                },
                {
                  "node": "l",
                  "frag": "{⸢d}ŋeštin-an-na⸣",
                  "id": "P225116.l56fb6",
                  "ref": "P225116.6.1",
                  "inst": "%sux:{d}ŋeštin-an-na=",
                  "f": {
                    "lang": "sux",
                    "form": "{d}ŋeštin-an-na",
                    "gdl": [
                      {
                        "det": "semantic",
                        "pos": "pre",
                        "seq": [
                          {
                            "v": "d",
                            "id": "P225116.6.1.0",
                            "break": "damaged",
                            "ho": "1"
                          }
                        ]
                      },
                      {
                        "v": "ŋeštin",
                        "id": "P225116.6.1.1",
                        "break": "damaged",
                        "delim": "-"
                      },
                      {
                        "v": "an",
                        "id": "P225116.6.1.2",
                        "break": "damaged",
                        "delim": "-"
                      },
                      {
                        "v": "na",
                        "id": "P225116.6.1.3",
                        "break": "damaged",
                        "hc": "1"
                      }
                    ]
                  }
                }
              ]
            }
          ]
        }
      ]
    }
  ]
}
