{
  "type": "cdl",
  "project": "dcclt",
  "source": "http://oracc.org/dcclt",
  "license": "This data is released under the CC0 license",
  "license-url": "https://creativecommons.org/publicdomain/zero/1.0/",
  "more-info": "http://oracc.org/doc/opendata/",
  "UTC-timestamp": "2019-01-29T00:10:16",
  "textid": "P227829",
  "cdl": [
    {
      "node": "c",
      "type": "text",
      "id": "P227829.U0",
      "cdl": [
        {
          "node": "d",
          "subtype": "tablet",
          "type": "tablet",
          "ref": "P227829.x532.1",
          "label": "x532"
        },
        {
          "node": "d",
          "subtype": "obverse",
          "type": "obverse",
          "ref": "P227829.o.2",
          "label": "o"
        },
        {
          "node": "c",
          "type": "discourse",
          "subtype": "body",
          "id": "P227829.U1",
          "cdl": [
            {
              "node": "c",
              "type": "sentence",
              "implicit": "yes",
              "id": "P227829.U2",
              "label": "o 1",
              "cdl": [
                {
                  "node": "d",
                  "type": "line-start",
                  "ref": "P227829.3",
                  "n": "1",
                  "label": "o 1"
                },
                {
                  "node": "l",
                  "frag": "izi",
                  "id": "P227829.l168e8",
                  "ref": "P227829.3.1",
                  "inst": "%sux:izi=",
                  "f": {
                    "lang": "sux",
                    "form": "izi",
                    "gdl": [
                      {
                        "v": "izi",
                        "id": "P227829.3.1.0"
                      }
                    ]
                  }
                }
              ]
            },
            {
              "node": "c",
              "type": "sentence",
              "implicit": "yes",
              "tag": "#auto",
              "id": "P227829.U4",
              "label": "o 2",
              "cdl": [
                {
                  "node": "d",
                  "type": "line-start",
                  "ref": "P227829.4",
                  "n": "2",
                  "label": "o 2"
                },
                {
                  "node": "l",
                  "frag": "ne",
                  "id": "P227829.l168e9",
                  "ref": "P227829.4.1",
                  "inst": "%sux:ne=",
                  "f": {
                    "lang": "sux",
                    "form": "ne",
                    "gdl": [
                      {
                        "v": "ne",
                        "id": "P227829.4.1.0"
                      }
                    ]
                  }
                }
              ]
            },
            {
              "node": "c",
              "type": "sentence",
              "implicit": "yes",
              "tag": "#auto",
              "id": "P227829.U6",
              "label": "o 3",
              "cdl": [
                {
                  "node": "d",
                  "type": "line-start",
                  "ref": "P227829.5",
                  "n": "3",
                  "label": "o 3"
                },
                {
                  "node": "l",
                  "frag": "didalₓ(NE)",
                  "id": "P227829.l168ea",
                  "ref": "P227829.5.1",
                  "inst": "%sux:didalₓ(NE)=",
                  "f": {
                    "lang": "sux",
                    "form": "didalₓ(NE)",
                    "gdl": [
                      {
                        "q": "didalₓ(NE)",
                        "id": "P227829.5.1.0",
                        "qualified": [
                          {
                            "v": "didalₓ"
                          },
                          {
                            "s": "NE"
                          }
                        ]
                      }
                    ]
                  }
                }
              ]
            },
            {
              "node": "c",
              "type": "sentence",
              "implicit": "yes",
              "tag": "#auto",
              "id": "P227829.U8",
              "label": "o 4",
              "cdl": [
                {
                  "node": "d",
                  "type": "line-start",
                  "ref": "P227829.6",
                  "n": "4",
                  "label": "o 4"
                },
                {
                  "node": "l",
                  "frag": "didalₓ(NE)",
                  "id": "P227829.l168eb",
                  "ref": "P227829.6.1",
                  "inst": "%sux:didalₓ(NE)=",
                  "f": {
                    "lang": "sux",
                    "form": "didalₓ(NE)",
                    "gdl": [
                      {
                        "q": "didalₓ(NE)",
                        "id": "P227829.6.1.0",
                        "qualified": [
                          {
                            "v": "didalₓ"
                          },
                          {
                            "s": "NE"
                          }
                        ]
                      }
                    ]
                  }
                }
              ]
            },
            {
              "node": "c",
              "type": "sentence",
              "implicit": "yes",
              "tag": "#auto",
              "id": "P227829.U10",
              "label": "o 5",
              "cdl": [
                {
                  "node": "d",
                  "type": "line-start",
                  "ref": "P227829.7",
                  "n": "5",
                  "label": "o 5"
                },
                {
                  "node": "l",
                  "frag": "didalₓ(NE)",
                  "id": "P227829.l168ec",
                  "ref": "P227829.7.1",
                  "inst": "%sux:didalₓ(NE)=",
                  "f": {
                    "lang": "sux",
                    "form": "didalₓ(NE)",
                    "gdl": [
                      {
                        "q": "didalₓ(NE)",
                        "id": "P227829.7.1.0",
                        "qualified": [
                          {
                            "v": "didalₓ"
                          },
                          {
                            "s": "NE"
                          }
                        ]
                      }
                    ]
                  }
                }
              ]
            },
            {
              "node": "c",
              "type": "sentence",
              "implicit": "yes",
              "tag": "#auto",
              "id": "P227829.U12",
              "label": "o 6",
              "cdl": [
                {
                  "node": "d",
                  "type": "line-start",
                  "ref": "P227829.8",
                  "n": "6",
                  "label": "o 6"
                },
                {
                  "node": "l",
                  "frag": "[...]-ŋar",
                  "id": "P227829.l168ed",
                  "ref": "P227829.8.1",
                  "inst": "%sux:x-ŋar=",
                  "f": {
                    "lang": "sux",
                    "form": "x-ŋar",
                    "gdl": [
                      {
                        "x": "ellipsis",
                        "id": "P227829.8.1.0",
                        "breakStart": "1",
                        "break": "missing",
                        "o": "]",
                        "breakEnd": "P227829.8.1.0",
                        "delim": "-"
                      },
                      {
                        "v": "ŋar",
                        "id": "P227829.8.1.1"
                      }
                    ]
                  }
                }
              ]
            },
            {
              "node": "c",
              "type": "sentence",
              "implicit": "yes",
              "tag": "#auto",
              "id": "P227829.U14",
              "label": "o 7",
              "cdl": [
                {
                  "node": "d",
                  "type": "line-start",
                  "ref": "P227829.9",
                  "n": "7",
                  "label": "o 7"
                },
                {
                  "node": "l",
                  "frag": "[...]-⸢bi₂⸣",
                  "id": "P227829.l168ee",
                  "ref": "P227829.9.1",
                  "inst": "%sux:x-bi₂=",
                  "f": {
                    "lang": "sux",
                    "form": "x-bi₂",
                    "gdl": [
                      {
                        "x": "ellipsis",
                        "id": "P227829.9.1.0",
                        "breakStart": "1",
                        "break": "missing",
                        "o": "]",
                        "breakEnd": "P227829.9.1.0",
                        "delim": "-"
                      },
                      {
                        "v": "bi₂",
                        "id": "P227829.9.1.1",
                        "break": "damaged",
                        "ho": "1",
                        "hc": "1"
                      }
                    ]
                  }
                }
              ]
            },
            {
              "node": "c",
              "type": "sentence",
              "implicit": "yes",
              "tag": "#auto",
              "id": "P227829.U16",
              "label": "o 8",
              "cdl": [
                {
                  "node": "d",
                  "type": "line-start",
                  "ref": "P227829.10",
                  "n": "8",
                  "label": "o 8"
                },
                {
                  "node": "l",
                  "frag": "[...]-⸢mur⸣",
                  "id": "P227829.l168ef",
                  "ref": "P227829.10.1",
                  "inst": "%sux:x-mur=",
                  "f": {
                    "lang": "sux",
                    "form": "x-mur",
                    "gdl": [
                      {
                        "x": "ellipsis",
                        "id": "P227829.10.1.0",
                        "breakStart": "1",
                        "break": "missing",
                        "o": "]",
                        "breakEnd": "P227829.10.1.0",
                        "delim": "-"
                      },
                      {
                        "v": "mur",
                        "id": "P227829.10.1.1",
                        "break": "damaged",
                        "ho": "1",
                        "hc": "1"
                      }
                    ]
                  }
                }
              ]
            },
            {
              "node": "c",
              "type": "sentence",
              "implicit": "yes",
              "tag": "#auto",
              "id": "P227829.U18",
              "label": "o 9",
              "cdl": [
                {
                  "node": "d",
                  "type": "line-start",
                  "ref": "P227829.11",
                  "n": "9",
                  "label": "o 9"
                },
                {
                  "node": "l",
                  "frag": "[...]-izi",
                  "id": "P227829.l168f0",
                  "ref": "P227829.11.1",
                  "inst": "%sux:x-izi=",
                  "f": {
                    "lang": "sux",
                    "form": "x-izi",
                    "gdl": [
                      {
                        "x": "ellipsis",
                        "id": "P227829.11.1.0",
                        "breakStart": "1",
                        "break": "missing",
                        "o": "]",
                        "breakEnd": "P227829.11.1.0",
                        "delim": "-"
                      },
                      {
                        "v": "izi",
                        "id": "P227829.11.1.1"
                      }
                    ]
                  }
                }
              ]
            },
            {
              "node": "c",
              "type": "sentence",
              "implicit": "yes",
              "tag": "#auto",
              "id": "P227829.U20",
              "label": "o 10",
              "cdl": [
                {
                  "node": "d",
                  "type": "line-start",
                  "ref": "P227829.12",
                  "n": "10",
                  "label": "o 10"
                },
                {
                  "node": "l",
                  "frag": "[...]",
                  "id": "P227829.l168f1",
                  "ref": "P227829.12.1",
                  "inst": "%sux:x=",
                  "f": {
                    "lang": "sux",
                    "form": "x",
                    "delim": "",
                    "gdl": [
                      {
                        "x": "ellipsis",
                        "id": "P227829.12.1.0",
                        "breakStart": "1",
                        "break": "missing",
                        "o": "]",
                        "breakEnd": "P227829.12.1.0"
                      }
                    ]
                  }
                },
                {
                  "node": "l",
                  "frag": "zig₃",
                  "id": "P227829.l168f2",
                  "ref": "P227829.12.2",
                  "inst": "%sux:zig₃=",
                  "f": {
                    "lang": "sux",
                    "form": "zig₃",
                    "gdl": [
                      {
                        "v": "zig₃",
                        "id": "P227829.12.2.0"
                      }
                    ]
                  }
                }
              ]
            },
            {
              "node": "c",
              "type": "sentence",
              "implicit": "yes",
              "tag": "#auto",
              "id": "P227829.U22",
              "label": "o 11",
              "cdl": [
                {
                  "node": "d",
                  "type": "line-start",
                  "ref": "P227829.13",
                  "n": "11",
                  "label": "o 11"
                },
                {
                  "node": "l",
                  "frag": "[...]-⸢dub₂⸣",
                  "id": "P227829.l168f3",
                  "ref": "P227829.13.1",
                  "inst": "%sux:x-dub₂=",
                  "f": {
                    "lang": "sux",
                    "form": "x-dub₂",
                    "gdl": [
                      {
                        "x": "ellipsis",
                        "id": "P227829.13.1.0",
                        "breakStart": "1",
                        "break": "missing",
                        "o": "]",
                        "breakEnd": "P227829.13.1.0",
                        "delim": "-"
                      },
                      {
                        "v": "dub₂",
                        "id": "P227829.13.1.1",
                        "break": "damaged",
                        "ho": "1",
                        "hc": "1"
                      }
                    ]
                  }
                },
                {
                  "node": "d",
                  "type": "nonx",
                  "ref": "P227829.14",
                  "strict": "1",
                  "extent": "rest",
                  "scope": "line",
                  "state": "missing"
                },
                {
                  "node": "d",
                  "subtype": "reverse",
                  "type": "reverse",
                  "ref": "P227829.r.15",
                  "label": "r"
                },
                {
                  "node": "d",
                  "type": "nonx",
                  "ref": "P227829.16",
                  "strict": "1",
                  "extent": "n",
                  "scope": "line",
                  "state": "missing"
                }
              ]
            },
            {
              "node": "c",
              "type": "sentence",
              "implicit": "yes",
              "tag": "#auto",
              "id": "P227829.U24",
              "label": "r 1'",
              "cdl": [
                {
                  "node": "d",
                  "type": "line-start",
                  "ref": "P227829.17",
                  "n": "1'",
                  "label": "r 1'"
                },
                {
                  "node": "l",
                  "frag": "⸢ki⸣",
                  "id": "P227829.l168f4",
                  "ref": "P227829.17.1",
                  "inst": "%sux:ki=",
                  "f": {
                    "lang": "sux",
                    "form": "ki",
                    "gdl": [
                      {
                        "v": "ki",
                        "id": "P227829.17.1.0",
                        "break": "damaged",
                        "ho": "1",
                        "hc": "1"
                      }
                    ]
                  }
                }
              ]
            },
            {
              "node": "c",
              "type": "sentence",
              "implicit": "yes",
              "tag": "#auto",
              "id": "P227829.U26",
              "label": "r 2'",
              "cdl": [
                {
                  "node": "d",
                  "type": "line-start",
                  "ref": "P227829.18",
                  "n": "2'",
                  "label": "r 2'"
                },
                {
                  "node": "l",
                  "frag": "[...]-he₂",
                  "id": "P227829.l168f5",
                  "ref": "P227829.18.1",
                  "inst": "%sux:x-he₂=",
                  "f": {
                    "lang": "sux",
                    "form": "x-he₂",
                    "gdl": [
                      {
                        "x": "ellipsis",
                        "id": "P227829.18.1.0",
                        "breakStart": "1",
                        "break": "missing",
                        "o": "]",
                        "breakEnd": "P227829.18.1.0",
                        "delim": "-"
                      },
                      {
                        "v": "he₂",
                        "id": "P227829.18.1.1"
                      }
                    ]
                  }
                }
              ]
            },
            {
              "node": "c",
              "type": "sentence",
              "implicit": "yes",
              "tag": "#auto",
              "id": "P227829.U28",
              "label": "r 3'",
              "cdl": [
                {
                  "node": "d",
                  "type": "line-start",
                  "ref": "P227829.19",
                  "n": "3'",
                  "label": "r 3'"
                },
                {
                  "node": "l",
                  "frag": "[...]-he₂",
                  "id": "P227829.l168f6",
                  "ref": "P227829.19.1",
                  "inst": "%sux:x-he₂=",
                  "f": {
                    "lang": "sux",
                    "form": "x-he₂",
                    "gdl": [
                      {
                        "x": "ellipsis",
                        "id": "P227829.19.1.0",
                        "breakStart": "1",
                        "break": "missing",
                        "o": "]",
                        "breakEnd": "P227829.19.1.0",
                        "delim": "-"
                      },
                      {
                        "v": "he₂",
                        "id": "P227829.19.1.1"
                      }
                    ]
                  }
                }
              ]
            },
            {
              "node": "c",
              "type": "sentence",
              "implicit": "yes",
              "tag": "#auto",
              "id": "P227829.U30",
              "label": "r 4'",
              "cdl": [
                {
                  "node": "d",
                  "type": "line-start",
                  "ref": "P227829.20",
                  "n": "4'",
                  "label": "r 4'"
                },
                {
                  "node": "l",
                  "frag": "[...]-na",
                  "id": "P227829.l168f7",
                  "ref": "P227829.20.1",
                  "inst": "%sux:x-na=",
                  "f": {
                    "lang": "sux",
                    "form": "x-na",
                    "gdl": [
                      {
                        "x": "ellipsis",
                        "id": "P227829.20.1.0",
                        "breakStart": "1",
                        "break": "missing",
                        "o": "]",
                        "breakEnd": "P227829.20.1.0",
                        "delim": "-"
                      },
                      {
                        "v": "na",
                        "id": "P227829.20.1.1"
                      }
                    ]
                  }
                }
              ]
            },
            {
              "node": "c",
              "type": "sentence",
              "implicit": "yes",
              "tag": "#auto",
              "id": "P227829.U32",
              "label": "r 5'",
              "cdl": [
                {
                  "node": "d",
                  "type": "line-start",
                  "ref": "P227829.21",
                  "n": "5'",
                  "label": "r 5'"
                },
                {
                  "node": "l",
                  "frag": "[...]-na",
                  "id": "P227829.l168f8",
                  "ref": "P227829.21.1",
                  "inst": "%sux:x-na=",
                  "f": {
                    "lang": "sux",
                    "form": "x-na",
                    "gdl": [
                      {
                        "x": "ellipsis",
                        "id": "P227829.21.1.0",
                        "breakStart": "1",
                        "break": "missing",
                        "o": "]",
                        "breakEnd": "P227829.21.1.0",
                        "delim": "-"
                      },
                      {
                        "v": "na",
                        "id": "P227829.21.1.1"
                      }
                    ]
                  }
                }
              ]
            },
            {
              "node": "c",
              "type": "sentence",
              "implicit": "yes",
              "tag": "#auto",
              "id": "P227829.U34",
              "label": "r 6'",
              "cdl": [
                {
                  "node": "d",
                  "type": "line-start",
                  "ref": "P227829.22",
                  "n": "6'",
                  "label": "r 6'"
                },
                {
                  "node": "l",
                  "frag": "[...]",
                  "id": "P227829.l168f9",
                  "ref": "P227829.22.1",
                  "inst": "%sux:x=",
                  "f": {
                    "lang": "sux",
                    "form": "x",
                    "delim": "",
                    "gdl": [
                      {
                        "x": "ellipsis",
                        "id": "P227829.22.1.0",
                        "breakStart": "1",
                        "break": "missing",
                        "o": "]",
                        "breakEnd": "P227829.22.1.0"
                      }
                    ]
                  }
                },
                {
                  "node": "l",
                  "frag": "limmu",
                  "id": "P227829.l168fa",
                  "ref": "P227829.22.2",
                  "inst": "%sux:limmu=",
                  "f": {
                    "lang": "sux",
                    "form": "limmu",
                    "gdl": [
                      {
                        "v": "limmu",
                        "id": "P227829.22.2.0"
                      }
                    ]
                  }
                }
              ]
            },
            {
              "node": "c",
              "type": "sentence",
              "implicit": "yes",
              "tag": "#auto",
              "id": "P227829.U36",
              "label": "r 7'",
              "cdl": [
                {
                  "node": "d",
                  "type": "line-start",
                  "ref": "P227829.23",
                  "n": "7'",
                  "label": "r 7'"
                },
                {
                  "node": "l",
                  "frag": "[...]-ga",
                  "id": "P227829.l168fb",
                  "ref": "P227829.23.1",
                  "inst": "%sux:x-ga=",
                  "f": {
                    "lang": "sux",
                    "form": "x-ga",
                    "gdl": [
                      {
                        "x": "ellipsis",
                        "id": "P227829.23.1.0",
                        "breakStart": "1",
                        "break": "missing",
                        "o": "]",
                        "breakEnd": "P227829.23.1.0",
                        "delim": "-"
                      },
                      {
                        "v": "ga",
                        "id": "P227829.23.1.1"
                      }
                    ]
                  }
                }
              ]
            },
            {
              "node": "c",
              "type": "sentence",
              "implicit": "yes",
              "tag": "#auto",
              "id": "P227829.U38",
              "label": "r 8'",
              "cdl": [
                {
                  "node": "d",
                  "type": "line-start",
                  "ref": "P227829.24",
                  "n": "8'",
                  "label": "r 8'"
                },
                {
                  "node": "l",
                  "frag": "[...]",
                  "id": "P227829.l168fc",
                  "ref": "P227829.24.1",
                  "inst": "%sux:x=",
                  "f": {
                    "lang": "sux",
                    "form": "x",
                    "delim": "",
                    "gdl": [
                      {
                        "x": "ellipsis",
                        "id": "P227829.24.1.0",
                        "breakStart": "1",
                        "break": "missing",
                        "o": "]",
                        "breakEnd": "P227829.24.1.0"
                      }
                    ]
                  }
                },
                {
                  "node": "l",
                  "frag": "DU-DU",
                  "id": "P227829.l168fd",
                  "ref": "P227829.24.2",
                  "inst": "%sux:DU-DU=",
                  "f": {
                    "lang": "sux",
                    "form": "DU-DU",
                    "gdl": [
                      {
                        "s": "DU",
                        "id": "P227829.24.2.0",
                        "delim": "-"
                      },
                      {
                        "s": "DU",
                        "id": "P227829.24.2.1"
                      }
                    ]
                  }
                },
                {
                  "node": "d",
                  "type": "nonx",
                  "ref": "P227829.25",
                  "strict": "1",
                  "extent": "1",
                  "scope": "line",
                  "state": "blank",
                  "flags": "?"
                },
                {
                  "node": "d",
                  "type": "nonx",
                  "ref": "P227829.26",
                  "strict": "1",
                  "extent": "2",
                  "scope": "line",
                  "state": "ruling"
                }
              ]
            }
          ]
        }
      ]
    }
  ]
}
