{
  "type": "cdl",
  "project": "dcclt",
  "source": "http://oracc.org/dcclt",
  "license": "This data is released under the CC0 license",
  "license-url": "https://creativecommons.org/publicdomain/zero/1.0/",
  "more-info": "http://oracc.org/doc/opendata/",
  "UTC-timestamp": "2019-01-29T00:10:18",
  "textid": "P227844",
  "cdl": [
    {
      "node": "c",
      "type": "text",
      "id": "P227844.U0",
      "cdl": [
        {
          "node": "d",
          "subtype": "tablet",
          "type": "tablet",
          "ref": "P227844.x297.1",
          "label": "x297"
        },
        {
          "node": "d",
          "subtype": "obverse",
          "type": "obverse",
          "ref": "P227844.o.2",
          "label": "o"
        },
        {
          "node": "d",
          "type": "nonx",
          "ref": "P227844.3",
          "strict": "0",
          "state": "erased"
        },
        {
          "node": "d",
          "subtype": "reverse",
          "type": "reverse",
          "ref": "P227844.r.4",
          "label": "r"
        },
        {
          "node": "d",
          "type": "nonx",
          "ref": "P227844.5",
          "strict": "0",
          "state": "other"
        },
        {
          "node": "d",
          "type": "nonx",
          "ref": "P227844.6",
          "strict": "0",
          "extent": "1",
          "scope": "line",
          "state": "ruling"
        },
        {
          "node": "d",
          "subtype": "column 1r '",
          "type": "column",
          "ref": "P227844.r.i_.7",
          "n": "1",
          "label": "r i'"
        },
        {
          "node": "d",
          "type": "nonx",
          "ref": "P227844.8",
          "strict": "1",
          "extent": "beginning",
          "scope": "column",
          "state": "missing"
        },
        {
          "node": "c",
          "type": "discourse",
          "subtype": "body",
          "id": "P227844.U1",
          "cdl": [
            {
              "node": "c",
              "type": "sentence",
              "implicit": "yes",
              "id": "P227844.U2",
              "label": "r i' 1'",
              "cdl": [
                {
                  "node": "d",
                  "type": "line-start",
                  "ref": "P227844.9",
                  "n": "1'",
                  "label": "r i' 1'"
                },
                {
                  "node": "d",
                  "type": "cell-start"
                },
                {
                  "node": "d",
                  "type": "field-start",
                  "subtype": "sv"
                },
                {
                  "node": "d",
                  "type": "field-end",
                  "subtype": "sv"
                },
                {
                  "node": "d",
                  "type": "cell-end"
                },
                {
                  "node": "d",
                  "type": "cell-start"
                },
                {
                  "node": "d",
                  "type": "field-start",
                  "subtype": "pr"
                },
                {
                  "node": "d",
                  "frag": "*",
                  "type": "punct",
                  "ref": "P227844.9.1",
                  "lang": "sux",
                  "delim": ""
                },
                {
                  "node": "l",
                  "frag": "⸢x⸣-[x]",
                  "id": "P227844.l0dbd8",
                  "ref": "P227844.9.2",
                  "inst": "%sux:x-x=",
                  "f": {
                    "lang": "sux",
                    "form": "x-x",
                    "gdl": [
                      {
                        "v": "x",
                        "id": "P227844.9.2.0",
                        "break": "damaged",
                        "ho": "1",
                        "delim": "-",
                        "hc": "1"
                      },
                      {
                        "v": "x",
                        "id": "P227844.9.2.1",
                        "breakStart": "1",
                        "o": "]",
                        "break": "missing",
                        "breakEnd": "P227844.9.2.1"
                      }
                    ]
                  }
                },
                {
                  "node": "d",
                  "type": "field-end",
                  "subtype": "pr"
                },
                {
                  "node": "d",
                  "type": "cell-end"
                },
                {
                  "node": "d",
                  "type": "cell-start"
                },
                {
                  "node": "d",
                  "type": "field-start",
                  "subtype": "sg"
                },
                {
                  "node": "l",
                  "frag": "[...]",
                  "id": "P227844.l0dbd9",
                  "ref": "P227844.9.3",
                  "inst": "%sux:x=",
                  "f": {
                    "lang": "sux",
                    "form": "x",
                    "gdl": [
                      {
                        "x": "ellipsis",
                        "id": "P227844.9.3.0",
                        "breakStart": "1",
                        "break": "missing",
                        "o": "]",
                        "breakEnd": "P227844.9.3.0"
                      }
                    ]
                  }
                },
                {
                  "node": "d",
                  "type": "field-end",
                  "subtype": "sg"
                },
                {
                  "node": "d",
                  "type": "cell-end"
                }
              ]
            },
            {
              "node": "c",
              "type": "sentence",
              "implicit": "yes",
              "tag": "#auto",
              "id": "P227844.U4",
              "label": "r i' 2'",
              "cdl": [
                {
                  "node": "d",
                  "type": "line-start",
                  "ref": "P227844.10",
                  "n": "2'",
                  "label": "r i' 2'"
                },
                {
                  "node": "d",
                  "type": "cell-start"
                },
                {
                  "node": "d",
                  "type": "field-start",
                  "subtype": "sv"
                },
                {
                  "node": "d",
                  "type": "field-end",
                  "subtype": "sv"
                },
                {
                  "node": "d",
                  "type": "cell-end"
                },
                {
                  "node": "d",
                  "type": "cell-start"
                },
                {
                  "node": "d",
                  "type": "field-start",
                  "subtype": "pr"
                },
                {
                  "node": "d",
                  "frag": "*",
                  "type": "punct",
                  "ref": "P227844.10.1",
                  "lang": "sux",
                  "delim": ""
                },
                {
                  "node": "l",
                  "frag": "⸢x⸣-[x]",
                  "id": "P227844.l0dbda",
                  "ref": "P227844.10.2",
                  "inst": "%sux:x-x=",
                  "f": {
                    "lang": "sux",
                    "form": "x-x",
                    "gdl": [
                      {
                        "v": "x",
                        "id": "P227844.10.2.0",
                        "break": "damaged",
                        "ho": "1",
                        "delim": "-",
                        "hc": "1"
                      },
                      {
                        "v": "x",
                        "id": "P227844.10.2.1",
                        "breakStart": "1",
                        "o": "]",
                        "break": "missing",
                        "breakEnd": "P227844.10.2.1"
                      }
                    ]
                  }
                },
                {
                  "node": "d",
                  "type": "field-end",
                  "subtype": "pr"
                },
                {
                  "node": "d",
                  "type": "cell-end"
                },
                {
                  "node": "d",
                  "type": "cell-start"
                },
                {
                  "node": "d",
                  "type": "field-start",
                  "subtype": "sg"
                },
                {
                  "node": "l",
                  "frag": "[...]",
                  "id": "P227844.l0dbdb",
                  "ref": "P227844.10.3",
                  "inst": "%sux:x=",
                  "f": {
                    "lang": "sux",
                    "form": "x",
                    "gdl": [
                      {
                        "x": "ellipsis",
                        "id": "P227844.10.3.0",
                        "breakStart": "1",
                        "break": "missing",
                        "o": "]",
                        "breakEnd": "P227844.10.3.0"
                      }
                    ]
                  }
                },
                {
                  "node": "d",
                  "type": "field-end",
                  "subtype": "sg"
                },
                {
                  "node": "d",
                  "type": "cell-end"
                }
              ]
            },
            {
              "node": "c",
              "type": "sentence",
              "implicit": "yes",
              "tag": "#auto",
              "id": "P227844.U6",
              "label": "r i' 3'",
              "cdl": [
                {
                  "node": "d",
                  "type": "line-start",
                  "ref": "P227844.11",
                  "n": "3'",
                  "label": "r i' 3'"
                },
                {
                  "node": "d",
                  "type": "cell-start"
                },
                {
                  "node": "d",
                  "type": "field-start",
                  "subtype": "sv"
                },
                {
                  "node": "d",
                  "type": "field-end",
                  "subtype": "sv"
                },
                {
                  "node": "d",
                  "type": "cell-end"
                },
                {
                  "node": "d",
                  "type": "cell-start"
                },
                {
                  "node": "d",
                  "type": "field-start",
                  "subtype": "pr"
                },
                {
                  "node": "d",
                  "frag": "*",
                  "type": "punct",
                  "ref": "P227844.11.1",
                  "lang": "sux",
                  "delim": ""
                },
                {
                  "node": "l",
                  "frag": "⸢x⸣-[x]",
                  "id": "P227844.l0dbdc",
                  "ref": "P227844.11.2",
                  "inst": "%sux:x-x=",
                  "f": {
                    "lang": "sux",
                    "form": "x-x",
                    "gdl": [
                      {
                        "v": "x",
                        "id": "P227844.11.2.0",
                        "break": "damaged",
                        "ho": "1",
                        "delim": "-",
                        "hc": "1"
                      },
                      {
                        "v": "x",
                        "id": "P227844.11.2.1",
                        "breakStart": "1",
                        "o": "]",
                        "break": "missing",
                        "breakEnd": "P227844.11.2.1"
                      }
                    ]
                  }
                },
                {
                  "node": "d",
                  "type": "field-end",
                  "subtype": "pr"
                },
                {
                  "node": "d",
                  "type": "cell-end"
                },
                {
                  "node": "d",
                  "type": "cell-start"
                },
                {
                  "node": "d",
                  "type": "field-start",
                  "subtype": "sg"
                },
                {
                  "node": "l",
                  "frag": "[...]",
                  "id": "P227844.l0dbdd",
                  "ref": "P227844.11.3",
                  "inst": "%sux:x=",
                  "f": {
                    "lang": "sux",
                    "form": "x",
                    "gdl": [
                      {
                        "x": "ellipsis",
                        "id": "P227844.11.3.0",
                        "breakStart": "1",
                        "break": "missing",
                        "o": "]",
                        "breakEnd": "P227844.11.3.0"
                      }
                    ]
                  }
                },
                {
                  "node": "d",
                  "type": "field-end",
                  "subtype": "sg"
                },
                {
                  "node": "d",
                  "type": "cell-end"
                }
              ]
            },
            {
              "node": "c",
              "type": "sentence",
              "implicit": "yes",
              "tag": "#auto",
              "id": "P227844.U8",
              "label": "r i' 4'",
              "cdl": [
                {
                  "node": "d",
                  "type": "line-start",
                  "ref": "P227844.12",
                  "n": "4'",
                  "label": "r i' 4'"
                },
                {
                  "node": "d",
                  "type": "cell-start"
                },
                {
                  "node": "d",
                  "type": "field-start",
                  "subtype": "sv"
                },
                {
                  "node": "l",
                  "frag": "dur₂",
                  "id": "P227844.l0dbde",
                  "ref": "P227844.12.1",
                  "inst": "dur[sit]V/i",
                  "exosig": "@dcclt%sux:dur₂=dur[sit//imperfect singular stem of tuš⟦to sit (down)⟧]V/i'V/i$dur/dur₂#~",
                  "exoprj": "epsd2",
                  "exolng": "sux",
                  "f": {
                    "lang": "sux",
                    "form": "dur₂",
                    "gdl": [
                      {
                        "v": "dur₂",
                        "id": "P227844.12.1.0"
                      }
                    ],
                    "cf": "dur",
                    "gw": "sit",
                    "sense": "imperfect singular stem of tuš⟦to sit (down)⟧",
                    "norm0": "dur",
                    "pos": "V/i",
                    "epos": "V/i",
                    "base": "dur₂",
                    "morph": "~"
                  }
                },
                {
                  "node": "d",
                  "type": "field-end",
                  "subtype": "sv"
                },
                {
                  "node": "d",
                  "type": "cell-end"
                },
                {
                  "node": "d",
                  "type": "cell-start"
                },
                {
                  "node": "d",
                  "type": "field-start",
                  "subtype": "pr"
                },
                {
                  "node": "d",
                  "frag": "*",
                  "type": "punct",
                  "ref": "P227844.12.2",
                  "lang": "sux",
                  "delim": ""
                },
                {
                  "node": "l",
                  "frag": "du-⸢ur⸣",
                  "id": "P227844.l0dbdf",
                  "ref": "P227844.12.3",
                  "inst": "%sux:du-ur=",
                  "f": {
                    "lang": "sux",
                    "form": "du-ur",
                    "gdl": [
                      {
                        "v": "du",
                        "id": "P227844.12.3.0",
                        "delim": "-"
                      },
                      {
                        "v": "ur",
                        "id": "P227844.12.3.1",
                        "break": "damaged",
                        "ho": "1",
                        "hc": "1"
                      }
                    ]
                  }
                },
                {
                  "node": "d",
                  "type": "field-end",
                  "subtype": "pr"
                },
                {
                  "node": "d",
                  "type": "cell-end"
                },
                {
                  "node": "d",
                  "type": "cell-start"
                },
                {
                  "node": "d",
                  "type": "field-start",
                  "subtype": "sg"
                },
                {
                  "node": "l",
                  "frag": "[KU]",
                  "id": "P227844.l0dbe0",
                  "ref": "P227844.12.4",
                  "inst": "%sux:KU=",
                  "f": {
                    "lang": "sux",
                    "form": "KU",
                    "gdl": [
                      {
                        "s": "KU",
                        "id": "P227844.12.4.0",
                        "breakStart": "1",
                        "o": "]",
                        "break": "missing",
                        "breakEnd": "P227844.12.4.0"
                      }
                    ]
                  }
                },
                {
                  "node": "d",
                  "type": "field-end",
                  "subtype": "sg"
                },
                {
                  "node": "d",
                  "type": "cell-end"
                }
              ]
            },
            {
              "node": "c",
              "type": "sentence",
              "implicit": "yes",
              "tag": "#auto",
              "id": "P227844.U10",
              "label": "r i' 5'",
              "cdl": [
                {
                  "node": "d",
                  "type": "line-start",
                  "ref": "P227844.13",
                  "n": "5'",
                  "label": "r i' 5'"
                },
                {
                  "node": "d",
                  "type": "cell-start"
                },
                {
                  "node": "d",
                  "type": "field-start",
                  "subtype": "sv"
                },
                {
                  "node": "l",
                  "frag": "duru₂",
                  "id": "P227844.l0dbe1",
                  "ref": "P227844.13.1",
                  "inst": "durun[sit]V/i",
                  "exosig": "@dcclt%sux:duru₂=durun[sit//plural stem of tuš⟦to sit (down)⟧]V/i'V/i$durun/durun#~",
                  "exoprj": "epsd2",
                  "exolng": "sux",
                  "f": {
                    "lang": "sux",
                    "form": "duru₂",
                    "gdl": [
                      {
                        "v": "duru₂",
                        "id": "P227844.13.1.0"
                      }
                    ],
                    "cf": "durun",
                    "gw": "sit",
                    "sense": "plural stem of tuš⟦to sit (down)⟧",
                    "norm0": "durun",
                    "pos": "V/i",
                    "epos": "V/i",
                    "base": "durun",
                    "morph": "~"
                  }
                },
                {
                  "node": "d",
                  "type": "field-end",
                  "subtype": "sv"
                },
                {
                  "node": "d",
                  "type": "cell-end"
                },
                {
                  "node": "d",
                  "type": "cell-start"
                },
                {
                  "node": "d",
                  "type": "field-start",
                  "subtype": "pr"
                },
                {
                  "node": "d",
                  "frag": "*",
                  "type": "punct",
                  "ref": "P227844.13.2",
                  "lang": "sux",
                  "delim": ""
                },
                {
                  "node": "l",
                  "frag": "⸢du⸣-[ru]",
                  "id": "P227844.l0dbe2",
                  "ref": "P227844.13.3",
                  "inst": "%sux:du-ru=",
                  "f": {
                    "lang": "sux",
                    "form": "du-ru",
                    "gdl": [
                      {
                        "v": "du",
                        "id": "P227844.13.3.0",
                        "break": "damaged",
                        "ho": "1",
                        "delim": "-",
                        "hc": "1"
                      },
                      {
                        "v": "ru",
                        "id": "P227844.13.3.1",
                        "breakStart": "1",
                        "o": "]",
                        "break": "missing",
                        "breakEnd": "P227844.13.3.1"
                      }
                    ]
                  }
                },
                {
                  "node": "d",
                  "type": "field-end",
                  "subtype": "pr"
                },
                {
                  "node": "d",
                  "type": "cell-end"
                },
                {
                  "node": "d",
                  "type": "cell-start"
                },
                {
                  "node": "d",
                  "type": "field-start",
                  "subtype": "sg"
                },
                {
                  "node": "l",
                  "frag": "[KU]",
                  "id": "P227844.l0dbe3",
                  "ref": "P227844.13.4",
                  "inst": "%sux:KU=",
                  "f": {
                    "lang": "sux",
                    "form": "KU",
                    "gdl": [
                      {
                        "s": "KU",
                        "id": "P227844.13.4.0",
                        "breakStart": "1",
                        "o": "]",
                        "break": "missing",
                        "breakEnd": "P227844.13.4.0"
                      }
                    ]
                  }
                },
                {
                  "node": "d",
                  "type": "field-end",
                  "subtype": "sg"
                },
                {
                  "node": "d",
                  "type": "cell-end"
                }
              ]
            },
            {
              "node": "c",
              "type": "sentence",
              "implicit": "yes",
              "tag": "#auto",
              "id": "P227844.U12",
              "label": "r i' 6'",
              "cdl": [
                {
                  "node": "d",
                  "type": "line-start",
                  "ref": "P227844.14",
                  "n": "6'",
                  "label": "r i' 6'"
                },
                {
                  "node": "d",
                  "type": "cell-start"
                },
                {
                  "node": "d",
                  "type": "field-start",
                  "subtype": "sv"
                },
                {
                  "node": "d",
                  "type": "field-end",
                  "subtype": "sv"
                },
                {
                  "node": "d",
                  "type": "cell-end"
                },
                {
                  "node": "d",
                  "type": "cell-start"
                },
                {
                  "node": "d",
                  "type": "field-start",
                  "subtype": "pr"
                },
                {
                  "node": "d",
                  "frag": "*",
                  "type": "punct",
                  "ref": "P227844.14.1",
                  "lang": "sux",
                  "delim": ""
                },
                {
                  "node": "l",
                  "frag": "⸢x⸣-[x]",
                  "id": "P227844.l0dbe4",
                  "ref": "P227844.14.2",
                  "inst": "%sux:x-x=",
                  "f": {
                    "lang": "sux",
                    "form": "x-x",
                    "gdl": [
                      {
                        "v": "x",
                        "id": "P227844.14.2.0",
                        "break": "damaged",
                        "ho": "1",
                        "delim": "-",
                        "hc": "1"
                      },
                      {
                        "v": "x",
                        "id": "P227844.14.2.1",
                        "breakStart": "1",
                        "o": "]",
                        "queried": "1",
                        "break": "missing",
                        "breakEnd": "P227844.14.2.1"
                      }
                    ]
                  }
                },
                {
                  "node": "d",
                  "type": "field-end",
                  "subtype": "pr"
                },
                {
                  "node": "d",
                  "type": "cell-end"
                },
                {
                  "node": "d",
                  "type": "cell-start"
                },
                {
                  "node": "d",
                  "type": "field-start",
                  "subtype": "sg"
                },
                {
                  "node": "l",
                  "frag": "[KU]",
                  "id": "P227844.l0dbe5",
                  "ref": "P227844.14.3",
                  "inst": "%sux:KU=",
                  "f": {
                    "lang": "sux",
                    "form": "KU",
                    "gdl": [
                      {
                        "s": "KU",
                        "id": "P227844.14.3.0",
                        "breakStart": "1",
                        "o": "]",
                        "break": "missing",
                        "breakEnd": "P227844.14.3.0"
                      }
                    ]
                  }
                },
                {
                  "node": "d",
                  "type": "field-end",
                  "subtype": "sg"
                },
                {
                  "node": "d",
                  "type": "cell-end"
                }
              ]
            },
            {
              "node": "c",
              "type": "sentence",
              "implicit": "yes",
              "tag": "#auto",
              "id": "P227844.U14",
              "label": "r i' 7'",
              "cdl": [
                {
                  "node": "d",
                  "type": "line-start",
                  "ref": "P227844.15",
                  "n": "7'",
                  "label": "r i' 7'"
                },
                {
                  "node": "d",
                  "type": "cell-start"
                },
                {
                  "node": "d",
                  "type": "field-start",
                  "subtype": "sv"
                },
                {
                  "node": "l",
                  "frag": "bu₇",
                  "id": "P227844.l0dbe6",
                  "ref": "P227844.15.1",
                  "inst": "bur[glow]",
                  "exosig": "@dcclt%sux:bu₇=bur[glow//to glow, shine]V/i'V/i$bur/bu₇#~",
                  "exoprj": "epsd2",
                  "exolng": "sux",
                  "f": {
                    "lang": "sux",
                    "form": "bu₇",
                    "gdl": [
                      {
                        "v": "bu₇",
                        "id": "P227844.15.1.0"
                      }
                    ],
                    "cf": "bur",
                    "gw": "glow",
                    "sense": "to glow, shine",
                    "norm0": "bur",
                    "pos": "V/i",
                    "epos": "V/i",
                    "base": "bu₇",
                    "morph": "~"
                  }
                },
                {
                  "node": "d",
                  "type": "field-end",
                  "subtype": "sv"
                },
                {
                  "node": "d",
                  "type": "cell-end"
                },
                {
                  "node": "d",
                  "type": "cell-start"
                },
                {
                  "node": "d",
                  "type": "field-start",
                  "subtype": "pr"
                },
                {
                  "node": "d",
                  "frag": "*",
                  "type": "punct",
                  "ref": "P227844.15.2",
                  "lang": "sux",
                  "delim": ""
                },
                {
                  "node": "l",
                  "frag": "⸢bu⸣-[u₂]",
                  "id": "P227844.l0dbe7",
                  "ref": "P227844.15.3",
                  "inst": "%sux:bu-u₂=",
                  "f": {
                    "lang": "sux",
                    "form": "bu-u₂",
                    "gdl": [
                      {
                        "v": "bu",
                        "id": "P227844.15.3.0",
                        "break": "damaged",
                        "ho": "1",
                        "delim": "-",
                        "hc": "1"
                      },
                      {
                        "v": "u₂",
                        "id": "P227844.15.3.1",
                        "breakStart": "1",
                        "o": "]",
                        "queried": "1",
                        "break": "missing",
                        "breakEnd": "P227844.15.3.1"
                      }
                    ]
                  }
                },
                {
                  "node": "d",
                  "type": "field-end",
                  "subtype": "pr"
                },
                {
                  "node": "d",
                  "type": "cell-end"
                },
                {
                  "node": "d",
                  "type": "cell-start"
                },
                {
                  "node": "d",
                  "type": "field-start",
                  "subtype": "sg"
                },
                {
                  "node": "l",
                  "frag": "[KU]",
                  "id": "P227844.l0dbe8",
                  "ref": "P227844.15.4",
                  "inst": "%sux:KU=",
                  "f": {
                    "lang": "sux",
                    "form": "KU",
                    "gdl": [
                      {
                        "s": "KU",
                        "id": "P227844.15.4.0",
                        "breakStart": "1",
                        "o": "]",
                        "break": "missing",
                        "breakEnd": "P227844.15.4.0"
                      }
                    ]
                  }
                },
                {
                  "node": "d",
                  "type": "field-end",
                  "subtype": "sg"
                },
                {
                  "node": "d",
                  "type": "cell-end"
                }
              ]
            },
            {
              "node": "c",
              "type": "sentence",
              "implicit": "yes",
              "tag": "#auto",
              "id": "P227844.U16",
              "label": "r i' 8'",
              "cdl": [
                {
                  "node": "d",
                  "type": "line-start",
                  "ref": "P227844.16",
                  "n": "8'",
                  "label": "r i' 8'"
                },
                {
                  "node": "d",
                  "type": "cell-start"
                },
                {
                  "node": "d",
                  "type": "field-start",
                  "subtype": "sv"
                },
                {
                  "node": "l",
                  "frag": "tukul",
                  "id": "P227844.l0dbe9",
                  "ref": "P227844.16.1",
                  "inst": "tukul[weapon]N",
                  "exosig": "@dcclt%sux:tukul=tukul[weapon//weapon]N'N$tukul/tukul#~",
                  "exoprj": "epsd2",
                  "exolng": "sux",
                  "f": {
                    "lang": "sux",
                    "form": "tukul",
                    "gdl": [
                      {
                        "v": "tukul",
                        "id": "P227844.16.1.0"
                      }
                    ],
                    "cf": "tukul",
                    "gw": "weapon",
                    "sense": "weapon",
                    "norm0": "tukul",
                    "pos": "N",
                    "epos": "N",
                    "base": "tukul",
                    "morph": "~"
                  }
                },
                {
                  "node": "d",
                  "type": "field-end",
                  "subtype": "sv"
                },
                {
                  "node": "d",
                  "type": "cell-end"
                },
                {
                  "node": "d",
                  "type": "cell-start"
                },
                {
                  "node": "d",
                  "type": "field-start",
                  "subtype": "pr"
                },
                {
                  "node": "d",
                  "frag": "*",
                  "type": "punct",
                  "ref": "P227844.16.2",
                  "lang": "sux",
                  "delim": ""
                },
                {
                  "node": "l",
                  "frag": "⸢tu⸣-[ku-ul]",
                  "id": "P227844.l0dbea",
                  "ref": "P227844.16.3",
                  "inst": "%sux:tu-ku-ul=",
                  "f": {
                    "lang": "sux",
                    "form": "tu-ku-ul",
                    "gdl": [
                      {
                        "v": "tu",
                        "id": "P227844.16.3.0",
                        "break": "damaged",
                        "ho": "1",
                        "delim": "-",
                        "hc": "1"
                      },
                      {
                        "v": "ku",
                        "id": "P227844.16.3.1",
                        "breakStart": "1",
                        "o": "[",
                        "break": "missing",
                        "delim": "-"
                      },
                      {
                        "v": "ul",
                        "id": "P227844.16.3.2",
                        "queried": "1",
                        "break": "missing",
                        "o": "]",
                        "breakEnd": "P227844.16.3.1"
                      }
                    ]
                  }
                },
                {
                  "node": "d",
                  "type": "field-end",
                  "subtype": "pr"
                },
                {
                  "node": "d",
                  "type": "cell-end"
                },
                {
                  "node": "d",
                  "type": "cell-start"
                },
                {
                  "node": "d",
                  "type": "field-start",
                  "subtype": "sg"
                },
                {
                  "node": "l",
                  "frag": "[KU]",
                  "id": "P227844.l0dbeb",
                  "ref": "P227844.16.4",
                  "inst": "%sux:KU=",
                  "f": {
                    "lang": "sux",
                    "form": "KU",
                    "gdl": [
                      {
                        "s": "KU",
                        "id": "P227844.16.4.0",
                        "breakStart": "1",
                        "o": "]",
                        "break": "missing",
                        "breakEnd": "P227844.16.4.0"
                      }
                    ]
                  }
                },
                {
                  "node": "d",
                  "type": "field-end",
                  "subtype": "sg"
                },
                {
                  "node": "d",
                  "type": "cell-end"
                }
              ]
            },
            {
              "node": "c",
              "type": "sentence",
              "implicit": "yes",
              "tag": "#auto",
              "id": "P227844.U18",
              "label": "r i' 9'",
              "cdl": [
                {
                  "node": "d",
                  "type": "line-start",
                  "ref": "P227844.17",
                  "n": "9'",
                  "label": "r i' 9'"
                },
                {
                  "node": "d",
                  "type": "cell-start"
                },
                {
                  "node": "d",
                  "type": "field-start",
                  "subtype": "sv"
                },
                {
                  "node": "d",
                  "frag": "*",
                  "type": "punct",
                  "ref": "P227844.17.1",
                  "lang": "sux"
                },
                {
                  "node": "d",
                  "type": "field-end",
                  "subtype": "sv"
                },
                {
                  "node": "d",
                  "type": "cell-end"
                },
                {
                  "node": "d",
                  "type": "cell-start"
                },
                {
                  "node": "d",
                  "type": "field-start",
                  "subtype": "sg"
                },
                {
                  "node": "l",
                  "frag": "⸢KU⸣-[KU]",
                  "id": "P227844.l0dbec",
                  "ref": "P227844.17.2",
                  "inst": "%sux:KU-KU=",
                  "f": {
                    "lang": "sux",
                    "form": "KU-KU",
                    "gdl": [
                      {
                        "s": "KU",
                        "id": "P227844.17.2.0",
                        "break": "damaged",
                        "ho": "1",
                        "delim": "-",
                        "hc": "1"
                      },
                      {
                        "s": "KU",
                        "id": "P227844.17.2.1",
                        "breakStart": "1",
                        "o": "]",
                        "break": "missing",
                        "breakEnd": "P227844.17.2.1"
                      }
                    ]
                  }
                },
                {
                  "node": "d",
                  "type": "field-end",
                  "subtype": "sg"
                },
                {
                  "node": "d",
                  "type": "cell-end"
                }
              ]
            },
            {
              "node": "c",
              "type": "sentence",
              "implicit": "yes",
              "tag": "#auto",
              "id": "P227844.U20",
              "label": "r i' 10'",
              "cdl": [
                {
                  "node": "d",
                  "type": "line-start",
                  "ref": "P227844.18",
                  "n": "10'",
                  "label": "r i' 10'"
                },
                {
                  "node": "d",
                  "type": "cell-start"
                },
                {
                  "node": "d",
                  "type": "field-start",
                  "subtype": "sv"
                },
                {
                  "node": "d",
                  "type": "field-end",
                  "subtype": "sv"
                },
                {
                  "node": "d",
                  "type": "cell-end"
                },
                {
                  "node": "d",
                  "type": "cell-start"
                },
                {
                  "node": "d",
                  "type": "field-start",
                  "subtype": "pr"
                },
                {
                  "node": "d",
                  "frag": "*",
                  "type": "punct",
                  "ref": "P227844.18.1",
                  "lang": "sux",
                  "delim": ""
                },
                {
                  "node": "l",
                  "frag": "⸢x⸣-[...]",
                  "id": "P227844.l0dbed",
                  "ref": "P227844.18.2",
                  "inst": "%sux:x-x=",
                  "f": {
                    "lang": "sux",
                    "form": "x-x",
                    "gdl": [
                      {
                        "v": "x",
                        "id": "P227844.18.2.0",
                        "break": "damaged",
                        "ho": "1",
                        "delim": "-",
                        "hc": "1"
                      },
                      {
                        "x": "ellipsis",
                        "id": "P227844.18.2.1",
                        "breakStart": "1",
                        "break": "missing",
                        "o": "]",
                        "breakEnd": "P227844.18.2.1"
                      }
                    ]
                  }
                },
                {
                  "node": "d",
                  "type": "field-end",
                  "subtype": "pr"
                },
                {
                  "node": "d",
                  "type": "cell-end"
                },
                {
                  "node": "d",
                  "type": "cell-start"
                },
                {
                  "node": "d",
                  "type": "field-start",
                  "subtype": "sg"
                },
                {
                  "node": "l",
                  "frag": "[...]",
                  "id": "P227844.l0dbee",
                  "ref": "P227844.18.3",
                  "inst": "%sux:x=",
                  "f": {
                    "lang": "sux",
                    "form": "x",
                    "gdl": [
                      {
                        "x": "ellipsis",
                        "id": "P227844.18.3.0",
                        "breakStart": "1",
                        "break": "missing",
                        "o": "]",
                        "breakEnd": "P227844.18.3.0"
                      }
                    ]
                  }
                },
                {
                  "node": "d",
                  "type": "field-end",
                  "subtype": "sg"
                },
                {
                  "node": "d",
                  "type": "cell-end"
                },
                {
                  "node": "d",
                  "type": "nonx",
                  "ref": "P227844.19",
                  "strict": "1",
                  "extent": "rest",
                  "scope": "column",
                  "state": "missing"
                },
                {
                  "node": "d",
                  "subtype": "column 2r '",
                  "type": "column",
                  "ref": "P227844.r.ii_.20",
                  "n": "2",
                  "label": "r ii'"
                },
                {
                  "node": "d",
                  "type": "nonx",
                  "ref": "P227844.21",
                  "strict": "1",
                  "extent": "beginning",
                  "scope": "column",
                  "state": "missing"
                }
              ]
            },
            {
              "node": "c",
              "type": "sentence",
              "implicit": "yes",
              "tag": "#auto",
              "id": "P227844.U22",
              "label": "r ii' 1'",
              "cdl": [
                {
                  "node": "d",
                  "type": "line-start",
                  "ref": "P227844.22",
                  "n": "1'",
                  "label": "r ii' 1'"
                },
                {
                  "node": "d",
                  "type": "cell-start"
                },
                {
                  "node": "d",
                  "type": "field-start",
                  "subtype": "sv"
                },
                {
                  "node": "d",
                  "type": "field-end",
                  "subtype": "sv"
                },
                {
                  "node": "d",
                  "type": "cell-end"
                },
                {
                  "node": "d",
                  "type": "cell-start"
                },
                {
                  "node": "d",
                  "type": "field-start",
                  "subtype": "pr"
                },
                {
                  "node": "d",
                  "frag": "[*]",
                  "type": "punct",
                  "ref": "P227844.22.1",
                  "lang": "sux",
                  "delim": ""
                },
                {
                  "node": "l",
                  "frag": "[x]-⸢ri⸣",
                  "id": "P227844.l0dbef",
                  "ref": "P227844.22.2",
                  "inst": "%sux:x-ri=",
                  "f": {
                    "lang": "sux",
                    "form": "x-ri",
                    "gdl": [
                      {
                        "v": "x",
                        "id": "P227844.22.2.0",
                        "breakStart": "1",
                        "o": "]",
                        "break": "missing",
                        "breakEnd": "P227844.22.2.0",
                        "delim": "-"
                      },
                      {
                        "v": "ri",
                        "id": "P227844.22.2.1",
                        "break": "damaged",
                        "ho": "1",
                        "hc": "1"
                      }
                    ]
                  }
                },
                {
                  "node": "d",
                  "type": "field-end",
                  "subtype": "pr"
                },
                {
                  "node": "d",
                  "type": "cell-end"
                },
                {
                  "node": "d",
                  "type": "cell-start"
                },
                {
                  "node": "d",
                  "type": "field-start",
                  "subtype": "sg"
                },
                {
                  "node": "l",
                  "frag": "|LAGAB×SUM|",
                  "id": "P227844.l0dbf0",
                  "ref": "P227844.22.3",
                  "inst": "%sux:|LAGAB×SUM|=",
                  "f": {
                    "lang": "sux",
                    "form": "|LAGAB×SUM|",
                    "gdl": [
                      {
                        "c": "|LAGAB×SUM|",
                        "id": "P227844.22.3.0",
                        "seq": [
                          {
                            "s": "LAGAB",
                            "break": "damaged"
                          },
                          {
                            "o": "containing"
                          },
                          {
                            "s": "SUM"
                          }
                        ]
                      }
                    ]
                  }
                },
                {
                  "node": "d",
                  "type": "field-end",
                  "subtype": "sg"
                },
                {
                  "node": "d",
                  "type": "cell-end"
                }
              ]
            },
            {
              "node": "c",
              "type": "sentence",
              "implicit": "yes",
              "tag": "#auto",
              "id": "P227844.U24",
              "label": "r ii' 2'",
              "cdl": [
                {
                  "node": "d",
                  "type": "line-start",
                  "ref": "P227844.23",
                  "n": "2'",
                  "label": "r ii' 2'"
                },
                {
                  "node": "d",
                  "type": "cell-start"
                },
                {
                  "node": "d",
                  "type": "field-start",
                  "subtype": "sv"
                },
                {
                  "node": "l",
                  "frag": "zar",
                  "id": "P227844.l0dbf1",
                  "ref": "P227844.23.1",
                  "inst": "zar[sheaf (of barley), stack of sheaves]N",
                  "exosig": "@dcclt%sux:zar=zar[sheaf//sheaf (of barley), stack of sheaves]N'N$zar/zar#~",
                  "exoprj": "epsd2",
                  "exolng": "sux",
                  "f": {
                    "lang": "sux",
                    "form": "zar",
                    "gdl": [
                      {
                        "v": "zar",
                        "id": "P227844.23.1.0"
                      }
                    ],
                    "cf": "zar",
                    "gw": "sheaf",
                    "sense": "sheaf (of barley), stack of sheaves",
                    "norm0": "zar",
                    "pos": "N",
                    "epos": "N",
                    "base": "zar",
                    "morph": "~"
                  }
                },
                {
                  "node": "d",
                  "type": "field-end",
                  "subtype": "sv"
                },
                {
                  "node": "d",
                  "type": "cell-end"
                },
                {
                  "node": "d",
                  "type": "cell-start"
                },
                {
                  "node": "d",
                  "type": "field-start",
                  "subtype": "pr"
                },
                {
                  "node": "d",
                  "frag": "[*]",
                  "type": "punct",
                  "ref": "P227844.23.2",
                  "lang": "sux",
                  "delim": ""
                },
                {
                  "node": "l",
                  "frag": "⸢za⸣-ar",
                  "id": "P227844.l0dbf2",
                  "ref": "P227844.23.3",
                  "inst": "%sux:za-ar=",
                  "f": {
                    "lang": "sux",
                    "form": "za-ar",
                    "gdl": [
                      {
                        "v": "za",
                        "id": "P227844.23.3.0",
                        "break": "damaged",
                        "ho": "1",
                        "delim": "-",
                        "hc": "1"
                      },
                      {
                        "v": "ar",
                        "id": "P227844.23.3.1"
                      }
                    ]
                  }
                },
                {
                  "node": "d",
                  "type": "field-end",
                  "subtype": "pr"
                },
                {
                  "node": "d",
                  "type": "cell-end"
                },
                {
                  "node": "d",
                  "type": "cell-start"
                },
                {
                  "node": "d",
                  "type": "field-start",
                  "subtype": "sg"
                },
                {
                  "node": "l",
                  "frag": "|LAGAB×SUM|",
                  "id": "P227844.l0dbf3",
                  "ref": "P227844.23.4",
                  "inst": "%sux:|LAGAB×SUM|=",
                  "f": {
                    "lang": "sux",
                    "form": "|LAGAB×SUM|",
                    "gdl": [
                      {
                        "c": "|LAGAB×SUM|",
                        "id": "P227844.23.4.0",
                        "seq": [
                          {
                            "s": "LAGAB"
                          },
                          {
                            "o": "containing"
                          },
                          {
                            "s": "SUM"
                          }
                        ]
                      }
                    ]
                  }
                },
                {
                  "node": "d",
                  "type": "field-end",
                  "subtype": "sg"
                },
                {
                  "node": "d",
                  "type": "cell-end"
                }
              ]
            },
            {
              "node": "c",
              "type": "sentence",
              "implicit": "yes",
              "tag": "#auto",
              "id": "P227844.U26",
              "label": "r ii' 3'",
              "cdl": [
                {
                  "node": "d",
                  "type": "line-start",
                  "ref": "P227844.24",
                  "n": "3'",
                  "label": "r ii' 3'"
                },
                {
                  "node": "d",
                  "type": "cell-start"
                },
                {
                  "node": "d",
                  "type": "field-start",
                  "subtype": "sv"
                },
                {
                  "node": "l",
                  "frag": "bu₁₄",
                  "id": "P227844.l0dbf4",
                  "ref": "P227844.24.1",
                  "inst": "bul[blow]",
                  "sig": "@dcclt%sux:bu₁₄=bul[blow//blow]V/t'V/t$bul/bul₅#~",
                  "f": {
                    "lang": "sux",
                    "form": "bu₁₄",
                    "gdl": [
                      {
                        "v": "bu₁₄",
                        "id": "P227844.24.1.0"
                      }
                    ],
                    "cf": "bul",
                    "gw": "blow",
                    "sense": "blow",
                    "norm0": "bul",
                    "pos": "V/t",
                    "epos": "V/t",
                    "base": "bul₅",
                    "morph": "~"
                  }
                },
                {
                  "node": "d",
                  "type": "field-end",
                  "subtype": "sv"
                },
                {
                  "node": "d",
                  "type": "cell-end"
                },
                {
                  "node": "d",
                  "type": "cell-start"
                },
                {
                  "node": "d",
                  "type": "field-start",
                  "subtype": "pr"
                },
                {
                  "node": "d",
                  "frag": "[*]",
                  "type": "punct",
                  "ref": "P227844.24.2",
                  "lang": "sux",
                  "delim": ""
                },
                {
                  "node": "l",
                  "frag": "bu-u₂",
                  "id": "P227844.l0dbf5",
                  "ref": "P227844.24.3",
                  "inst": "%sux:bu-u₂=",
                  "f": {
                    "lang": "sux",
                    "form": "bu-u₂",
                    "gdl": [
                      {
                        "v": "bu",
                        "id": "P227844.24.3.0",
                        "delim": "-"
                      },
                      {
                        "v": "u₂",
                        "id": "P227844.24.3.1"
                      }
                    ]
                  }
                },
                {
                  "node": "d",
                  "type": "field-end",
                  "subtype": "pr"
                },
                {
                  "node": "d",
                  "type": "cell-end"
                },
                {
                  "node": "d",
                  "type": "cell-start"
                },
                {
                  "node": "d",
                  "type": "field-start",
                  "subtype": "sg"
                },
                {
                  "node": "l",
                  "frag": "|LAGAB×SUM|",
                  "id": "P227844.l0dbf6",
                  "ref": "P227844.24.4",
                  "inst": "%sux:|LAGAB×SUM|=",
                  "f": {
                    "lang": "sux",
                    "form": "|LAGAB×SUM|",
                    "gdl": [
                      {
                        "c": "|LAGAB×SUM|",
                        "id": "P227844.24.4.0",
                        "seq": [
                          {
                            "s": "LAGAB"
                          },
                          {
                            "o": "containing"
                          },
                          {
                            "s": "SUM",
                            "queried": "1",
                            "break": "damaged"
                          }
                        ]
                      }
                    ]
                  }
                },
                {
                  "node": "d",
                  "type": "field-end",
                  "subtype": "sg"
                },
                {
                  "node": "d",
                  "type": "cell-end"
                }
              ]
            },
            {
              "node": "c",
              "type": "sentence",
              "implicit": "yes",
              "tag": "#auto",
              "id": "P227844.U28",
              "label": "r ii' 4'",
              "cdl": [
                {
                  "node": "d",
                  "type": "line-start",
                  "ref": "P227844.25",
                  "n": "4'",
                  "label": "r ii' 4'"
                },
                {
                  "node": "d",
                  "type": "cell-start"
                },
                {
                  "node": "d",
                  "type": "field-start",
                  "subtype": "sv"
                },
                {
                  "node": "l",
                  "frag": "gigir",
                  "id": "P227844.l0dbf7",
                  "ref": "P227844.25.1",
                  "inst": "gigir[chariot]N",
                  "exosig": "@dcclt%sux:gigir=gigir[chariot//chariot]N'N$gigir/gigir#~",
                  "exoprj": "epsd2",
                  "exolng": "sux",
                  "f": {
                    "lang": "sux",
                    "form": "gigir",
                    "gdl": [
                      {
                        "v": "gigir",
                        "id": "P227844.25.1.0"
                      }
                    ],
                    "cf": "gigir",
                    "gw": "chariot",
                    "sense": "chariot",
                    "norm0": "gigir",
                    "pos": "N",
                    "epos": "N",
                    "base": "gigir",
                    "morph": "~"
                  }
                },
                {
                  "node": "d",
                  "type": "field-end",
                  "subtype": "sv"
                },
                {
                  "node": "d",
                  "type": "cell-end"
                },
                {
                  "node": "d",
                  "type": "cell-start"
                },
                {
                  "node": "d",
                  "type": "field-start",
                  "subtype": "pr"
                },
                {
                  "node": "d",
                  "frag": "[*]",
                  "type": "punct",
                  "ref": "P227844.25.2",
                  "lang": "sux",
                  "delim": ""
                },
                {
                  "node": "l",
                  "frag": "gi-gi-ir",
                  "id": "P227844.l0dbf8",
                  "ref": "P227844.25.3",
                  "inst": "%sux:gi-gi-ir=",
                  "f": {
                    "lang": "sux",
                    "form": "gi-gi-ir",
                    "gdl": [
                      {
                        "v": "gi",
                        "id": "P227844.25.3.0",
                        "delim": "-"
                      },
                      {
                        "v": "gi",
                        "id": "P227844.25.3.1",
                        "delim": "-"
                      },
                      {
                        "v": "ir",
                        "id": "P227844.25.3.2"
                      }
                    ]
                  }
                },
                {
                  "node": "d",
                  "type": "field-end",
                  "subtype": "pr"
                },
                {
                  "node": "d",
                  "type": "cell-end"
                },
                {
                  "node": "d",
                  "type": "cell-start"
                },
                {
                  "node": "d",
                  "type": "field-start",
                  "subtype": "sg"
                },
                {
                  "node": "l",
                  "frag": "|LAGAB×BAD|",
                  "id": "P227844.l0dbf9",
                  "ref": "P227844.25.4",
                  "inst": "%sux:|LAGAB×BAD|=",
                  "f": {
                    "lang": "sux",
                    "form": "|LAGAB×BAD|",
                    "gdl": [
                      {
                        "c": "|LAGAB×BAD|",
                        "id": "P227844.25.4.0",
                        "seq": [
                          {
                            "s": "LAGAB"
                          },
                          {
                            "o": "containing"
                          },
                          {
                            "s": "BAD"
                          }
                        ]
                      }
                    ]
                  }
                },
                {
                  "node": "d",
                  "type": "field-end",
                  "subtype": "sg"
                },
                {
                  "node": "d",
                  "type": "cell-end"
                }
              ]
            },
            {
              "node": "c",
              "type": "sentence",
              "implicit": "yes",
              "tag": "#auto",
              "id": "P227844.U30",
              "label": "r ii' 5'",
              "cdl": [
                {
                  "node": "d",
                  "type": "line-start",
                  "ref": "P227844.26",
                  "n": "5'",
                  "label": "r ii' 5'"
                },
                {
                  "node": "d",
                  "type": "cell-start"
                },
                {
                  "node": "d",
                  "type": "field-start",
                  "subtype": "sv"
                },
                {
                  "node": "l",
                  "frag": "ŋarim",
                  "id": "P227844.l0dbfa",
                  "ref": "P227844.26.1",
                  "inst": "ŋarim[meadow]",
                  "sig": "@dcclt%sux:ŋarim=ŋarim[meadow//meadow]N'N$ŋarim/ŋarim#~",
                  "f": {
                    "lang": "sux",
                    "form": "ŋarim",
                    "gdl": [
                      {
                        "v": "ŋarim",
                        "id": "P227844.26.1.0"
                      }
                    ],
                    "cf": "ŋarim",
                    "gw": "meadow",
                    "sense": "meadow",
                    "norm0": "ŋarim",
                    "pos": "N",
                    "epos": "N",
                    "base": "ŋarim",
                    "morph": "~"
                  }
                },
                {
                  "node": "d",
                  "type": "field-end",
                  "subtype": "sv"
                },
                {
                  "node": "d",
                  "type": "cell-end"
                },
                {
                  "node": "d",
                  "type": "cell-start"
                },
                {
                  "node": "d",
                  "type": "field-start",
                  "subtype": "pr"
                },
                {
                  "node": "d",
                  "frag": "[*]",
                  "type": "punct",
                  "ref": "P227844.26.2",
                  "lang": "sux",
                  "delim": ""
                },
                {
                  "node": "l",
                  "frag": "ŋa₂-ri-im",
                  "id": "P227844.l0dbfb",
                  "ref": "P227844.26.3",
                  "inst": "%sux:ŋa₂-ri-im=",
                  "f": {
                    "lang": "sux",
                    "form": "ŋa₂-ri-im",
                    "gdl": [
                      {
                        "v": "ŋa₂",
                        "id": "P227844.26.3.0",
                        "delim": "-"
                      },
                      {
                        "v": "ri",
                        "id": "P227844.26.3.1",
                        "delim": "-"
                      },
                      {
                        "v": "im",
                        "id": "P227844.26.3.2"
                      }
                    ]
                  }
                },
                {
                  "node": "d",
                  "type": "field-end",
                  "subtype": "pr"
                },
                {
                  "node": "d",
                  "type": "cell-end"
                },
                {
                  "node": "d",
                  "type": "cell-start"
                },
                {
                  "node": "d",
                  "type": "field-start",
                  "subtype": "sg"
                },
                {
                  "node": "l",
                  "frag": "|LAGAB×KU₃|",
                  "id": "P227844.l0dbfc",
                  "ref": "P227844.26.4",
                  "inst": "%sux:|LAGAB×KU₃|=",
                  "f": {
                    "lang": "sux",
                    "form": "|LAGAB×KU₃|",
                    "gdl": [
                      {
                        "c": "|LAGAB×KU₃|",
                        "id": "P227844.26.4.0",
                        "seq": [
                          {
                            "s": "LAGAB"
                          },
                          {
                            "o": "containing"
                          },
                          {
                            "s": "KU₃"
                          }
                        ]
                      }
                    ]
                  }
                },
                {
                  "node": "d",
                  "type": "field-end",
                  "subtype": "sg"
                },
                {
                  "node": "d",
                  "type": "cell-end"
                }
              ]
            },
            {
              "node": "c",
              "type": "sentence",
              "implicit": "yes",
              "tag": "#auto",
              "id": "P227844.U32",
              "label": "r ii' 6'",
              "cdl": [
                {
                  "node": "d",
                  "type": "line-start",
                  "ref": "P227844.27",
                  "n": "6'",
                  "label": "r ii' 6'"
                },
                {
                  "node": "d",
                  "type": "cell-start"
                },
                {
                  "node": "d",
                  "type": "field-start",
                  "subtype": "sv"
                },
                {
                  "node": "l",
                  "frag": "šara₂",
                  "id": "P227844.l0dbfd",
                  "ref": "P227844.27.1",
                  "inst": "šara[slander]V/t",
                  "exosig": "@dcclt%sux:šara₂=šara[slander//to slander]V/t'V/t$šara/šara₂#~",
                  "exoprj": "epsd2",
                  "exolng": "sux",
                  "f": {
                    "lang": "sux",
                    "form": "šara₂",
                    "gdl": [
                      {
                        "v": "šara₂",
                        "id": "P227844.27.1.0"
                      }
                    ],
                    "cf": "šara",
                    "gw": "slander",
                    "sense": "to slander",
                    "norm0": "šara",
                    "pos": "V/t",
                    "epos": "V/t",
                    "base": "šara₂",
                    "morph": "~"
                  }
                },
                {
                  "node": "d",
                  "type": "field-end",
                  "subtype": "sv"
                },
                {
                  "node": "d",
                  "type": "cell-end"
                },
                {
                  "node": "d",
                  "type": "cell-start"
                },
                {
                  "node": "d",
                  "type": "field-start",
                  "subtype": "pr"
                },
                {
                  "node": "d",
                  "frag": "[*]",
                  "type": "punct",
                  "ref": "P227844.27.2",
                  "lang": "sux",
                  "delim": ""
                },
                {
                  "node": "l",
                  "frag": "ša-ra",
                  "id": "P227844.l0dbfe",
                  "ref": "P227844.27.3",
                  "inst": "%sux:ša-ra=",
                  "f": {
                    "lang": "sux",
                    "form": "ša-ra",
                    "gdl": [
                      {
                        "v": "ša",
                        "id": "P227844.27.3.0",
                        "delim": "-"
                      },
                      {
                        "v": "ra",
                        "id": "P227844.27.3.1"
                      }
                    ]
                  }
                },
                {
                  "node": "d",
                  "type": "field-end",
                  "subtype": "pr"
                },
                {
                  "node": "d",
                  "type": "cell-end"
                },
                {
                  "node": "d",
                  "type": "cell-start"
                },
                {
                  "node": "d",
                  "type": "field-start",
                  "subtype": "sg"
                },
                {
                  "node": "l",
                  "frag": "|LAGAB×IGI@g|",
                  "id": "P227844.l0dbff",
                  "ref": "P227844.27.4",
                  "inst": "%sux:|LAGAB×IGI@g|=",
                  "f": {
                    "lang": "sux",
                    "form": "|LAGAB×IGI@g|",
                    "gdl": [
                      {
                        "c": "|LAGAB×IGI@g|",
                        "id": "P227844.27.4.0",
                        "seq": [
                          {
                            "s": "LAGAB"
                          },
                          {
                            "o": "containing"
                          },
                          {
                            "form": "IGI@g",
                            "break": "damaged",
                            "mods": [
                              {
                                "b": "IGI"
                              },
                              {
                                "m": "g"
                              }
                            ]
                          }
                        ]
                      }
                    ]
                  }
                },
                {
                  "node": "d",
                  "type": "field-end",
                  "subtype": "sg"
                },
                {
                  "node": "d",
                  "type": "cell-end"
                }
              ]
            },
            {
              "node": "c",
              "type": "sentence",
              "implicit": "yes",
              "tag": "#auto",
              "id": "P227844.U34",
              "label": "r ii' 7'",
              "cdl": [
                {
                  "node": "d",
                  "type": "line-start",
                  "ref": "P227844.28",
                  "n": "7'",
                  "label": "r ii' 7'"
                },
                {
                  "node": "d",
                  "type": "cell-start"
                },
                {
                  "node": "d",
                  "type": "field-start",
                  "subtype": "sv"
                },
                {
                  "node": "l",
                  "frag": "huŋ",
                  "id": "P227844.l0dc00",
                  "ref": "P227844.28.1",
                  "inst": "huŋ[hire]V/t",
                  "exosig": "@dcclt%sux:huŋ=huŋ[hire//to hire, rent]V/t'V/t$huŋ/huŋ#~",
                  "exoprj": "epsd2",
                  "exolng": "sux",
                  "f": {
                    "lang": "sux",
                    "form": "huŋ",
                    "gdl": [
                      {
                        "v": "huŋ",
                        "id": "P227844.28.1.0"
                      }
                    ],
                    "cf": "huŋ",
                    "gw": "hire",
                    "sense": "to hire, rent",
                    "norm0": "huŋ",
                    "pos": "V/t",
                    "epos": "V/t",
                    "base": "huŋ",
                    "morph": "~"
                  }
                },
                {
                  "node": "d",
                  "type": "field-end",
                  "subtype": "sv"
                },
                {
                  "node": "d",
                  "type": "cell-end"
                },
                {
                  "node": "d",
                  "type": "cell-start"
                },
                {
                  "node": "d",
                  "type": "field-start",
                  "subtype": "pr"
                },
                {
                  "node": "d",
                  "frag": "[*]",
                  "type": "punct",
                  "ref": "P227844.28.2",
                  "lang": "sux",
                  "delim": ""
                },
                {
                  "node": "l",
                  "frag": "hu-un",
                  "id": "P227844.l0dc01",
                  "ref": "P227844.28.3",
                  "inst": "%sux:hu-un=",
                  "f": {
                    "lang": "sux",
                    "form": "hu-un",
                    "gdl": [
                      {
                        "v": "hu",
                        "id": "P227844.28.3.0",
                        "delim": "-"
                      },
                      {
                        "v": "un",
                        "id": "P227844.28.3.1"
                      }
                    ]
                  }
                },
                {
                  "node": "d",
                  "type": "field-end",
                  "subtype": "pr"
                },
                {
                  "node": "d",
                  "type": "cell-end"
                },
                {
                  "node": "d",
                  "type": "cell-start"
                },
                {
                  "node": "d",
                  "type": "field-start",
                  "subtype": "sg"
                },
                {
                  "node": "l",
                  "frag": "EŠ₂",
                  "id": "P227844.l0dc02",
                  "ref": "P227844.28.4",
                  "inst": "%sux:EŠ₂=",
                  "f": {
                    "lang": "sux",
                    "form": "EŠ₂",
                    "gdl": [
                      {
                        "s": "EŠ₂",
                        "id": "P227844.28.4.0"
                      }
                    ]
                  }
                },
                {
                  "node": "d",
                  "type": "field-end",
                  "subtype": "sg"
                },
                {
                  "node": "d",
                  "type": "cell-end"
                }
              ]
            },
            {
              "node": "c",
              "type": "sentence",
              "implicit": "yes",
              "tag": "#auto",
              "id": "P227844.U36",
              "label": "r ii' 8'",
              "cdl": [
                {
                  "node": "d",
                  "type": "line-start",
                  "ref": "P227844.29",
                  "n": "8'",
                  "label": "r ii' 8'"
                },
                {
                  "node": "d",
                  "type": "cell-start"
                },
                {
                  "node": "d",
                  "type": "field-start",
                  "subtype": "sv"
                },
                {
                  "node": "l",
                  "frag": "zi₃",
                  "id": "P227844.l0dc03",
                  "ref": "P227844.29.1",
                  "inst": "zid[flour]N",
                  "exosig": "@dcclt%sux:zi₃=zid[flour//flour]N'N$zid/zid₂#~",
                  "exoprj": "epsd2",
                  "exolng": "sux",
                  "f": {
                    "lang": "sux",
                    "form": "zi₃",
                    "gdl": [
                      {
                        "v": "zi₃",
                        "id": "P227844.29.1.0"
                      }
                    ],
                    "cf": "zid",
                    "gw": "flour",
                    "sense": "flour",
                    "norm0": "zid",
                    "pos": "N",
                    "epos": "N",
                    "base": "zid₂",
                    "morph": "~"
                  }
                },
                {
                  "node": "d",
                  "type": "field-end",
                  "subtype": "sv"
                },
                {
                  "node": "d",
                  "type": "cell-end"
                },
                {
                  "node": "d",
                  "type": "cell-start"
                },
                {
                  "node": "d",
                  "type": "field-start",
                  "subtype": "pr"
                },
                {
                  "node": "d",
                  "frag": "[*]",
                  "type": "punct",
                  "ref": "P227844.29.2",
                  "lang": "sux",
                  "delim": ""
                },
                {
                  "node": "l",
                  "frag": "⸢zi-i⸣",
                  "id": "P227844.l0dc04",
                  "ref": "P227844.29.3",
                  "inst": "%sux:zi-i=",
                  "f": {
                    "lang": "sux",
                    "form": "zi-i",
                    "gdl": [
                      {
                        "v": "zi",
                        "id": "P227844.29.3.0",
                        "break": "damaged",
                        "ho": "1",
                        "delim": "-"
                      },
                      {
                        "v": "i",
                        "id": "P227844.29.3.1",
                        "break": "damaged",
                        "hc": "1"
                      }
                    ]
                  }
                },
                {
                  "node": "d",
                  "type": "field-end",
                  "subtype": "pr"
                },
                {
                  "node": "d",
                  "type": "cell-end"
                },
                {
                  "node": "d",
                  "type": "cell-start"
                },
                {
                  "node": "d",
                  "type": "field-start",
                  "subtype": "sg"
                },
                {
                  "node": "l",
                  "frag": "EŠ₂",
                  "id": "P227844.l0dc05",
                  "ref": "P227844.29.4",
                  "inst": "%sux:EŠ₂=",
                  "f": {
                    "lang": "sux",
                    "form": "EŠ₂",
                    "gdl": [
                      {
                        "s": "EŠ₂",
                        "id": "P227844.29.4.0"
                      }
                    ]
                  }
                },
                {
                  "node": "d",
                  "type": "field-end",
                  "subtype": "sg"
                },
                {
                  "node": "d",
                  "type": "cell-end"
                }
              ]
            },
            {
              "node": "c",
              "type": "sentence",
              "implicit": "yes",
              "tag": "#auto",
              "id": "P227844.U38",
              "label": "r ii' 9'",
              "cdl": [
                {
                  "node": "d",
                  "type": "line-start",
                  "ref": "P227844.30",
                  "n": "9'",
                  "label": "r ii' 9'"
                },
                {
                  "node": "d",
                  "type": "cell-start"
                },
                {
                  "node": "d",
                  "type": "field-start",
                  "subtype": "sv"
                },
                {
                  "node": "d",
                  "type": "field-end",
                  "subtype": "sv"
                },
                {
                  "node": "d",
                  "type": "cell-end"
                },
                {
                  "node": "d",
                  "type": "cell-start"
                },
                {
                  "node": "d",
                  "type": "field-start",
                  "subtype": "pr"
                },
                {
                  "node": "d",
                  "frag": "[*]",
                  "type": "punct",
                  "ref": "P227844.30.1",
                  "lang": "sux",
                  "delim": ""
                },
                {
                  "node": "l",
                  "frag": "[x]-⸢x⸣",
                  "id": "P227844.l0dc06",
                  "ref": "P227844.30.2",
                  "inst": "%sux:x-x=",
                  "f": {
                    "lang": "sux",
                    "form": "x-x",
                    "gdl": [
                      {
                        "v": "x",
                        "id": "P227844.30.2.0",
                        "breakStart": "1",
                        "o": "]",
                        "break": "missing",
                        "breakEnd": "P227844.30.2.0",
                        "delim": "-"
                      },
                      {
                        "v": "x",
                        "id": "P227844.30.2.1",
                        "break": "damaged",
                        "ho": "1",
                        "hc": "1"
                      }
                    ]
                  }
                },
                {
                  "node": "d",
                  "type": "field-end",
                  "subtype": "pr"
                },
                {
                  "node": "d",
                  "type": "cell-end"
                },
                {
                  "node": "d",
                  "type": "cell-start"
                },
                {
                  "node": "d",
                  "type": "field-start",
                  "subtype": "sg"
                },
                {
                  "node": "l",
                  "frag": "⸢EŠ₂⸣",
                  "id": "P227844.l0dc07",
                  "ref": "P227844.30.3",
                  "inst": "%sux:EŠ₂=",
                  "f": {
                    "lang": "sux",
                    "form": "EŠ₂",
                    "gdl": [
                      {
                        "s": "EŠ₂",
                        "id": "P227844.30.3.0",
                        "break": "damaged",
                        "ho": "1",
                        "hc": "1"
                      }
                    ]
                  }
                },
                {
                  "node": "d",
                  "type": "field-end",
                  "subtype": "sg"
                },
                {
                  "node": "d",
                  "type": "cell-end"
                }
              ]
            },
            {
              "node": "c",
              "type": "sentence",
              "implicit": "yes",
              "tag": "#auto",
              "id": "P227844.U40",
              "label": "r ii' 10'",
              "cdl": [
                {
                  "node": "d",
                  "type": "line-start",
                  "ref": "P227844.31",
                  "n": "10'",
                  "label": "r ii' 10'"
                },
                {
                  "node": "d",
                  "type": "cell-start"
                },
                {
                  "node": "d",
                  "type": "field-start",
                  "subtype": "sv"
                },
                {
                  "node": "d",
                  "type": "field-end",
                  "subtype": "sv"
                },
                {
                  "node": "d",
                  "type": "cell-end"
                },
                {
                  "node": "d",
                  "type": "cell-start"
                },
                {
                  "node": "d",
                  "type": "field-start",
                  "subtype": "pr"
                },
                {
                  "node": "d",
                  "frag": "[*]",
                  "type": "punct",
                  "ref": "P227844.31.1",
                  "lang": "sux",
                  "delim": ""
                },
                {
                  "node": "l",
                  "frag": "[...]",
                  "id": "P227844.l0dc08",
                  "ref": "P227844.31.2",
                  "inst": "%sux:x=",
                  "f": {
                    "lang": "sux",
                    "form": "x",
                    "gdl": [
                      {
                        "x": "ellipsis",
                        "id": "P227844.31.2.0",
                        "breakStart": "1",
                        "break": "missing",
                        "o": "]",
                        "breakEnd": "P227844.31.2.0"
                      }
                    ]
                  }
                },
                {
                  "node": "d",
                  "type": "field-end",
                  "subtype": "pr"
                },
                {
                  "node": "d",
                  "type": "cell-end"
                },
                {
                  "node": "d",
                  "type": "cell-start"
                },
                {
                  "node": "d",
                  "type": "field-start",
                  "subtype": "sg"
                },
                {
                  "node": "l",
                  "frag": "⸢EŠ₂⸣",
                  "id": "P227844.l0dc09",
                  "ref": "P227844.31.3",
                  "inst": "%sux:EŠ₂=",
                  "f": {
                    "lang": "sux",
                    "form": "EŠ₂",
                    "gdl": [
                      {
                        "s": "EŠ₂",
                        "id": "P227844.31.3.0",
                        "break": "damaged",
                        "ho": "1",
                        "hc": "1"
                      }
                    ]
                  }
                },
                {
                  "node": "d",
                  "type": "field-end",
                  "subtype": "sg"
                },
                {
                  "node": "d",
                  "type": "cell-end"
                },
                {
                  "node": "d",
                  "type": "nonx",
                  "ref": "P227844.32",
                  "strict": "1",
                  "extent": "rest",
                  "scope": "column",
                  "state": "missing"
                }
              ]
            }
          ]
        }
      ]
    }
  ]
}
