{
  "type": "cdl",
  "project": "dcclt",
  "source": "http://oracc.org/dcclt",
  "license": "This data is released under the CC0 license",
  "license-url": "https://creativecommons.org/publicdomain/zero/1.0/",
  "more-info": "http://oracc.org/doc/opendata/",
  "UTC-timestamp": "2019-01-29T00:10:21",
  "textid": "P227863",
  "cdl": [
    {
      "node": "c",
      "type": "text",
      "id": "P227863.U0",
      "cdl": [
        {
          "node": "d",
          "type": "object",
          "ref": ""
        },
        {
          "node": "d",
          "subtype": "obverse?",
          "type": "obverse",
          "ref": "P227863.o_.1",
          "queried": "1",
          "label": "o?"
        },
        {
          "node": "d",
          "subtype": "column 1o? '",
          "type": "column",
          "ref": "P227863.o_.i_.2",
          "n": "1",
          "label": "o? i'"
        },
        {
          "node": "d",
          "type": "nonx",
          "ref": "P227863.3",
          "strict": "1",
          "extent": "n",
          "scope": "line",
          "state": "missing"
        },
        {
          "node": "c",
          "type": "discourse",
          "subtype": "body",
          "id": "P227863.U1",
          "cdl": [
            {
              "node": "c",
              "type": "sentence",
              "implicit": "yes",
              "id": "P227863.U2",
              "label": "o? i' 1'",
              "cdl": [
                {
                  "node": "d",
                  "type": "line-start",
                  "ref": "P227863.4",
                  "n": "1'",
                  "label": "o? i' 1'"
                },
                {
                  "node": "l",
                  "frag": "[...]",
                  "id": "P227863.l15498",
                  "ref": "P227863.4.1",
                  "inst": "%sux:x=",
                  "f": {
                    "lang": "sux",
                    "form": "x",
                    "delim": "",
                    "gdl": [
                      {
                        "x": "ellipsis",
                        "id": "P227863.4.1.0",
                        "breakStart": "1",
                        "break": "missing",
                        "o": "]",
                        "breakEnd": "P227863.4.1.0"
                      }
                    ]
                  }
                },
                {
                  "node": "l",
                  "frag": "x",
                  "id": "P227863.l15499",
                  "ref": "P227863.4.2",
                  "inst": "%sux:x=",
                  "f": {
                    "lang": "sux",
                    "form": "x",
                    "gdl": [
                      {
                        "v": "x",
                        "id": "P227863.4.2.0"
                      }
                    ]
                  }
                }
              ]
            },
            {
              "node": "c",
              "type": "sentence",
              "implicit": "yes",
              "tag": "#auto",
              "id": "P227863.U4",
              "label": "o? i' 2'",
              "cdl": [
                {
                  "node": "d",
                  "type": "line-start",
                  "ref": "P227863.5",
                  "n": "2'",
                  "label": "o? i' 2'"
                },
                {
                  "node": "l",
                  "frag": "[...]",
                  "id": "P227863.l1549a",
                  "ref": "P227863.5.1",
                  "inst": "%sux:x=",
                  "f": {
                    "lang": "sux",
                    "form": "x",
                    "delim": "",
                    "gdl": [
                      {
                        "x": "ellipsis",
                        "id": "P227863.5.1.0",
                        "breakStart": "1",
                        "break": "missing",
                        "o": "]",
                        "breakEnd": "P227863.5.1.0"
                      }
                    ]
                  }
                },
                {
                  "node": "l",
                  "frag": "⸢SAG⸣",
                  "id": "P227863.l1549b",
                  "ref": "P227863.5.2",
                  "inst": "%sux:SAG=",
                  "f": {
                    "lang": "sux",
                    "form": "SAG",
                    "gdl": [
                      {
                        "s": "SAG",
                        "id": "P227863.5.2.0",
                        "break": "damaged",
                        "queried": "1",
                        "ho": "1",
                        "hc": "1"
                      }
                    ]
                  }
                }
              ]
            },
            {
              "node": "c",
              "type": "sentence",
              "implicit": "yes",
              "tag": "#auto",
              "id": "P227863.U6",
              "label": "o? i' 3'",
              "cdl": [
                {
                  "node": "d",
                  "type": "line-start",
                  "ref": "P227863.6",
                  "n": "3'",
                  "label": "o? i' 3'"
                },
                {
                  "node": "l",
                  "frag": "[ama]-⸢gan⸣",
                  "id": "P227863.l1549c",
                  "ref": "P227863.6.1",
                  "inst": "%sux:ama-gan=",
                  "f": {
                    "lang": "sux",
                    "form": "ama-gan",
                    "gdl": [
                      {
                        "v": "ama",
                        "id": "P227863.6.1.0",
                        "breakStart": "1",
                        "o": "]",
                        "break": "missing",
                        "breakEnd": "P227863.6.1.0",
                        "delim": "-"
                      },
                      {
                        "v": "gan",
                        "id": "P227863.6.1.1",
                        "break": "damaged",
                        "ho": "1",
                        "hc": "1"
                      }
                    ]
                  }
                }
              ]
            },
            {
              "node": "c",
              "type": "sentence",
              "implicit": "yes",
              "tag": "#auto",
              "id": "P227863.U8",
              "label": "o? i' 4'",
              "cdl": [
                {
                  "node": "d",
                  "type": "line-start",
                  "ref": "P227863.7",
                  "n": "4'",
                  "label": "o? i' 4'"
                },
                {
                  "node": "l",
                  "frag": "[aŋarin₃]-⸢na⸣",
                  "id": "P227863.l1549d",
                  "ref": "P227863.7.1",
                  "inst": "%sux:aŋarin₃-na=",
                  "f": {
                    "lang": "sux",
                    "form": "aŋarin₃-na",
                    "gdl": [
                      {
                        "v": "aŋarin₃",
                        "id": "P227863.7.1.0",
                        "breakStart": "1",
                        "o": "]",
                        "break": "missing",
                        "breakEnd": "P227863.7.1.0",
                        "delim": "-"
                      },
                      {
                        "v": "na",
                        "id": "P227863.7.1.1",
                        "break": "damaged",
                        "ho": "1",
                        "hc": "1"
                      }
                    ]
                  }
                },
                {
                  "node": "d",
                  "type": "nonx",
                  "ref": "P227863.8",
                  "strict": "1",
                  "extent": "2",
                  "scope": "line",
                  "state": "traces"
                }
              ]
            },
            {
              "node": "c",
              "type": "sentence",
              "implicit": "yes",
              "tag": "#auto",
              "id": "P227863.U10",
              "label": "o? i' 7'",
              "cdl": [
                {
                  "node": "d",
                  "type": "line-start",
                  "ref": "P227863.9",
                  "n": "7'",
                  "label": "o? i' 7'"
                },
                {
                  "node": "l",
                  "frag": "[ama]-⸢u₃-tu⸣",
                  "id": "P227863.l1549e",
                  "ref": "P227863.9.1",
                  "inst": "%sux:ama-u₃-tu=",
                  "f": {
                    "lang": "sux",
                    "form": "ama-u₃-tu",
                    "gdl": [
                      {
                        "v": "ama",
                        "id": "P227863.9.1.0",
                        "breakStart": "1",
                        "o": "]",
                        "break": "missing",
                        "breakEnd": "P227863.9.1.0",
                        "delim": "-"
                      },
                      {
                        "v": "u₃",
                        "id": "P227863.9.1.1",
                        "break": "damaged",
                        "ho": "1",
                        "delim": "-"
                      },
                      {
                        "v": "tu",
                        "id": "P227863.9.1.2",
                        "break": "damaged",
                        "hc": "1"
                      }
                    ]
                  }
                }
              ]
            },
            {
              "node": "c",
              "type": "sentence",
              "implicit": "yes",
              "tag": "#auto",
              "id": "P227863.U12",
              "label": "o? i' 8'",
              "cdl": [
                {
                  "node": "d",
                  "type": "line-start",
                  "ref": "P227863.10",
                  "n": "8'",
                  "label": "o? i' 8'"
                },
                {
                  "node": "l",
                  "frag": "[ama]-⸢u₃-nu-tu⸣",
                  "id": "P227863.l1549f",
                  "ref": "P227863.10.1",
                  "inst": "%sux:ama-u₃-nu-tu=",
                  "f": {
                    "lang": "sux",
                    "form": "ama-u₃-nu-tu",
                    "gdl": [
                      {
                        "v": "ama",
                        "id": "P227863.10.1.0",
                        "breakStart": "1",
                        "o": "]",
                        "break": "missing",
                        "breakEnd": "P227863.10.1.0",
                        "delim": "-"
                      },
                      {
                        "v": "u₃",
                        "id": "P227863.10.1.1",
                        "break": "damaged",
                        "ho": "1",
                        "delim": "-"
                      },
                      {
                        "v": "nu",
                        "id": "P227863.10.1.2",
                        "break": "damaged",
                        "delim": "-"
                      },
                      {
                        "v": "tu",
                        "id": "P227863.10.1.3",
                        "break": "damaged",
                        "hc": "1"
                      }
                    ]
                  }
                }
              ]
            },
            {
              "node": "c",
              "type": "sentence",
              "implicit": "yes",
              "tag": "#auto",
              "id": "P227863.U14",
              "label": "o? i' 9'",
              "cdl": [
                {
                  "node": "d",
                  "type": "line-start",
                  "ref": "P227863.11",
                  "n": "9'",
                  "label": "o? i' 9'"
                },
                {
                  "node": "l",
                  "frag": "[ama]-⸢tam-ma⸣",
                  "id": "P227863.l154a0",
                  "ref": "P227863.11.1",
                  "inst": "%sux:ama-tam-ma=",
                  "f": {
                    "lang": "sux",
                    "form": "ama-tam-ma",
                    "gdl": [
                      {
                        "v": "ama",
                        "id": "P227863.11.1.0",
                        "breakStart": "1",
                        "o": "]",
                        "break": "missing",
                        "breakEnd": "P227863.11.1.0",
                        "delim": "-"
                      },
                      {
                        "v": "tam",
                        "id": "P227863.11.1.1",
                        "break": "damaged",
                        "ho": "1",
                        "delim": "-"
                      },
                      {
                        "v": "ma",
                        "id": "P227863.11.1.2",
                        "break": "damaged",
                        "hc": "1"
                      }
                    ]
                  }
                }
              ]
            },
            {
              "node": "c",
              "type": "sentence",
              "implicit": "yes",
              "tag": "#auto",
              "id": "P227863.U16",
              "label": "o? i' 10'",
              "cdl": [
                {
                  "node": "d",
                  "type": "line-start",
                  "ref": "P227863.12",
                  "n": "10'",
                  "label": "o? i' 10'"
                },
                {
                  "node": "l",
                  "frag": "[ama]-⸢nu-tuku⸣",
                  "id": "P227863.l154a1",
                  "ref": "P227863.12.1",
                  "inst": "%sux:ama-nu-tuku=",
                  "f": {
                    "lang": "sux",
                    "form": "ama-nu-tuku",
                    "gdl": [
                      {
                        "v": "ama",
                        "id": "P227863.12.1.0",
                        "breakStart": "1",
                        "o": "]",
                        "break": "missing",
                        "breakEnd": "P227863.12.1.0",
                        "delim": "-"
                      },
                      {
                        "v": "nu",
                        "id": "P227863.12.1.1",
                        "break": "damaged",
                        "ho": "1",
                        "delim": "-"
                      },
                      {
                        "v": "tuku",
                        "id": "P227863.12.1.2",
                        "break": "damaged",
                        "hc": "1"
                      }
                    ]
                  }
                }
              ]
            },
            {
              "node": "c",
              "type": "sentence",
              "implicit": "yes",
              "tag": "#auto",
              "id": "P227863.U18",
              "label": "o? i' 11'",
              "cdl": [
                {
                  "node": "d",
                  "type": "line-start",
                  "ref": "P227863.13",
                  "n": "11'",
                  "label": "o? i' 11'"
                },
                {
                  "node": "l",
                  "frag": "[ama]-⸢nu⸣-zu",
                  "id": "P227863.l154a2",
                  "ref": "P227863.13.1",
                  "inst": "%sux:ama-nu-zu=",
                  "f": {
                    "lang": "sux",
                    "form": "ama-nu-zu",
                    "gdl": [
                      {
                        "v": "ama",
                        "id": "P227863.13.1.0",
                        "breakStart": "1",
                        "o": "]",
                        "break": "missing",
                        "breakEnd": "P227863.13.1.0",
                        "delim": "-"
                      },
                      {
                        "v": "nu",
                        "id": "P227863.13.1.1",
                        "break": "damaged",
                        "ho": "1",
                        "delim": "-",
                        "hc": "1"
                      },
                      {
                        "v": "zu",
                        "id": "P227863.13.1.2"
                      }
                    ]
                  }
                }
              ]
            },
            {
              "node": "c",
              "type": "sentence",
              "implicit": "yes",
              "tag": "#auto",
              "id": "P227863.U20",
              "label": "o? i' 12'",
              "cdl": [
                {
                  "node": "d",
                  "type": "line-start",
                  "ref": "P227863.14",
                  "n": "12'",
                  "label": "o? i' 12'"
                },
                {
                  "node": "l",
                  "frag": "⸢ama-ŋuruš⸣",
                  "id": "P227863.l154a3",
                  "ref": "P227863.14.1",
                  "inst": "%sux:ama-ŋuruš=",
                  "f": {
                    "lang": "sux",
                    "form": "ama-ŋuruš",
                    "gdl": [
                      {
                        "v": "ama",
                        "id": "P227863.14.1.0",
                        "break": "damaged",
                        "ho": "1",
                        "delim": "-"
                      },
                      {
                        "v": "ŋuruš",
                        "id": "P227863.14.1.1",
                        "break": "damaged",
                        "hc": "1"
                      }
                    ]
                  }
                }
              ]
            },
            {
              "node": "c",
              "type": "sentence",
              "implicit": "yes",
              "tag": "#auto",
              "id": "P227863.U22",
              "label": "o? i' 13'",
              "cdl": [
                {
                  "node": "d",
                  "type": "line-start",
                  "ref": "P227863.15",
                  "n": "13'",
                  "label": "o? i' 13'"
                },
                {
                  "node": "l",
                  "frag": "⸢ama⸣-tur",
                  "id": "P227863.l154a4",
                  "ref": "P227863.15.1",
                  "inst": "%sux:ama-tur=",
                  "f": {
                    "lang": "sux",
                    "form": "ama-tur",
                    "gdl": [
                      {
                        "v": "ama",
                        "id": "P227863.15.1.0",
                        "break": "damaged",
                        "ho": "1",
                        "delim": "-",
                        "hc": "1"
                      },
                      {
                        "v": "tur",
                        "id": "P227863.15.1.1"
                      }
                    ]
                  }
                }
              ]
            },
            {
              "node": "c",
              "type": "sentence",
              "implicit": "yes",
              "tag": "#auto",
              "id": "P227863.U24",
              "label": "o? i' 14'",
              "cdl": [
                {
                  "node": "d",
                  "type": "line-start",
                  "ref": "P227863.16",
                  "n": "14'",
                  "label": "o? i' 14'"
                },
                {
                  "node": "l",
                  "frag": "⸢ama⸣-ar-gi₄",
                  "id": "P227863.l154a5",
                  "ref": "P227863.16.1",
                  "inst": "%sux:ama-ar-gi₄=",
                  "f": {
                    "lang": "sux",
                    "form": "ama-ar-gi₄",
                    "gdl": [
                      {
                        "v": "ama",
                        "id": "P227863.16.1.0",
                        "break": "damaged",
                        "ho": "1",
                        "delim": "-",
                        "hc": "1"
                      },
                      {
                        "v": "ar",
                        "id": "P227863.16.1.1",
                        "delim": "-"
                      },
                      {
                        "v": "gi₄",
                        "id": "P227863.16.1.2"
                      }
                    ]
                  }
                },
                {
                  "node": "d",
                  "subtype": "column 2o? '",
                  "type": "column",
                  "ref": "P227863.o_.ii_.17",
                  "n": "2",
                  "label": "o? ii'"
                },
                {
                  "node": "d",
                  "type": "nonx",
                  "ref": "P227863.18",
                  "strict": "1",
                  "extent": "n",
                  "scope": "line",
                  "state": "missing"
                }
              ]
            },
            {
              "node": "c",
              "type": "sentence",
              "implicit": "yes",
              "tag": "#auto",
              "id": "P227863.U26",
              "label": "o? ii' 1'",
              "cdl": [
                {
                  "node": "d",
                  "type": "line-start",
                  "ref": "P227863.19",
                  "n": "1'",
                  "label": "o? ii' 1'"
                },
                {
                  "node": "l",
                  "frag": "|TUR.[UŠ]|",
                  "id": "P227863.l154a6",
                  "ref": "P227863.19.1",
                  "inst": "%sux:|TUR.UŠ|=",
                  "f": {
                    "lang": "sux",
                    "form": "|TUR.UŠ|",
                    "gdl": [
                      {
                        "c": "|TUR.UŠ|",
                        "id": "P227863.19.1.0",
                        "seq": [
                          {
                            "s": "TUR",
                            "break": "damaged"
                          },
                          {
                            "o": "beside"
                          },
                          {
                            "s": "UŠ",
                            "o": "]"
                          }
                        ]
                      }
                    ]
                  }
                }
              ]
            },
            {
              "node": "c",
              "type": "sentence",
              "implicit": "yes",
              "tag": "#auto",
              "id": "P227863.U28",
              "label": "o? ii' 2'",
              "cdl": [
                {
                  "node": "d",
                  "type": "line-start",
                  "ref": "P227863.20",
                  "n": "2'",
                  "label": "o? ii' 2'"
                },
                {
                  "node": "l",
                  "frag": "bungu(|UŠ.GA|)",
                  "id": "P227863.l154a7",
                  "ref": "P227863.20.1",
                  "inst": "%sux:bungu(|UŠ.GA|)=",
                  "f": {
                    "lang": "sux",
                    "form": "bungu(|UŠ.GA|)",
                    "gdl": [
                      {
                        "q": "bungu(|UŠ.GA|)",
                        "id": "P227863.20.1.0",
                        "break": "damaged",
                        "ho": "1",
                        "hc": "1",
                        "qualified": [
                          {
                            "v": "bungu"
                          },
                          {
                            "c": "|UŠ.GA|",
                            "seq": [
                              {
                                "s": "UŠ"
                              },
                              {
                                "o": "beside"
                              },
                              {
                                "s": "GA"
                              }
                            ]
                          }
                        ]
                      }
                    ]
                  }
                }
              ]
            },
            {
              "node": "c",
              "type": "sentence",
              "implicit": "yes",
              "tag": "#auto",
              "id": "P227863.U30",
              "label": "o? ii' 3'",
              "cdl": [
                {
                  "node": "d",
                  "type": "line-start",
                  "ref": "P227863.21",
                  "n": "3'",
                  "label": "o? ii' 3'"
                },
                {
                  "node": "l",
                  "frag": "⸢ga-ti-ba-gu₇-gu₇⸣",
                  "id": "P227863.l154a8",
                  "ref": "P227863.21.1",
                  "inst": "%sux:ga-ti-ba-gu₇-gu₇=",
                  "f": {
                    "lang": "sux",
                    "form": "ga-ti-ba-gu₇-gu₇",
                    "gdl": [
                      {
                        "v": "ga",
                        "id": "P227863.21.1.0",
                        "break": "damaged",
                        "ho": "1",
                        "delim": "-"
                      },
                      {
                        "v": "ti",
                        "id": "P227863.21.1.1",
                        "break": "damaged",
                        "delim": "-"
                      },
                      {
                        "v": "ba",
                        "id": "P227863.21.1.2",
                        "break": "damaged",
                        "delim": "-"
                      },
                      {
                        "v": "gu₇",
                        "id": "P227863.21.1.3",
                        "break": "damaged",
                        "delim": "-"
                      },
                      {
                        "v": "gu₇",
                        "id": "P227863.21.1.4",
                        "break": "damaged",
                        "hc": "1"
                      }
                    ]
                  }
                }
              ]
            },
            {
              "node": "c",
              "type": "sentence",
              "implicit": "yes",
              "tag": "#auto",
              "id": "P227863.U32",
              "label": "o? ii' 4'",
              "cdl": [
                {
                  "node": "d",
                  "type": "line-start",
                  "ref": "P227863.22",
                  "n": "4'",
                  "label": "o? ii' 4'"
                },
                {
                  "node": "l",
                  "frag": "|HI×AŠ₂|ra-tu-da",
                  "id": "P227863.l154a9",
                  "ref": "P227863.22.1",
                  "inst": "%sux:|HI×AŠ₂|-ra-tu-da=",
                  "f": {
                    "lang": "sux",
                    "form": "|HI×AŠ₂|-ra-tu-da",
                    "gdl": [
                      {
                        "c": "|HI×AŠ₂|",
                        "id": "P227863.22.1.0",
                        "break": "damaged",
                        "ho": "1",
                        "delim": "-",
                        "hc": "1",
                        "seq": [
                          {
                            "s": "HI"
                          },
                          {
                            "o": "containing"
                          },
                          {
                            "s": "AŠ₂"
                          }
                        ]
                      },
                      {
                        "v": "ra",
                        "id": "P227863.22.1.1",
                        "delim": "-"
                      },
                      {
                        "v": "tu",
                        "id": "P227863.22.1.2",
                        "delim": "-"
                      },
                      {
                        "v": "da",
                        "id": "P227863.22.1.3"
                      }
                    ]
                  }
                }
              ]
            },
            {
              "node": "c",
              "type": "sentence",
              "implicit": "yes",
              "tag": "#auto",
              "id": "P227863.U34",
              "label": "o? ii' 5'",
              "cdl": [
                {
                  "node": "d",
                  "type": "line-start",
                  "ref": "P227863.23",
                  "n": "5'",
                  "label": "o? ii' 5'"
                },
                {
                  "node": "l",
                  "frag": "henzer(|IGI.DIM|)",
                  "id": "P227863.l154aa",
                  "ref": "P227863.23.1",
                  "inst": "%sux:henzer(|IGI.DIM|)=",
                  "f": {
                    "lang": "sux",
                    "form": "henzer(|IGI.DIM|)",
                    "gdl": [
                      {
                        "q": "henzer(|IGI.DIM|)",
                        "id": "P227863.23.1.0",
                        "break": "damaged",
                        "ho": "1",
                        "hc": "1",
                        "qualified": [
                          {
                            "v": "henzer"
                          },
                          {
                            "c": "|IGI.DIM|",
                            "seq": [
                              {
                                "s": "IGI",
                                "break": "damaged"
                              },
                              {
                                "o": "beside"
                              },
                              {
                                "s": "DIM"
                              }
                            ]
                          }
                        ]
                      }
                    ]
                  }
                }
              ]
            },
            {
              "node": "c",
              "type": "sentence",
              "implicit": "yes",
              "tag": "#auto",
              "id": "P227863.U36",
              "label": "o? ii' 6'",
              "cdl": [
                {
                  "node": "d",
                  "type": "line-start",
                  "ref": "P227863.24",
                  "n": "6'",
                  "label": "o? ii' 6'"
                },
                {
                  "node": "l",
                  "frag": "henzer(|IGI.DIM|)",
                  "id": "P227863.l154ab",
                  "ref": "P227863.24.1",
                  "inst": "%sux:henzer(|IGI.DIM|)=",
                  "f": {
                    "lang": "sux",
                    "form": "henzer(|IGI.DIM|)",
                    "gdl": [
                      {
                        "q": "henzer(|IGI.DIM|)",
                        "id": "P227863.24.1.0",
                        "break": "damaged",
                        "ho": "1",
                        "hc": "1",
                        "qualified": [
                          {
                            "v": "henzer"
                          },
                          {
                            "c": "|IGI.DIM|",
                            "seq": [
                              {
                                "s": "IGI",
                                "break": "damaged"
                              },
                              {
                                "o": "beside"
                              },
                              {
                                "s": "DIM"
                              }
                            ]
                          }
                        ]
                      }
                    ]
                  }
                }
              ]
            },
            {
              "node": "c",
              "type": "sentence",
              "implicit": "yes",
              "tag": "#auto",
              "id": "P227863.U38",
              "label": "o? ii' 7'",
              "cdl": [
                {
                  "node": "d",
                  "type": "line-start",
                  "ref": "P227863.25",
                  "n": "7'",
                  "label": "o? ii' 7'"
                },
                {
                  "node": "l",
                  "frag": "⸢nita⸣",
                  "id": "P227863.l154ac",
                  "ref": "P227863.25.1",
                  "inst": "%sux:nita=",
                  "f": {
                    "lang": "sux",
                    "form": "nita",
                    "gdl": [
                      {
                        "v": "nita",
                        "id": "P227863.25.1.0",
                        "break": "damaged",
                        "ho": "1",
                        "hc": "1"
                      }
                    ]
                  }
                }
              ]
            },
            {
              "node": "c",
              "type": "sentence",
              "implicit": "yes",
              "tag": "#auto",
              "id": "P227863.U40",
              "label": "o? ii' 8'",
              "cdl": [
                {
                  "node": "d",
                  "type": "line-start",
                  "ref": "P227863.26",
                  "n": "8'",
                  "label": "o? ii' 8'"
                },
                {
                  "node": "l",
                  "frag": "⸢munus⸣",
                  "id": "P227863.l154ad",
                  "ref": "P227863.26.1",
                  "inst": "%sux:munus=",
                  "f": {
                    "lang": "sux",
                    "form": "munus",
                    "gdl": [
                      {
                        "v": "munus",
                        "id": "P227863.26.1.0",
                        "break": "damaged",
                        "ho": "1",
                        "hc": "1"
                      }
                    ]
                  }
                }
              ]
            },
            {
              "node": "c",
              "type": "sentence",
              "implicit": "yes",
              "tag": "#auto",
              "id": "P227863.U42",
              "label": "o? ii' 9'",
              "cdl": [
                {
                  "node": "d",
                  "type": "line-start",
                  "ref": "P227863.27",
                  "n": "9'",
                  "label": "o? ii' 9'"
                },
                {
                  "node": "l",
                  "frag": "⸢arad₂⸣",
                  "id": "P227863.l154ae",
                  "ref": "P227863.27.1",
                  "inst": "%sux:arad₂=",
                  "f": {
                    "lang": "sux",
                    "form": "arad₂",
                    "gdl": [
                      {
                        "v": "arad₂",
                        "id": "P227863.27.1.0",
                        "break": "damaged",
                        "ho": "1",
                        "hc": "1"
                      }
                    ]
                  }
                }
              ]
            },
            {
              "node": "c",
              "type": "sentence",
              "implicit": "yes",
              "tag": "#auto",
              "id": "P227863.U44",
              "label": "o? ii' 10'",
              "cdl": [
                {
                  "node": "d",
                  "type": "line-start",
                  "ref": "P227863.28",
                  "n": "10'",
                  "label": "o? ii' 10'"
                },
                {
                  "node": "l",
                  "frag": "⸢geme₂⸣",
                  "id": "P227863.l154af",
                  "ref": "P227863.28.1",
                  "inst": "%sux:geme₂=",
                  "f": {
                    "lang": "sux",
                    "form": "geme₂",
                    "gdl": [
                      {
                        "v": "geme₂",
                        "id": "P227863.28.1.0",
                        "break": "damaged",
                        "ho": "1",
                        "hc": "1"
                      }
                    ]
                  }
                }
              ]
            },
            {
              "node": "c",
              "type": "sentence",
              "implicit": "yes",
              "tag": "#auto",
              "id": "P227863.U46",
              "label": "o? ii' 11'",
              "cdl": [
                {
                  "node": "d",
                  "type": "line-start",
                  "ref": "P227863.29",
                  "n": "11'",
                  "label": "o? ii' 11'"
                },
                {
                  "node": "l",
                  "frag": "⸢gu₂-bi₂⸣-[dub]-⸢ba⸣",
                  "id": "P227863.l154b0",
                  "ref": "P227863.29.1",
                  "inst": "%sux:gu₂-bi₂-dub-ba=",
                  "f": {
                    "lang": "sux",
                    "form": "gu₂-bi₂-dub-ba",
                    "gdl": [
                      {
                        "v": "gu₂",
                        "id": "P227863.29.1.0",
                        "break": "damaged",
                        "ho": "1",
                        "delim": "-"
                      },
                      {
                        "v": "bi₂",
                        "id": "P227863.29.1.1",
                        "break": "damaged",
                        "delim": "-",
                        "hc": "1"
                      },
                      {
                        "v": "dub",
                        "id": "P227863.29.1.2",
                        "breakStart": "1",
                        "o": "]",
                        "break": "missing",
                        "breakEnd": "P227863.29.1.2",
                        "delim": "-"
                      },
                      {
                        "v": "ba",
                        "id": "P227863.29.1.3",
                        "break": "damaged",
                        "ho": "1",
                        "hc": "1"
                      }
                    ]
                  }
                }
              ]
            },
            {
              "node": "c",
              "type": "sentence",
              "implicit": "yes",
              "tag": "#auto",
              "id": "P227863.U48",
              "label": "o? ii' 12'",
              "cdl": [
                {
                  "node": "d",
                  "type": "line-start",
                  "ref": "P227863.30",
                  "n": "12'",
                  "label": "o? ii' 12'"
                },
                {
                  "node": "l",
                  "frag": "⸢gu₂-bi₂⸣-gul-gul",
                  "id": "P227863.l154b1",
                  "ref": "P227863.30.1",
                  "inst": "%sux:gu₂-bi₂-gul-gul=",
                  "f": {
                    "lang": "sux",
                    "form": "gu₂-bi₂-gul-gul",
                    "gdl": [
                      {
                        "v": "gu₂",
                        "id": "P227863.30.1.0",
                        "break": "damaged",
                        "ho": "1",
                        "delim": "-"
                      },
                      {
                        "v": "bi₂",
                        "id": "P227863.30.1.1",
                        "break": "damaged",
                        "delim": "-",
                        "hc": "1"
                      },
                      {
                        "v": "gul",
                        "id": "P227863.30.1.2",
                        "delim": "-"
                      },
                      {
                        "v": "gul",
                        "id": "P227863.30.1.3"
                      }
                    ]
                  }
                }
              ]
            },
            {
              "node": "c",
              "type": "sentence",
              "implicit": "yes",
              "tag": "#auto",
              "id": "P227863.U50",
              "label": "o? ii' 13'",
              "cdl": [
                {
                  "node": "d",
                  "type": "line-start",
                  "ref": "P227863.31",
                  "n": "13'",
                  "label": "o? ii' 13'"
                },
                {
                  "node": "l",
                  "frag": "⸢gal₄-la⸣",
                  "id": "P227863.l154b2",
                  "ref": "P227863.31.1",
                  "inst": "%sux:gal₄-la=",
                  "f": {
                    "lang": "sux",
                    "form": "gal₄-la",
                    "gdl": [
                      {
                        "v": "gal₄",
                        "id": "P227863.31.1.0",
                        "break": "damaged",
                        "ho": "1",
                        "delim": "-"
                      },
                      {
                        "v": "la",
                        "id": "P227863.31.1.1",
                        "break": "damaged",
                        "hc": "1"
                      }
                    ]
                  }
                }
              ]
            },
            {
              "node": "c",
              "type": "sentence",
              "implicit": "yes",
              "tag": "#auto",
              "id": "P227863.U52",
              "label": "o? ii' 14'",
              "cdl": [
                {
                  "node": "d",
                  "type": "line-start",
                  "ref": "P227863.32",
                  "n": "14'",
                  "label": "o? ii' 14'"
                },
                {
                  "node": "l",
                  "frag": "⸢gal₄-la⸣",
                  "id": "P227863.l154b3",
                  "ref": "P227863.32.1",
                  "inst": "%sux:gal₄-la=",
                  "f": {
                    "lang": "sux",
                    "form": "gal₄-la",
                    "gdl": [
                      {
                        "v": "gal₄",
                        "id": "P227863.32.1.0",
                        "break": "damaged",
                        "ho": "1",
                        "delim": "-"
                      },
                      {
                        "v": "la",
                        "id": "P227863.32.1.1",
                        "break": "damaged",
                        "hc": "1"
                      }
                    ]
                  }
                },
                {
                  "node": "d",
                  "subtype": "column 3o?",
                  "type": "column",
                  "ref": "P227863.o_.iii.33",
                  "n": "3",
                  "label": "o? iii"
                }
              ]
            },
            {
              "node": "c",
              "type": "sentence",
              "implicit": "yes",
              "tag": "#auto",
              "id": "P227863.U54",
              "label": "o? iii 1'",
              "cdl": [
                {
                  "node": "d",
                  "type": "line-start",
                  "ref": "P227863.34",
                  "n": "1'",
                  "label": "o? iii 1'"
                },
                {
                  "node": "l",
                  "frag": "ad-⸢ad⸣-[da]",
                  "id": "P227863.l154b4",
                  "ref": "P227863.34.1",
                  "inst": "%sux:ad-ad-da=",
                  "f": {
                    "lang": "sux",
                    "form": "ad-ad-da",
                    "gdl": [
                      {
                        "v": "ad",
                        "id": "P227863.34.1.0",
                        "delim": "-"
                      },
                      {
                        "v": "ad",
                        "id": "P227863.34.1.1",
                        "break": "damaged",
                        "ho": "1",
                        "delim": "-",
                        "hc": "1"
                      },
                      {
                        "v": "da",
                        "id": "P227863.34.1.2",
                        "breakStart": "1",
                        "o": "]",
                        "break": "missing",
                        "breakEnd": "P227863.34.1.2"
                      }
                    ]
                  }
                }
              ]
            },
            {
              "node": "c",
              "type": "sentence",
              "implicit": "yes",
              "tag": "#auto",
              "id": "P227863.U56",
              "label": "o? iii 2'",
              "cdl": [
                {
                  "node": "d",
                  "type": "line-start",
                  "ref": "P227863.35",
                  "n": "2'",
                  "label": "o? iii 2'"
                },
                {
                  "node": "l",
                  "frag": "⸢pa-bil₂-ga⸣",
                  "id": "P227863.l154b5",
                  "ref": "P227863.35.1",
                  "inst": "%sux:pa-bil₂-ga=",
                  "f": {
                    "lang": "sux",
                    "form": "pa-bil₂-ga",
                    "gdl": [
                      {
                        "v": "pa",
                        "id": "P227863.35.1.0",
                        "break": "damaged",
                        "ho": "1",
                        "delim": "-"
                      },
                      {
                        "v": "bil₂",
                        "id": "P227863.35.1.1",
                        "break": "damaged",
                        "delim": "-"
                      },
                      {
                        "v": "ga",
                        "id": "P227863.35.1.2",
                        "break": "damaged",
                        "hc": "1"
                      }
                    ]
                  }
                }
              ]
            },
            {
              "node": "c",
              "type": "sentence",
              "implicit": "yes",
              "tag": "#auto",
              "id": "P227863.U58",
              "label": "o? iii 3'",
              "cdl": [
                {
                  "node": "d",
                  "type": "line-start",
                  "ref": "P227863.36",
                  "n": "3'",
                  "label": "o? iii 3'"
                },
                {
                  "node": "l",
                  "frag": "bil₃(|GIŠ.NE@s|)",
                  "id": "P227863.l154b6",
                  "ref": "P227863.36.1",
                  "inst": "%sux:bil₃(|GIŠ.NE@s|)=",
                  "f": {
                    "lang": "sux",
                    "form": "bil₃(|GIŠ.NE@s|)",
                    "gdl": [
                      {
                        "q": "bil₃(|GIŠ.NE@s|)",
                        "id": "P227863.36.1.0",
                        "break": "damaged",
                        "ho": "1",
                        "hc": "1",
                        "qualified": [
                          {
                            "v": "bil₃"
                          },
                          {
                            "c": "|GIŠ.NE@s|",
                            "seq": [
                              {
                                "s": "GIŠ"
                              },
                              {
                                "o": "beside"
                              },
                              {
                                "form": "NE@s",
                                "break": "damaged",
                                "mods": [
                                  {
                                    "b": "NE"
                                  },
                                  {
                                    "m": "s"
                                  }
                                ]
                              }
                            ]
                          }
                        ]
                      }
                    ]
                  }
                }
              ]
            },
            {
              "node": "c",
              "type": "sentence",
              "implicit": "yes",
              "tag": "#auto",
              "id": "P227863.U60",
              "label": "o? iii 4'",
              "cdl": [
                {
                  "node": "d",
                  "type": "line-start",
                  "ref": "P227863.37",
                  "n": "4'",
                  "label": "o? iii 4'"
                },
                {
                  "node": "l",
                  "frag": "ad-gi₄-⸢gi₄⸣",
                  "id": "P227863.l154b7",
                  "ref": "P227863.37.1",
                  "inst": "%sux:ad-gi₄-gi₄=",
                  "f": {
                    "lang": "sux",
                    "form": "ad-gi₄-gi₄",
                    "gdl": [
                      {
                        "v": "ad",
                        "id": "P227863.37.1.0",
                        "delim": "-"
                      },
                      {
                        "v": "gi₄",
                        "id": "P227863.37.1.1",
                        "delim": "-"
                      },
                      {
                        "v": "gi₄",
                        "id": "P227863.37.1.2",
                        "break": "damaged",
                        "ho": "1",
                        "hc": "1"
                      }
                    ]
                  }
                }
              ]
            },
            {
              "node": "c",
              "type": "sentence",
              "implicit": "yes",
              "tag": "#auto",
              "id": "P227863.U62",
              "label": "o? iii 5'",
              "cdl": [
                {
                  "node": "d",
                  "type": "line-start",
                  "ref": "P227863.38",
                  "n": "5'",
                  "label": "o? iii 5'"
                },
                {
                  "node": "l",
                  "frag": "⸢ša₃⸣-kuš₂-u₃",
                  "id": "P227863.l154b8",
                  "ref": "P227863.38.1",
                  "inst": "%sux:ša₃-kuš₂-u₃=",
                  "f": {
                    "lang": "sux",
                    "form": "ša₃-kuš₂-u₃",
                    "gdl": [
                      {
                        "v": "ša₃",
                        "id": "P227863.38.1.0",
                        "break": "damaged",
                        "ho": "1",
                        "delim": "-",
                        "hc": "1"
                      },
                      {
                        "v": "kuš₂",
                        "id": "P227863.38.1.1",
                        "delim": "-"
                      },
                      {
                        "v": "u₃",
                        "id": "P227863.38.1.2"
                      }
                    ]
                  }
                }
              ]
            },
            {
              "node": "c",
              "type": "sentence",
              "implicit": "yes",
              "tag": "#auto",
              "id": "P227863.U64",
              "label": "o? iii 6'",
              "cdl": [
                {
                  "node": "d",
                  "type": "line-start",
                  "ref": "P227863.39",
                  "n": "6'",
                  "label": "o? iii 6'"
                },
                {
                  "node": "l",
                  "frag": "⸢inim⸣-ŋar",
                  "id": "P227863.l154b9",
                  "ref": "P227863.39.1",
                  "inst": "%sux:inim-ŋar=",
                  "f": {
                    "lang": "sux",
                    "form": "inim-ŋar",
                    "gdl": [
                      {
                        "v": "inim",
                        "id": "P227863.39.1.0",
                        "break": "damaged",
                        "ho": "1",
                        "delim": "-",
                        "hc": "1"
                      },
                      {
                        "v": "ŋar",
                        "id": "P227863.39.1.1"
                      }
                    ]
                  }
                }
              ]
            },
            {
              "node": "c",
              "type": "sentence",
              "implicit": "yes",
              "tag": "#auto",
              "id": "P227863.U66",
              "label": "o? iii 7'",
              "cdl": [
                {
                  "node": "d",
                  "type": "line-start",
                  "ref": "P227863.40",
                  "n": "7'",
                  "label": "o? iii 7'"
                },
                {
                  "node": "l",
                  "frag": "⸢saŋ⸣-ŋa₂-ŋa₂",
                  "id": "P227863.l154ba",
                  "ref": "P227863.40.1",
                  "inst": "%sux:saŋ-ŋa₂-ŋa₂=",
                  "f": {
                    "lang": "sux",
                    "form": "saŋ-ŋa₂-ŋa₂",
                    "gdl": [
                      {
                        "v": "saŋ",
                        "id": "P227863.40.1.0",
                        "break": "damaged",
                        "ho": "1",
                        "delim": "-",
                        "hc": "1"
                      },
                      {
                        "v": "ŋa₂",
                        "id": "P227863.40.1.1",
                        "delim": "-"
                      },
                      {
                        "v": "ŋa₂",
                        "id": "P227863.40.1.2"
                      }
                    ]
                  }
                }
              ]
            },
            {
              "node": "c",
              "type": "sentence",
              "implicit": "yes",
              "tag": "#auto",
              "id": "P227863.U68",
              "label": "o? iii 8'",
              "cdl": [
                {
                  "node": "d",
                  "type": "line-start",
                  "ref": "P227863.41",
                  "n": "8'",
                  "label": "o? iii 8'"
                },
                {
                  "node": "l",
                  "frag": "⸢saŋ",
                  "id": "P227863.l154bb",
                  "ref": "P227863.41.1",
                  "inst": "%sux:saŋ=",
                  "f": {
                    "lang": "sux",
                    "form": "saŋ",
                    "delim": "",
                    "gdl": [
                      {
                        "v": "saŋ",
                        "id": "P227863.41.1.0",
                        "break": "damaged",
                        "ho": "1"
                      }
                    ]
                  }
                },
                {
                  "node": "l",
                  "frag": "šum₂-mu⸣",
                  "id": "P227863.l154bc",
                  "ref": "P227863.41.2",
                  "inst": "%sux:šum₂-mu=",
                  "f": {
                    "lang": "sux",
                    "form": "šum₂-mu",
                    "gdl": [
                      {
                        "v": "šum₂",
                        "id": "P227863.41.2.0",
                        "break": "damaged",
                        "delim": "-"
                      },
                      {
                        "v": "mu",
                        "id": "P227863.41.2.1",
                        "break": "damaged",
                        "hc": "1"
                      }
                    ]
                  }
                }
              ]
            },
            {
              "node": "c",
              "type": "sentence",
              "implicit": "yes",
              "tag": "#auto",
              "id": "P227863.U70",
              "label": "o? iii 9'",
              "cdl": [
                {
                  "node": "d",
                  "type": "line-start",
                  "ref": "P227863.42",
                  "n": "9'",
                  "label": "o? iii 9'"
                },
                {
                  "node": "l",
                  "frag": "⸢inim-šar₂⸣-šar₂",
                  "id": "P227863.l154bd",
                  "ref": "P227863.42.1",
                  "inst": "%sux:inim-šar₂-šar₂=",
                  "f": {
                    "lang": "sux",
                    "form": "inim-šar₂-šar₂",
                    "gdl": [
                      {
                        "v": "inim",
                        "id": "P227863.42.1.0",
                        "break": "damaged",
                        "ho": "1",
                        "delim": "-"
                      },
                      {
                        "v": "šar₂",
                        "id": "P227863.42.1.1",
                        "break": "damaged",
                        "delim": "-",
                        "hc": "1"
                      },
                      {
                        "v": "šar₂",
                        "id": "P227863.42.1.2"
                      }
                    ]
                  }
                }
              ]
            },
            {
              "node": "c",
              "type": "sentence",
              "implicit": "yes",
              "tag": "#auto",
              "id": "P227863.U72",
              "label": "o? iii 10'",
              "cdl": [
                {
                  "node": "d",
                  "type": "line-start",
                  "ref": "P227863.43",
                  "n": "10'",
                  "label": "o? iii 10'"
                },
                {
                  "node": "l",
                  "frag": "⸢ba-an-gi₄⸣",
                  "id": "P227863.l154be",
                  "ref": "P227863.43.1",
                  "inst": "%sux:ba-an-gi₄=",
                  "f": {
                    "lang": "sux",
                    "form": "ba-an-gi₄",
                    "gdl": [
                      {
                        "v": "ba",
                        "id": "P227863.43.1.0",
                        "break": "damaged",
                        "ho": "1",
                        "delim": "-"
                      },
                      {
                        "v": "an",
                        "id": "P227863.43.1.1",
                        "break": "damaged",
                        "delim": "-"
                      },
                      {
                        "v": "gi₄",
                        "id": "P227863.43.1.2",
                        "break": "damaged",
                        "hc": "1"
                      }
                    ]
                  }
                },
                {
                  "node": "d",
                  "type": "nonx",
                  "ref": "P227863.44",
                  "strict": "1",
                  "extent": "2",
                  "scope": "line",
                  "state": "missing"
                },
                {
                  "node": "d",
                  "subtype": "column 4o?",
                  "type": "column",
                  "ref": "P227863.o_.iv.45",
                  "n": "4",
                  "label": "o? iv"
                },
                {
                  "node": "d",
                  "type": "nonx",
                  "ref": "P227863.46",
                  "strict": "1",
                  "extent": "n",
                  "scope": "line",
                  "state": "traces"
                }
              ]
            }
          ]
        }
      ]
    }
  ]
}
