{
  "type": "cdl",
  "project": "dcclt",
  "source": "http://oracc.org/dcclt",
  "license": "This data is released under the CC0 license",
  "license-url": "https://creativecommons.org/publicdomain/zero/1.0/",
  "more-info": "http://oracc.org/doc/opendata/",
  "UTC-timestamp": "2019-01-29T00:10:54",
  "textid": "P228307",
  "cdl": [
    {
      "node": "c",
      "type": "text",
      "id": "P228307.U0",
      "cdl": [
        {
          "node": "d",
          "type": "object",
          "ref": ""
        },
        {
          "node": "d",
          "subtype": "obverse",
          "type": "obverse",
          "ref": "P228307.o.1",
          "label": "o"
        },
        {
          "node": "d",
          "subtype": "column 1o",
          "type": "column",
          "ref": "P228307.o.i.2",
          "n": "1",
          "label": "o i"
        },
        {
          "node": "c",
          "type": "discourse",
          "subtype": "body",
          "id": "P228307.U1",
          "cdl": [
            {
              "node": "c",
              "type": "sentence",
              "implicit": "yes",
              "id": "P228307.U2",
              "label": "o i 1'",
              "cdl": [
                {
                  "node": "d",
                  "type": "line-start",
                  "ref": "P228307.3",
                  "n": "1'",
                  "label": "o i 1'"
                },
                {
                  "node": "l",
                  "frag": "[...]",
                  "id": "P228307.l1dbf3",
                  "ref": "P228307.3.1",
                  "inst": "%sux:x=",
                  "f": {
                    "lang": "sux",
                    "form": "x",
                    "delim": "",
                    "gdl": [
                      {
                        "x": "ellipsis",
                        "id": "P228307.3.1.0",
                        "breakStart": "1",
                        "break": "missing",
                        "o": "]",
                        "breakEnd": "P228307.3.1.0"
                      }
                    ]
                  }
                },
                {
                  "node": "l",
                  "frag": "BU-zu₂-lum-ma",
                  "id": "P228307.l1dbf4",
                  "ref": "P228307.3.2",
                  "inst": "%sux:BU-zu₂-lum-ma=",
                  "f": {
                    "lang": "sux",
                    "form": "BU-zu₂-lum-ma",
                    "gdl": [
                      {
                        "s": "BU",
                        "id": "P228307.3.2.0",
                        "delim": "-"
                      },
                      {
                        "v": "zu₂",
                        "id": "P228307.3.2.1",
                        "delim": "-"
                      },
                      {
                        "v": "lum",
                        "id": "P228307.3.2.2",
                        "delim": "-"
                      },
                      {
                        "v": "ma",
                        "id": "P228307.3.2.3"
                      }
                    ]
                  }
                }
              ]
            },
            {
              "node": "c",
              "type": "sentence",
              "implicit": "yes",
              "tag": "#auto",
              "id": "P228307.U4",
              "label": "o i 2'",
              "cdl": [
                {
                  "node": "d",
                  "type": "line-start",
                  "ref": "P228307.4",
                  "n": "2'",
                  "label": "o i 2'"
                },
                {
                  "node": "l",
                  "frag": "[...]",
                  "id": "P228307.l1dbf5",
                  "ref": "P228307.4.1",
                  "inst": "%sux:x=",
                  "f": {
                    "lang": "sux",
                    "form": "x",
                    "delim": "",
                    "gdl": [
                      {
                        "x": "ellipsis",
                        "id": "P228307.4.1.0",
                        "breakStart": "1",
                        "break": "missing",
                        "o": "]",
                        "breakEnd": "P228307.4.1.0"
                      }
                    ]
                  }
                },
                {
                  "node": "l",
                  "frag": "dili-bu-um",
                  "id": "P228307.l1dbf6",
                  "ref": "P228307.4.2",
                  "inst": "%sux:dili-bu-um=",
                  "f": {
                    "lang": "sux",
                    "form": "dili-bu-um",
                    "gdl": [
                      {
                        "v": "dili",
                        "id": "P228307.4.2.0",
                        "delim": "-"
                      },
                      {
                        "v": "bu",
                        "id": "P228307.4.2.1",
                        "delim": "-"
                      },
                      {
                        "v": "um",
                        "id": "P228307.4.2.2"
                      }
                    ]
                  }
                }
              ]
            },
            {
              "node": "c",
              "type": "sentence",
              "implicit": "yes",
              "tag": "#auto",
              "id": "P228307.U6",
              "label": "o i 3'",
              "cdl": [
                {
                  "node": "d",
                  "type": "line-start",
                  "ref": "P228307.5",
                  "n": "3'",
                  "label": "o i 3'"
                },
                {
                  "node": "l",
                  "frag": "[...]",
                  "id": "P228307.l1dbf7",
                  "ref": "P228307.5.1",
                  "inst": "%sux:x=",
                  "f": {
                    "lang": "sux",
                    "form": "x",
                    "delim": "",
                    "gdl": [
                      {
                        "x": "ellipsis",
                        "id": "P228307.5.1.0",
                        "breakStart": "1",
                        "break": "missing",
                        "o": "]",
                        "breakEnd": "P228307.5.1.0"
                      }
                    ]
                  }
                },
                {
                  "node": "l",
                  "frag": "an-ta",
                  "id": "P228307.l1dbf8",
                  "ref": "P228307.5.2",
                  "inst": "%sux:an-ta=",
                  "f": {
                    "lang": "sux",
                    "form": "an-ta",
                    "gdl": [
                      {
                        "v": "an",
                        "id": "P228307.5.2.0",
                        "delim": "-"
                      },
                      {
                        "v": "ta",
                        "id": "P228307.5.2.1"
                      }
                    ]
                  }
                }
              ]
            },
            {
              "node": "c",
              "type": "sentence",
              "implicit": "yes",
              "tag": "#auto",
              "id": "P228307.U8",
              "label": "o i 4'",
              "cdl": [
                {
                  "node": "d",
                  "type": "line-start",
                  "ref": "P228307.6",
                  "n": "4'",
                  "label": "o i 4'"
                },
                {
                  "node": "l",
                  "frag": "[...]",
                  "id": "P228307.l1dbf9",
                  "ref": "P228307.6.1",
                  "inst": "%sux:x=",
                  "f": {
                    "lang": "sux",
                    "form": "x",
                    "delim": "",
                    "gdl": [
                      {
                        "x": "ellipsis",
                        "id": "P228307.6.1.0",
                        "breakStart": "1",
                        "break": "missing",
                        "o": "]",
                        "breakEnd": "P228307.6.1.0"
                      }
                    ]
                  }
                },
                {
                  "node": "l",
                  "frag": "⸢huš⸣",
                  "id": "P228307.l1dbfa",
                  "ref": "P228307.6.2",
                  "inst": "%sux:huš=",
                  "f": {
                    "lang": "sux",
                    "form": "huš",
                    "gdl": [
                      {
                        "v": "huš",
                        "id": "P228307.6.2.0",
                        "break": "damaged",
                        "ho": "1",
                        "hc": "1"
                      }
                    ]
                  }
                },
                {
                  "node": "d",
                  "subtype": "column 2o",
                  "type": "column",
                  "ref": "P228307.o.ii.7",
                  "n": "2",
                  "label": "o ii"
                }
              ]
            },
            {
              "node": "c",
              "type": "sentence",
              "implicit": "yes",
              "tag": "#auto",
              "id": "P228307.U10",
              "label": "o ii 1'",
              "cdl": [
                {
                  "node": "d",
                  "type": "line-start",
                  "ref": "P228307.8",
                  "n": "1'",
                  "label": "o ii 1'"
                },
                {
                  "node": "l",
                  "frag": "⸢ŋeš",
                  "id": "P228307.l1dbfb",
                  "ref": "P228307.8.1",
                  "inst": "%sux:ŋeš=",
                  "f": {
                    "lang": "sux",
                    "form": "ŋeš",
                    "delim": "",
                    "gdl": [
                      {
                        "v": "ŋeš",
                        "id": "P228307.8.1.0",
                        "break": "damaged",
                        "ho": "1"
                      }
                    ]
                  }
                },
                {
                  "node": "l",
                  "frag": "gu⸣",
                  "id": "P228307.l1dbfc",
                  "ref": "P228307.8.2",
                  "inst": "%sux:gu=",
                  "f": {
                    "lang": "sux",
                    "form": "gu",
                    "gdl": [
                      {
                        "v": "gu",
                        "id": "P228307.8.2.0",
                        "break": "damaged",
                        "hc": "1"
                      }
                    ]
                  }
                }
              ]
            },
            {
              "node": "c",
              "type": "sentence",
              "implicit": "yes",
              "tag": "#auto",
              "id": "P228307.U12",
              "label": "o ii 2'",
              "cdl": [
                {
                  "node": "d",
                  "type": "line-start",
                  "ref": "P228307.9",
                  "n": "2'",
                  "label": "o ii 2'"
                },
                {
                  "node": "l",
                  "frag": "ŋeš",
                  "id": "P228307.l1dbfd",
                  "ref": "P228307.9.1",
                  "inst": "%sux:ŋeš=",
                  "f": {
                    "lang": "sux",
                    "form": "ŋeš",
                    "delim": "",
                    "gdl": [
                      {
                        "v": "ŋeš",
                        "id": "P228307.9.1.0"
                      }
                    ]
                  }
                },
                {
                  "node": "l",
                  "frag": "gu-[...]",
                  "id": "P228307.l1dbfe",
                  "ref": "P228307.9.2",
                  "inst": "%sux:gu-x=",
                  "f": {
                    "lang": "sux",
                    "form": "gu-x",
                    "gdl": [
                      {
                        "v": "gu",
                        "id": "P228307.9.2.0",
                        "delim": "-"
                      },
                      {
                        "x": "ellipsis",
                        "id": "P228307.9.2.1",
                        "breakStart": "1",
                        "break": "missing",
                        "o": "]",
                        "breakEnd": "P228307.9.2.1"
                      }
                    ]
                  }
                }
              ]
            },
            {
              "node": "c",
              "type": "sentence",
              "implicit": "yes",
              "tag": "#auto",
              "id": "P228307.U14",
              "label": "o ii 3'",
              "cdl": [
                {
                  "node": "d",
                  "type": "line-start",
                  "ref": "P228307.10",
                  "n": "3'",
                  "label": "o ii 3'"
                },
                {
                  "node": "l",
                  "frag": "ŋeš",
                  "id": "P228307.l1dbff",
                  "ref": "P228307.10.1",
                  "inst": "%sux:ŋeš=",
                  "f": {
                    "lang": "sux",
                    "form": "ŋeš",
                    "delim": "",
                    "gdl": [
                      {
                        "v": "ŋeš",
                        "id": "P228307.10.1.0"
                      }
                    ]
                  }
                },
                {
                  "node": "l",
                  "frag": "gu-[...]",
                  "id": "P228307.l1dc00",
                  "ref": "P228307.10.2",
                  "inst": "%sux:gu-x=",
                  "f": {
                    "lang": "sux",
                    "form": "gu-x",
                    "gdl": [
                      {
                        "v": "gu",
                        "id": "P228307.10.2.0",
                        "delim": "-"
                      },
                      {
                        "x": "ellipsis",
                        "id": "P228307.10.2.1",
                        "breakStart": "1",
                        "break": "missing",
                        "o": "]",
                        "breakEnd": "P228307.10.2.1"
                      }
                    ]
                  }
                }
              ]
            },
            {
              "node": "c",
              "type": "sentence",
              "implicit": "yes",
              "tag": "#auto",
              "id": "P228307.U16",
              "label": "o ii 4'",
              "cdl": [
                {
                  "node": "d",
                  "type": "line-start",
                  "ref": "P228307.11",
                  "n": "4'",
                  "label": "o ii 4'"
                },
                {
                  "node": "l",
                  "frag": "ŋeš",
                  "id": "P228307.l1dc01",
                  "ref": "P228307.11.1",
                  "inst": "%sux:ŋeš=",
                  "f": {
                    "lang": "sux",
                    "form": "ŋeš",
                    "delim": "",
                    "gdl": [
                      {
                        "v": "ŋeš",
                        "id": "P228307.11.1.0"
                      }
                    ]
                  }
                },
                {
                  "node": "l",
                  "frag": "gu-[...]",
                  "id": "P228307.l1dc02",
                  "ref": "P228307.11.2",
                  "inst": "%sux:gu-x=",
                  "f": {
                    "lang": "sux",
                    "form": "gu-x",
                    "gdl": [
                      {
                        "v": "gu",
                        "id": "P228307.11.2.0",
                        "delim": "-"
                      },
                      {
                        "x": "ellipsis",
                        "id": "P228307.11.2.1",
                        "breakStart": "1",
                        "break": "missing",
                        "o": "]",
                        "breakEnd": "P228307.11.2.1"
                      }
                    ]
                  }
                },
                {
                  "node": "d",
                  "subtype": "reverse",
                  "type": "reverse",
                  "ref": "P228307.r.12",
                  "label": "r"
                },
                {
                  "node": "d",
                  "subtype": "column 1r",
                  "type": "column",
                  "ref": "P228307.r.i.13",
                  "n": "1",
                  "label": "r i"
                }
              ]
            },
            {
              "node": "c",
              "type": "sentence",
              "implicit": "yes",
              "tag": "#auto",
              "id": "P228307.U18",
              "label": "r i 1",
              "cdl": [
                {
                  "node": "d",
                  "type": "line-start",
                  "ref": "P228307.14",
                  "n": "1",
                  "label": "r i 1"
                },
                {
                  "node": "l",
                  "frag": "ŋeš",
                  "id": "P228307.l1dc03",
                  "ref": "P228307.14.1",
                  "inst": "%sux:ŋeš=",
                  "f": {
                    "lang": "sux",
                    "form": "ŋeš",
                    "delim": "",
                    "gdl": [
                      {
                        "v": "ŋeš",
                        "id": "P228307.14.1.0"
                      }
                    ]
                  }
                },
                {
                  "node": "l",
                  "frag": "[...]",
                  "id": "P228307.l1dc04",
                  "ref": "P228307.14.2",
                  "inst": "%sux:x=",
                  "f": {
                    "lang": "sux",
                    "form": "x",
                    "gdl": [
                      {
                        "x": "ellipsis",
                        "id": "P228307.14.2.0",
                        "breakStart": "1",
                        "break": "missing",
                        "o": "]",
                        "breakEnd": "P228307.14.2.0"
                      }
                    ]
                  }
                }
              ]
            },
            {
              "node": "c",
              "type": "sentence",
              "implicit": "yes",
              "tag": "#auto",
              "id": "P228307.U20",
              "label": "r i 2",
              "cdl": [
                {
                  "node": "d",
                  "type": "line-start",
                  "ref": "P228307.15",
                  "n": "2",
                  "label": "r i 2"
                },
                {
                  "node": "l",
                  "frag": "ŋeš",
                  "id": "P228307.l1dc05",
                  "ref": "P228307.15.1",
                  "inst": "%sux:ŋeš=",
                  "f": {
                    "lang": "sux",
                    "form": "ŋeš",
                    "delim": "",
                    "gdl": [
                      {
                        "v": "ŋeš",
                        "id": "P228307.15.1.0"
                      }
                    ]
                  }
                },
                {
                  "node": "l",
                  "frag": "[...]",
                  "id": "P228307.l1dc06",
                  "ref": "P228307.15.2",
                  "inst": "%sux:x=",
                  "f": {
                    "lang": "sux",
                    "form": "x",
                    "gdl": [
                      {
                        "x": "ellipsis",
                        "id": "P228307.15.2.0",
                        "breakStart": "1",
                        "break": "missing",
                        "o": "]",
                        "breakEnd": "P228307.15.2.0"
                      }
                    ]
                  }
                },
                {
                  "node": "d",
                  "subtype": "column 2r",
                  "type": "column",
                  "ref": "P228307.r.ii.16",
                  "n": "2",
                  "label": "r ii"
                }
              ]
            },
            {
              "node": "c",
              "type": "sentence",
              "implicit": "yes",
              "tag": "#auto",
              "id": "P228307.U22",
              "label": "r ii 1'",
              "cdl": [
                {
                  "node": "d",
                  "type": "line-start",
                  "ref": "P228307.17",
                  "n": "1'",
                  "label": "r ii 1'"
                },
                {
                  "node": "l",
                  "frag": "[...]-⸢la⸣-gi",
                  "id": "P228307.l1dc07",
                  "ref": "P228307.17.1",
                  "inst": "%sux:x-la-gi=",
                  "f": {
                    "lang": "sux",
                    "form": "x-la-gi",
                    "gdl": [
                      {
                        "x": "ellipsis",
                        "id": "P228307.17.1.0",
                        "breakStart": "1",
                        "break": "missing",
                        "o": "]",
                        "breakEnd": "P228307.17.1.0",
                        "delim": "-"
                      },
                      {
                        "v": "la",
                        "id": "P228307.17.1.1",
                        "break": "damaged",
                        "ho": "1",
                        "delim": "-",
                        "hc": "1"
                      },
                      {
                        "v": "gi",
                        "id": "P228307.17.1.2"
                      }
                    ]
                  }
                }
              ]
            },
            {
              "node": "c",
              "type": "sentence",
              "implicit": "yes",
              "tag": "#auto",
              "id": "P228307.U24",
              "label": "r ii 2'",
              "cdl": [
                {
                  "node": "d",
                  "type": "line-start",
                  "ref": "P228307.18",
                  "n": "2'",
                  "label": "r ii 2'"
                },
                {
                  "node": "l",
                  "frag": "[...]-ma-ri",
                  "id": "P228307.l1dc08",
                  "ref": "P228307.18.1",
                  "inst": "%sux:x-ma-ri=",
                  "f": {
                    "lang": "sux",
                    "form": "x-ma-ri",
                    "gdl": [
                      {
                        "x": "ellipsis",
                        "id": "P228307.18.1.0",
                        "breakStart": "1",
                        "break": "missing",
                        "o": "]",
                        "breakEnd": "P228307.18.1.0",
                        "delim": "-"
                      },
                      {
                        "v": "ma",
                        "id": "P228307.18.1.1",
                        "delim": "-"
                      },
                      {
                        "v": "ri",
                        "id": "P228307.18.1.2"
                      }
                    ]
                  }
                }
              ]
            }
          ]
        }
      ]
    }
  ]
}
