{
  "type": "cdl",
  "project": "dcclt",
  "source": "http://oracc.org/dcclt",
  "license": "This data is released under the CC0 license",
  "license-url": "https://creativecommons.org/publicdomain/zero/1.0/",
  "more-info": "http://oracc.org/doc/opendata/",
  "UTC-timestamp": "2019-01-29T00:11:01",
  "textid": "P228419",
  "cdl": [
    {
      "node": "c",
      "type": "text",
      "id": "P228419.U0",
      "cdl": [
        {
          "node": "d",
          "type": "object",
          "ref": ""
        },
        {
          "node": "d",
          "subtype": "obverse",
          "type": "obverse",
          "ref": "P228419.o.1",
          "label": "o"
        },
        {
          "node": "d",
          "subtype": "column 1o",
          "type": "column",
          "ref": "P228419.o.i.2",
          "n": "1",
          "label": "o i"
        },
        {
          "node": "c",
          "type": "discourse",
          "subtype": "body",
          "id": "P228419.U1",
          "cdl": [
            {
              "node": "c",
              "type": "sentence",
              "implicit": "yes",
              "id": "P228419.U2",
              "label": "o i 1'",
              "cdl": [
                {
                  "node": "d",
                  "type": "line-start",
                  "ref": "P228419.3",
                  "n": "1'",
                  "label": "o i 1'"
                },
                {
                  "node": "l",
                  "frag": "[...]",
                  "id": "P228419.l1fd46",
                  "ref": "P228419.3.1",
                  "inst": "%sux:x=",
                  "f": {
                    "lang": "sux",
                    "form": "x",
                    "delim": "",
                    "gdl": [
                      {
                        "x": "ellipsis",
                        "id": "P228419.3.1.0",
                        "breakStart": "1",
                        "break": "missing",
                        "o": "]",
                        "breakEnd": "P228419.3.1.0"
                      }
                    ]
                  }
                },
                {
                  "node": "l",
                  "frag": "⸢esi⸣",
                  "id": "P228419.l1fd47",
                  "ref": "P228419.3.2",
                  "inst": "%sux:esi=",
                  "f": {
                    "lang": "sux",
                    "form": "esi",
                    "gdl": [
                      {
                        "v": "esi",
                        "id": "P228419.3.2.0",
                        "break": "damaged",
                        "ho": "1",
                        "hc": "1"
                      }
                    ]
                  }
                }
              ]
            },
            {
              "node": "c",
              "type": "sentence",
              "implicit": "yes",
              "tag": "#auto",
              "id": "P228419.U4",
              "label": "o i 2'",
              "cdl": [
                {
                  "node": "d",
                  "type": "line-start",
                  "ref": "P228419.4",
                  "n": "2'",
                  "label": "o i 2'"
                },
                {
                  "node": "l",
                  "frag": "[...]",
                  "id": "P228419.l1fd48",
                  "ref": "P228419.4.1",
                  "inst": "%sux:x=",
                  "f": {
                    "lang": "sux",
                    "form": "x",
                    "delim": "",
                    "gdl": [
                      {
                        "x": "ellipsis",
                        "id": "P228419.4.1.0",
                        "breakStart": "1",
                        "break": "missing",
                        "o": "]",
                        "breakEnd": "P228419.4.1.0"
                      }
                    ]
                  }
                },
                {
                  "node": "l",
                  "frag": "⸢ha-lu-ub₂⸣",
                  "id": "P228419.l1fd49",
                  "ref": "P228419.4.2",
                  "inst": "%sux:ha-lu-ub₂=",
                  "f": {
                    "lang": "sux",
                    "form": "ha-lu-ub₂",
                    "gdl": [
                      {
                        "v": "ha",
                        "id": "P228419.4.2.0",
                        "break": "damaged",
                        "ho": "1",
                        "delim": "-"
                      },
                      {
                        "v": "lu",
                        "id": "P228419.4.2.1",
                        "break": "damaged",
                        "delim": "-"
                      },
                      {
                        "v": "ub₂",
                        "id": "P228419.4.2.2",
                        "break": "damaged",
                        "hc": "1"
                      }
                    ]
                  }
                }
              ]
            },
            {
              "node": "c",
              "type": "sentence",
              "implicit": "yes",
              "tag": "#auto",
              "id": "P228419.U6",
              "label": "o i 3'",
              "cdl": [
                {
                  "node": "d",
                  "type": "line-start",
                  "ref": "P228419.5",
                  "n": "3'",
                  "label": "o i 3'"
                },
                {
                  "node": "l",
                  "frag": "[...]",
                  "id": "P228419.l1fd4a",
                  "ref": "P228419.5.1",
                  "inst": "%sux:x=",
                  "f": {
                    "lang": "sux",
                    "form": "x",
                    "delim": "",
                    "gdl": [
                      {
                        "x": "ellipsis",
                        "id": "P228419.5.1.0",
                        "breakStart": "1",
                        "break": "missing",
                        "o": "]",
                        "breakEnd": "P228419.5.1.0"
                      }
                    ]
                  }
                },
                {
                  "node": "l",
                  "frag": "⸢ša₃⸣-kal",
                  "id": "P228419.l1fd4b",
                  "ref": "P228419.5.2",
                  "inst": "%sux:ša₃-kal=",
                  "f": {
                    "lang": "sux",
                    "form": "ša₃-kal",
                    "gdl": [
                      {
                        "v": "ša₃",
                        "id": "P228419.5.2.0",
                        "break": "damaged",
                        "ho": "1",
                        "delim": "-",
                        "hc": "1"
                      },
                      {
                        "v": "kal",
                        "id": "P228419.5.2.1"
                      }
                    ]
                  }
                }
              ]
            },
            {
              "node": "c",
              "type": "sentence",
              "implicit": "yes",
              "tag": "#auto",
              "id": "P228419.U8",
              "label": "o i 4'",
              "cdl": [
                {
                  "node": "d",
                  "type": "line-start",
                  "ref": "P228419.6",
                  "n": "4'",
                  "label": "o i 4'"
                },
                {
                  "node": "l",
                  "frag": "ŋeš",
                  "id": "P228419.l1fd4c",
                  "ref": "P228419.6.1",
                  "inst": "%sux:ŋeš=",
                  "f": {
                    "lang": "sux",
                    "form": "ŋeš",
                    "delim": "",
                    "gdl": [
                      {
                        "v": "ŋeš",
                        "id": "P228419.6.1.0"
                      }
                    ]
                  }
                },
                {
                  "node": "l",
                  "frag": "kin₂",
                  "id": "P228419.l1fd4d",
                  "ref": "P228419.6.2",
                  "inst": "%sux:kin₂=",
                  "f": {
                    "lang": "sux",
                    "form": "kin₂",
                    "gdl": [
                      {
                        "v": "kin₂",
                        "id": "P228419.6.2.0"
                      }
                    ]
                  }
                }
              ]
            },
            {
              "node": "c",
              "type": "sentence",
              "implicit": "yes",
              "tag": "#auto",
              "id": "P228419.U10",
              "label": "o i 5'",
              "cdl": [
                {
                  "node": "d",
                  "type": "line-start",
                  "ref": "P228419.7",
                  "n": "5'",
                  "label": "o i 5'"
                },
                {
                  "node": "l",
                  "frag": "[...]",
                  "id": "P228419.l1fd4e",
                  "ref": "P228419.7.1",
                  "inst": "%sux:x=",
                  "f": {
                    "lang": "sux",
                    "form": "x",
                    "delim": "",
                    "gdl": [
                      {
                        "x": "ellipsis",
                        "id": "P228419.7.1.0",
                        "breakStart": "1",
                        "break": "missing",
                        "o": "]",
                        "breakEnd": "P228419.7.1.0"
                      }
                    ]
                  }
                },
                {
                  "node": "l",
                  "frag": "⸢kin₂⸣-babbar",
                  "id": "P228419.l1fd4f",
                  "ref": "P228419.7.2",
                  "inst": "%sux:kin₂-babbar=",
                  "f": {
                    "lang": "sux",
                    "form": "kin₂-babbar",
                    "gdl": [
                      {
                        "v": "kin₂",
                        "id": "P228419.7.2.0",
                        "break": "damaged",
                        "ho": "1",
                        "delim": "-",
                        "hc": "1"
                      },
                      {
                        "v": "babbar",
                        "id": "P228419.7.2.1"
                      }
                    ]
                  }
                }
              ]
            },
            {
              "node": "c",
              "type": "sentence",
              "implicit": "yes",
              "tag": "#auto",
              "id": "P228419.U12",
              "label": "o i 6'",
              "cdl": [
                {
                  "node": "d",
                  "type": "line-start",
                  "ref": "P228419.8",
                  "n": "6'",
                  "label": "o i 6'"
                },
                {
                  "node": "l",
                  "frag": "[...]",
                  "id": "P228419.l1fd50",
                  "ref": "P228419.8.1",
                  "inst": "%sux:x=",
                  "f": {
                    "lang": "sux",
                    "form": "x",
                    "delim": "",
                    "gdl": [
                      {
                        "x": "ellipsis",
                        "id": "P228419.8.1.0",
                        "breakStart": "1",
                        "break": "missing",
                        "o": "]",
                        "breakEnd": "P228419.8.1.0"
                      }
                    ]
                  }
                },
                {
                  "node": "l",
                  "frag": "⸢kin₂⸣-ŋi₆",
                  "id": "P228419.l1fd51",
                  "ref": "P228419.8.2",
                  "inst": "%sux:kin₂-ŋi₆=",
                  "f": {
                    "lang": "sux",
                    "form": "kin₂-ŋi₆",
                    "gdl": [
                      {
                        "v": "kin₂",
                        "id": "P228419.8.2.0",
                        "break": "damaged",
                        "ho": "1",
                        "delim": "-",
                        "hc": "1"
                      },
                      {
                        "v": "ŋi₆",
                        "id": "P228419.8.2.1"
                      }
                    ]
                  }
                }
              ]
            },
            {
              "node": "c",
              "type": "sentence",
              "implicit": "yes",
              "tag": "#auto",
              "id": "P228419.U14",
              "label": "o i 7'",
              "cdl": [
                {
                  "node": "d",
                  "type": "line-start",
                  "ref": "P228419.9",
                  "n": "7'",
                  "label": "o i 7'"
                },
                {
                  "node": "l",
                  "frag": "[...]",
                  "id": "P228419.l1fd52",
                  "ref": "P228419.9.1",
                  "inst": "%sux:x=",
                  "f": {
                    "lang": "sux",
                    "form": "x",
                    "delim": "",
                    "gdl": [
                      {
                        "x": "ellipsis",
                        "id": "P228419.9.1.0",
                        "breakStart": "1",
                        "break": "missing",
                        "o": "]",
                        "breakEnd": "P228419.9.1.0"
                      }
                    ]
                  }
                },
                {
                  "node": "l",
                  "frag": "ŋi₆",
                  "id": "P228419.l1fd53",
                  "ref": "P228419.9.2",
                  "inst": "%sux:ŋi₆=",
                  "f": {
                    "lang": "sux",
                    "form": "ŋi₆",
                    "gdl": [
                      {
                        "v": "ŋi₆",
                        "id": "P228419.9.2.0"
                      }
                    ]
                  }
                }
              ]
            },
            {
              "node": "c",
              "type": "sentence",
              "implicit": "yes",
              "tag": "#auto",
              "id": "P228419.U16",
              "label": "o i 8'",
              "cdl": [
                {
                  "node": "d",
                  "type": "line-start",
                  "ref": "P228419.10",
                  "n": "8'",
                  "label": "o i 8'"
                },
                {
                  "node": "l",
                  "frag": "[...]",
                  "id": "P228419.l1fd54",
                  "ref": "P228419.10.1",
                  "inst": "%sux:x=",
                  "f": {
                    "lang": "sux",
                    "form": "x",
                    "delim": "",
                    "gdl": [
                      {
                        "x": "ellipsis",
                        "id": "P228419.10.1.0",
                        "breakStart": "1",
                        "break": "missing",
                        "o": "]",
                        "breakEnd": "P228419.10.1.0"
                      }
                    ]
                  }
                },
                {
                  "node": "l",
                  "frag": "ŋeštin",
                  "id": "P228419.l1fd55",
                  "ref": "P228419.10.2",
                  "inst": "%sux:ŋeštin=",
                  "f": {
                    "lang": "sux",
                    "form": "ŋeštin",
                    "gdl": [
                      {
                        "v": "ŋeštin",
                        "id": "P228419.10.2.0"
                      }
                    ]
                  }
                }
              ]
            },
            {
              "node": "c",
              "type": "sentence",
              "implicit": "yes",
              "tag": "#auto",
              "id": "P228419.U18",
              "label": "o i 9'",
              "cdl": [
                {
                  "node": "d",
                  "type": "line-start",
                  "ref": "P228419.11",
                  "n": "9'",
                  "label": "o i 9'"
                },
                {
                  "node": "l",
                  "frag": "ŋeš",
                  "id": "P228419.l1fd56",
                  "ref": "P228419.11.1",
                  "inst": "%sux:ŋeš=",
                  "f": {
                    "lang": "sux",
                    "form": "ŋeš",
                    "delim": "",
                    "gdl": [
                      {
                        "v": "ŋeš",
                        "id": "P228419.11.1.0"
                      }
                    ]
                  }
                },
                {
                  "node": "l",
                  "frag": "ŋeštin-⸢kir₄⸣",
                  "id": "P228419.l1fd57",
                  "ref": "P228419.11.2",
                  "inst": "%sux:ŋeštin-kir₄=",
                  "f": {
                    "lang": "sux",
                    "form": "ŋeštin-kir₄",
                    "gdl": [
                      {
                        "v": "ŋeštin",
                        "id": "P228419.11.2.0",
                        "delim": "-"
                      },
                      {
                        "v": "kir₄",
                        "id": "P228419.11.2.1",
                        "break": "damaged",
                        "ho": "1",
                        "hc": "1"
                      }
                    ]
                  }
                }
              ]
            },
            {
              "node": "c",
              "type": "sentence",
              "implicit": "yes",
              "tag": "#auto",
              "id": "P228419.U20",
              "label": "o i 10'",
              "cdl": [
                {
                  "node": "d",
                  "type": "line-start",
                  "ref": "P228419.12",
                  "n": "10'",
                  "label": "o i 10'"
                },
                {
                  "node": "l",
                  "frag": "ŋeš",
                  "id": "P228419.l1fd58",
                  "ref": "P228419.12.1",
                  "inst": "%sux:ŋeš=",
                  "f": {
                    "lang": "sux",
                    "form": "ŋeš",
                    "delim": "",
                    "gdl": [
                      {
                        "v": "ŋeš",
                        "id": "P228419.12.1.0"
                      }
                    ]
                  }
                },
                {
                  "node": "l",
                  "frag": "ŋeštin-⸢ka₅⸣-a",
                  "id": "P228419.l1fd59",
                  "ref": "P228419.12.2",
                  "inst": "%sux:ŋeštin-ka₅-a=",
                  "f": {
                    "lang": "sux",
                    "form": "ŋeštin-ka₅-a",
                    "gdl": [
                      {
                        "v": "ŋeštin",
                        "id": "P228419.12.2.0",
                        "delim": "-"
                      },
                      {
                        "v": "ka₅",
                        "id": "P228419.12.2.1",
                        "break": "damaged",
                        "ho": "1",
                        "delim": "-",
                        "hc": "1"
                      },
                      {
                        "v": "a",
                        "id": "P228419.12.2.2"
                      }
                    ]
                  }
                }
              ]
            },
            {
              "node": "c",
              "type": "sentence",
              "implicit": "yes",
              "tag": "#auto",
              "id": "P228419.U22",
              "label": "o i 11'",
              "cdl": [
                {
                  "node": "d",
                  "type": "line-start",
                  "ref": "P228419.13",
                  "n": "11'",
                  "label": "o i 11'"
                },
                {
                  "node": "l",
                  "frag": "ŋeš",
                  "id": "P228419.l1fd5a",
                  "ref": "P228419.13.1",
                  "inst": "%sux:ŋeš=",
                  "f": {
                    "lang": "sux",
                    "form": "ŋeš",
                    "delim": "",
                    "gdl": [
                      {
                        "v": "ŋeš",
                        "id": "P228419.13.1.0"
                      }
                    ]
                  }
                },
                {
                  "node": "l",
                  "frag": "ŋeštin-[...]-⸢ma⸣",
                  "id": "P228419.l1fd5b",
                  "ref": "P228419.13.2",
                  "inst": "%sux:ŋeštin-x-ma=",
                  "f": {
                    "lang": "sux",
                    "form": "ŋeštin-x-ma",
                    "gdl": [
                      {
                        "v": "ŋeštin",
                        "id": "P228419.13.2.0",
                        "delim": "-"
                      },
                      {
                        "x": "ellipsis",
                        "id": "P228419.13.2.1",
                        "breakStart": "1",
                        "break": "missing",
                        "o": "]",
                        "breakEnd": "P228419.13.2.1",
                        "delim": "-"
                      },
                      {
                        "v": "ma",
                        "id": "P228419.13.2.2",
                        "break": "damaged",
                        "ho": "1",
                        "hc": "1"
                      }
                    ]
                  }
                }
              ]
            },
            {
              "node": "c",
              "type": "sentence",
              "implicit": "yes",
              "tag": "#auto",
              "id": "P228419.U24",
              "label": "o i 12'",
              "cdl": [
                {
                  "node": "d",
                  "type": "line-start",
                  "ref": "P228419.14",
                  "n": "12'",
                  "label": "o i 12'"
                },
                {
                  "node": "l",
                  "frag": "ŋeš",
                  "id": "P228419.l1fd5c",
                  "ref": "P228419.14.1",
                  "inst": "%sux:ŋeš=",
                  "f": {
                    "lang": "sux",
                    "form": "ŋeš",
                    "delim": "",
                    "gdl": [
                      {
                        "v": "ŋeš",
                        "id": "P228419.14.1.0"
                      }
                    ]
                  }
                },
                {
                  "node": "l",
                  "frag": "⸢peš₃⸣",
                  "id": "P228419.l1fd5d",
                  "ref": "P228419.14.2",
                  "inst": "%sux:peš₃=",
                  "f": {
                    "lang": "sux",
                    "form": "peš₃",
                    "gdl": [
                      {
                        "v": "peš₃",
                        "id": "P228419.14.2.0",
                        "break": "damaged",
                        "ho": "1",
                        "hc": "1"
                      }
                    ]
                  }
                }
              ]
            },
            {
              "node": "c",
              "type": "sentence",
              "implicit": "yes",
              "tag": "#auto",
              "id": "P228419.U26",
              "label": "o i 13'",
              "cdl": [
                {
                  "node": "d",
                  "type": "line-start",
                  "ref": "P228419.15",
                  "n": "13'",
                  "label": "o i 13'"
                },
                {
                  "node": "l",
                  "frag": "ŋeš",
                  "id": "P228419.l1fd5e",
                  "ref": "P228419.15.1",
                  "inst": "%sux:ŋeš=",
                  "f": {
                    "lang": "sux",
                    "form": "ŋeš",
                    "delim": "",
                    "gdl": [
                      {
                        "v": "ŋeš",
                        "id": "P228419.15.1.0"
                      }
                    ]
                  }
                },
                {
                  "node": "l",
                  "frag": "[...]",
                  "id": "P228419.l1fd5f",
                  "ref": "P228419.15.2",
                  "inst": "%sux:x=",
                  "f": {
                    "lang": "sux",
                    "form": "x",
                    "gdl": [
                      {
                        "x": "ellipsis",
                        "id": "P228419.15.2.0",
                        "breakStart": "1",
                        "break": "missing",
                        "o": "]",
                        "breakEnd": "P228419.15.2.0"
                      }
                    ]
                  }
                },
                {
                  "node": "d",
                  "subtype": "column 2o",
                  "type": "column",
                  "ref": "P228419.o.ii.16",
                  "n": "2",
                  "label": "o ii"
                }
              ]
            },
            {
              "node": "c",
              "type": "sentence",
              "implicit": "yes",
              "tag": "#auto",
              "id": "P228419.U28",
              "label": "o ii 1'",
              "cdl": [
                {
                  "node": "d",
                  "type": "line-start",
                  "ref": "P228419.17",
                  "n": "1'",
                  "label": "o ii 1'"
                },
                {
                  "node": "l",
                  "frag": "ŋeš",
                  "id": "P228419.l1fd60",
                  "ref": "P228419.17.1",
                  "inst": "%sux:ŋeš=",
                  "f": {
                    "lang": "sux",
                    "form": "ŋeš",
                    "delim": "",
                    "gdl": [
                      {
                        "v": "ŋeš",
                        "id": "P228419.17.1.0"
                      }
                    ]
                  }
                },
                {
                  "node": "l",
                  "frag": "[...]",
                  "id": "P228419.l1fd61",
                  "ref": "P228419.17.2",
                  "inst": "%sux:x=",
                  "f": {
                    "lang": "sux",
                    "form": "x",
                    "gdl": [
                      {
                        "x": "ellipsis",
                        "id": "P228419.17.2.0",
                        "breakStart": "1",
                        "break": "missing",
                        "o": "]",
                        "breakEnd": "P228419.17.2.0"
                      }
                    ]
                  }
                }
              ]
            },
            {
              "node": "c",
              "type": "sentence",
              "implicit": "yes",
              "tag": "#auto",
              "id": "P228419.U30",
              "label": "o ii 2'",
              "cdl": [
                {
                  "node": "d",
                  "type": "line-start",
                  "ref": "P228419.18",
                  "n": "2'",
                  "label": "o ii 2'"
                },
                {
                  "node": "l",
                  "frag": "ŋeš",
                  "id": "P228419.l1fd62",
                  "ref": "P228419.18.1",
                  "inst": "%sux:ŋeš=",
                  "f": {
                    "lang": "sux",
                    "form": "ŋeš",
                    "delim": "",
                    "gdl": [
                      {
                        "v": "ŋeš",
                        "id": "P228419.18.1.0"
                      }
                    ]
                  }
                },
                {
                  "node": "l",
                  "frag": "⸢še⸣-[...]",
                  "id": "P228419.l1fd63",
                  "ref": "P228419.18.2",
                  "inst": "%sux:še-x=",
                  "f": {
                    "lang": "sux",
                    "form": "še-x",
                    "gdl": [
                      {
                        "v": "še",
                        "id": "P228419.18.2.0",
                        "break": "damaged",
                        "ho": "1",
                        "delim": "-",
                        "hc": "1"
                      },
                      {
                        "x": "ellipsis",
                        "id": "P228419.18.2.1",
                        "breakStart": "1",
                        "break": "missing",
                        "o": "]",
                        "breakEnd": "P228419.18.2.1"
                      }
                    ]
                  }
                }
              ]
            },
            {
              "node": "c",
              "type": "sentence",
              "implicit": "yes",
              "tag": "#auto",
              "id": "P228419.U32",
              "label": "o ii 3'",
              "cdl": [
                {
                  "node": "d",
                  "type": "line-start",
                  "ref": "P228419.19",
                  "n": "3'",
                  "label": "o ii 3'"
                },
                {
                  "node": "l",
                  "frag": "ŋeš",
                  "id": "P228419.l1fd64",
                  "ref": "P228419.19.1",
                  "inst": "%sux:ŋeš=",
                  "f": {
                    "lang": "sux",
                    "form": "ŋeš",
                    "delim": "",
                    "gdl": [
                      {
                        "v": "ŋeš",
                        "id": "P228419.19.1.0"
                      }
                    ]
                  }
                },
                {
                  "node": "l",
                  "frag": "še-⸢še⸣",
                  "id": "P228419.l1fd65",
                  "ref": "P228419.19.2",
                  "inst": "%sux:še-še=",
                  "f": {
                    "lang": "sux",
                    "form": "še-še",
                    "gdl": [
                      {
                        "v": "še",
                        "id": "P228419.19.2.0",
                        "delim": "-"
                      },
                      {
                        "v": "še",
                        "id": "P228419.19.2.1",
                        "break": "damaged",
                        "ho": "1",
                        "hc": "1"
                      }
                    ]
                  }
                }
              ]
            },
            {
              "node": "c",
              "type": "sentence",
              "implicit": "yes",
              "tag": "#auto",
              "id": "P228419.U34",
              "label": "o ii 4'",
              "cdl": [
                {
                  "node": "d",
                  "type": "line-start",
                  "ref": "P228419.20",
                  "n": "4'",
                  "label": "o ii 4'"
                },
                {
                  "node": "l",
                  "frag": "ŋeš",
                  "id": "P228419.l1fd66",
                  "ref": "P228419.20.1",
                  "inst": "%sux:ŋeš=",
                  "f": {
                    "lang": "sux",
                    "form": "ŋeš",
                    "delim": "",
                    "gdl": [
                      {
                        "v": "ŋeš",
                        "id": "P228419.20.1.0"
                      }
                    ]
                  }
                },
                {
                  "node": "l",
                  "frag": "šinig",
                  "id": "P228419.l1fd67",
                  "ref": "P228419.20.2",
                  "inst": "%sux:šinig=",
                  "f": {
                    "lang": "sux",
                    "form": "šinig",
                    "gdl": [
                      {
                        "v": "šinig",
                        "id": "P228419.20.2.0"
                      }
                    ]
                  }
                }
              ]
            },
            {
              "node": "c",
              "type": "sentence",
              "implicit": "yes",
              "tag": "#auto",
              "id": "P228419.U36",
              "label": "o ii 5'",
              "cdl": [
                {
                  "node": "d",
                  "type": "line-start",
                  "ref": "P228419.21",
                  "n": "5'",
                  "label": "o ii 5'"
                },
                {
                  "node": "l",
                  "frag": "ŋeš",
                  "id": "P228419.l1fd68",
                  "ref": "P228419.21.1",
                  "inst": "%sux:ŋeš=",
                  "f": {
                    "lang": "sux",
                    "form": "ŋeš",
                    "delim": "",
                    "gdl": [
                      {
                        "v": "ŋeš",
                        "id": "P228419.21.1.0"
                      }
                    ]
                  }
                },
                {
                  "node": "l",
                  "frag": "šinig-dili",
                  "id": "P228419.l1fd69",
                  "ref": "P228419.21.2",
                  "inst": "%sux:šinig-dili=",
                  "f": {
                    "lang": "sux",
                    "form": "šinig-dili",
                    "gdl": [
                      {
                        "v": "šinig",
                        "id": "P228419.21.2.0",
                        "delim": "-"
                      },
                      {
                        "v": "dili",
                        "id": "P228419.21.2.1"
                      }
                    ]
                  }
                }
              ]
            },
            {
              "node": "c",
              "type": "sentence",
              "implicit": "yes",
              "tag": "#auto",
              "id": "P228419.U38",
              "label": "o ii 6'",
              "cdl": [
                {
                  "node": "d",
                  "type": "line-start",
                  "ref": "P228419.22",
                  "n": "6'",
                  "label": "o ii 6'"
                },
                {
                  "node": "l",
                  "frag": "ŋeš",
                  "id": "P228419.l1fd6a",
                  "ref": "P228419.22.1",
                  "inst": "%sux:ŋeš=",
                  "f": {
                    "lang": "sux",
                    "form": "ŋeš",
                    "delim": "",
                    "gdl": [
                      {
                        "v": "ŋeš",
                        "id": "P228419.22.1.0"
                      }
                    ]
                  }
                },
                {
                  "node": "l",
                  "frag": "šinig-kur-ra",
                  "id": "P228419.l1fd6b",
                  "ref": "P228419.22.2",
                  "inst": "%sux:šinig-kur-ra=",
                  "f": {
                    "lang": "sux",
                    "form": "šinig-kur-ra",
                    "gdl": [
                      {
                        "v": "šinig",
                        "id": "P228419.22.2.0",
                        "delim": "-"
                      },
                      {
                        "v": "kur",
                        "id": "P228419.22.2.1",
                        "delim": "-"
                      },
                      {
                        "v": "ra",
                        "id": "P228419.22.2.2"
                      }
                    ]
                  }
                }
              ]
            },
            {
              "node": "c",
              "type": "sentence",
              "implicit": "yes",
              "tag": "#auto",
              "id": "P228419.U40",
              "label": "o ii 7'",
              "cdl": [
                {
                  "node": "d",
                  "type": "line-start",
                  "ref": "P228419.23",
                  "n": "7'",
                  "label": "o ii 7'"
                },
                {
                  "node": "l",
                  "frag": "ŋeš",
                  "id": "P228419.l1fd6c",
                  "ref": "P228419.23.1",
                  "inst": "%sux:ŋeš=",
                  "f": {
                    "lang": "sux",
                    "form": "ŋeš",
                    "delim": "",
                    "gdl": [
                      {
                        "v": "ŋeš",
                        "id": "P228419.23.1.0"
                      }
                    ]
                  }
                },
                {
                  "node": "l",
                  "frag": "šar₉-ša₄-bid₃",
                  "id": "P228419.l1fd6d",
                  "ref": "P228419.23.2",
                  "inst": "%sux:šar₉-ša₄-bid₃=",
                  "f": {
                    "lang": "sux",
                    "form": "šar₉-ša₄-bid₃",
                    "gdl": [
                      {
                        "v": "šar₉",
                        "id": "P228419.23.2.0",
                        "delim": "-"
                      },
                      {
                        "v": "ša₄",
                        "id": "P228419.23.2.1",
                        "delim": "-"
                      },
                      {
                        "v": "bid₃",
                        "id": "P228419.23.2.2"
                      }
                    ]
                  }
                }
              ]
            },
            {
              "node": "c",
              "type": "sentence",
              "implicit": "yes",
              "tag": "#auto",
              "id": "P228419.U42",
              "label": "o ii 8'",
              "cdl": [
                {
                  "node": "d",
                  "type": "line-start",
                  "ref": "P228419.24",
                  "n": "8'",
                  "label": "o ii 8'"
                },
                {
                  "node": "l",
                  "frag": "ŋeš",
                  "id": "P228419.l1fd6e",
                  "ref": "P228419.24.1",
                  "inst": "%sux:ŋeš=",
                  "f": {
                    "lang": "sux",
                    "form": "ŋeš",
                    "delim": "",
                    "gdl": [
                      {
                        "v": "ŋeš",
                        "id": "P228419.24.1.0"
                      }
                    ]
                  }
                },
                {
                  "node": "l",
                  "frag": "MES-šar₉-ša₄-bid₃",
                  "id": "P228419.l1fd6f",
                  "ref": "P228419.24.2",
                  "inst": "%sux:MES-šar₉-ša₄-bid₃=",
                  "f": {
                    "lang": "sux",
                    "form": "MES-šar₉-ša₄-bid₃",
                    "gdl": [
                      {
                        "s": "MES",
                        "id": "P228419.24.2.0",
                        "delim": "-"
                      },
                      {
                        "v": "šar₉",
                        "id": "P228419.24.2.1",
                        "delim": "-"
                      },
                      {
                        "v": "ša₄",
                        "id": "P228419.24.2.2",
                        "delim": "-"
                      },
                      {
                        "v": "bid₃",
                        "id": "P228419.24.2.3"
                      }
                    ]
                  }
                }
              ]
            },
            {
              "node": "c",
              "type": "sentence",
              "implicit": "yes",
              "tag": "#auto",
              "id": "P228419.U44",
              "label": "o ii 9'",
              "cdl": [
                {
                  "node": "d",
                  "type": "line-start",
                  "ref": "P228419.25",
                  "n": "9'",
                  "label": "o ii 9'"
                },
                {
                  "node": "l",
                  "frag": "ŋeš",
                  "id": "P228419.l1fd70",
                  "ref": "P228419.25.1",
                  "inst": "%sux:ŋeš=",
                  "f": {
                    "lang": "sux",
                    "form": "ŋeš",
                    "delim": "",
                    "gdl": [
                      {
                        "v": "ŋeš",
                        "id": "P228419.25.1.0"
                      }
                    ]
                  }
                },
                {
                  "node": "l",
                  "frag": "lam",
                  "id": "P228419.l1fd71",
                  "ref": "P228419.25.2",
                  "inst": "%sux:lam=",
                  "f": {
                    "lang": "sux",
                    "form": "lam",
                    "gdl": [
                      {
                        "v": "lam",
                        "id": "P228419.25.2.0"
                      }
                    ]
                  }
                }
              ]
            },
            {
              "node": "c",
              "type": "sentence",
              "implicit": "yes",
              "tag": "#auto",
              "id": "P228419.U46",
              "label": "o ii 10'",
              "cdl": [
                {
                  "node": "d",
                  "type": "line-start",
                  "ref": "P228419.26",
                  "n": "10'",
                  "label": "o ii 10'"
                },
                {
                  "node": "l",
                  "frag": "ŋeš",
                  "id": "P228419.l1fd72",
                  "ref": "P228419.26.1",
                  "inst": "%sux:ŋeš=",
                  "f": {
                    "lang": "sux",
                    "form": "ŋeš",
                    "delim": "",
                    "gdl": [
                      {
                        "v": "ŋeš",
                        "id": "P228419.26.1.0"
                      }
                    ]
                  }
                },
                {
                  "node": "l",
                  "frag": "LAM",
                  "id": "P228419.l1fd73",
                  "ref": "P228419.26.2",
                  "inst": "%sux:LAM=",
                  "f": {
                    "lang": "sux",
                    "form": "LAM",
                    "gdl": [
                      {
                        "s": "LAM",
                        "id": "P228419.26.2.0"
                      }
                    ]
                  }
                }
              ]
            },
            {
              "node": "c",
              "type": "sentence",
              "implicit": "yes",
              "tag": "#auto",
              "id": "P228419.U48",
              "label": "o ii 11'",
              "cdl": [
                {
                  "node": "d",
                  "type": "line-start",
                  "ref": "P228419.27",
                  "n": "11'",
                  "label": "o ii 11'"
                },
                {
                  "node": "l",
                  "frag": "ŋeš",
                  "id": "P228419.l1fd74",
                  "ref": "P228419.27.1",
                  "inst": "%sux:ŋeš=",
                  "f": {
                    "lang": "sux",
                    "form": "ŋeš",
                    "delim": "",
                    "gdl": [
                      {
                        "v": "ŋeš",
                        "id": "P228419.27.1.0"
                      }
                    ]
                  }
                },
                {
                  "node": "l",
                  "frag": "u₃-⸢suh₅⸣",
                  "id": "P228419.l1fd75",
                  "ref": "P228419.27.2",
                  "inst": "%sux:u₃-suh₅=",
                  "f": {
                    "lang": "sux",
                    "form": "u₃-suh₅",
                    "gdl": [
                      {
                        "v": "u₃",
                        "id": "P228419.27.2.0",
                        "delim": "-"
                      },
                      {
                        "v": "suh₅",
                        "id": "P228419.27.2.1",
                        "break": "damaged",
                        "ho": "1",
                        "hc": "1"
                      }
                    ]
                  }
                }
              ]
            },
            {
              "node": "c",
              "type": "sentence",
              "implicit": "yes",
              "tag": "#auto",
              "id": "P228419.U50",
              "label": "o ii 12'",
              "cdl": [
                {
                  "node": "d",
                  "type": "line-start",
                  "ref": "P228419.28",
                  "n": "12'",
                  "label": "o ii 12'"
                },
                {
                  "node": "l",
                  "frag": "⸢ŋeš⸣",
                  "id": "P228419.l1fd76",
                  "ref": "P228419.28.1",
                  "inst": "%sux:ŋeš=",
                  "f": {
                    "lang": "sux",
                    "form": "ŋeš",
                    "delim": "",
                    "gdl": [
                      {
                        "v": "ŋeš",
                        "id": "P228419.28.1.0",
                        "break": "damaged",
                        "ho": "1",
                        "hc": "1"
                      }
                    ]
                  }
                },
                {
                  "node": "l",
                  "frag": "u₃-⸢suh⸣-[...]",
                  "id": "P228419.l1fd77",
                  "ref": "P228419.28.2",
                  "inst": "%sux:u₃-suh-x=",
                  "f": {
                    "lang": "sux",
                    "form": "u₃-suh-x",
                    "gdl": [
                      {
                        "v": "u₃",
                        "id": "P228419.28.2.0",
                        "delim": "-"
                      },
                      {
                        "v": "suh",
                        "id": "P228419.28.2.1",
                        "break": "damaged",
                        "ho": "1",
                        "delim": "-",
                        "hc": "1"
                      },
                      {
                        "x": "ellipsis",
                        "id": "P228419.28.2.2",
                        "breakStart": "1",
                        "break": "missing",
                        "o": "]",
                        "breakEnd": "P228419.28.2.2"
                      }
                    ]
                  }
                },
                {
                  "node": "d",
                  "subtype": "reverse",
                  "type": "reverse",
                  "ref": "P228419.r.29",
                  "label": "r"
                },
                {
                  "node": "d",
                  "subtype": "column 1r",
                  "type": "column",
                  "ref": "P228419.r.i.30",
                  "n": "1",
                  "label": "r i"
                }
              ]
            },
            {
              "node": "c",
              "type": "sentence",
              "implicit": "yes",
              "tag": "#auto",
              "id": "P228419.U52",
              "label": "r i 1",
              "cdl": [
                {
                  "node": "d",
                  "type": "line-start",
                  "ref": "P228419.31",
                  "n": "1",
                  "label": "r i 1"
                },
                {
                  "node": "l",
                  "frag": "ŋeš",
                  "id": "P228419.l1fd78",
                  "ref": "P228419.31.1",
                  "inst": "%sux:ŋeš=",
                  "f": {
                    "lang": "sux",
                    "form": "ŋeš",
                    "delim": "",
                    "gdl": [
                      {
                        "v": "ŋeš",
                        "id": "P228419.31.1.0"
                      }
                    ]
                  }
                },
                {
                  "node": "l",
                  "frag": "u₃-suh₅-pa-kud",
                  "id": "P228419.l1fd79",
                  "ref": "P228419.31.2",
                  "inst": "%sux:u₃-suh₅-pa-kud=",
                  "f": {
                    "lang": "sux",
                    "form": "u₃-suh₅-pa-kud",
                    "gdl": [
                      {
                        "v": "u₃",
                        "id": "P228419.31.2.0",
                        "delim": "-"
                      },
                      {
                        "v": "suh₅",
                        "id": "P228419.31.2.1",
                        "delim": "-"
                      },
                      {
                        "v": "pa",
                        "id": "P228419.31.2.2",
                        "delim": "-"
                      },
                      {
                        "v": "kud",
                        "id": "P228419.31.2.3"
                      }
                    ]
                  }
                }
              ]
            },
            {
              "node": "c",
              "type": "sentence",
              "implicit": "yes",
              "tag": "#auto",
              "id": "P228419.U54",
              "label": "r i 2",
              "cdl": [
                {
                  "node": "d",
                  "type": "line-start",
                  "ref": "P228419.32",
                  "n": "2",
                  "label": "r i 2"
                },
                {
                  "node": "l",
                  "frag": "ŋeš",
                  "id": "P228419.l1fd7a",
                  "ref": "P228419.32.1",
                  "inst": "%sux:ŋeš=",
                  "f": {
                    "lang": "sux",
                    "form": "ŋeš",
                    "delim": "",
                    "gdl": [
                      {
                        "v": "ŋeš",
                        "id": "P228419.32.1.0"
                      }
                    ]
                  }
                },
                {
                  "node": "l",
                  "frag": "u₃-suh₅-[...]-⸢de₂⸣-a",
                  "id": "P228419.l1fd7b",
                  "ref": "P228419.32.2",
                  "inst": "%sux:u₃-suh₅-x-de₂-a=",
                  "f": {
                    "lang": "sux",
                    "form": "u₃-suh₅-x-de₂-a",
                    "gdl": [
                      {
                        "v": "u₃",
                        "id": "P228419.32.2.0",
                        "delim": "-"
                      },
                      {
                        "v": "suh₅",
                        "id": "P228419.32.2.1",
                        "delim": "-"
                      },
                      {
                        "x": "ellipsis",
                        "id": "P228419.32.2.2",
                        "breakStart": "1",
                        "break": "missing",
                        "o": "]",
                        "breakEnd": "P228419.32.2.2",
                        "delim": "-"
                      },
                      {
                        "v": "de₂",
                        "id": "P228419.32.2.3",
                        "break": "damaged",
                        "ho": "1",
                        "delim": "-",
                        "hc": "1"
                      },
                      {
                        "v": "a",
                        "id": "P228419.32.2.4"
                      }
                    ]
                  }
                }
              ]
            },
            {
              "node": "c",
              "type": "sentence",
              "implicit": "yes",
              "tag": "#auto",
              "id": "P228419.U56",
              "label": "r i 3",
              "cdl": [
                {
                  "node": "d",
                  "type": "line-start",
                  "ref": "P228419.33",
                  "n": "3",
                  "label": "r i 3"
                },
                {
                  "node": "l",
                  "frag": "ŋeš",
                  "id": "P228419.l1fd7c",
                  "ref": "P228419.33.1",
                  "inst": "%sux:ŋeš=",
                  "f": {
                    "lang": "sux",
                    "form": "ŋeš",
                    "delim": "",
                    "gdl": [
                      {
                        "v": "ŋeš",
                        "id": "P228419.33.1.0"
                      }
                    ]
                  }
                },
                {
                  "node": "l",
                  "frag": "še-u₃-suh₅",
                  "id": "P228419.l1fd7d",
                  "ref": "P228419.33.2",
                  "inst": "%sux:še-u₃-suh₅=",
                  "f": {
                    "lang": "sux",
                    "form": "še-u₃-suh₅",
                    "gdl": [
                      {
                        "v": "še",
                        "id": "P228419.33.2.0",
                        "delim": "-"
                      },
                      {
                        "v": "u₃",
                        "id": "P228419.33.2.1",
                        "delim": "-"
                      },
                      {
                        "v": "suh₅",
                        "id": "P228419.33.2.2"
                      }
                    ]
                  }
                }
              ]
            },
            {
              "node": "c",
              "type": "sentence",
              "implicit": "yes",
              "tag": "#auto",
              "id": "P228419.U58",
              "label": "r i 4",
              "cdl": [
                {
                  "node": "d",
                  "type": "line-start",
                  "ref": "P228419.34",
                  "n": "4",
                  "label": "r i 4"
                },
                {
                  "node": "l",
                  "frag": "ŋeš",
                  "id": "P228419.l1fd7e",
                  "ref": "P228419.34.1",
                  "inst": "%sux:ŋeš=",
                  "f": {
                    "lang": "sux",
                    "form": "ŋeš",
                    "delim": "",
                    "gdl": [
                      {
                        "v": "ŋeš",
                        "id": "P228419.34.1.0"
                      }
                    ]
                  }
                },
                {
                  "node": "l",
                  "frag": "pa-u₃-suh₅",
                  "id": "P228419.l1fd7f",
                  "ref": "P228419.34.2",
                  "inst": "%sux:pa-u₃-suh₅=",
                  "f": {
                    "lang": "sux",
                    "form": "pa-u₃-suh₅",
                    "gdl": [
                      {
                        "v": "pa",
                        "id": "P228419.34.2.0",
                        "delim": "-"
                      },
                      {
                        "v": "u₃",
                        "id": "P228419.34.2.1",
                        "delim": "-"
                      },
                      {
                        "v": "suh₅",
                        "id": "P228419.34.2.2"
                      }
                    ]
                  }
                }
              ]
            },
            {
              "node": "c",
              "type": "sentence",
              "implicit": "yes",
              "tag": "#auto",
              "id": "P228419.U60",
              "label": "r i 5",
              "cdl": [
                {
                  "node": "d",
                  "type": "line-start",
                  "ref": "P228419.35",
                  "n": "5",
                  "label": "r i 5"
                },
                {
                  "node": "l",
                  "frag": "ŋeš",
                  "id": "P228419.l1fd80",
                  "ref": "P228419.35.1",
                  "inst": "%sux:ŋeš=",
                  "f": {
                    "lang": "sux",
                    "form": "ŋeš",
                    "delim": "",
                    "gdl": [
                      {
                        "v": "ŋeš",
                        "id": "P228419.35.1.0"
                      }
                    ]
                  }
                },
                {
                  "node": "l",
                  "frag": "an-u₃-suh₅",
                  "id": "P228419.l1fd81",
                  "ref": "P228419.35.2",
                  "inst": "%sux:an-u₃-suh₅=",
                  "f": {
                    "lang": "sux",
                    "form": "an-u₃-suh₅",
                    "gdl": [
                      {
                        "v": "an",
                        "id": "P228419.35.2.0",
                        "delim": "-"
                      },
                      {
                        "v": "u₃",
                        "id": "P228419.35.2.1",
                        "delim": "-"
                      },
                      {
                        "v": "suh₅",
                        "id": "P228419.35.2.2"
                      }
                    ]
                  }
                }
              ]
            },
            {
              "node": "c",
              "type": "sentence",
              "implicit": "yes",
              "tag": "#auto",
              "id": "P228419.U62",
              "label": "r i 6",
              "cdl": [
                {
                  "node": "d",
                  "type": "line-start",
                  "ref": "P228419.36",
                  "n": "6",
                  "label": "r i 6"
                },
                {
                  "node": "l",
                  "frag": "ŋeš",
                  "id": "P228419.l1fd82",
                  "ref": "P228419.36.1",
                  "inst": "%sux:ŋeš=",
                  "f": {
                    "lang": "sux",
                    "form": "ŋeš",
                    "delim": "",
                    "gdl": [
                      {
                        "v": "ŋeš",
                        "id": "P228419.36.1.0"
                      }
                    ]
                  }
                },
                {
                  "node": "l",
                  "frag": "bir-la-e",
                  "id": "P228419.l1fd83",
                  "ref": "P228419.36.2",
                  "inst": "%sux:bir-la-e=",
                  "f": {
                    "lang": "sux",
                    "form": "bir-la-e",
                    "gdl": [
                      {
                        "v": "bir",
                        "id": "P228419.36.2.0",
                        "delim": "-"
                      },
                      {
                        "v": "la",
                        "id": "P228419.36.2.1",
                        "delim": "-"
                      },
                      {
                        "v": "e",
                        "id": "P228419.36.2.2"
                      }
                    ]
                  }
                }
              ]
            },
            {
              "node": "c",
              "type": "sentence",
              "implicit": "yes",
              "tag": "#auto",
              "id": "P228419.U64",
              "label": "r i 7",
              "cdl": [
                {
                  "node": "d",
                  "type": "line-start",
                  "ref": "P228419.37",
                  "n": "7",
                  "label": "r i 7"
                },
                {
                  "node": "l",
                  "frag": "ŋeš",
                  "id": "P228419.l1fd84",
                  "ref": "P228419.37.1",
                  "inst": "%sux:ŋeš=",
                  "f": {
                    "lang": "sux",
                    "form": "ŋeš",
                    "delim": "",
                    "gdl": [
                      {
                        "v": "ŋeš",
                        "id": "P228419.37.1.0"
                      }
                    ]
                  }
                },
                {
                  "node": "l",
                  "frag": "šim-gig",
                  "id": "P228419.l1fd85",
                  "ref": "P228419.37.2",
                  "inst": "%sux:šim-gig=",
                  "f": {
                    "lang": "sux",
                    "form": "šim-gig",
                    "gdl": [
                      {
                        "v": "šim",
                        "id": "P228419.37.2.0",
                        "delim": "-"
                      },
                      {
                        "v": "gig",
                        "id": "P228419.37.2.1"
                      }
                    ]
                  }
                }
              ]
            },
            {
              "node": "c",
              "type": "sentence",
              "implicit": "yes",
              "tag": "#auto",
              "id": "P228419.U66",
              "label": "r i 8",
              "cdl": [
                {
                  "node": "d",
                  "type": "line-start",
                  "ref": "P228419.38",
                  "n": "8",
                  "label": "r i 8"
                },
                {
                  "node": "l",
                  "frag": "⸢ŋeš⸣",
                  "id": "P228419.l1fd86",
                  "ref": "P228419.38.1",
                  "inst": "%sux:ŋeš=",
                  "f": {
                    "lang": "sux",
                    "form": "ŋeš",
                    "delim": "",
                    "gdl": [
                      {
                        "v": "ŋeš",
                        "id": "P228419.38.1.0",
                        "break": "damaged",
                        "ho": "1",
                        "hc": "1"
                      }
                    ]
                  }
                },
                {
                  "node": "l",
                  "frag": "šennur",
                  "id": "P228419.l1fd87",
                  "ref": "P228419.38.2",
                  "inst": "%sux:šennur=",
                  "f": {
                    "lang": "sux",
                    "form": "šennur",
                    "gdl": [
                      {
                        "v": "šennur",
                        "id": "P228419.38.2.0"
                      }
                    ]
                  }
                }
              ]
            },
            {
              "node": "c",
              "type": "sentence",
              "implicit": "yes",
              "tag": "#auto",
              "id": "P228419.U68",
              "label": "r i 9",
              "cdl": [
                {
                  "node": "d",
                  "type": "line-start",
                  "ref": "P228419.39",
                  "n": "9",
                  "label": "r i 9"
                },
                {
                  "node": "l",
                  "frag": "[...]",
                  "id": "P228419.l1fd88",
                  "ref": "P228419.39.1",
                  "inst": "%sux:x=",
                  "f": {
                    "lang": "sux",
                    "form": "x",
                    "delim": "",
                    "gdl": [
                      {
                        "x": "ellipsis",
                        "id": "P228419.39.1.0",
                        "breakStart": "1",
                        "break": "missing",
                        "o": "]",
                        "breakEnd": "P228419.39.1.0"
                      }
                    ]
                  }
                },
                {
                  "node": "l",
                  "frag": "⸢šennur⸣-kur-ra",
                  "id": "P228419.l1fd89",
                  "ref": "P228419.39.2",
                  "inst": "%sux:šennur-kur-ra=",
                  "f": {
                    "lang": "sux",
                    "form": "šennur-kur-ra",
                    "gdl": [
                      {
                        "v": "šennur",
                        "id": "P228419.39.2.0",
                        "break": "damaged",
                        "ho": "1",
                        "delim": "-",
                        "hc": "1"
                      },
                      {
                        "v": "kur",
                        "id": "P228419.39.2.1",
                        "delim": "-"
                      },
                      {
                        "v": "ra",
                        "id": "P228419.39.2.2"
                      }
                    ]
                  }
                }
              ]
            },
            {
              "node": "c",
              "type": "sentence",
              "implicit": "yes",
              "tag": "#auto",
              "id": "P228419.U70",
              "label": "r i 10",
              "cdl": [
                {
                  "node": "d",
                  "type": "line-start",
                  "ref": "P228419.40",
                  "n": "10",
                  "label": "r i 10"
                },
                {
                  "node": "l",
                  "frag": "[...]",
                  "id": "P228419.l1fd8a",
                  "ref": "P228419.40.1",
                  "inst": "%sux:x=",
                  "f": {
                    "lang": "sux",
                    "form": "x",
                    "delim": "",
                    "gdl": [
                      {
                        "x": "ellipsis",
                        "id": "P228419.40.1.0",
                        "breakStart": "1",
                        "break": "missing",
                        "o": "]",
                        "breakEnd": "P228419.40.1.0"
                      }
                    ]
                  }
                },
                {
                  "node": "l",
                  "frag": "⸢lam⸣-gal",
                  "id": "P228419.l1fd8b",
                  "ref": "P228419.40.2",
                  "inst": "%sux:lam-gal=",
                  "f": {
                    "lang": "sux",
                    "form": "lam-gal",
                    "gdl": [
                      {
                        "v": "lam",
                        "id": "P228419.40.2.0",
                        "break": "damaged",
                        "ho": "1",
                        "delim": "-",
                        "hc": "1"
                      },
                      {
                        "v": "gal",
                        "id": "P228419.40.2.1"
                      }
                    ]
                  }
                }
              ]
            },
            {
              "node": "c",
              "type": "sentence",
              "implicit": "yes",
              "tag": "#auto",
              "id": "P228419.U72",
              "label": "r i 11",
              "cdl": [
                {
                  "node": "d",
                  "type": "line-start",
                  "ref": "P228419.41",
                  "n": "11",
                  "label": "r i 11"
                },
                {
                  "node": "l",
                  "frag": "[...]-tur",
                  "id": "P228419.l1fd8c",
                  "ref": "P228419.41.1",
                  "inst": "%sux:x-tur=",
                  "f": {
                    "lang": "sux",
                    "form": "x-tur",
                    "gdl": [
                      {
                        "x": "ellipsis",
                        "id": "P228419.41.1.0",
                        "breakStart": "1",
                        "break": "missing",
                        "o": "]",
                        "breakEnd": "P228419.41.1.0",
                        "delim": "-"
                      },
                      {
                        "v": "tur",
                        "id": "P228419.41.1.1"
                      }
                    ]
                  }
                }
              ]
            },
            {
              "node": "c",
              "type": "sentence",
              "implicit": "yes",
              "tag": "#auto",
              "id": "P228419.U74",
              "label": "r i 12",
              "cdl": [
                {
                  "node": "d",
                  "type": "line-start",
                  "ref": "P228419.42",
                  "n": "12",
                  "label": "r i 12"
                },
                {
                  "node": "l",
                  "frag": "[...]-nu-um",
                  "id": "P228419.l1fd8d",
                  "ref": "P228419.42.1",
                  "inst": "%sux:x-nu-um=",
                  "f": {
                    "lang": "sux",
                    "form": "x-nu-um",
                    "gdl": [
                      {
                        "x": "ellipsis",
                        "id": "P228419.42.1.0",
                        "breakStart": "1",
                        "break": "missing",
                        "o": "]",
                        "breakEnd": "P228419.42.1.0",
                        "delim": "-"
                      },
                      {
                        "v": "nu",
                        "id": "P228419.42.1.1",
                        "delim": "-"
                      },
                      {
                        "v": "um",
                        "id": "P228419.42.1.2"
                      }
                    ]
                  }
                },
                {
                  "node": "d",
                  "subtype": "column 2r",
                  "type": "column",
                  "ref": "P228419.r.ii.43",
                  "n": "2",
                  "label": "r ii"
                }
              ]
            },
            {
              "node": "c",
              "type": "sentence",
              "implicit": "yes",
              "tag": "#auto",
              "id": "P228419.U76",
              "label": "r ii 1",
              "cdl": [
                {
                  "node": "d",
                  "type": "line-start",
                  "ref": "P228419.44",
                  "n": "1",
                  "label": "r ii 1"
                },
                {
                  "node": "l",
                  "frag": "ŋeš",
                  "id": "P228419.l1fd8e",
                  "ref": "P228419.44.1",
                  "inst": "%sux:ŋeš=",
                  "f": {
                    "lang": "sux",
                    "form": "ŋeš",
                    "delim": "",
                    "gdl": [
                      {
                        "v": "ŋeš",
                        "id": "P228419.44.1.0"
                      }
                    ]
                  }
                },
                {
                  "node": "l",
                  "frag": "[...]",
                  "id": "P228419.l1fd8f",
                  "ref": "P228419.44.2",
                  "inst": "%sux:x=",
                  "f": {
                    "lang": "sux",
                    "form": "x",
                    "gdl": [
                      {
                        "x": "ellipsis",
                        "id": "P228419.44.2.0",
                        "breakStart": "1",
                        "break": "missing",
                        "o": "]",
                        "breakEnd": "P228419.44.2.0"
                      }
                    ]
                  }
                }
              ]
            },
            {
              "node": "c",
              "type": "sentence",
              "implicit": "yes",
              "tag": "#auto",
              "id": "P228419.U78",
              "label": "r ii 2",
              "cdl": [
                {
                  "node": "d",
                  "type": "line-start",
                  "ref": "P228419.45",
                  "n": "2",
                  "label": "r ii 2"
                },
                {
                  "node": "l",
                  "frag": "ŋeš",
                  "id": "P228419.l1fd90",
                  "ref": "P228419.45.1",
                  "inst": "%sux:ŋeš=",
                  "f": {
                    "lang": "sux",
                    "form": "ŋeš",
                    "delim": "",
                    "gdl": [
                      {
                        "v": "ŋeš",
                        "id": "P228419.45.1.0"
                      }
                    ]
                  }
                },
                {
                  "node": "l",
                  "frag": "ildag₂-⸢kur-ra⸣",
                  "id": "P228419.l1fd91",
                  "ref": "P228419.45.2",
                  "inst": "%sux:ildag₂-kur-ra=",
                  "f": {
                    "lang": "sux",
                    "form": "ildag₂-kur-ra",
                    "gdl": [
                      {
                        "v": "ildag₂",
                        "id": "P228419.45.2.0",
                        "delim": "-"
                      },
                      {
                        "v": "kur",
                        "id": "P228419.45.2.1",
                        "break": "damaged",
                        "ho": "1",
                        "delim": "-"
                      },
                      {
                        "v": "ra",
                        "id": "P228419.45.2.2",
                        "break": "damaged",
                        "hc": "1"
                      }
                    ]
                  }
                }
              ]
            },
            {
              "node": "c",
              "type": "sentence",
              "implicit": "yes",
              "tag": "#auto",
              "id": "P228419.U80",
              "label": "r ii 3",
              "cdl": [
                {
                  "node": "d",
                  "type": "line-start",
                  "ref": "P228419.46",
                  "n": "3",
                  "label": "r ii 3"
                },
                {
                  "node": "l",
                  "frag": "ŋeš",
                  "id": "P228419.l1fd92",
                  "ref": "P228419.46.1",
                  "inst": "%sux:ŋeš=",
                  "f": {
                    "lang": "sux",
                    "form": "ŋeš",
                    "delim": "",
                    "gdl": [
                      {
                        "v": "ŋeš",
                        "id": "P228419.46.1.0"
                      }
                    ]
                  }
                },
                {
                  "node": "l",
                  "frag": "ildag₂-bur",
                  "id": "P228419.l1fd93",
                  "ref": "P228419.46.2",
                  "inst": "%sux:ildag₂-bur=",
                  "f": {
                    "lang": "sux",
                    "form": "ildag₂-bur",
                    "gdl": [
                      {
                        "v": "ildag₂",
                        "id": "P228419.46.2.0",
                        "delim": "-"
                      },
                      {
                        "v": "bur",
                        "id": "P228419.46.2.1"
                      }
                    ]
                  }
                }
              ]
            },
            {
              "node": "c",
              "type": "sentence",
              "implicit": "yes",
              "tag": "#auto",
              "id": "P228419.U82",
              "label": "r ii 4",
              "cdl": [
                {
                  "node": "d",
                  "type": "line-start",
                  "ref": "P228419.47",
                  "n": "4",
                  "label": "r ii 4"
                },
                {
                  "node": "l",
                  "frag": "ŋeš",
                  "id": "P228419.l1fd94",
                  "ref": "P228419.47.1",
                  "inst": "%sux:ŋeš=",
                  "f": {
                    "lang": "sux",
                    "form": "ŋeš",
                    "delim": "",
                    "gdl": [
                      {
                        "v": "ŋeš",
                        "id": "P228419.47.1.0"
                      }
                    ]
                  }
                },
                {
                  "node": "l",
                  "frag": "ildag₂-šita₃-na",
                  "id": "P228419.l1fd95",
                  "ref": "P228419.47.2",
                  "inst": "%sux:ildag₂-šita₃-na=",
                  "f": {
                    "lang": "sux",
                    "form": "ildag₂-šita₃-na",
                    "gdl": [
                      {
                        "v": "ildag₂",
                        "id": "P228419.47.2.0",
                        "delim": "-"
                      },
                      {
                        "v": "šita₃",
                        "id": "P228419.47.2.1",
                        "delim": "-"
                      },
                      {
                        "v": "na",
                        "id": "P228419.47.2.2"
                      }
                    ]
                  }
                }
              ]
            },
            {
              "node": "c",
              "type": "sentence",
              "implicit": "yes",
              "tag": "#auto",
              "id": "P228419.U84",
              "label": "r ii 5",
              "cdl": [
                {
                  "node": "d",
                  "type": "line-start",
                  "ref": "P228419.48",
                  "n": "5",
                  "label": "r ii 5"
                },
                {
                  "node": "l",
                  "frag": "ŋeš",
                  "id": "P228419.l1fd96",
                  "ref": "P228419.48.1",
                  "inst": "%sux:ŋeš=",
                  "f": {
                    "lang": "sux",
                    "form": "ŋeš",
                    "delim": "",
                    "gdl": [
                      {
                        "v": "ŋeš",
                        "id": "P228419.48.1.0"
                      }
                    ]
                  }
                },
                {
                  "node": "l",
                  "frag": "kur-ra",
                  "id": "P228419.l1fd97",
                  "ref": "P228419.48.2",
                  "inst": "%sux:kur-ra=",
                  "f": {
                    "lang": "sux",
                    "form": "kur-ra",
                    "gdl": [
                      {
                        "v": "kur",
                        "id": "P228419.48.2.0",
                        "delim": "-"
                      },
                      {
                        "v": "ra",
                        "id": "P228419.48.2.1"
                      }
                    ]
                  }
                }
              ]
            },
            {
              "node": "c",
              "type": "sentence",
              "implicit": "yes",
              "tag": "#auto",
              "id": "P228419.U86",
              "label": "r ii 6",
              "cdl": [
                {
                  "node": "d",
                  "type": "line-start",
                  "ref": "P228419.49",
                  "n": "6",
                  "label": "r ii 6"
                },
                {
                  "node": "l",
                  "frag": "ŋeš",
                  "id": "P228419.l1fd98",
                  "ref": "P228419.49.1",
                  "inst": "%sux:ŋeš=",
                  "f": {
                    "lang": "sux",
                    "form": "ŋeš",
                    "delim": "",
                    "gdl": [
                      {
                        "v": "ŋeš",
                        "id": "P228419.49.1.0"
                      }
                    ]
                  }
                },
                {
                  "node": "l",
                  "frag": "ab-ba",
                  "id": "P228419.l1fd99",
                  "ref": "P228419.49.2",
                  "inst": "%sux:ab-ba=",
                  "f": {
                    "lang": "sux",
                    "form": "ab-ba",
                    "gdl": [
                      {
                        "v": "ab",
                        "id": "P228419.49.2.0",
                        "delim": "-"
                      },
                      {
                        "v": "ba",
                        "id": "P228419.49.2.1"
                      }
                    ]
                  }
                }
              ]
            },
            {
              "node": "c",
              "type": "sentence",
              "implicit": "yes",
              "tag": "#auto",
              "id": "P228419.U88",
              "label": "r ii 7",
              "cdl": [
                {
                  "node": "d",
                  "type": "line-start",
                  "ref": "P228419.50",
                  "n": "7",
                  "label": "r ii 7"
                },
                {
                  "node": "l",
                  "frag": "ŋeš",
                  "id": "P228419.l1fd9a",
                  "ref": "P228419.50.1",
                  "inst": "%sux:ŋeš=",
                  "f": {
                    "lang": "sux",
                    "form": "ŋeš",
                    "delim": "",
                    "gdl": [
                      {
                        "v": "ŋeš",
                        "id": "P228419.50.1.0"
                      }
                    ]
                  }
                },
                {
                  "node": "l",
                  "frag": "ab-ba-me-luh-ha",
                  "id": "P228419.l1fd9b",
                  "ref": "P228419.50.2",
                  "inst": "%sux:ab-ba-me-luh-ha=",
                  "f": {
                    "lang": "sux",
                    "form": "ab-ba-me-luh-ha",
                    "gdl": [
                      {
                        "v": "ab",
                        "id": "P228419.50.2.0",
                        "delim": "-"
                      },
                      {
                        "v": "ba",
                        "id": "P228419.50.2.1",
                        "delim": "-"
                      },
                      {
                        "v": "me",
                        "id": "P228419.50.2.2",
                        "delim": "-"
                      },
                      {
                        "v": "luh",
                        "id": "P228419.50.2.3",
                        "delim": "-"
                      },
                      {
                        "v": "ha",
                        "id": "P228419.50.2.4"
                      }
                    ]
                  }
                }
              ]
            },
            {
              "node": "c",
              "type": "sentence",
              "implicit": "yes",
              "tag": "#auto",
              "id": "P228419.U90",
              "label": "r ii 8",
              "cdl": [
                {
                  "node": "d",
                  "type": "line-start",
                  "ref": "P228419.51",
                  "n": "8",
                  "label": "r ii 8"
                },
                {
                  "node": "l",
                  "frag": "ŋeš",
                  "id": "P228419.l1fd9c",
                  "ref": "P228419.51.1",
                  "inst": "%sux:ŋeš=",
                  "f": {
                    "lang": "sux",
                    "form": "ŋeš",
                    "delim": "",
                    "gdl": [
                      {
                        "v": "ŋeš",
                        "id": "P228419.51.1.0"
                      }
                    ]
                  }
                },
                {
                  "node": "l",
                  "frag": "ŋi₆-par₄",
                  "id": "P228419.l1fd9d",
                  "ref": "P228419.51.2",
                  "inst": "%sux:ŋi₆-par₄=",
                  "f": {
                    "lang": "sux",
                    "form": "ŋi₆-par₄",
                    "gdl": [
                      {
                        "v": "ŋi₆",
                        "id": "P228419.51.2.0",
                        "delim": "-"
                      },
                      {
                        "v": "par₄",
                        "id": "P228419.51.2.1"
                      }
                    ]
                  }
                }
              ]
            },
            {
              "node": "c",
              "type": "sentence",
              "implicit": "yes",
              "tag": "#auto",
              "id": "P228419.U92",
              "label": "r ii 9",
              "cdl": [
                {
                  "node": "d",
                  "type": "line-start",
                  "ref": "P228419.52",
                  "n": "9",
                  "label": "r ii 9"
                },
                {
                  "node": "l",
                  "frag": "ŋeš",
                  "id": "P228419.l1fd9e",
                  "ref": "P228419.52.1",
                  "inst": "%sux:ŋeš=",
                  "f": {
                    "lang": "sux",
                    "form": "ŋeš",
                    "delim": "",
                    "gdl": [
                      {
                        "v": "ŋeš",
                        "id": "P228419.52.1.0"
                      }
                    ]
                  }
                },
                {
                  "node": "l",
                  "frag": "ma-[...]",
                  "id": "P228419.l1fd9f",
                  "ref": "P228419.52.2",
                  "inst": "%sux:ma-x=",
                  "f": {
                    "lang": "sux",
                    "form": "ma-x",
                    "gdl": [
                      {
                        "v": "ma",
                        "id": "P228419.52.2.0",
                        "delim": "-"
                      },
                      {
                        "x": "ellipsis",
                        "id": "P228419.52.2.1",
                        "breakStart": "1",
                        "break": "missing",
                        "o": "]",
                        "breakEnd": "P228419.52.2.1"
                      }
                    ]
                  }
                }
              ]
            },
            {
              "node": "c",
              "type": "sentence",
              "implicit": "yes",
              "tag": "#auto",
              "id": "P228419.U94",
              "label": "r ii 10",
              "cdl": [
                {
                  "node": "d",
                  "type": "line-start",
                  "ref": "P228419.53",
                  "n": "10",
                  "label": "r ii 10"
                },
                {
                  "node": "l",
                  "frag": "ŋeš",
                  "id": "P228419.l1fda0",
                  "ref": "P228419.53.1",
                  "inst": "%sux:ŋeš=",
                  "f": {
                    "lang": "sux",
                    "form": "ŋeš",
                    "delim": "",
                    "gdl": [
                      {
                        "v": "ŋeš",
                        "id": "P228419.53.1.0"
                      }
                    ]
                  }
                },
                {
                  "node": "l",
                  "frag": "[...]",
                  "id": "P228419.l1fda1",
                  "ref": "P228419.53.2",
                  "inst": "%sux:x=",
                  "f": {
                    "lang": "sux",
                    "form": "x",
                    "gdl": [
                      {
                        "x": "ellipsis",
                        "id": "P228419.53.2.0",
                        "breakStart": "1",
                        "break": "missing",
                        "o": "]",
                        "breakEnd": "P228419.53.2.0"
                      }
                    ]
                  }
                }
              ]
            },
            {
              "node": "c",
              "type": "sentence",
              "implicit": "yes",
              "tag": "#auto",
              "id": "P228419.U96",
              "label": "r ii 11",
              "cdl": [
                {
                  "node": "d",
                  "type": "line-start",
                  "ref": "P228419.54",
                  "n": "11",
                  "label": "r ii 11"
                },
                {
                  "node": "l",
                  "frag": "ŋeš",
                  "id": "P228419.l1fda2",
                  "ref": "P228419.54.1",
                  "inst": "%sux:ŋeš=",
                  "f": {
                    "lang": "sux",
                    "form": "ŋeš",
                    "delim": "",
                    "gdl": [
                      {
                        "v": "ŋeš",
                        "id": "P228419.54.1.0"
                      }
                    ]
                  }
                },
                {
                  "node": "l",
                  "frag": "[...]",
                  "id": "P228419.l1fda3",
                  "ref": "P228419.54.2",
                  "inst": "%sux:x=",
                  "f": {
                    "lang": "sux",
                    "form": "x",
                    "gdl": [
                      {
                        "x": "ellipsis",
                        "id": "P228419.54.2.0",
                        "breakStart": "1",
                        "break": "missing",
                        "o": "]",
                        "breakEnd": "P228419.54.2.0"
                      }
                    ]
                  }
                }
              ]
            }
          ]
        }
      ]
    }
  ]
}
