{
  "type": "cdl",
  "project": "dcclt",
  "source": "http://oracc.org/dcclt",
  "license": "This data is released under the CC0 license",
  "license-url": "https://creativecommons.org/publicdomain/zero/1.0/",
  "more-info": "http://oracc.org/doc/opendata/",
  "UTC-timestamp": "2019-01-29T00:10:49",
  "textid": "P228199",
  "cdl": [
    {
      "node": "c",
      "type": "text",
      "id": "P228199.U0",
      "cdl": [
        {
          "node": "d",
          "subtype": "tablet",
          "type": "tablet",
          "ref": "P228199.x390.1",
          "label": "x390"
        },
        {
          "node": "d",
          "type": "surface",
          "ref": ""
        },
        {
          "node": "d",
          "type": "nonx",
          "ref": "P228199.2",
          "strict": "0",
          "state": "other"
        },
        {
          "node": "d",
          "type": "nonx",
          "ref": "P228199.3",
          "strict": "0",
          "extent": "1",
          "scope": "line",
          "state": "ruling"
        },
        {
          "node": "d",
          "subtype": "obverse",
          "type": "obverse",
          "ref": "P228199.o.4",
          "label": "o"
        },
        {
          "node": "d",
          "type": "nonx",
          "ref": "P228199.5",
          "strict": "1",
          "extent": "beginning",
          "scope": "column",
          "state": "missing"
        },
        {
          "node": "c",
          "type": "discourse",
          "subtype": "body",
          "id": "P228199.U1",
          "cdl": [
            {
              "node": "c",
              "type": "sentence",
              "implicit": "yes",
              "id": "P228199.U2",
              "label": "o 1'",
              "cdl": [
                {
                  "node": "d",
                  "type": "line-start",
                  "ref": "P228199.6",
                  "n": "1'",
                  "label": "o 1'"
                },
                {
                  "node": "d",
                  "type": "cell-start"
                },
                {
                  "node": "d",
                  "type": "field-start",
                  "subtype": "sv"
                },
                {
                  "node": "l",
                  "frag": "sumug₃",
                  "id": "P228199.l0eca4",
                  "ref": "P228199.6.1",
                  "inst": "samag[birthmark]N",
                  "exosig": "@dcclt%sux:sumug₃=samag[birthmark//birthmark, mole]N'N$samag/samag₃#~",
                  "exoprj": "epsd2",
                  "exolng": "sux",
                  "f": {
                    "lang": "sux",
                    "form": "sumug₃",
                    "gdl": [
                      {
                        "v": "sumug₃",
                        "id": "P228199.6.1.0"
                      }
                    ],
                    "cf": "samag",
                    "gw": "birthmark",
                    "sense": "birthmark, mole",
                    "norm0": "samag",
                    "pos": "N",
                    "epos": "N",
                    "base": "samag₃",
                    "morph": "~"
                  }
                },
                {
                  "node": "d",
                  "type": "field-end",
                  "subtype": "sv"
                },
                {
                  "node": "d",
                  "type": "cell-end"
                },
                {
                  "node": "d",
                  "type": "cell-start"
                },
                {
                  "node": "d",
                  "type": "field-start",
                  "subtype": "pr"
                },
                {
                  "node": "d",
                  "frag": "*",
                  "type": "punct",
                  "ref": "P228199.6.2",
                  "lang": "sux",
                  "delim": ""
                },
                {
                  "node": "l",
                  "frag": "⸢su⸣-mu-ug",
                  "id": "P228199.l0eca5",
                  "ref": "P228199.6.3",
                  "inst": "%sux:su-mu-ug=",
                  "f": {
                    "lang": "sux",
                    "form": "su-mu-ug",
                    "gdl": [
                      {
                        "v": "su",
                        "id": "P228199.6.3.0",
                        "break": "damaged",
                        "ho": "1",
                        "delim": "-",
                        "hc": "1"
                      },
                      {
                        "v": "mu",
                        "id": "P228199.6.3.1",
                        "delim": "-"
                      },
                      {
                        "v": "ug",
                        "id": "P228199.6.3.2"
                      }
                    ]
                  }
                },
                {
                  "node": "d",
                  "type": "field-end",
                  "subtype": "pr"
                },
                {
                  "node": "d",
                  "type": "cell-end"
                },
                {
                  "node": "d",
                  "type": "cell-start"
                },
                {
                  "node": "d",
                  "type": "field-start",
                  "subtype": "sg"
                },
                {
                  "node": "l",
                  "frag": "|URUDA×U|",
                  "id": "P228199.l0eca6",
                  "ref": "P228199.6.4",
                  "inst": "%sux:|URUDA×U|=",
                  "f": {
                    "lang": "sux",
                    "form": "|URUDA×U|",
                    "gdl": [
                      {
                        "c": "|URUDA×U|",
                        "id": "P228199.6.4.0",
                        "breakStart": "1",
                        "o": "]",
                        "break": "missing",
                        "breakEnd": "P228199.6.4.0",
                        "seq": [
                          {
                            "s": "URUDA"
                          },
                          {
                            "o": "containing"
                          },
                          {
                            "s": "U",
                            "queried": "1"
                          }
                        ]
                      }
                    ]
                  }
                },
                {
                  "node": "d",
                  "type": "field-end",
                  "subtype": "sg"
                },
                {
                  "node": "d",
                  "type": "cell-end"
                }
              ]
            },
            {
              "node": "c",
              "type": "sentence",
              "implicit": "yes",
              "tag": "#auto",
              "id": "P228199.U4",
              "label": "o 2'",
              "cdl": [
                {
                  "node": "d",
                  "type": "line-start",
                  "ref": "P228199.7",
                  "n": "2'",
                  "label": "o 2'"
                },
                {
                  "node": "d",
                  "type": "cell-start"
                },
                {
                  "node": "d",
                  "type": "field-start",
                  "subtype": "sv"
                },
                {
                  "node": "l",
                  "frag": "samag₃",
                  "id": "P228199.l0eca7",
                  "ref": "P228199.7.1",
                  "inst": "samag[birthmark]N",
                  "exosig": "@dcclt%sux:samag₃=samag[birthmark//birthmark, mole]N'N$samag/samag₃#~",
                  "exoprj": "epsd2",
                  "exolng": "sux",
                  "f": {
                    "lang": "sux",
                    "form": "samag₃",
                    "gdl": [
                      {
                        "v": "samag₃",
                        "id": "P228199.7.1.0"
                      }
                    ],
                    "cf": "samag",
                    "gw": "birthmark",
                    "sense": "birthmark, mole",
                    "norm0": "samag",
                    "pos": "N",
                    "epos": "N",
                    "base": "samag₃",
                    "morph": "~"
                  }
                },
                {
                  "node": "d",
                  "type": "field-end",
                  "subtype": "sv"
                },
                {
                  "node": "d",
                  "type": "cell-end"
                },
                {
                  "node": "d",
                  "type": "cell-start"
                },
                {
                  "node": "d",
                  "type": "field-start",
                  "subtype": "pr"
                },
                {
                  "node": "d",
                  "frag": "*",
                  "type": "punct",
                  "ref": "P228199.7.2",
                  "lang": "sux",
                  "delim": ""
                },
                {
                  "node": "l",
                  "frag": "sa-ma-⸢ag⸣",
                  "id": "P228199.l0eca8",
                  "ref": "P228199.7.3",
                  "inst": "%sux:sa-ma-ag=",
                  "f": {
                    "lang": "sux",
                    "form": "sa-ma-ag",
                    "gdl": [
                      {
                        "v": "sa",
                        "id": "P228199.7.3.0",
                        "delim": "-"
                      },
                      {
                        "v": "ma",
                        "id": "P228199.7.3.1",
                        "delim": "-"
                      },
                      {
                        "v": "ag",
                        "id": "P228199.7.3.2",
                        "break": "damaged",
                        "ho": "1",
                        "hc": "1"
                      }
                    ]
                  }
                },
                {
                  "node": "d",
                  "type": "field-end",
                  "subtype": "pr"
                },
                {
                  "node": "d",
                  "type": "cell-end"
                },
                {
                  "node": "d",
                  "type": "cell-start"
                },
                {
                  "node": "d",
                  "type": "field-start",
                  "subtype": "sg"
                },
                {
                  "node": "l",
                  "frag": "|URUDA×[U]|",
                  "id": "P228199.l0eca9",
                  "ref": "P228199.7.4",
                  "inst": "%sux:|URUDA×U|=",
                  "f": {
                    "lang": "sux",
                    "form": "|URUDA×U|",
                    "gdl": [
                      {
                        "c": "|URUDA×U|",
                        "id": "P228199.7.4.0",
                        "seq": [
                          {
                            "s": "URUDA",
                            "break": "damaged"
                          },
                          {
                            "o": "containing"
                          },
                          {
                            "s": "U",
                            "o": "]",
                            "queried": "1"
                          }
                        ]
                      }
                    ]
                  }
                },
                {
                  "node": "d",
                  "type": "field-end",
                  "subtype": "sg"
                },
                {
                  "node": "d",
                  "type": "cell-end"
                }
              ]
            },
            {
              "node": "c",
              "type": "sentence",
              "implicit": "yes",
              "tag": "#auto",
              "id": "P228199.U6",
              "label": "o 3'",
              "cdl": [
                {
                  "node": "d",
                  "type": "line-start",
                  "ref": "P228199.8",
                  "n": "3'",
                  "label": "o 3'"
                },
                {
                  "node": "d",
                  "type": "cell-start"
                },
                {
                  "node": "d",
                  "type": "field-start",
                  "subtype": "sv"
                },
                {
                  "node": "l",
                  "frag": "ku₅",
                  "id": "P228199.l0ecaa",
                  "ref": "P228199.8.1",
                  "inst": "kud[cut]V/t",
                  "exosig": "@dcclt%sux:ku₅=kud[cut//to cut]V/t'V/t$kud/kud#~",
                  "exoprj": "epsd2",
                  "exolng": "sux",
                  "f": {
                    "lang": "sux",
                    "form": "ku₅",
                    "gdl": [
                      {
                        "v": "ku₅",
                        "id": "P228199.8.1.0"
                      }
                    ],
                    "cf": "kud",
                    "gw": "cut",
                    "sense": "to cut",
                    "norm0": "kud",
                    "pos": "V/t",
                    "epos": "V/t",
                    "base": "kud",
                    "morph": "~"
                  }
                },
                {
                  "node": "d",
                  "type": "field-end",
                  "subtype": "sv"
                },
                {
                  "node": "d",
                  "type": "cell-end"
                },
                {
                  "node": "d",
                  "type": "cell-start"
                },
                {
                  "node": "d",
                  "type": "field-start",
                  "subtype": "pr"
                },
                {
                  "node": "d",
                  "frag": "*",
                  "type": "punct",
                  "ref": "P228199.8.2",
                  "lang": "sux",
                  "delim": ""
                },
                {
                  "node": "l",
                  "frag": "ku-u₂",
                  "id": "P228199.l0ecab",
                  "ref": "P228199.8.3",
                  "inst": "%sux:ku-u₂=",
                  "f": {
                    "lang": "sux",
                    "form": "ku-u₂",
                    "gdl": [
                      {
                        "v": "ku",
                        "id": "P228199.8.3.0",
                        "delim": "-"
                      },
                      {
                        "v": "u₂",
                        "id": "P228199.8.3.1"
                      }
                    ]
                  }
                },
                {
                  "node": "d",
                  "type": "field-end",
                  "subtype": "pr"
                },
                {
                  "node": "d",
                  "type": "cell-end"
                },
                {
                  "node": "d",
                  "type": "cell-start"
                },
                {
                  "node": "d",
                  "type": "field-start",
                  "subtype": "sg"
                },
                {
                  "node": "l",
                  "frag": "TAR",
                  "id": "P228199.l0ecac",
                  "ref": "P228199.8.4",
                  "inst": "%sux:TAR=",
                  "f": {
                    "lang": "sux",
                    "form": "TAR",
                    "gdl": [
                      {
                        "s": "TAR",
                        "id": "P228199.8.4.0"
                      }
                    ]
                  }
                },
                {
                  "node": "d",
                  "type": "field-end",
                  "subtype": "sg"
                },
                {
                  "node": "d",
                  "type": "cell-end"
                }
              ]
            },
            {
              "node": "c",
              "type": "sentence",
              "implicit": "yes",
              "tag": "#auto",
              "id": "P228199.U8",
              "label": "o 4'",
              "cdl": [
                {
                  "node": "d",
                  "type": "line-start",
                  "ref": "P228199.9",
                  "n": "4'",
                  "label": "o 4'"
                },
                {
                  "node": "d",
                  "type": "cell-start"
                },
                {
                  "node": "d",
                  "type": "field-start",
                  "subtype": "sv"
                },
                {
                  "node": "l",
                  "frag": "haš",
                  "id": "P228199.l0ecad",
                  "ref": "P228199.9.1",
                  "inst": "haš[break]V/t",
                  "exosig": "@dcclt%sux:haš=haš[break//to break off]V/t'V/t$haš/haš#~",
                  "exoprj": "epsd2",
                  "exolng": "sux",
                  "f": {
                    "lang": "sux",
                    "form": "haš",
                    "gdl": [
                      {
                        "v": "haš",
                        "id": "P228199.9.1.0"
                      }
                    ],
                    "cf": "haš",
                    "gw": "break",
                    "sense": "to break off",
                    "norm0": "haš",
                    "pos": "V/t",
                    "epos": "V/t",
                    "base": "haš",
                    "morph": "~"
                  }
                },
                {
                  "node": "d",
                  "type": "field-end",
                  "subtype": "sv"
                },
                {
                  "node": "d",
                  "type": "cell-end"
                },
                {
                  "node": "d",
                  "type": "cell-start"
                },
                {
                  "node": "d",
                  "type": "field-start",
                  "subtype": "pr"
                },
                {
                  "node": "d",
                  "frag": "*",
                  "type": "punct",
                  "ref": "P228199.9.2",
                  "lang": "sux",
                  "delim": ""
                },
                {
                  "node": "l",
                  "frag": "⸢ha⸣-aš",
                  "id": "P228199.l0ecae",
                  "ref": "P228199.9.3",
                  "inst": "%sux:ha-aš=",
                  "f": {
                    "lang": "sux",
                    "form": "ha-aš",
                    "gdl": [
                      {
                        "v": "ha",
                        "id": "P228199.9.3.0",
                        "break": "damaged",
                        "ho": "1",
                        "delim": "-",
                        "hc": "1"
                      },
                      {
                        "v": "aš",
                        "id": "P228199.9.3.1"
                      }
                    ]
                  }
                },
                {
                  "node": "d",
                  "type": "field-end",
                  "subtype": "pr"
                },
                {
                  "node": "d",
                  "type": "cell-end"
                },
                {
                  "node": "d",
                  "type": "cell-start"
                },
                {
                  "node": "d",
                  "type": "field-start",
                  "subtype": "sg"
                },
                {
                  "node": "l",
                  "frag": "⸢TAR⸣",
                  "id": "P228199.l0ecaf",
                  "ref": "P228199.9.4",
                  "inst": "%sux:TAR=",
                  "f": {
                    "lang": "sux",
                    "form": "TAR",
                    "gdl": [
                      {
                        "s": "TAR",
                        "id": "P228199.9.4.0",
                        "break": "damaged",
                        "ho": "1",
                        "hc": "1"
                      }
                    ]
                  }
                },
                {
                  "node": "d",
                  "type": "field-end",
                  "subtype": "sg"
                },
                {
                  "node": "d",
                  "type": "cell-end"
                }
              ]
            },
            {
              "node": "c",
              "type": "sentence",
              "implicit": "yes",
              "tag": "#auto",
              "id": "P228199.U10",
              "label": "o 5'",
              "cdl": [
                {
                  "node": "d",
                  "type": "line-start",
                  "ref": "P228199.10",
                  "n": "5'",
                  "label": "o 5'"
                },
                {
                  "node": "d",
                  "type": "cell-start"
                },
                {
                  "node": "d",
                  "type": "field-start",
                  "subtype": "sv"
                },
                {
                  "node": "l",
                  "frag": "tar",
                  "id": "P228199.l0ecb0",
                  "ref": "P228199.10.1",
                  "inst": "tar[cut]V/t",
                  "exosig": "@dcclt%sux:tar=tar[cut//to cut]V/t'V/t$tar/tar#~",
                  "exoprj": "epsd2",
                  "exolng": "sux",
                  "f": {
                    "lang": "sux",
                    "form": "tar",
                    "gdl": [
                      {
                        "v": "tar",
                        "id": "P228199.10.1.0"
                      }
                    ],
                    "cf": "tar",
                    "gw": "cut",
                    "sense": "to cut",
                    "norm0": "tar",
                    "pos": "V/t",
                    "epos": "V/t",
                    "base": "tar",
                    "morph": "~"
                  }
                },
                {
                  "node": "d",
                  "type": "field-end",
                  "subtype": "sv"
                },
                {
                  "node": "d",
                  "type": "cell-end"
                },
                {
                  "node": "d",
                  "type": "cell-start"
                },
                {
                  "node": "d",
                  "type": "field-start",
                  "subtype": "pr"
                },
                {
                  "node": "d",
                  "frag": "*",
                  "type": "punct",
                  "ref": "P228199.10.2",
                  "lang": "sux",
                  "delim": ""
                },
                {
                  "node": "l",
                  "frag": "⸢ta⸣-ar",
                  "id": "P228199.l0ecb1",
                  "ref": "P228199.10.3",
                  "inst": "%sux:ta-ar=",
                  "f": {
                    "lang": "sux",
                    "form": "ta-ar",
                    "gdl": [
                      {
                        "v": "ta",
                        "id": "P228199.10.3.0",
                        "break": "damaged",
                        "ho": "1",
                        "delim": "-",
                        "hc": "1"
                      },
                      {
                        "v": "ar",
                        "id": "P228199.10.3.1"
                      }
                    ]
                  }
                },
                {
                  "node": "d",
                  "type": "field-end",
                  "subtype": "pr"
                },
                {
                  "node": "d",
                  "type": "cell-end"
                },
                {
                  "node": "d",
                  "type": "cell-start"
                },
                {
                  "node": "d",
                  "type": "field-start",
                  "subtype": "sg"
                },
                {
                  "node": "l",
                  "frag": "⸢TAR⸣",
                  "id": "P228199.l0ecb2",
                  "ref": "P228199.10.4",
                  "inst": "%sux:TAR=",
                  "f": {
                    "lang": "sux",
                    "form": "TAR",
                    "gdl": [
                      {
                        "s": "TAR",
                        "id": "P228199.10.4.0",
                        "break": "damaged",
                        "ho": "1",
                        "hc": "1"
                      }
                    ]
                  }
                },
                {
                  "node": "d",
                  "type": "field-end",
                  "subtype": "sg"
                },
                {
                  "node": "d",
                  "type": "cell-end"
                }
              ]
            },
            {
              "node": "c",
              "type": "sentence",
              "implicit": "yes",
              "tag": "#auto",
              "id": "P228199.U12",
              "label": "o 6'",
              "cdl": [
                {
                  "node": "d",
                  "type": "line-start",
                  "ref": "P228199.11",
                  "n": "6'",
                  "label": "o 6'"
                },
                {
                  "node": "d",
                  "type": "cell-start"
                },
                {
                  "node": "d",
                  "type": "field-start",
                  "subtype": "sv"
                },
                {
                  "node": "l",
                  "frag": "sila",
                  "id": "P228199.l0ecb3",
                  "ref": "P228199.11.1",
                  "inst": "sila[street]N",
                  "exosig": "@dcclt%sux:sila=sila[street//street]N'N$sila/sila#~",
                  "exoprj": "epsd2",
                  "exolng": "sux",
                  "f": {
                    "lang": "sux",
                    "form": "sila",
                    "gdl": [
                      {
                        "v": "sila",
                        "id": "P228199.11.1.0"
                      }
                    ],
                    "cf": "sila",
                    "gw": "street",
                    "sense": "street",
                    "norm0": "sila",
                    "pos": "N",
                    "epos": "N",
                    "base": "sila",
                    "morph": "~"
                  }
                },
                {
                  "node": "d",
                  "type": "field-end",
                  "subtype": "sv"
                },
                {
                  "node": "d",
                  "type": "cell-end"
                },
                {
                  "node": "d",
                  "type": "cell-start"
                },
                {
                  "node": "d",
                  "type": "field-start",
                  "subtype": "pr"
                },
                {
                  "node": "d",
                  "frag": "*",
                  "type": "punct",
                  "ref": "P228199.11.2",
                  "lang": "sux",
                  "delim": ""
                },
                {
                  "node": "l",
                  "frag": "⸢si⸣-la",
                  "id": "P228199.l0ecb4",
                  "ref": "P228199.11.3",
                  "inst": "%sux:si-la=",
                  "f": {
                    "lang": "sux",
                    "form": "si-la",
                    "gdl": [
                      {
                        "v": "si",
                        "id": "P228199.11.3.0",
                        "break": "damaged",
                        "ho": "1",
                        "delim": "-",
                        "hc": "1"
                      },
                      {
                        "v": "la",
                        "id": "P228199.11.3.1"
                      }
                    ]
                  }
                },
                {
                  "node": "d",
                  "type": "field-end",
                  "subtype": "pr"
                },
                {
                  "node": "d",
                  "type": "cell-end"
                },
                {
                  "node": "d",
                  "type": "cell-start"
                },
                {
                  "node": "d",
                  "type": "field-start",
                  "subtype": "sg"
                },
                {
                  "node": "l",
                  "frag": "TAR",
                  "id": "P228199.l0ecb5",
                  "ref": "P228199.11.4",
                  "inst": "%sux:TAR=",
                  "f": {
                    "lang": "sux",
                    "form": "TAR",
                    "gdl": [
                      {
                        "s": "TAR",
                        "id": "P228199.11.4.0"
                      }
                    ]
                  }
                },
                {
                  "node": "d",
                  "type": "field-end",
                  "subtype": "sg"
                },
                {
                  "node": "d",
                  "type": "cell-end"
                },
                {
                  "node": "d",
                  "subtype": "reverse",
                  "type": "reverse",
                  "ref": "P228199.r.12",
                  "label": "r"
                },
                {
                  "node": "d",
                  "subtype": "column 1r '",
                  "type": "column",
                  "ref": "P228199.r.i_.13",
                  "n": "1",
                  "label": "r i'"
                }
              ]
            },
            {
              "node": "c",
              "type": "sentence",
              "implicit": "yes",
              "tag": "#auto",
              "id": "P228199.U14",
              "label": "r i' 1",
              "cdl": [
                {
                  "node": "d",
                  "type": "line-start",
                  "ref": "P228199.14",
                  "n": "1",
                  "label": "r i' 1"
                },
                {
                  "node": "d",
                  "type": "cell-start"
                },
                {
                  "node": "d",
                  "type": "field-start",
                  "subtype": "sv"
                },
                {
                  "node": "d",
                  "type": "field-end",
                  "subtype": "sv"
                },
                {
                  "node": "d",
                  "type": "cell-end"
                },
                {
                  "node": "d",
                  "type": "cell-start"
                },
                {
                  "node": "d",
                  "type": "field-start",
                  "subtype": "pr"
                },
                {
                  "node": "d",
                  "frag": "*",
                  "type": "punct",
                  "ref": "P228199.14.1",
                  "lang": "sux",
                  "delim": ""
                },
                {
                  "node": "l",
                  "frag": "⸢du⸣-[...]",
                  "id": "P228199.l0ecb6",
                  "ref": "P228199.14.2",
                  "inst": "%sux:du-x=",
                  "f": {
                    "lang": "sux",
                    "form": "du-x",
                    "gdl": [
                      {
                        "v": "du",
                        "id": "P228199.14.2.0",
                        "break": "damaged",
                        "queried": "1",
                        "ho": "1",
                        "delim": "-",
                        "hc": "1"
                      },
                      {
                        "x": "ellipsis",
                        "id": "P228199.14.2.1",
                        "breakStart": "1",
                        "break": "missing",
                        "o": "]",
                        "breakEnd": "P228199.14.2.1"
                      }
                    ]
                  }
                },
                {
                  "node": "d",
                  "type": "field-end",
                  "subtype": "pr"
                },
                {
                  "node": "d",
                  "type": "cell-end"
                },
                {
                  "node": "d",
                  "type": "cell-start"
                },
                {
                  "node": "d",
                  "type": "field-start",
                  "subtype": "sg"
                },
                {
                  "node": "l",
                  "frag": "[...]",
                  "id": "P228199.l0ecb7",
                  "ref": "P228199.14.3",
                  "inst": "%sux:x=",
                  "f": {
                    "lang": "sux",
                    "form": "x",
                    "gdl": [
                      {
                        "x": "ellipsis",
                        "id": "P228199.14.3.0",
                        "breakStart": "1",
                        "break": "missing",
                        "o": "]",
                        "breakEnd": "P228199.14.3.0"
                      }
                    ]
                  }
                },
                {
                  "node": "d",
                  "type": "field-end",
                  "subtype": "sg"
                },
                {
                  "node": "d",
                  "type": "cell-end"
                }
              ]
            },
            {
              "node": "c",
              "type": "sentence",
              "implicit": "yes",
              "tag": "#auto",
              "id": "P228199.U16",
              "label": "r i' 2",
              "cdl": [
                {
                  "node": "d",
                  "type": "line-start",
                  "ref": "P228199.15",
                  "n": "2",
                  "label": "r i' 2"
                },
                {
                  "node": "d",
                  "type": "cell-start"
                },
                {
                  "node": "d",
                  "type": "field-start",
                  "subtype": "sv"
                },
                {
                  "node": "d",
                  "type": "field-end",
                  "subtype": "sv"
                },
                {
                  "node": "d",
                  "type": "cell-end"
                },
                {
                  "node": "d",
                  "type": "cell-start"
                },
                {
                  "node": "d",
                  "type": "field-start",
                  "subtype": "pr"
                },
                {
                  "node": "d",
                  "frag": "*",
                  "type": "punct",
                  "ref": "P228199.15.1",
                  "lang": "sux",
                  "delim": ""
                },
                {
                  "node": "l",
                  "frag": "[...]",
                  "id": "P228199.l0ecb8",
                  "ref": "P228199.15.2",
                  "inst": "%sux:x=",
                  "f": {
                    "lang": "sux",
                    "form": "x",
                    "gdl": [
                      {
                        "x": "ellipsis",
                        "id": "P228199.15.2.0",
                        "breakStart": "1",
                        "break": "missing",
                        "o": "]",
                        "breakEnd": "P228199.15.2.0"
                      }
                    ]
                  }
                },
                {
                  "node": "d",
                  "type": "field-end",
                  "subtype": "pr"
                },
                {
                  "node": "d",
                  "type": "cell-end"
                },
                {
                  "node": "d",
                  "type": "cell-start"
                },
                {
                  "node": "d",
                  "type": "field-start",
                  "subtype": "sg"
                },
                {
                  "node": "l",
                  "frag": "[...]",
                  "id": "P228199.l0ecb9",
                  "ref": "P228199.15.3",
                  "inst": "%sux:x=",
                  "f": {
                    "lang": "sux",
                    "form": "x",
                    "gdl": [
                      {
                        "x": "ellipsis",
                        "id": "P228199.15.3.0",
                        "breakStart": "1",
                        "break": "missing",
                        "o": "]",
                        "breakEnd": "P228199.15.3.0"
                      }
                    ]
                  }
                },
                {
                  "node": "d",
                  "type": "field-end",
                  "subtype": "sg"
                },
                {
                  "node": "d",
                  "type": "cell-end"
                },
                {
                  "node": "d",
                  "type": "nonx",
                  "ref": "P228199.16",
                  "strict": "1",
                  "extent": "rest",
                  "scope": "column",
                  "state": "missing"
                },
                {
                  "node": "d",
                  "subtype": "column 2r '",
                  "type": "column",
                  "ref": "P228199.r.ii_.17",
                  "n": "2",
                  "label": "r ii'"
                }
              ]
            },
            {
              "node": "c",
              "type": "sentence",
              "implicit": "yes",
              "tag": "#auto",
              "id": "P228199.U18",
              "label": "r ii' 1",
              "cdl": [
                {
                  "node": "d",
                  "type": "line-start",
                  "ref": "P228199.18",
                  "n": "1",
                  "label": "r ii' 1"
                },
                {
                  "node": "d",
                  "type": "cell-start"
                },
                {
                  "node": "d",
                  "type": "field-start",
                  "subtype": "sv"
                },
                {
                  "node": "l",
                  "frag": "suru₅",
                  "id": "P228199.l0ecba",
                  "ref": "P228199.18.1",
                  "inst": "sur[harness]",
                  "sig": "@dcclt%sux:suru₅=sur[harness//harness]V/t'V/t$sur/sur₅#~",
                  "f": {
                    "lang": "sux",
                    "form": "suru₅",
                    "gdl": [
                      {
                        "v": "suru₅",
                        "id": "P228199.18.1.0"
                      }
                    ],
                    "cf": "sur",
                    "gw": "harness",
                    "sense": "harness",
                    "norm0": "sur",
                    "pos": "V/t",
                    "epos": "V/t",
                    "base": "sur₅",
                    "morph": "~"
                  }
                },
                {
                  "node": "d",
                  "type": "field-end",
                  "subtype": "sv"
                },
                {
                  "node": "d",
                  "type": "cell-end"
                },
                {
                  "node": "d",
                  "type": "cell-start"
                },
                {
                  "node": "d",
                  "type": "field-start",
                  "subtype": "pr"
                },
                {
                  "node": "d",
                  "frag": "*",
                  "type": "punct",
                  "ref": "P228199.18.2",
                  "lang": "sux",
                  "delim": ""
                },
                {
                  "node": "l",
                  "frag": "⸢su₂-ru⸣",
                  "id": "P228199.l0ecbb",
                  "ref": "P228199.18.3",
                  "inst": "%sux:su₂-ru=",
                  "f": {
                    "lang": "sux",
                    "form": "su₂-ru",
                    "gdl": [
                      {
                        "v": "su₂",
                        "id": "P228199.18.3.0",
                        "break": "damaged",
                        "queried": "1",
                        "ho": "1",
                        "delim": "-"
                      },
                      {
                        "v": "ru",
                        "id": "P228199.18.3.1",
                        "break": "damaged",
                        "hc": "1"
                      }
                    ]
                  }
                },
                {
                  "node": "d",
                  "type": "field-end",
                  "subtype": "pr"
                },
                {
                  "node": "d",
                  "type": "cell-end"
                },
                {
                  "node": "d",
                  "type": "cell-start"
                },
                {
                  "node": "d",
                  "type": "field-start",
                  "subtype": "sg"
                },
                {
                  "node": "l",
                  "frag": "LAL",
                  "id": "P228199.l0ecbc",
                  "ref": "P228199.18.4",
                  "inst": "%sux:LAL=",
                  "f": {
                    "lang": "sux",
                    "form": "LAL",
                    "gdl": [
                      {
                        "s": "LAL",
                        "id": "P228199.18.4.0"
                      }
                    ]
                  }
                },
                {
                  "node": "d",
                  "type": "field-end",
                  "subtype": "sg"
                },
                {
                  "node": "d",
                  "type": "cell-end"
                }
              ]
            },
            {
              "node": "c",
              "type": "sentence",
              "implicit": "yes",
              "tag": "#auto",
              "id": "P228199.U20",
              "label": "r ii' 2",
              "cdl": [
                {
                  "node": "d",
                  "type": "line-start",
                  "ref": "P228199.19",
                  "n": "2",
                  "label": "r ii' 2"
                },
                {
                  "node": "d",
                  "type": "cell-start"
                },
                {
                  "node": "d",
                  "type": "field-start",
                  "subtype": "sv"
                },
                {
                  "node": "l",
                  "frag": "uku₂",
                  "id": "P228199.l0ecbd",
                  "ref": "P228199.19.1",
                  "inst": "ukur[poor]V/i",
                  "exosig": "@dcclt%sux:uku₂=ukur[poor//(to be) poor]V/i'V/i$ukur/ukur₃#~",
                  "exoprj": "epsd2",
                  "exolng": "sux",
                  "f": {
                    "lang": "sux",
                    "form": "uku₂",
                    "gdl": [
                      {
                        "v": "uku₂",
                        "id": "P228199.19.1.0"
                      }
                    ],
                    "cf": "ukur",
                    "gw": "poor",
                    "sense": "(to be) poor",
                    "norm0": "ukur",
                    "pos": "V/i",
                    "epos": "V/i",
                    "base": "ukur₃",
                    "morph": "~"
                  }
                },
                {
                  "node": "d",
                  "type": "field-end",
                  "subtype": "sv"
                },
                {
                  "node": "d",
                  "type": "cell-end"
                },
                {
                  "node": "d",
                  "type": "cell-start"
                },
                {
                  "node": "d",
                  "type": "field-start",
                  "subtype": "pr"
                },
                {
                  "node": "d",
                  "frag": "*",
                  "type": "punct",
                  "ref": "P228199.19.2",
                  "lang": "sux",
                  "delim": ""
                },
                {
                  "node": "l",
                  "frag": "⸢u₂-ku⸣",
                  "id": "P228199.l0ecbe",
                  "ref": "P228199.19.3",
                  "inst": "%sux:u₂-ku=",
                  "f": {
                    "lang": "sux",
                    "form": "u₂-ku",
                    "gdl": [
                      {
                        "v": "u₂",
                        "id": "P228199.19.3.0",
                        "break": "damaged",
                        "ho": "1",
                        "delim": "-"
                      },
                      {
                        "v": "ku",
                        "id": "P228199.19.3.1",
                        "break": "damaged",
                        "hc": "1"
                      }
                    ]
                  }
                },
                {
                  "node": "d",
                  "type": "field-end",
                  "subtype": "pr"
                },
                {
                  "node": "d",
                  "type": "cell-end"
                },
                {
                  "node": "d",
                  "type": "cell-start"
                },
                {
                  "node": "d",
                  "type": "field-start",
                  "subtype": "sg"
                },
                {
                  "node": "l",
                  "frag": "|LAL₂.DU|",
                  "id": "P228199.l0ecbf",
                  "ref": "P228199.19.4",
                  "inst": "%sux:|LAL₂.DU|=",
                  "f": {
                    "lang": "sux",
                    "form": "|LAL₂.DU|",
                    "gdl": [
                      {
                        "c": "|LAL₂.DU|",
                        "id": "P228199.19.4.0",
                        "break": "damaged",
                        "ho": "1",
                        "hc": "1",
                        "seq": [
                          {
                            "s": "LAL₂"
                          },
                          {
                            "o": "beside"
                          },
                          {
                            "s": "DU"
                          }
                        ]
                      }
                    ]
                  }
                },
                {
                  "node": "d",
                  "type": "field-end",
                  "subtype": "sg"
                },
                {
                  "node": "d",
                  "type": "cell-end"
                }
              ]
            },
            {
              "node": "c",
              "type": "sentence",
              "implicit": "yes",
              "tag": "#auto",
              "id": "P228199.U22",
              "label": "r ii' 3",
              "cdl": [
                {
                  "node": "d",
                  "type": "line-start",
                  "ref": "P228199.20",
                  "n": "3",
                  "label": "r ii' 3"
                },
                {
                  "node": "d",
                  "type": "cell-start"
                },
                {
                  "node": "d",
                  "type": "field-start",
                  "subtype": "sv"
                },
                {
                  "node": "l",
                  "frag": "ušur",
                  "id": "P228199.l0ecc0",
                  "ref": "P228199.20.1",
                  "inst": "usar[neighbor]",
                  "sig": "@dcclt%sux:ušur=usar[neighbor//neighbor]N'N$usar/usar#~",
                  "f": {
                    "lang": "sux",
                    "form": "ušur",
                    "gdl": [
                      {
                        "v": "ušur",
                        "id": "P228199.20.1.0"
                      }
                    ],
                    "cf": "usar",
                    "gw": "neighbor",
                    "sense": "neighbor",
                    "norm0": "usar",
                    "pos": "N",
                    "epos": "N",
                    "base": "usar",
                    "morph": "~"
                  }
                },
                {
                  "node": "d",
                  "type": "field-end",
                  "subtype": "sv"
                },
                {
                  "node": "d",
                  "type": "cell-end"
                },
                {
                  "node": "d",
                  "type": "cell-start"
                },
                {
                  "node": "d",
                  "type": "field-start",
                  "subtype": "pr"
                },
                {
                  "node": "d",
                  "frag": "*",
                  "type": "punct",
                  "ref": "P228199.20.2",
                  "lang": "sux",
                  "delim": ""
                },
                {
                  "node": "l",
                  "frag": "⸢u₂-šu-ur⸣",
                  "id": "P228199.l0ecc1",
                  "ref": "P228199.20.3",
                  "inst": "%sux:u₂-šu-ur=",
                  "f": {
                    "lang": "sux",
                    "form": "u₂-šu-ur",
                    "gdl": [
                      {
                        "v": "u₂",
                        "id": "P228199.20.3.0",
                        "break": "damaged",
                        "ho": "1",
                        "delim": "-"
                      },
                      {
                        "v": "šu",
                        "id": "P228199.20.3.1",
                        "break": "damaged",
                        "delim": "-"
                      },
                      {
                        "v": "ur",
                        "id": "P228199.20.3.2",
                        "break": "damaged",
                        "hc": "1"
                      }
                    ]
                  }
                },
                {
                  "node": "d",
                  "type": "field-end",
                  "subtype": "pr"
                },
                {
                  "node": "d",
                  "type": "cell-end"
                },
                {
                  "node": "d",
                  "type": "cell-start"
                },
                {
                  "node": "d",
                  "type": "field-start",
                  "subtype": "sg"
                },
                {
                  "node": "l",
                  "frag": "|LAL₂.SAR|",
                  "id": "P228199.l0ecc2",
                  "ref": "P228199.20.4",
                  "inst": "%sux:|LAL₂.SAR|=",
                  "f": {
                    "lang": "sux",
                    "form": "|LAL₂.SAR|",
                    "gdl": [
                      {
                        "c": "|LAL₂.SAR|",
                        "id": "P228199.20.4.0",
                        "break": "damaged",
                        "ho": "1",
                        "hc": "1",
                        "seq": [
                          {
                            "s": "LAL₂"
                          },
                          {
                            "o": "beside"
                          },
                          {
                            "s": "SAR"
                          }
                        ]
                      }
                    ]
                  }
                },
                {
                  "node": "d",
                  "type": "field-end",
                  "subtype": "sg"
                },
                {
                  "node": "d",
                  "type": "cell-end"
                }
              ]
            },
            {
              "node": "c",
              "type": "sentence",
              "implicit": "yes",
              "tag": "#auto",
              "id": "P228199.U24",
              "label": "r ii' 4",
              "cdl": [
                {
                  "node": "d",
                  "type": "line-start",
                  "ref": "P228199.21",
                  "n": "4",
                  "label": "r ii' 4"
                },
                {
                  "node": "d",
                  "type": "cell-start"
                },
                {
                  "node": "d",
                  "type": "field-start",
                  "subtype": "sv"
                },
                {
                  "node": "l",
                  "frag": "niŋin₅",
                  "id": "P228199.l0ecc3",
                  "ref": "P228199.21.1",
                  "inst": "niŋin[irrigation district]N",
                  "exosig": "@dcclt%sux:niŋin₅=niŋin[district//irrigation district]N'N$niŋin/niŋin₅#~",
                  "exoprj": "epsd2",
                  "exolng": "sux",
                  "f": {
                    "lang": "sux",
                    "form": "niŋin₅",
                    "gdl": [
                      {
                        "v": "niŋin₅",
                        "id": "P228199.21.1.0"
                      }
                    ],
                    "cf": "niŋin",
                    "gw": "district",
                    "sense": "irrigation district",
                    "norm0": "niŋin",
                    "pos": "N",
                    "epos": "N",
                    "base": "niŋin₅",
                    "morph": "~"
                  }
                },
                {
                  "node": "d",
                  "type": "field-end",
                  "subtype": "sv"
                },
                {
                  "node": "d",
                  "type": "cell-end"
                },
                {
                  "node": "d",
                  "type": "cell-start"
                },
                {
                  "node": "d",
                  "type": "field-start",
                  "subtype": "pr"
                },
                {
                  "node": "d",
                  "frag": "*",
                  "type": "punct",
                  "ref": "P228199.21.2",
                  "lang": "sux",
                  "delim": ""
                },
                {
                  "node": "l",
                  "frag": "ni-⸢mi-en⸣",
                  "id": "P228199.l0ecc4",
                  "ref": "P228199.21.3",
                  "inst": "%sux:ni-mi-en=",
                  "f": {
                    "lang": "sux",
                    "form": "ni-mi-en",
                    "gdl": [
                      {
                        "v": "ni",
                        "id": "P228199.21.3.0",
                        "delim": "-"
                      },
                      {
                        "v": "mi",
                        "id": "P228199.21.3.1",
                        "break": "damaged",
                        "ho": "1",
                        "delim": "-"
                      },
                      {
                        "v": "en",
                        "id": "P228199.21.3.2",
                        "break": "damaged",
                        "queried": "1",
                        "hc": "1"
                      }
                    ]
                  }
                },
                {
                  "node": "d",
                  "type": "field-end",
                  "subtype": "pr"
                },
                {
                  "node": "d",
                  "type": "cell-end"
                },
                {
                  "node": "d",
                  "type": "cell-start"
                },
                {
                  "node": "d",
                  "type": "field-start",
                  "subtype": "sg"
                },
                {
                  "node": "l",
                  "frag": "|LAL₂.LAGAB|",
                  "id": "P228199.l0ecc5",
                  "ref": "P228199.21.4",
                  "inst": "%sux:|LAL₂.LAGAB|=",
                  "f": {
                    "lang": "sux",
                    "form": "|LAL₂.LAGAB|",
                    "gdl": [
                      {
                        "c": "|LAL₂.LAGAB|",
                        "id": "P228199.21.4.0",
                        "break": "damaged",
                        "ho": "1",
                        "hc": "1",
                        "seq": [
                          {
                            "s": "LAL₂"
                          },
                          {
                            "o": "beside"
                          },
                          {
                            "s": "LAGAB",
                            "queried": "1"
                          }
                        ]
                      }
                    ]
                  }
                },
                {
                  "node": "d",
                  "type": "field-end",
                  "subtype": "sg"
                },
                {
                  "node": "d",
                  "type": "cell-end"
                }
              ]
            },
            {
              "node": "c",
              "type": "sentence",
              "implicit": "yes",
              "tag": "#auto",
              "id": "P228199.U26",
              "label": "r ii' 5",
              "cdl": [
                {
                  "node": "d",
                  "type": "line-start",
                  "ref": "P228199.22",
                  "n": "5",
                  "label": "r ii' 5"
                },
                {
                  "node": "d",
                  "type": "cell-start"
                },
                {
                  "node": "d",
                  "type": "field-start",
                  "subtype": "sv"
                },
                {
                  "node": "l",
                  "frag": "laʾu₄",
                  "id": "P228199.l0ecc6",
                  "ref": "P228199.22.1",
                  "inst": "laʾu[arrears]N",
                  "exosig": "@dcclt%sux:laʾu₄=laʾu[arrears//arrears]N'N$laʾu/laʾu₄#~",
                  "exoprj": "epsd2",
                  "exolng": "sux",
                  "f": {
                    "lang": "sux",
                    "form": "laʾu₄",
                    "gdl": [
                      {
                        "v": "laʾu₄",
                        "id": "P228199.22.1.0"
                      }
                    ],
                    "cf": "laʾu",
                    "gw": "arrears",
                    "sense": "arrears",
                    "norm0": "laʾu",
                    "pos": "N",
                    "epos": "N",
                    "base": "laʾu₄",
                    "morph": "~"
                  }
                },
                {
                  "node": "d",
                  "type": "field-end",
                  "subtype": "sv"
                },
                {
                  "node": "d",
                  "type": "cell-end"
                },
                {
                  "node": "d",
                  "type": "cell-start"
                },
                {
                  "node": "d",
                  "type": "field-start",
                  "subtype": "pr"
                },
                {
                  "node": "d",
                  "frag": "*",
                  "type": "punct",
                  "ref": "P228199.22.2",
                  "lang": "sux",
                  "delim": ""
                },
                {
                  "node": "l",
                  "frag": "⸢la-u₄⸣",
                  "id": "P228199.l0ecc7",
                  "ref": "P228199.22.3",
                  "inst": "%sux:la-u₄=",
                  "f": {
                    "lang": "sux",
                    "form": "la-u₄",
                    "gdl": [
                      {
                        "v": "la",
                        "id": "P228199.22.3.0",
                        "break": "damaged",
                        "ho": "1",
                        "delim": "-"
                      },
                      {
                        "v": "u₄",
                        "id": "P228199.22.3.1",
                        "break": "damaged",
                        "hc": "1"
                      }
                    ]
                  }
                },
                {
                  "node": "d",
                  "type": "field-end",
                  "subtype": "pr"
                },
                {
                  "node": "d",
                  "type": "cell-end"
                },
                {
                  "node": "d",
                  "type": "cell-start"
                },
                {
                  "node": "d",
                  "type": "field-start",
                  "subtype": "sg"
                },
                {
                  "node": "l",
                  "frag": "|LAL₂.[KAK]|",
                  "id": "P228199.l0ecc8",
                  "ref": "P228199.22.4",
                  "inst": "%sux:|LAL₂.KAK|=",
                  "f": {
                    "lang": "sux",
                    "form": "|LAL₂.KAK|",
                    "gdl": [
                      {
                        "c": "|LAL₂.KAK|",
                        "id": "P228199.22.4.0",
                        "seq": [
                          {
                            "s": "LAL₂",
                            "break": "damaged"
                          },
                          {
                            "o": "beside"
                          },
                          {
                            "s": "KAK",
                            "o": "]",
                            "queried": "1"
                          }
                        ]
                      }
                    ]
                  }
                },
                {
                  "node": "d",
                  "type": "field-end",
                  "subtype": "sg"
                },
                {
                  "node": "d",
                  "type": "cell-end"
                }
              ]
            },
            {
              "node": "c",
              "type": "sentence",
              "implicit": "yes",
              "tag": "#auto",
              "id": "P228199.U28",
              "label": "r ii' 6",
              "cdl": [
                {
                  "node": "d",
                  "type": "line-start",
                  "ref": "P228199.23",
                  "n": "6",
                  "label": "r ii' 6"
                },
                {
                  "node": "d",
                  "type": "cell-start"
                },
                {
                  "node": "d",
                  "type": "field-start",
                  "subtype": "sv"
                },
                {
                  "node": "l",
                  "frag": "halpia",
                  "id": "P228199.l0ecc9",
                  "ref": "P228199.23.1",
                  "inst": "halba[bucket]",
                  "sig": "@dcclt%sux:halpia=halba[bucket//bucket]N'N$halba/halba₅#~",
                  "f": {
                    "lang": "sux",
                    "form": "halpia",
                    "gdl": [
                      {
                        "v": "halpia",
                        "id": "P228199.23.1.0"
                      }
                    ],
                    "cf": "halba",
                    "gw": "bucket",
                    "sense": "bucket",
                    "norm0": "halba",
                    "pos": "N",
                    "epos": "N",
                    "base": "halba₅",
                    "morph": "~"
                  }
                },
                {
                  "node": "d",
                  "type": "field-end",
                  "subtype": "sv"
                },
                {
                  "node": "d",
                  "type": "cell-end"
                },
                {
                  "node": "d",
                  "type": "cell-start"
                },
                {
                  "node": "d",
                  "type": "field-start",
                  "subtype": "pr"
                },
                {
                  "node": "d",
                  "frag": "*",
                  "type": "punct",
                  "ref": "P228199.23.2",
                  "lang": "sux",
                  "delim": ""
                },
                {
                  "node": "l",
                  "frag": "⸢ha-al-pi-a⸣",
                  "id": "P228199.l0ecca",
                  "ref": "P228199.23.3",
                  "inst": "%sux:ha-al-pi-a=",
                  "f": {
                    "lang": "sux",
                    "form": "ha-al-pi-a",
                    "gdl": [
                      {
                        "v": "ha",
                        "id": "P228199.23.3.0",
                        "break": "damaged",
                        "ho": "1",
                        "delim": "-"
                      },
                      {
                        "v": "al",
                        "id": "P228199.23.3.1",
                        "break": "damaged",
                        "delim": "-"
                      },
                      {
                        "v": "pi",
                        "id": "P228199.23.3.2",
                        "break": "damaged",
                        "delim": "-"
                      },
                      {
                        "v": "a",
                        "id": "P228199.23.3.3",
                        "break": "damaged",
                        "hc": "1"
                      }
                    ]
                  }
                },
                {
                  "node": "d",
                  "type": "field-end",
                  "subtype": "pr"
                },
                {
                  "node": "d",
                  "type": "cell-end"
                },
                {
                  "node": "d",
                  "type": "cell-start"
                },
                {
                  "node": "d",
                  "type": "field-start",
                  "subtype": "sg"
                },
                {
                  "node": "l",
                  "frag": "|LAL₂.URU×MIN|",
                  "id": "P228199.l0eccb",
                  "ref": "P228199.23.4",
                  "inst": "%sux:|LAL₂.URU×MIN|=",
                  "f": {
                    "lang": "sux",
                    "form": "|LAL₂.URU×MIN|",
                    "gdl": [
                      {
                        "c": "|LAL₂.URU×MIN|",
                        "id": "P228199.23.4.0",
                        "break": "damaged",
                        "ho": "1",
                        "hc": "1",
                        "seq": [
                          {
                            "s": "LAL₂"
                          },
                          {
                            "o": "beside"
                          },
                          {
                            "s": "URU"
                          },
                          {
                            "o": "containing"
                          },
                          {
                            "s": "MIN",
                            "queried": "1"
                          }
                        ]
                      }
                    ]
                  }
                },
                {
                  "node": "d",
                  "type": "field-end",
                  "subtype": "sg"
                },
                {
                  "node": "d",
                  "type": "cell-end"
                }
              ]
            },
            {
              "node": "c",
              "type": "sentence",
              "implicit": "yes",
              "tag": "#auto",
              "id": "P228199.U30",
              "label": "r ii' 7",
              "cdl": [
                {
                  "node": "d",
                  "type": "line-start",
                  "ref": "P228199.24",
                  "n": "7",
                  "label": "r ii' 7"
                },
                {
                  "node": "d",
                  "type": "cell-start"
                },
                {
                  "node": "d",
                  "type": "field-start",
                  "subtype": "sv"
                },
                {
                  "node": "l",
                  "frag": "pa₄",
                  "id": "P228199.l0eccc",
                  "ref": "P228199.24.1",
                  "inst": "pap[relation]N",
                  "exosig": "@dcclt%sux:pa₄=pap[relation//relation]N'N$pap/pap#~",
                  "exoprj": "epsd2",
                  "exolng": "sux",
                  "f": {
                    "lang": "sux",
                    "form": "pa₄",
                    "gdl": [
                      {
                        "v": "pa₄",
                        "id": "P228199.24.1.0"
                      }
                    ],
                    "cf": "pap",
                    "gw": "relation",
                    "sense": "relation",
                    "norm0": "pap",
                    "pos": "N",
                    "epos": "N",
                    "base": "pap",
                    "morph": "~"
                  }
                },
                {
                  "node": "d",
                  "type": "field-end",
                  "subtype": "sv"
                },
                {
                  "node": "d",
                  "type": "cell-end"
                },
                {
                  "node": "d",
                  "type": "cell-start"
                },
                {
                  "node": "d",
                  "type": "field-start",
                  "subtype": "pr"
                },
                {
                  "node": "d",
                  "frag": "*",
                  "type": "punct",
                  "ref": "P228199.24.2",
                  "lang": "sux",
                  "delim": ""
                },
                {
                  "node": "l",
                  "frag": "pa-a",
                  "id": "P228199.l0eccd",
                  "ref": "P228199.24.3",
                  "inst": "%sux:pa-a=",
                  "f": {
                    "lang": "sux",
                    "form": "pa-a",
                    "gdl": [
                      {
                        "v": "pa",
                        "id": "P228199.24.3.0",
                        "delim": "-"
                      },
                      {
                        "v": "a",
                        "id": "P228199.24.3.1"
                      }
                    ]
                  }
                },
                {
                  "node": "d",
                  "type": "field-end",
                  "subtype": "pr"
                },
                {
                  "node": "d",
                  "type": "cell-end"
                },
                {
                  "node": "d",
                  "type": "cell-start"
                },
                {
                  "node": "d",
                  "type": "field-start",
                  "subtype": "sg"
                },
                {
                  "node": "l",
                  "frag": "[PAP]",
                  "id": "P228199.l0ecce",
                  "ref": "P228199.24.4",
                  "inst": "%sux:PAP=",
                  "f": {
                    "lang": "sux",
                    "form": "PAP",
                    "gdl": [
                      {
                        "s": "PAP",
                        "id": "P228199.24.4.0",
                        "breakStart": "1",
                        "o": "]",
                        "break": "missing",
                        "breakEnd": "P228199.24.4.0"
                      }
                    ]
                  }
                },
                {
                  "node": "d",
                  "type": "field-end",
                  "subtype": "sg"
                },
                {
                  "node": "d",
                  "type": "cell-end"
                },
                {
                  "node": "d",
                  "type": "nonx",
                  "ref": "P228199.25",
                  "strict": "1",
                  "extent": "rest",
                  "scope": "column",
                  "state": "missing"
                }
              ]
            }
          ]
        }
      ]
    }
  ]
}
