{
  "type": "cdl",
  "project": "dcclt",
  "source": "http://oracc.org/dcclt",
  "license": "This data is released under the CC0 license",
  "license-url": "https://creativecommons.org/publicdomain/zero/1.0/",
  "more-info": "http://oracc.org/doc/opendata/",
  "UTC-timestamp": "2019-01-29T00:11:20",
  "textid": "P228757",
  "cdl": [
    {
      "node": "c",
      "type": "text",
      "id": "P228757.U0",
      "cdl": [
        {
          "node": "d",
          "subtype": "tablet",
          "type": "tablet",
          "ref": "P228757.x1031.1",
          "label": "x1031"
        },
        {
          "node": "d",
          "subtype": "reverse",
          "type": "reverse",
          "ref": "P228757.r.2",
          "label": "r"
        },
        {
          "node": "d",
          "subtype": "column 1r",
          "type": "column",
          "ref": "P228757.r.i.3",
          "n": "1",
          "label": "r i"
        },
        {
          "node": "d",
          "type": "nonx",
          "ref": "P228757.4",
          "strict": "1",
          "extent": "1",
          "scope": "line",
          "state": "missing"
        },
        {
          "node": "c",
          "type": "discourse",
          "subtype": "body",
          "id": "P228757.U1",
          "cdl": [
            {
              "node": "c",
              "type": "sentence",
              "implicit": "yes",
              "id": "P228757.U2",
              "label": "r i 2'",
              "cdl": [
                {
                  "node": "d",
                  "type": "line-start",
                  "ref": "P228757.5",
                  "n": "2'",
                  "label": "r i 2'"
                },
                {
                  "node": "l",
                  "frag": "udu",
                  "id": "P228757.l23585",
                  "ref": "P228757.5.1",
                  "inst": "%sux:udu=",
                  "f": {
                    "lang": "sux",
                    "form": "udu",
                    "delim": "",
                    "gdl": [
                      {
                        "v": "udu",
                        "id": "P228757.5.1.0"
                      }
                    ]
                  }
                },
                {
                  "node": "l",
                  "frag": "gukkal",
                  "id": "P228757.l23586",
                  "ref": "P228757.5.2",
                  "inst": "%sux:gukkal=",
                  "f": {
                    "lang": "sux",
                    "form": "gukkal",
                    "delim": "",
                    "gdl": [
                      {
                        "v": "gukkal",
                        "id": "P228757.5.2.0"
                      }
                    ]
                  }
                },
                {
                  "node": "l",
                  "frag": "[niga]",
                  "id": "P228757.l23587",
                  "ref": "P228757.5.3",
                  "inst": "%sux:niga=",
                  "f": {
                    "lang": "sux",
                    "form": "niga",
                    "gdl": [
                      {
                        "v": "niga",
                        "id": "P228757.5.3.0",
                        "breakStart": "1",
                        "o": "]",
                        "break": "missing",
                        "breakEnd": "P228757.5.3.0"
                      }
                    ]
                  }
                }
              ]
            },
            {
              "node": "c",
              "type": "sentence",
              "implicit": "yes",
              "tag": "#auto",
              "id": "P228757.U4",
              "label": "r i 3'",
              "cdl": [
                {
                  "node": "d",
                  "type": "line-start",
                  "ref": "P228757.6",
                  "n": "3'",
                  "label": "r i 3'"
                },
                {
                  "node": "l",
                  "frag": "udu",
                  "id": "P228757.l23588",
                  "ref": "P228757.6.1",
                  "inst": "%sux:udu=",
                  "f": {
                    "lang": "sux",
                    "form": "udu",
                    "delim": "",
                    "gdl": [
                      {
                        "v": "udu",
                        "id": "P228757.6.1.0"
                      }
                    ]
                  }
                },
                {
                  "node": "l",
                  "frag": "gukkal",
                  "id": "P228757.l23589",
                  "ref": "P228757.6.2",
                  "inst": "%sux:gukkal=",
                  "f": {
                    "lang": "sux",
                    "form": "gukkal",
                    "delim": "",
                    "gdl": [
                      {
                        "v": "gukkal",
                        "id": "P228757.6.2.0"
                      }
                    ]
                  }
                },
                {
                  "node": "l",
                  "frag": "⸢niga⸣",
                  "id": "P228757.l2358a",
                  "ref": "P228757.6.3",
                  "inst": "%sux:niga=",
                  "f": {
                    "lang": "sux",
                    "form": "niga",
                    "delim": "",
                    "gdl": [
                      {
                        "v": "niga",
                        "id": "P228757.6.3.0",
                        "break": "damaged",
                        "ho": "1",
                        "hc": "1"
                      }
                    ]
                  }
                },
                {
                  "node": "l",
                  "frag": "[sig₅]",
                  "id": "P228757.l2358b",
                  "ref": "P228757.6.4",
                  "inst": "%sux:sig₅=",
                  "f": {
                    "lang": "sux",
                    "form": "sig₅",
                    "gdl": [
                      {
                        "v": "sig₅",
                        "id": "P228757.6.4.0",
                        "breakStart": "1",
                        "o": "]",
                        "break": "missing",
                        "breakEnd": "P228757.6.4.0"
                      }
                    ]
                  }
                }
              ]
            },
            {
              "node": "c",
              "type": "sentence",
              "implicit": "yes",
              "tag": "#auto",
              "id": "P228757.U6",
              "label": "r i 4'",
              "cdl": [
                {
                  "node": "d",
                  "type": "line-start",
                  "ref": "P228757.7",
                  "n": "4'",
                  "label": "r i 4'"
                },
                {
                  "node": "l",
                  "frag": "udu",
                  "id": "P228757.l2358c",
                  "ref": "P228757.7.1",
                  "inst": "%sux:udu=",
                  "f": {
                    "lang": "sux",
                    "form": "udu",
                    "delim": "",
                    "gdl": [
                      {
                        "v": "udu",
                        "id": "P228757.7.1.0"
                      }
                    ]
                  }
                },
                {
                  "node": "l",
                  "frag": "gukkal",
                  "id": "P228757.l2358d",
                  "ref": "P228757.7.2",
                  "inst": "%sux:gukkal=",
                  "f": {
                    "lang": "sux",
                    "form": "gukkal",
                    "delim": "",
                    "gdl": [
                      {
                        "v": "gukkal",
                        "id": "P228757.7.2.0"
                      }
                    ]
                  }
                },
                {
                  "node": "l",
                  "frag": "⸢TUM⸣",
                  "id": "P228757.l2358e",
                  "ref": "P228757.7.3",
                  "inst": "%sux:TUM=",
                  "f": {
                    "lang": "sux",
                    "form": "TUM",
                    "delim": "",
                    "gdl": [
                      {
                        "s": "TUM",
                        "id": "P228757.7.3.0",
                        "break": "damaged",
                        "ho": "1",
                        "hc": "1"
                      }
                    ]
                  }
                },
                {
                  "node": "l",
                  "frag": "[la₂-e]",
                  "id": "P228757.l2358f",
                  "ref": "P228757.7.4",
                  "inst": "%sux:la₂-e=",
                  "f": {
                    "lang": "sux",
                    "form": "la₂-e",
                    "gdl": [
                      {
                        "v": "la₂",
                        "id": "P228757.7.4.0",
                        "breakStart": "1",
                        "o": "[",
                        "break": "missing",
                        "delim": "-"
                      },
                      {
                        "v": "e",
                        "id": "P228757.7.4.1",
                        "break": "missing",
                        "o": "]",
                        "breakEnd": "P228757.7.4.0"
                      }
                    ]
                  }
                }
              ]
            },
            {
              "node": "c",
              "type": "sentence",
              "implicit": "yes",
              "tag": "#auto",
              "id": "P228757.U8",
              "label": "r i 5'",
              "cdl": [
                {
                  "node": "d",
                  "type": "line-start",
                  "ref": "P228757.8",
                  "n": "5'",
                  "label": "r i 5'"
                },
                {
                  "node": "l",
                  "frag": "udu",
                  "id": "P228757.l23590",
                  "ref": "P228757.8.1",
                  "inst": "%sux:udu=",
                  "f": {
                    "lang": "sux",
                    "form": "udu",
                    "delim": "",
                    "gdl": [
                      {
                        "v": "udu",
                        "id": "P228757.8.1.0"
                      }
                    ]
                  }
                },
                {
                  "node": "l",
                  "frag": "⸢tur₅⸣",
                  "id": "P228757.l23591",
                  "ref": "P228757.8.2",
                  "inst": "%sux:tur₅=",
                  "f": {
                    "lang": "sux",
                    "form": "tur₅",
                    "gdl": [
                      {
                        "v": "tur₅",
                        "id": "P228757.8.2.0",
                        "break": "damaged",
                        "ho": "1",
                        "hc": "1"
                      }
                    ]
                  }
                }
              ]
            },
            {
              "node": "c",
              "type": "sentence",
              "implicit": "yes",
              "tag": "#auto",
              "id": "P228757.U10",
              "label": "r i 6'",
              "cdl": [
                {
                  "node": "d",
                  "type": "line-start",
                  "ref": "P228757.9",
                  "n": "6'",
                  "label": "r i 6'"
                },
                {
                  "node": "l",
                  "frag": "udu",
                  "id": "P228757.l23592",
                  "ref": "P228757.9.1",
                  "inst": "%sux:udu=",
                  "f": {
                    "lang": "sux",
                    "form": "udu",
                    "delim": "",
                    "gdl": [
                      {
                        "v": "udu",
                        "id": "P228757.9.1.0"
                      }
                    ]
                  }
                },
                {
                  "node": "l",
                  "frag": "[ad₄]",
                  "id": "P228757.l23593",
                  "ref": "P228757.9.2",
                  "inst": "%sux:ad₄=",
                  "f": {
                    "lang": "sux",
                    "form": "ad₄",
                    "gdl": [
                      {
                        "v": "ad₄",
                        "id": "P228757.9.2.0",
                        "breakStart": "1",
                        "o": "]",
                        "break": "missing",
                        "breakEnd": "P228757.9.2.0"
                      }
                    ]
                  }
                }
              ]
            },
            {
              "node": "c",
              "type": "sentence",
              "implicit": "yes",
              "tag": "#auto",
              "id": "P228757.U12",
              "label": "r i 7'",
              "cdl": [
                {
                  "node": "d",
                  "type": "line-start",
                  "ref": "P228757.10",
                  "n": "7'",
                  "label": "r i 7'"
                },
                {
                  "node": "l",
                  "frag": "udu",
                  "id": "P228757.l23594",
                  "ref": "P228757.10.1",
                  "inst": "%sux:udu=",
                  "f": {
                    "lang": "sux",
                    "form": "udu",
                    "delim": "",
                    "gdl": [
                      {
                        "v": "udu",
                        "id": "P228757.10.1.0"
                      }
                    ]
                  }
                },
                {
                  "node": "l",
                  "frag": "kud-kud-⸢ra₂⸣",
                  "id": "P228757.l23595",
                  "ref": "P228757.10.2",
                  "inst": "%sux:kud-kud-ra₂=",
                  "f": {
                    "lang": "sux",
                    "form": "kud-kud-ra₂",
                    "gdl": [
                      {
                        "v": "kud",
                        "id": "P228757.10.2.0",
                        "delim": "-"
                      },
                      {
                        "v": "kud",
                        "id": "P228757.10.2.1",
                        "delim": "-"
                      },
                      {
                        "v": "ra₂",
                        "id": "P228757.10.2.2",
                        "break": "damaged",
                        "ho": "1",
                        "hc": "1"
                      }
                    ]
                  }
                }
              ]
            },
            {
              "node": "c",
              "type": "sentence",
              "implicit": "yes",
              "tag": "#auto",
              "id": "P228757.U14",
              "label": "r i 8'",
              "cdl": [
                {
                  "node": "d",
                  "type": "line-start",
                  "ref": "P228757.11",
                  "n": "8'",
                  "label": "r i 8'"
                },
                {
                  "node": "l",
                  "frag": "udu",
                  "id": "P228757.l23596",
                  "ref": "P228757.11.1",
                  "inst": "%sux:udu=",
                  "f": {
                    "lang": "sux",
                    "form": "udu",
                    "delim": "",
                    "gdl": [
                      {
                        "v": "udu",
                        "id": "P228757.11.1.0"
                      }
                    ]
                  }
                },
                {
                  "node": "l",
                  "frag": "ri-⸢ri⸣-[ga]",
                  "id": "P228757.l23597",
                  "ref": "P228757.11.2",
                  "inst": "%sux:ri-ri-ga=",
                  "f": {
                    "lang": "sux",
                    "form": "ri-ri-ga",
                    "gdl": [
                      {
                        "v": "ri",
                        "id": "P228757.11.2.0",
                        "delim": "-"
                      },
                      {
                        "v": "ri",
                        "id": "P228757.11.2.1",
                        "break": "damaged",
                        "ho": "1",
                        "delim": "-",
                        "hc": "1"
                      },
                      {
                        "v": "ga",
                        "id": "P228757.11.2.2",
                        "breakStart": "1",
                        "o": "]",
                        "break": "missing",
                        "breakEnd": "P228757.11.2.2"
                      }
                    ]
                  }
                }
              ]
            },
            {
              "node": "c",
              "type": "sentence",
              "implicit": "yes",
              "tag": "#auto",
              "id": "P228757.U16",
              "label": "r i 9'",
              "cdl": [
                {
                  "node": "d",
                  "type": "line-start",
                  "ref": "P228757.12",
                  "n": "9'",
                  "label": "r i 9'"
                },
                {
                  "node": "l",
                  "frag": "udu",
                  "id": "P228757.l23598",
                  "ref": "P228757.12.1",
                  "inst": "%sux:udu=",
                  "f": {
                    "lang": "sux",
                    "form": "udu",
                    "delim": "",
                    "gdl": [
                      {
                        "v": "udu",
                        "id": "P228757.12.1.0"
                      }
                    ]
                  }
                },
                {
                  "node": "l",
                  "frag": "na",
                  "id": "P228757.l23599",
                  "ref": "P228757.12.2",
                  "inst": "%sux:na=",
                  "f": {
                    "lang": "sux",
                    "form": "na",
                    "delim": "",
                    "gdl": [
                      {
                        "v": "na",
                        "id": "P228757.12.2.0"
                      }
                    ]
                  }
                },
                {
                  "node": "l",
                  "frag": "⸢de₅⸣-[ga]",
                  "id": "P228757.l2359a",
                  "ref": "P228757.12.3",
                  "inst": "%sux:de₅-ga=",
                  "f": {
                    "lang": "sux",
                    "form": "de₅-ga",
                    "gdl": [
                      {
                        "v": "de₅",
                        "id": "P228757.12.3.0",
                        "break": "damaged",
                        "ho": "1",
                        "delim": "-",
                        "hc": "1"
                      },
                      {
                        "v": "ga",
                        "id": "P228757.12.3.1",
                        "breakStart": "1",
                        "o": "]",
                        "break": "missing",
                        "breakEnd": "P228757.12.3.1"
                      }
                    ]
                  }
                }
              ]
            },
            {
              "node": "c",
              "type": "sentence",
              "implicit": "yes",
              "tag": "#auto",
              "id": "P228757.U18",
              "label": "r i 10'",
              "cdl": [
                {
                  "node": "d",
                  "type": "line-start",
                  "ref": "P228757.13",
                  "n": "10'",
                  "label": "r i 10'"
                },
                {
                  "node": "l",
                  "frag": "udu",
                  "id": "P228757.l2359b",
                  "ref": "P228757.13.1",
                  "inst": "%sux:udu=",
                  "f": {
                    "lang": "sux",
                    "form": "udu",
                    "delim": "",
                    "gdl": [
                      {
                        "v": "udu",
                        "id": "P228757.13.1.0"
                      }
                    ]
                  }
                },
                {
                  "node": "l",
                  "frag": "kur-[ra]",
                  "id": "P228757.l2359c",
                  "ref": "P228757.13.2",
                  "inst": "%sux:kur-ra=",
                  "f": {
                    "lang": "sux",
                    "form": "kur-ra",
                    "gdl": [
                      {
                        "v": "kur",
                        "id": "P228757.13.2.0",
                        "delim": "-"
                      },
                      {
                        "v": "ra",
                        "id": "P228757.13.2.1",
                        "breakStart": "1",
                        "o": "]",
                        "break": "missing",
                        "breakEnd": "P228757.13.2.1"
                      }
                    ]
                  }
                }
              ]
            },
            {
              "node": "c",
              "type": "sentence",
              "implicit": "yes",
              "tag": "#auto",
              "id": "P228757.U20",
              "label": "r i 11'",
              "cdl": [
                {
                  "node": "d",
                  "type": "line-start",
                  "ref": "P228757.14",
                  "n": "11'",
                  "label": "r i 11'"
                },
                {
                  "node": "l",
                  "frag": "udu",
                  "id": "P228757.l2359d",
                  "ref": "P228757.14.1",
                  "inst": "%sux:udu=",
                  "f": {
                    "lang": "sux",
                    "form": "udu",
                    "delim": "",
                    "gdl": [
                      {
                        "v": "udu",
                        "id": "P228757.14.1.0"
                      }
                    ]
                  }
                },
                {
                  "node": "l",
                  "frag": "HI-⸢gi⸣-[na]",
                  "id": "P228757.l2359e",
                  "ref": "P228757.14.2",
                  "inst": "%sux:HI-gi-na=",
                  "f": {
                    "lang": "sux",
                    "form": "HI-gi-na",
                    "gdl": [
                      {
                        "s": "HI",
                        "id": "P228757.14.2.0",
                        "delim": "-"
                      },
                      {
                        "v": "gi",
                        "id": "P228757.14.2.1",
                        "break": "damaged",
                        "ho": "1",
                        "delim": "-",
                        "hc": "1"
                      },
                      {
                        "v": "na",
                        "id": "P228757.14.2.2",
                        "breakStart": "1",
                        "o": "]",
                        "break": "missing",
                        "breakEnd": "P228757.14.2.2"
                      }
                    ]
                  }
                },
                {
                  "node": "d",
                  "subtype": "column 2r",
                  "type": "column",
                  "ref": "P228757.r.ii.15",
                  "n": "2",
                  "label": "r ii"
                }
              ]
            },
            {
              "node": "c",
              "type": "sentence",
              "implicit": "yes",
              "tag": "#auto",
              "id": "P228757.U22",
              "label": "r ii 1'",
              "cdl": [
                {
                  "node": "d",
                  "type": "line-start",
                  "ref": "P228757.16",
                  "n": "1'",
                  "label": "r ii 1'"
                },
                {
                  "node": "l",
                  "frag": "udu",
                  "id": "P228757.l2359f",
                  "ref": "P228757.16.1",
                  "inst": "%sux:udu=",
                  "f": {
                    "lang": "sux",
                    "form": "udu",
                    "delim": "",
                    "gdl": [
                      {
                        "v": "udu",
                        "id": "P228757.16.1.0"
                      }
                    ]
                  }
                },
                {
                  "node": "l",
                  "frag": "NE",
                  "id": "P228757.l235a0",
                  "ref": "P228757.16.2",
                  "inst": "%sux:NE=",
                  "f": {
                    "lang": "sux",
                    "form": "NE",
                    "delim": "",
                    "gdl": [
                      {
                        "s": "NE",
                        "id": "P228757.16.2.0"
                      }
                    ]
                  }
                },
                {
                  "node": "l",
                  "frag": "⸢ur₃-ra⸣",
                  "id": "P228757.l235a1",
                  "ref": "P228757.16.3",
                  "inst": "%sux:ur₃-ra=",
                  "f": {
                    "lang": "sux",
                    "form": "ur₃-ra",
                    "gdl": [
                      {
                        "v": "ur₃",
                        "id": "P228757.16.3.0",
                        "break": "damaged",
                        "ho": "1",
                        "delim": "-"
                      },
                      {
                        "v": "ra",
                        "id": "P228757.16.3.1",
                        "break": "damaged",
                        "hc": "1"
                      }
                    ]
                  }
                }
              ]
            },
            {
              "node": "c",
              "type": "sentence",
              "implicit": "yes",
              "tag": "#auto",
              "id": "P228757.U24",
              "label": "r ii 2'",
              "cdl": [
                {
                  "node": "d",
                  "type": "line-start",
                  "ref": "P228757.17",
                  "n": "2'",
                  "label": "r ii 2'"
                },
                {
                  "node": "l",
                  "frag": "udu",
                  "id": "P228757.l235a2",
                  "ref": "P228757.17.1",
                  "inst": "%sux:udu=",
                  "f": {
                    "lang": "sux",
                    "form": "udu",
                    "delim": "",
                    "gdl": [
                      {
                        "v": "udu",
                        "id": "P228757.17.1.0"
                      }
                    ]
                  }
                },
                {
                  "node": "l",
                  "frag": "nim",
                  "id": "P228757.l235a3",
                  "ref": "P228757.17.2",
                  "inst": "%sux:nim=",
                  "f": {
                    "lang": "sux",
                    "form": "nim",
                    "gdl": [
                      {
                        "v": "nim",
                        "id": "P228757.17.2.0"
                      }
                    ]
                  }
                }
              ]
            },
            {
              "node": "c",
              "type": "sentence",
              "implicit": "yes",
              "tag": "#auto",
              "id": "P228757.U26",
              "label": "r ii 3'",
              "cdl": [
                {
                  "node": "d",
                  "type": "line-start",
                  "ref": "P228757.18",
                  "n": "3'",
                  "label": "r ii 3'"
                },
                {
                  "node": "l",
                  "frag": "udu",
                  "id": "P228757.l235a4",
                  "ref": "P228757.18.1",
                  "inst": "%sux:udu=",
                  "f": {
                    "lang": "sux",
                    "form": "udu",
                    "delim": "",
                    "gdl": [
                      {
                        "v": "udu",
                        "id": "P228757.18.1.0"
                      }
                    ]
                  }
                },
                {
                  "node": "l",
                  "frag": "nim-nim",
                  "id": "P228757.l235a5",
                  "ref": "P228757.18.2",
                  "inst": "%sux:nim-nim=",
                  "f": {
                    "lang": "sux",
                    "form": "nim-nim",
                    "gdl": [
                      {
                        "v": "nim",
                        "id": "P228757.18.2.0",
                        "delim": "-"
                      },
                      {
                        "v": "nim",
                        "id": "P228757.18.2.1"
                      }
                    ]
                  }
                }
              ]
            },
            {
              "node": "c",
              "type": "sentence",
              "implicit": "yes",
              "tag": "#auto",
              "id": "P228757.U28",
              "label": "r ii 4'",
              "cdl": [
                {
                  "node": "d",
                  "type": "line-start",
                  "ref": "P228757.19",
                  "n": "4'",
                  "label": "r ii 4'"
                },
                {
                  "node": "l",
                  "frag": "udu",
                  "id": "P228757.l235a6",
                  "ref": "P228757.19.1",
                  "inst": "%sux:udu=",
                  "f": {
                    "lang": "sux",
                    "form": "udu",
                    "delim": "",
                    "gdl": [
                      {
                        "v": "udu",
                        "id": "P228757.19.1.0"
                      }
                    ]
                  }
                },
                {
                  "node": "l",
                  "frag": "saŋ",
                  "id": "P228757.l235a7",
                  "ref": "P228757.19.2",
                  "inst": "%sux:saŋ=",
                  "f": {
                    "lang": "sux",
                    "form": "saŋ",
                    "delim": "",
                    "gdl": [
                      {
                        "v": "saŋ",
                        "id": "P228757.19.2.0"
                      }
                    ]
                  }
                },
                {
                  "node": "l",
                  "frag": "nim-nim",
                  "id": "P228757.l235a8",
                  "ref": "P228757.19.3",
                  "inst": "%sux:nim-nim=",
                  "f": {
                    "lang": "sux",
                    "form": "nim-nim",
                    "gdl": [
                      {
                        "v": "nim",
                        "id": "P228757.19.3.0",
                        "delim": "-"
                      },
                      {
                        "v": "nim",
                        "id": "P228757.19.3.1"
                      }
                    ]
                  }
                }
              ]
            },
            {
              "node": "c",
              "type": "sentence",
              "implicit": "yes",
              "tag": "#auto",
              "id": "P228757.U30",
              "label": "r ii 5'",
              "cdl": [
                {
                  "node": "d",
                  "type": "line-start",
                  "ref": "P228757.20",
                  "n": "5'",
                  "label": "r ii 5'"
                },
                {
                  "node": "l",
                  "frag": "[udu]",
                  "id": "P228757.l235a9",
                  "ref": "P228757.20.1",
                  "inst": "%sux:udu=",
                  "f": {
                    "lang": "sux",
                    "form": "udu",
                    "delim": "",
                    "gdl": [
                      {
                        "v": "udu",
                        "id": "P228757.20.1.0",
                        "breakStart": "1",
                        "o": "]",
                        "break": "missing",
                        "breakEnd": "P228757.20.1.0"
                      }
                    ]
                  }
                },
                {
                  "node": "l",
                  "frag": "sa-ad",
                  "id": "P228757.l235aa",
                  "ref": "P228757.20.2",
                  "inst": "%sux:sa-ad=",
                  "f": {
                    "lang": "sux",
                    "form": "sa-ad",
                    "delim": "",
                    "gdl": [
                      {
                        "v": "sa",
                        "id": "P228757.20.2.0",
                        "delim": "-"
                      },
                      {
                        "v": "ad",
                        "id": "P228757.20.2.1"
                      }
                    ]
                  }
                },
                {
                  "node": "l",
                  "frag": "gal",
                  "id": "P228757.l235ab",
                  "ref": "P228757.20.3",
                  "inst": "%sux:gal=",
                  "f": {
                    "lang": "sux",
                    "form": "gal",
                    "gdl": [
                      {
                        "v": "gal",
                        "id": "P228757.20.3.0"
                      }
                    ]
                  }
                }
              ]
            },
            {
              "node": "c",
              "type": "sentence",
              "implicit": "yes",
              "tag": "#auto",
              "id": "P228757.U32",
              "label": "r ii 6'",
              "cdl": [
                {
                  "node": "d",
                  "type": "line-start",
                  "ref": "P228757.21",
                  "n": "6'",
                  "label": "r ii 6'"
                },
                {
                  "node": "l",
                  "frag": "udu",
                  "id": "P228757.l235ac",
                  "ref": "P228757.21.1",
                  "inst": "%sux:udu=",
                  "f": {
                    "lang": "sux",
                    "form": "udu",
                    "delim": "",
                    "gdl": [
                      {
                        "v": "udu",
                        "id": "P228757.21.1.0"
                      }
                    ]
                  }
                },
                {
                  "node": "l",
                  "frag": "sa-ad",
                  "id": "P228757.l235ad",
                  "ref": "P228757.21.2",
                  "inst": "%sux:sa-ad=",
                  "f": {
                    "lang": "sux",
                    "form": "sa-ad",
                    "delim": "",
                    "gdl": [
                      {
                        "v": "sa",
                        "id": "P228757.21.2.0",
                        "delim": "-"
                      },
                      {
                        "v": "ad",
                        "id": "P228757.21.2.1"
                      }
                    ]
                  }
                },
                {
                  "node": "l",
                  "frag": "nim",
                  "id": "P228757.l235ae",
                  "ref": "P228757.21.3",
                  "inst": "%sux:nim=",
                  "f": {
                    "lang": "sux",
                    "form": "nim",
                    "gdl": [
                      {
                        "v": "nim",
                        "id": "P228757.21.3.0"
                      }
                    ]
                  }
                }
              ]
            },
            {
              "node": "c",
              "type": "sentence",
              "implicit": "yes",
              "tag": "#auto",
              "id": "P228757.U34",
              "label": "r ii 7'",
              "cdl": [
                {
                  "node": "d",
                  "type": "line-start",
                  "ref": "P228757.22",
                  "n": "7'",
                  "label": "r ii 7'"
                },
                {
                  "node": "l",
                  "frag": "udu",
                  "id": "P228757.l235af",
                  "ref": "P228757.22.1",
                  "inst": "%sux:udu=",
                  "f": {
                    "lang": "sux",
                    "form": "udu",
                    "delim": "",
                    "gdl": [
                      {
                        "v": "udu",
                        "id": "P228757.22.1.0"
                      }
                    ]
                  }
                },
                {
                  "node": "l",
                  "frag": "si",
                  "id": "P228757.l235b0",
                  "ref": "P228757.22.2",
                  "inst": "%sux:si=",
                  "f": {
                    "lang": "sux",
                    "form": "si",
                    "delim": "",
                    "gdl": [
                      {
                        "v": "si",
                        "id": "P228757.22.2.0"
                      }
                    ]
                  }
                },
                {
                  "node": "l",
                  "frag": "il-la₂",
                  "id": "P228757.l235b1",
                  "ref": "P228757.22.3",
                  "inst": "%sux:il-la₂=",
                  "f": {
                    "lang": "sux",
                    "form": "il-la₂",
                    "gdl": [
                      {
                        "v": "il",
                        "id": "P228757.22.3.0",
                        "delim": "-"
                      },
                      {
                        "v": "la₂",
                        "id": "P228757.22.3.1"
                      }
                    ]
                  }
                }
              ]
            },
            {
              "node": "c",
              "type": "sentence",
              "implicit": "yes",
              "tag": "#auto",
              "id": "P228757.U36",
              "label": "r ii 8'",
              "cdl": [
                {
                  "node": "d",
                  "type": "line-start",
                  "ref": "P228757.23",
                  "n": "8'",
                  "label": "r ii 8'"
                },
                {
                  "node": "l",
                  "frag": "udu",
                  "id": "P228757.l235b2",
                  "ref": "P228757.23.1",
                  "inst": "%sux:udu=",
                  "f": {
                    "lang": "sux",
                    "form": "udu",
                    "delim": "",
                    "gdl": [
                      {
                        "v": "udu",
                        "id": "P228757.23.1.0"
                      }
                    ]
                  }
                },
                {
                  "node": "l",
                  "frag": "si",
                  "id": "P228757.l235b3",
                  "ref": "P228757.23.2",
                  "inst": "%sux:si=",
                  "f": {
                    "lang": "sux",
                    "form": "si",
                    "delim": "",
                    "gdl": [
                      {
                        "v": "si",
                        "id": "P228757.23.2.0"
                      }
                    ]
                  }
                },
                {
                  "node": "l",
                  "frag": "min",
                  "id": "P228757.l235b4",
                  "ref": "P228757.23.3",
                  "inst": "%sux:min=",
                  "f": {
                    "lang": "sux",
                    "form": "min",
                    "delim": "",
                    "gdl": [
                      {
                        "v": "min",
                        "id": "P228757.23.3.0"
                      }
                    ]
                  }
                },
                {
                  "node": "l",
                  "frag": "la₂",
                  "id": "P228757.l235b5",
                  "ref": "P228757.23.4",
                  "inst": "%sux:la₂=",
                  "f": {
                    "lang": "sux",
                    "form": "la₂",
                    "gdl": [
                      {
                        "v": "la₂",
                        "id": "P228757.23.4.0"
                      }
                    ]
                  }
                }
              ]
            },
            {
              "node": "c",
              "type": "sentence",
              "implicit": "yes",
              "tag": "#auto",
              "id": "P228757.U38",
              "label": "r ii 9'",
              "cdl": [
                {
                  "node": "d",
                  "type": "line-start",
                  "ref": "P228757.24",
                  "n": "9'",
                  "label": "r ii 9'"
                },
                {
                  "node": "l",
                  "frag": "[udu",
                  "id": "P228757.l235b6",
                  "ref": "P228757.24.1",
                  "inst": "%sux:udu=",
                  "f": {
                    "lang": "sux",
                    "form": "udu",
                    "delim": "",
                    "gdl": [
                      {
                        "v": "udu",
                        "id": "P228757.24.1.0",
                        "breakStart": "1",
                        "o": "[",
                        "break": "missing"
                      }
                    ]
                  }
                },
                {
                  "node": "l",
                  "frag": "zu₂-si]-ga",
                  "id": "P228757.l235b7",
                  "ref": "P228757.24.2",
                  "inst": "%sux:zu₂-si-ga=",
                  "f": {
                    "lang": "sux",
                    "form": "zu₂-si-ga",
                    "gdl": [
                      {
                        "v": "zu₂",
                        "id": "P228757.24.2.0",
                        "break": "missing",
                        "delim": "-"
                      },
                      {
                        "v": "si",
                        "id": "P228757.24.2.1",
                        "break": "missing",
                        "o": "]",
                        "breakEnd": "P228757.24.1.0",
                        "delim": "-"
                      },
                      {
                        "v": "ga",
                        "id": "P228757.24.2.2"
                      }
                    ]
                  }
                }
              ]
            }
          ]
        }
      ]
    }
  ]
}
