{
  "type": "cdl",
  "project": "dcclt",
  "source": "http://oracc.org/dcclt",
  "license": "This data is released under the CC0 license",
  "license-url": "https://creativecommons.org/publicdomain/zero/1.0/",
  "more-info": "http://oracc.org/doc/opendata/",
  "UTC-timestamp": "2019-01-29T00:11:47",
  "textid": "P229142",
  "cdl": [
    {
      "node": "c",
      "type": "text",
      "id": "P229142.U0",
      "cdl": [
        {
          "node": "d",
          "type": "object",
          "ref": ""
        },
        {
          "node": "d",
          "subtype": "obverse",
          "type": "obverse",
          "ref": "P229142.o.1",
          "label": "o"
        },
        {
          "node": "d",
          "type": "nonx",
          "ref": "P229142.2",
          "strict": "1",
          "extent": "beginning",
          "scope": "column",
          "state": "missing"
        },
        {
          "node": "c",
          "type": "discourse",
          "subtype": "body",
          "id": "P229142.U1",
          "cdl": [
            {
              "node": "c",
              "type": "sentence",
              "implicit": "yes",
              "id": "P229142.U2",
              "label": "o 1'",
              "cdl": [
                {
                  "node": "d",
                  "type": "line-start",
                  "ref": "P229142.3",
                  "n": "1'",
                  "label": "o 1'"
                },
                {
                  "node": "l",
                  "frag": "[...]-ŋu₁₀",
                  "id": "P229142.l1b2c4",
                  "ref": "P229142.3.1",
                  "inst": "%sux:x-ŋu₁₀=",
                  "f": {
                    "lang": "sux",
                    "form": "x-ŋu₁₀",
                    "gdl": [
                      {
                        "x": "ellipsis",
                        "id": "P229142.3.1.0",
                        "breakStart": "1",
                        "break": "missing",
                        "o": "]",
                        "breakEnd": "P229142.3.1.0",
                        "delim": "-"
                      },
                      {
                        "v": "ŋu₁₀",
                        "id": "P229142.3.1.1"
                      }
                    ]
                  }
                }
              ]
            },
            {
              "node": "c",
              "type": "sentence",
              "implicit": "yes",
              "tag": "#auto",
              "id": "P229142.U4",
              "label": "o 2'",
              "cdl": [
                {
                  "node": "d",
                  "type": "line-start",
                  "ref": "P229142.4",
                  "n": "2'",
                  "label": "o 2'"
                },
                {
                  "node": "l",
                  "frag": "⸢gu₂⸣",
                  "id": "P229142.l1b2c5",
                  "ref": "P229142.4.1",
                  "inst": "%sux:gu₂=",
                  "f": {
                    "lang": "sux",
                    "form": "gu₂",
                    "delim": "",
                    "gdl": [
                      {
                        "v": "gu₂",
                        "id": "P229142.4.1.0",
                        "break": "damaged",
                        "ho": "1",
                        "hc": "1"
                      }
                    ]
                  }
                },
                {
                  "node": "l",
                  "frag": "pah-ŋu₁₀",
                  "id": "P229142.l1b2c6",
                  "ref": "P229142.4.2",
                  "inst": "%sux:pah-ŋu₁₀=",
                  "f": {
                    "lang": "sux",
                    "form": "pah-ŋu₁₀",
                    "gdl": [
                      {
                        "v": "pah",
                        "id": "P229142.4.2.0",
                        "delim": "-"
                      },
                      {
                        "v": "ŋu₁₀",
                        "id": "P229142.4.2.1"
                      }
                    ]
                  }
                }
              ]
            },
            {
              "node": "c",
              "type": "sentence",
              "implicit": "yes",
              "tag": "#auto",
              "id": "P229142.U6",
              "label": "o 3'",
              "cdl": [
                {
                  "node": "d",
                  "type": "line-start",
                  "ref": "P229142.5",
                  "n": "3'",
                  "label": "o 3'"
                },
                {
                  "node": "l",
                  "frag": "x",
                  "id": "P229142.l1b2c7",
                  "ref": "P229142.5.1",
                  "inst": "%sux:x=",
                  "f": {
                    "lang": "sux",
                    "form": "x",
                    "delim": "",
                    "gdl": [
                      {
                        "v": "x",
                        "id": "P229142.5.1.0"
                      }
                    ]
                  }
                },
                {
                  "node": "l",
                  "frag": "gu₂",
                  "id": "P229142.l1b2c8",
                  "ref": "P229142.5.2",
                  "inst": "%sux:gu₂=",
                  "f": {
                    "lang": "sux",
                    "form": "gu₂",
                    "delim": "",
                    "gdl": [
                      {
                        "v": "gu₂",
                        "id": "P229142.5.2.0"
                      }
                    ]
                  }
                },
                {
                  "node": "l",
                  "frag": "⸢pah⸣-ŋu₁₀",
                  "id": "P229142.l1b2c9",
                  "ref": "P229142.5.3",
                  "inst": "%sux:pah-ŋu₁₀=",
                  "f": {
                    "lang": "sux",
                    "form": "pah-ŋu₁₀",
                    "gdl": [
                      {
                        "v": "pah",
                        "id": "P229142.5.3.0",
                        "break": "damaged",
                        "ho": "1",
                        "delim": "-",
                        "hc": "1"
                      },
                      {
                        "v": "ŋu₁₀",
                        "id": "P229142.5.3.1"
                      }
                    ]
                  }
                }
              ]
            },
            {
              "node": "c",
              "type": "sentence",
              "implicit": "yes",
              "tag": "#auto",
              "id": "P229142.U8",
              "label": "o 4'",
              "cdl": [
                {
                  "node": "d",
                  "type": "line-start",
                  "ref": "P229142.6",
                  "n": "4'",
                  "label": "o 4'"
                },
                {
                  "node": "l",
                  "frag": "⸢ŋiri₃⸣-ŋu₁₀",
                  "id": "P229142.l1b2ca",
                  "ref": "P229142.6.1",
                  "inst": "%sux:ŋiri₃-ŋu₁₀=",
                  "f": {
                    "lang": "sux",
                    "form": "ŋiri₃-ŋu₁₀",
                    "gdl": [
                      {
                        "v": "ŋiri₃",
                        "id": "P229142.6.1.0",
                        "break": "damaged",
                        "ho": "1",
                        "delim": "-",
                        "hc": "1"
                      },
                      {
                        "v": "ŋu₁₀",
                        "id": "P229142.6.1.1"
                      }
                    ]
                  }
                }
              ]
            },
            {
              "node": "c",
              "type": "sentence",
              "implicit": "yes",
              "tag": "#auto",
              "id": "P229142.U10",
              "label": "o 5'",
              "cdl": [
                {
                  "node": "d",
                  "type": "line-start",
                  "ref": "P229142.7",
                  "n": "5'",
                  "label": "o 5'"
                },
                {
                  "node": "l",
                  "frag": "⸢igi⸣",
                  "id": "P229142.l1b2cb",
                  "ref": "P229142.7.1",
                  "inst": "%sux:igi=",
                  "f": {
                    "lang": "sux",
                    "form": "igi",
                    "delim": "",
                    "gdl": [
                      {
                        "v": "igi",
                        "id": "P229142.7.1.0",
                        "break": "damaged",
                        "queried": "1",
                        "ho": "1",
                        "hc": "1"
                      }
                    ]
                  }
                },
                {
                  "node": "l",
                  "frag": "ŋiri₃-ŋu₁₀",
                  "id": "P229142.l1b2cc",
                  "ref": "P229142.7.2",
                  "inst": "%sux:ŋiri₃-ŋu₁₀=",
                  "f": {
                    "lang": "sux",
                    "form": "ŋiri₃-ŋu₁₀",
                    "gdl": [
                      {
                        "v": "ŋiri₃",
                        "id": "P229142.7.2.0",
                        "delim": "-"
                      },
                      {
                        "v": "ŋu₁₀",
                        "id": "P229142.7.2.1"
                      }
                    ]
                  }
                }
              ]
            },
            {
              "node": "c",
              "type": "sentence",
              "implicit": "yes",
              "tag": "#auto",
              "id": "P229142.U12",
              "label": "o 6'",
              "cdl": [
                {
                  "node": "d",
                  "type": "line-start",
                  "ref": "P229142.8",
                  "n": "6'",
                  "label": "o 6'"
                },
                {
                  "node": "l",
                  "frag": "[...]",
                  "id": "P229142.l1b2cd",
                  "ref": "P229142.8.1",
                  "inst": "%sux:x=",
                  "f": {
                    "lang": "sux",
                    "form": "x",
                    "delim": "",
                    "gdl": [
                      {
                        "x": "ellipsis",
                        "id": "P229142.8.1.0",
                        "breakStart": "1",
                        "break": "missing",
                        "o": "]",
                        "breakEnd": "P229142.8.1.0"
                      }
                    ]
                  }
                },
                {
                  "node": "l",
                  "frag": "ŋiri₃-ŋu₁₀",
                  "id": "P229142.l1b2ce",
                  "ref": "P229142.8.2",
                  "inst": "%sux:ŋiri₃-ŋu₁₀=",
                  "f": {
                    "lang": "sux",
                    "form": "ŋiri₃-ŋu₁₀",
                    "gdl": [
                      {
                        "v": "ŋiri₃",
                        "id": "P229142.8.2.0",
                        "delim": "-"
                      },
                      {
                        "v": "ŋu₁₀",
                        "id": "P229142.8.2.1"
                      }
                    ]
                  }
                },
                {
                  "node": "d",
                  "subtype": "reverse",
                  "type": "reverse",
                  "ref": "P229142.r.9",
                  "label": "r"
                }
              ]
            },
            {
              "node": "c",
              "type": "sentence",
              "implicit": "yes",
              "tag": "#auto",
              "id": "P229142.U14",
              "label": "r 1",
              "cdl": [
                {
                  "node": "d",
                  "type": "line-start",
                  "ref": "P229142.10",
                  "n": "1",
                  "label": "r 1"
                },
                {
                  "node": "l",
                  "frag": "šu-si",
                  "id": "P229142.l1b2cf",
                  "ref": "P229142.10.1",
                  "inst": "%sux:šu-si=",
                  "f": {
                    "lang": "sux",
                    "form": "šu-si",
                    "delim": "",
                    "gdl": [
                      {
                        "v": "šu",
                        "id": "P229142.10.1.0",
                        "delim": "-"
                      },
                      {
                        "v": "si",
                        "id": "P229142.10.1.1"
                      }
                    ]
                  }
                },
                {
                  "node": "l",
                  "frag": "⸢ŋiri₃⸣-[ŋu₁₀]",
                  "id": "P229142.l1b2d0",
                  "ref": "P229142.10.2",
                  "inst": "%sux:ŋiri₃-ŋu₁₀=",
                  "f": {
                    "lang": "sux",
                    "form": "ŋiri₃-ŋu₁₀",
                    "gdl": [
                      {
                        "v": "ŋiri₃",
                        "id": "P229142.10.2.0",
                        "break": "damaged",
                        "ho": "1",
                        "delim": "-",
                        "hc": "1"
                      },
                      {
                        "v": "ŋu₁₀",
                        "id": "P229142.10.2.1",
                        "breakStart": "1",
                        "o": "]",
                        "break": "missing",
                        "breakEnd": "P229142.10.2.1"
                      }
                    ]
                  }
                }
              ]
            },
            {
              "node": "c",
              "type": "sentence",
              "implicit": "yes",
              "tag": "#auto",
              "id": "P229142.U16",
              "label": "r 2",
              "cdl": [
                {
                  "node": "d",
                  "type": "line-start",
                  "ref": "P229142.11",
                  "n": "2",
                  "label": "r 2"
                },
                {
                  "node": "l",
                  "frag": "murub₄",
                  "id": "P229142.l1b2d1",
                  "ref": "P229142.11.1",
                  "inst": "%sux:murub₄=",
                  "f": {
                    "lang": "sux",
                    "form": "murub₄",
                    "delim": "",
                    "gdl": [
                      {
                        "v": "murub₄",
                        "id": "P229142.11.1.0"
                      }
                    ]
                  }
                },
                {
                  "node": "l",
                  "frag": "⸢ŋiri₃⸣-[ŋu₁₀]",
                  "id": "P229142.l1b2d2",
                  "ref": "P229142.11.2",
                  "inst": "%sux:ŋiri₃-ŋu₁₀=",
                  "f": {
                    "lang": "sux",
                    "form": "ŋiri₃-ŋu₁₀",
                    "gdl": [
                      {
                        "v": "ŋiri₃",
                        "id": "P229142.11.2.0",
                        "break": "damaged",
                        "ho": "1",
                        "delim": "-",
                        "hc": "1"
                      },
                      {
                        "v": "ŋu₁₀",
                        "id": "P229142.11.2.1",
                        "breakStart": "1",
                        "o": "]",
                        "break": "missing",
                        "breakEnd": "P229142.11.2.1"
                      }
                    ]
                  }
                }
              ]
            },
            {
              "node": "c",
              "type": "sentence",
              "implicit": "yes",
              "tag": "#auto",
              "id": "P229142.U18",
              "label": "r 3",
              "cdl": [
                {
                  "node": "d",
                  "type": "line-start",
                  "ref": "P229142.12",
                  "n": "3",
                  "label": "r 3"
                },
                {
                  "node": "l",
                  "frag": "zu₂-kešda",
                  "id": "P229142.l1b2d3",
                  "ref": "P229142.12.1",
                  "inst": "%sux:zu₂-kešda=",
                  "f": {
                    "lang": "sux",
                    "form": "zu₂-kešda",
                    "delim": "",
                    "gdl": [
                      {
                        "v": "zu₂",
                        "id": "P229142.12.1.0",
                        "delim": "-"
                      },
                      {
                        "v": "kešda",
                        "id": "P229142.12.1.1"
                      }
                    ]
                  }
                },
                {
                  "node": "l",
                  "frag": "šu-si",
                  "id": "P229142.l1b2d4",
                  "ref": "P229142.12.2",
                  "inst": "%sux:šu-si=",
                  "f": {
                    "lang": "sux",
                    "form": "šu-si",
                    "delim": "",
                    "gdl": [
                      {
                        "v": "šu",
                        "id": "P229142.12.2.0",
                        "delim": "-"
                      },
                      {
                        "v": "si",
                        "id": "P229142.12.2.1"
                      }
                    ]
                  }
                },
                {
                  "node": "l",
                  "frag": "⸢ŋiri₃⸣-[ŋu₁₀]",
                  "id": "P229142.l1b2d5",
                  "ref": "P229142.12.3",
                  "inst": "%sux:ŋiri₃-ŋu₁₀=",
                  "f": {
                    "lang": "sux",
                    "form": "ŋiri₃-ŋu₁₀",
                    "gdl": [
                      {
                        "v": "ŋiri₃",
                        "id": "P229142.12.3.0",
                        "break": "damaged",
                        "ho": "1",
                        "delim": "-",
                        "hc": "1"
                      },
                      {
                        "v": "ŋu₁₀",
                        "id": "P229142.12.3.1",
                        "breakStart": "1",
                        "o": "]",
                        "break": "missing",
                        "breakEnd": "P229142.12.3.1"
                      }
                    ]
                  }
                }
              ]
            },
            {
              "node": "c",
              "type": "sentence",
              "implicit": "yes",
              "tag": "#auto",
              "id": "P229142.U20",
              "label": "r 4",
              "cdl": [
                {
                  "node": "d",
                  "type": "line-start",
                  "ref": "P229142.13",
                  "n": "4",
                  "label": "r 4"
                },
                {
                  "node": "l",
                  "frag": "umbin",
                  "id": "P229142.l1b2d6",
                  "ref": "P229142.13.1",
                  "inst": "%sux:umbin=",
                  "f": {
                    "lang": "sux",
                    "form": "umbin",
                    "delim": "",
                    "gdl": [
                      {
                        "v": "umbin",
                        "id": "P229142.13.1.0"
                      }
                    ]
                  }
                },
                {
                  "node": "l",
                  "frag": "šu-si",
                  "id": "P229142.l1b2d7",
                  "ref": "P229142.13.2",
                  "inst": "%sux:šu-si=",
                  "f": {
                    "lang": "sux",
                    "form": "šu-si",
                    "delim": "",
                    "gdl": [
                      {
                        "v": "šu",
                        "id": "P229142.13.2.0",
                        "delim": "-"
                      },
                      {
                        "v": "si",
                        "id": "P229142.13.2.1"
                      }
                    ]
                  }
                },
                {
                  "node": "l",
                  "frag": "gal",
                  "id": "P229142.l1b2d8",
                  "ref": "P229142.13.3",
                  "inst": "%sux:gal=",
                  "f": {
                    "lang": "sux",
                    "form": "gal",
                    "delim": "",
                    "gdl": [
                      {
                        "v": "gal",
                        "id": "P229142.13.3.0"
                      }
                    ]
                  }
                },
                {
                  "node": "l",
                  "frag": "ŋiri₃-[ŋu₁₀]",
                  "id": "P229142.l1b2d9",
                  "ref": "P229142.13.4",
                  "inst": "%sux:ŋiri₃-ŋu₁₀=",
                  "f": {
                    "lang": "sux",
                    "form": "ŋiri₃-ŋu₁₀",
                    "gdl": [
                      {
                        "v": "ŋiri₃",
                        "id": "P229142.13.4.0",
                        "delim": "-"
                      },
                      {
                        "v": "ŋu₁₀",
                        "id": "P229142.13.4.1",
                        "breakStart": "1",
                        "o": "]",
                        "break": "missing",
                        "breakEnd": "P229142.13.4.1"
                      }
                    ]
                  }
                }
              ]
            },
            {
              "node": "c",
              "type": "sentence",
              "implicit": "yes",
              "tag": "#auto",
              "id": "P229142.U22",
              "label": "r 5",
              "cdl": [
                {
                  "node": "d",
                  "type": "line-start",
                  "ref": "P229142.14",
                  "n": "5",
                  "label": "r 5"
                },
                {
                  "node": "l",
                  "frag": "umbin",
                  "id": "P229142.l1b2da",
                  "ref": "P229142.14.1",
                  "inst": "%sux:umbin=",
                  "f": {
                    "lang": "sux",
                    "form": "umbin",
                    "delim": "",
                    "gdl": [
                      {
                        "v": "umbin",
                        "id": "P229142.14.1.0"
                      }
                    ]
                  }
                },
                {
                  "node": "l",
                  "frag": "⸢šu-si⸣",
                  "id": "P229142.l1b2db",
                  "ref": "P229142.14.2",
                  "inst": "%sux:šu-si=",
                  "f": {
                    "lang": "sux",
                    "form": "šu-si",
                    "delim": "",
                    "gdl": [
                      {
                        "v": "šu",
                        "id": "P229142.14.2.0",
                        "break": "damaged",
                        "ho": "1",
                        "delim": "-"
                      },
                      {
                        "v": "si",
                        "id": "P229142.14.2.1",
                        "break": "damaged",
                        "hc": "1"
                      }
                    ]
                  }
                },
                {
                  "node": "l",
                  "frag": "ŋiri₃-ŋu₁₀",
                  "id": "P229142.l1b2dc",
                  "ref": "P229142.14.3",
                  "inst": "%sux:ŋiri₃-ŋu₁₀=",
                  "f": {
                    "lang": "sux",
                    "form": "ŋiri₃-ŋu₁₀",
                    "gdl": [
                      {
                        "v": "ŋiri₃",
                        "id": "P229142.14.3.0",
                        "delim": "-"
                      },
                      {
                        "v": "ŋu₁₀",
                        "id": "P229142.14.3.1"
                      }
                    ]
                  }
                }
              ]
            },
            {
              "node": "c",
              "type": "sentence",
              "implicit": "yes",
              "tag": "#auto",
              "id": "P229142.U24",
              "label": "r 6",
              "cdl": [
                {
                  "node": "d",
                  "type": "line-start",
                  "ref": "P229142.15",
                  "n": "6",
                  "label": "r 6"
                },
                {
                  "node": "l",
                  "frag": "[...]-ŋu₁₀",
                  "id": "P229142.l1b2dd",
                  "ref": "P229142.15.1",
                  "inst": "%sux:x-ŋu₁₀=",
                  "f": {
                    "lang": "sux",
                    "form": "x-ŋu₁₀",
                    "gdl": [
                      {
                        "x": "ellipsis",
                        "id": "P229142.15.1.0",
                        "breakStart": "1",
                        "break": "missing",
                        "o": "]",
                        "breakEnd": "P229142.15.1.0",
                        "delim": "-"
                      },
                      {
                        "v": "ŋu₁₀",
                        "id": "P229142.15.1.1"
                      }
                    ]
                  }
                }
              ]
            },
            {
              "node": "c",
              "type": "sentence",
              "implicit": "yes",
              "tag": "#auto",
              "id": "P229142.U26",
              "label": "r 7",
              "cdl": [
                {
                  "node": "d",
                  "type": "line-start",
                  "ref": "P229142.16",
                  "n": "7",
                  "label": "r 7"
                },
                {
                  "node": "l",
                  "frag": "[...]-ŋu₁₀",
                  "id": "P229142.l1b2de",
                  "ref": "P229142.16.1",
                  "inst": "%sux:x-ŋu₁₀=",
                  "f": {
                    "lang": "sux",
                    "form": "x-ŋu₁₀",
                    "gdl": [
                      {
                        "x": "ellipsis",
                        "id": "P229142.16.1.0",
                        "breakStart": "1",
                        "break": "missing",
                        "o": "]",
                        "breakEnd": "P229142.16.1.0",
                        "delim": "-"
                      },
                      {
                        "v": "ŋu₁₀",
                        "id": "P229142.16.1.1"
                      }
                    ]
                  }
                }
              ]
            }
          ]
        }
      ]
    }
  ]
}
