{
  "type": "cdl",
  "project": "dcclt",
  "source": "http://oracc.org/dcclt",
  "license": "This data is released under the CC0 license",
  "license-url": "https://creativecommons.org/publicdomain/zero/1.0/",
  "more-info": "http://oracc.org/doc/opendata/",
  "UTC-timestamp": "2019-01-29T00:11:53",
  "textid": "P229190",
  "cdl": [
    {
      "node": "c",
      "type": "text",
      "id": "P229190.U0",
      "cdl": [
        {
          "node": "d",
          "type": "object",
          "ref": ""
        },
        {
          "node": "d",
          "subtype": "reverse",
          "type": "reverse",
          "ref": "P229190.r.1",
          "label": "r"
        },
        {
          "node": "d",
          "subtype": "column 1r",
          "type": "column",
          "ref": "P229190.r.i.2",
          "n": "1",
          "label": "r i"
        },
        {
          "node": "c",
          "type": "discourse",
          "subtype": "body",
          "id": "P229190.U1",
          "cdl": [
            {
              "node": "c",
              "type": "sentence",
              "implicit": "yes",
              "id": "P229190.U2",
              "label": "r i 1'",
              "cdl": [
                {
                  "node": "d",
                  "type": "line-start",
                  "ref": "P229190.3",
                  "n": "1'",
                  "label": "r i 1'"
                },
                {
                  "node": "l",
                  "frag": "⸢ŋeš⸣",
                  "id": "P229190.l1df28",
                  "ref": "P229190.3.1",
                  "inst": "%sux:ŋeš=",
                  "f": {
                    "lang": "sux",
                    "form": "ŋeš",
                    "gdl": [
                      {
                        "v": "ŋeš",
                        "id": "P229190.3.1.0",
                        "break": "damaged",
                        "ho": "1",
                        "hc": "1"
                      }
                    ]
                  }
                }
              ]
            },
            {
              "node": "c",
              "type": "sentence",
              "implicit": "yes",
              "tag": "#auto",
              "id": "P229190.U4",
              "label": "r i 2'",
              "cdl": [
                {
                  "node": "d",
                  "type": "line-start",
                  "ref": "P229190.4",
                  "n": "2'",
                  "label": "r i 2'"
                },
                {
                  "node": "l",
                  "frag": "ŋeš",
                  "id": "P229190.l1df29",
                  "ref": "P229190.4.1",
                  "inst": "%sux:ŋeš=",
                  "f": {
                    "lang": "sux",
                    "form": "ŋeš",
                    "delim": "",
                    "gdl": [
                      {
                        "v": "ŋeš",
                        "id": "P229190.4.1.0"
                      }
                    ]
                  }
                },
                {
                  "node": "l",
                  "frag": "hašhur",
                  "id": "P229190.l1df2a",
                  "ref": "P229190.4.2",
                  "inst": "%sux:hašhur=",
                  "f": {
                    "lang": "sux",
                    "form": "hašhur",
                    "gdl": [
                      {
                        "v": "hašhur",
                        "id": "P229190.4.2.0"
                      }
                    ]
                  }
                }
              ]
            },
            {
              "node": "c",
              "type": "sentence",
              "implicit": "yes",
              "tag": "#auto",
              "id": "P229190.U6",
              "label": "r i 3'",
              "cdl": [
                {
                  "node": "d",
                  "type": "line-start",
                  "ref": "P229190.5",
                  "n": "3'",
                  "label": "r i 3'"
                },
                {
                  "node": "l",
                  "frag": "ŋeš",
                  "id": "P229190.l1df2b",
                  "ref": "P229190.5.1",
                  "inst": "%sux:ŋeš=",
                  "f": {
                    "lang": "sux",
                    "form": "ŋeš",
                    "delim": "",
                    "gdl": [
                      {
                        "v": "ŋeš",
                        "id": "P229190.5.1.0"
                      }
                    ]
                  }
                },
                {
                  "node": "l",
                  "frag": "hašhur-kur-ra",
                  "id": "P229190.l1df2c",
                  "ref": "P229190.5.2",
                  "inst": "%sux:hašhur-kur-ra=",
                  "f": {
                    "lang": "sux",
                    "form": "hašhur-kur-ra",
                    "gdl": [
                      {
                        "v": "hašhur",
                        "id": "P229190.5.2.0",
                        "delim": "-"
                      },
                      {
                        "v": "kur",
                        "id": "P229190.5.2.1",
                        "delim": "-"
                      },
                      {
                        "v": "ra",
                        "id": "P229190.5.2.2"
                      }
                    ]
                  }
                }
              ]
            },
            {
              "node": "c",
              "type": "sentence",
              "implicit": "yes",
              "tag": "#auto",
              "id": "P229190.U8",
              "label": "r i 4'",
              "cdl": [
                {
                  "node": "d",
                  "type": "line-start",
                  "ref": "P229190.6",
                  "n": "4'",
                  "label": "r i 4'"
                },
                {
                  "node": "l",
                  "frag": "ŋeš",
                  "id": "P229190.l1df2d",
                  "ref": "P229190.6.1",
                  "inst": "%sux:ŋeš=",
                  "f": {
                    "lang": "sux",
                    "form": "ŋeš",
                    "delim": "",
                    "gdl": [
                      {
                        "v": "ŋeš",
                        "id": "P229190.6.1.0"
                      }
                    ]
                  }
                },
                {
                  "node": "l",
                  "frag": "še",
                  "id": "P229190.l1df2e",
                  "ref": "P229190.6.2",
                  "inst": "%sux:še=",
                  "f": {
                    "lang": "sux",
                    "form": "še",
                    "delim": "",
                    "gdl": [
                      {
                        "v": "še",
                        "id": "P229190.6.2.0"
                      }
                    ]
                  }
                },
                {
                  "node": "l",
                  "frag": "⸢dug₃⸣",
                  "id": "P229190.l1df2f",
                  "ref": "P229190.6.3",
                  "inst": "%sux:dug₃=",
                  "f": {
                    "lang": "sux",
                    "form": "dug₃",
                    "gdl": [
                      {
                        "v": "dug₃",
                        "id": "P229190.6.3.0",
                        "break": "damaged",
                        "ho": "1",
                        "hc": "1"
                      }
                    ]
                  }
                },
                {
                  "node": "d",
                  "subtype": "column 2r",
                  "type": "column",
                  "ref": "P229190.r.ii.7",
                  "n": "2",
                  "label": "r ii"
                }
              ]
            },
            {
              "node": "c",
              "type": "sentence",
              "implicit": "yes",
              "tag": "#auto",
              "id": "P229190.U10",
              "label": "r ii 1'",
              "cdl": [
                {
                  "node": "d",
                  "type": "line-start",
                  "ref": "P229190.8",
                  "n": "1'",
                  "label": "r ii 1'"
                },
                {
                  "node": "l",
                  "frag": "⸢ŋeš⸣",
                  "id": "P229190.l1df30",
                  "ref": "P229190.8.1",
                  "inst": "%sux:ŋeš=",
                  "f": {
                    "lang": "sux",
                    "form": "ŋeš",
                    "gdl": [
                      {
                        "v": "ŋeš",
                        "id": "P229190.8.1.0",
                        "break": "damaged",
                        "ho": "1",
                        "hc": "1"
                      }
                    ]
                  }
                }
              ]
            },
            {
              "node": "c",
              "type": "sentence",
              "implicit": "yes",
              "tag": "#auto",
              "id": "P229190.U12",
              "label": "r ii 2'",
              "cdl": [
                {
                  "node": "d",
                  "type": "line-start",
                  "ref": "P229190.9",
                  "n": "2'",
                  "label": "r ii 2'"
                },
                {
                  "node": "l",
                  "frag": "⸢ŋeš⸣",
                  "id": "P229190.l1df31",
                  "ref": "P229190.9.1",
                  "inst": "%sux:ŋeš=",
                  "f": {
                    "lang": "sux",
                    "form": "ŋeš",
                    "gdl": [
                      {
                        "v": "ŋeš",
                        "id": "P229190.9.1.0",
                        "break": "damaged",
                        "ho": "1",
                        "hc": "1"
                      }
                    ]
                  }
                }
              ]
            }
          ]
        }
      ]
    }
  ]
}
