{
  "type": "cdl",
  "project": "dcclt",
  "source": "http://oracc.org/dcclt",
  "license": "This data is released under the CC0 license",
  "license-url": "https://creativecommons.org/publicdomain/zero/1.0/",
  "more-info": "http://oracc.org/doc/opendata/",
  "UTC-timestamp": "2019-01-29T00:11:44",
  "textid": "P229117",
  "cdl": [
    {
      "node": "c",
      "type": "text",
      "id": "P229117.U0",
      "cdl": [
        {
          "node": "d",
          "subtype": "tablet",
          "type": "tablet",
          "ref": "P229117.x1014.1",
          "label": "x1014"
        },
        {
          "node": "d",
          "subtype": "obverse",
          "type": "obverse",
          "ref": "P229117.o.2",
          "label": "o"
        },
        {
          "node": "c",
          "type": "discourse",
          "subtype": "body",
          "id": "P229117.U1",
          "cdl": [
            {
              "node": "c",
              "type": "sentence",
              "implicit": "yes",
              "id": "P229117.U2",
              "label": "o 1",
              "cdl": [
                {
                  "node": "d",
                  "type": "line-start",
                  "ref": "P229117.3",
                  "n": "1",
                  "label": "o 1"
                },
                {
                  "node": "l",
                  "frag": "[uzu]",
                  "id": "P229117.l2307a",
                  "ref": "P229117.3.1",
                  "inst": "%sux:uzu=",
                  "f": {
                    "lang": "sux",
                    "form": "uzu",
                    "delim": "",
                    "gdl": [
                      {
                        "v": "uzu",
                        "id": "P229117.3.1.0",
                        "breakStart": "1",
                        "o": "]",
                        "break": "missing",
                        "breakEnd": "P229117.3.1.0"
                      }
                    ]
                  }
                },
                {
                  "node": "l",
                  "frag": "zu₂",
                  "id": "P229117.l2307b",
                  "ref": "P229117.3.2",
                  "inst": "%sux:zu₂=",
                  "f": {
                    "lang": "sux",
                    "form": "zu₂",
                    "delim": "",
                    "gdl": [
                      {
                        "v": "zu₂",
                        "id": "P229117.3.2.0"
                      }
                    ]
                  }
                },
                {
                  "node": "l",
                  "frag": "kešda",
                  "id": "P229117.l2307c",
                  "ref": "P229117.3.3",
                  "inst": "%sux:kešda=",
                  "f": {
                    "lang": "sux",
                    "form": "kešda",
                    "delim": "",
                    "gdl": [
                      {
                        "v": "kešda",
                        "id": "P229117.3.3.0"
                      }
                    ]
                  }
                },
                {
                  "node": "l",
                  "frag": "gu₂-mur₇",
                  "id": "P229117.l2307d",
                  "ref": "P229117.3.4",
                  "inst": "%sux:gu₂-mur₇=",
                  "f": {
                    "lang": "sux",
                    "form": "gu₂-mur₇",
                    "gdl": [
                      {
                        "v": "gu₂",
                        "id": "P229117.3.4.0",
                        "delim": "-"
                      },
                      {
                        "v": "mur₇",
                        "id": "P229117.3.4.1"
                      }
                    ]
                  }
                }
              ]
            },
            {
              "node": "c",
              "type": "sentence",
              "implicit": "yes",
              "tag": "#auto",
              "id": "P229117.U4",
              "label": "o 2",
              "cdl": [
                {
                  "node": "d",
                  "type": "line-start",
                  "ref": "P229117.4",
                  "n": "2",
                  "label": "o 2"
                },
                {
                  "node": "l",
                  "frag": "⸢uzu",
                  "id": "P229117.l2307e",
                  "ref": "P229117.4.1",
                  "inst": "%sux:uzu=",
                  "f": {
                    "lang": "sux",
                    "form": "uzu",
                    "delim": "",
                    "gdl": [
                      {
                        "v": "uzu",
                        "id": "P229117.4.1.0",
                        "break": "damaged",
                        "ho": "1"
                      }
                    ]
                  }
                },
                {
                  "node": "l",
                  "frag": "gu₂⸣-bal",
                  "id": "P229117.l2307f",
                  "ref": "P229117.4.2",
                  "inst": "%sux:gu₂-bal=",
                  "f": {
                    "lang": "sux",
                    "form": "gu₂-bal",
                    "delim": "",
                    "gdl": [
                      {
                        "v": "gu₂",
                        "id": "P229117.4.2.0",
                        "break": "damaged",
                        "delim": "-",
                        "hc": "1"
                      },
                      {
                        "v": "bal",
                        "id": "P229117.4.2.1"
                      }
                    ]
                  }
                },
                {
                  "node": "l",
                  "frag": "ŋeš-du₃-[a]",
                  "id": "P229117.l23080",
                  "ref": "P229117.4.3",
                  "inst": "%sux:ŋeš-du₃-a=",
                  "f": {
                    "lang": "sux",
                    "form": "ŋeš-du₃-a",
                    "gdl": [
                      {
                        "v": "ŋeš",
                        "id": "P229117.4.3.0",
                        "delim": "-"
                      },
                      {
                        "v": "du₃",
                        "id": "P229117.4.3.1",
                        "delim": "-"
                      },
                      {
                        "v": "a",
                        "id": "P229117.4.3.2",
                        "breakStart": "1",
                        "o": "]",
                        "break": "missing",
                        "breakEnd": "P229117.4.3.2"
                      }
                    ]
                  }
                }
              ]
            },
            {
              "node": "c",
              "type": "sentence",
              "implicit": "yes",
              "tag": "#auto",
              "id": "P229117.U6",
              "label": "o 3",
              "cdl": [
                {
                  "node": "d",
                  "type": "line-start",
                  "ref": "P229117.5",
                  "n": "3",
                  "label": "o 3"
                },
                {
                  "node": "l",
                  "frag": "⸢uzu⸣",
                  "id": "P229117.l23081",
                  "ref": "P229117.5.1",
                  "inst": "%sux:uzu=",
                  "f": {
                    "lang": "sux",
                    "form": "uzu",
                    "delim": "",
                    "gdl": [
                      {
                        "v": "uzu",
                        "id": "P229117.5.1.0",
                        "break": "damaged",
                        "ho": "1",
                        "hc": "1"
                      }
                    ]
                  }
                },
                {
                  "node": "l",
                  "frag": "zag-[...]",
                  "id": "P229117.l23082",
                  "ref": "P229117.5.2",
                  "inst": "%sux:zag-x=",
                  "f": {
                    "lang": "sux",
                    "form": "zag-x",
                    "gdl": [
                      {
                        "v": "zag",
                        "id": "P229117.5.2.0",
                        "delim": "-"
                      },
                      {
                        "x": "ellipsis",
                        "id": "P229117.5.2.1",
                        "breakStart": "1",
                        "break": "missing",
                        "o": "]",
                        "breakEnd": "P229117.5.2.1"
                      }
                    ]
                  }
                }
              ]
            },
            {
              "node": "c",
              "type": "sentence",
              "implicit": "yes",
              "tag": "#auto",
              "id": "P229117.U8",
              "label": "o 4",
              "cdl": [
                {
                  "node": "d",
                  "type": "line-start",
                  "ref": "P229117.6",
                  "n": "4",
                  "label": "o 4"
                },
                {
                  "node": "l",
                  "frag": "⸢uzu⸣",
                  "id": "P229117.l23083",
                  "ref": "P229117.6.1",
                  "inst": "%sux:uzu=",
                  "f": {
                    "lang": "sux",
                    "form": "uzu",
                    "delim": "",
                    "gdl": [
                      {
                        "v": "uzu",
                        "id": "P229117.6.1.0",
                        "break": "damaged",
                        "ho": "1",
                        "hc": "1"
                      }
                    ]
                  }
                },
                {
                  "node": "l",
                  "frag": "sila₃",
                  "id": "P229117.l23084",
                  "ref": "P229117.6.2",
                  "inst": "%sux:sila₃=",
                  "f": {
                    "lang": "sux",
                    "form": "sila₃",
                    "delim": "",
                    "gdl": [
                      {
                        "v": "sila₃",
                        "id": "P229117.6.2.0"
                      }
                    ]
                  }
                },
                {
                  "node": "l",
                  "frag": "x",
                  "id": "P229117.l23085",
                  "ref": "P229117.6.3",
                  "inst": "%sux:x=",
                  "f": {
                    "lang": "sux",
                    "form": "x",
                    "delim": "",
                    "gdl": [
                      {
                        "v": "x",
                        "id": "P229117.6.3.0"
                      }
                    ]
                  }
                },
                {
                  "node": "l",
                  "frag": "[...]",
                  "id": "P229117.l23086",
                  "ref": "P229117.6.4",
                  "inst": "%sux:x=",
                  "f": {
                    "lang": "sux",
                    "form": "x",
                    "gdl": [
                      {
                        "x": "ellipsis",
                        "id": "P229117.6.4.0",
                        "breakStart": "1",
                        "break": "missing",
                        "o": "]",
                        "breakEnd": "P229117.6.4.0"
                      }
                    ]
                  }
                }
              ]
            },
            {
              "node": "c",
              "type": "sentence",
              "implicit": "yes",
              "tag": "#auto",
              "id": "P229117.U10",
              "label": "o 5",
              "cdl": [
                {
                  "node": "d",
                  "type": "line-start",
                  "ref": "P229117.7",
                  "n": "5",
                  "label": "o 5"
                },
                {
                  "node": "l",
                  "frag": "⸢uzu",
                  "id": "P229117.l23087",
                  "ref": "P229117.7.1",
                  "inst": "%sux:uzu=",
                  "f": {
                    "lang": "sux",
                    "form": "uzu",
                    "delim": "",
                    "gdl": [
                      {
                        "v": "uzu",
                        "id": "P229117.7.1.0",
                        "break": "damaged",
                        "ho": "1"
                      }
                    ]
                  }
                },
                {
                  "node": "l",
                  "frag": "ma⸣-sila₃",
                  "id": "P229117.l23088",
                  "ref": "P229117.7.2",
                  "inst": "%sux:ma-sila₃=",
                  "f": {
                    "lang": "sux",
                    "form": "ma-sila₃",
                    "gdl": [
                      {
                        "v": "ma",
                        "id": "P229117.7.2.0",
                        "break": "damaged",
                        "delim": "-",
                        "hc": "1"
                      },
                      {
                        "v": "sila₃",
                        "id": "P229117.7.2.1"
                      }
                    ]
                  }
                }
              ]
            },
            {
              "node": "c",
              "type": "sentence",
              "implicit": "yes",
              "tag": "#auto",
              "id": "P229117.U12",
              "label": "o 6",
              "cdl": [
                {
                  "node": "d",
                  "type": "line-start",
                  "ref": "P229117.8",
                  "n": "6",
                  "label": "o 6"
                },
                {
                  "node": "l",
                  "frag": "⸢uzu⸣",
                  "id": "P229117.l23089",
                  "ref": "P229117.8.1",
                  "inst": "%sux:uzu=",
                  "f": {
                    "lang": "sux",
                    "form": "uzu",
                    "delim": "",
                    "gdl": [
                      {
                        "v": "uzu",
                        "id": "P229117.8.1.0",
                        "break": "damaged",
                        "ho": "1",
                        "hc": "1"
                      }
                    ]
                  }
                },
                {
                  "node": "l",
                  "frag": "si",
                  "id": "P229117.l2308a",
                  "ref": "P229117.8.2",
                  "inst": "%sux:si=",
                  "f": {
                    "lang": "sux",
                    "form": "si",
                    "delim": "",
                    "gdl": [
                      {
                        "v": "si",
                        "id": "P229117.8.2.0"
                      }
                    ]
                  }
                },
                {
                  "node": "l",
                  "frag": "⸢ma-sila₃⸣",
                  "id": "P229117.l2308b",
                  "ref": "P229117.8.3",
                  "inst": "%sux:ma-sila₃=",
                  "f": {
                    "lang": "sux",
                    "form": "ma-sila₃",
                    "gdl": [
                      {
                        "v": "ma",
                        "id": "P229117.8.3.0",
                        "break": "damaged",
                        "ho": "1",
                        "delim": "-"
                      },
                      {
                        "v": "sila₃",
                        "id": "P229117.8.3.1",
                        "break": "damaged",
                        "hc": "1"
                      }
                    ]
                  }
                }
              ]
            },
            {
              "node": "c",
              "type": "sentence",
              "implicit": "yes",
              "tag": "#auto",
              "id": "P229117.U14",
              "label": "o 7",
              "cdl": [
                {
                  "node": "d",
                  "type": "line-start",
                  "ref": "P229117.9",
                  "n": "7",
                  "label": "o 7"
                },
                {
                  "node": "l",
                  "frag": "uzu",
                  "id": "P229117.l2308c",
                  "ref": "P229117.9.1",
                  "inst": "%sux:uzu=",
                  "f": {
                    "lang": "sux",
                    "form": "uzu",
                    "delim": "",
                    "gdl": [
                      {
                        "v": "uzu",
                        "id": "P229117.9.1.0"
                      }
                    ]
                  }
                },
                {
                  "node": "l",
                  "frag": "ma-sil₃-la",
                  "id": "P229117.l2308d",
                  "ref": "P229117.9.2",
                  "inst": "%sux:ma-sil₃-la=",
                  "f": {
                    "lang": "sux",
                    "form": "ma-sil₃-la",
                    "delim": "",
                    "gdl": [
                      {
                        "v": "ma",
                        "id": "P229117.9.2.0",
                        "delim": "-"
                      },
                      {
                        "v": "sil₃",
                        "id": "P229117.9.2.1",
                        "delim": "-"
                      },
                      {
                        "v": "la",
                        "id": "P229117.9.2.2"
                      }
                    ]
                  }
                },
                {
                  "node": "l",
                  "frag": "x",
                  "id": "P229117.l2308e",
                  "ref": "P229117.9.3",
                  "inst": "%sux:x=",
                  "f": {
                    "lang": "sux",
                    "form": "x",
                    "gdl": [
                      {
                        "v": "x",
                        "id": "P229117.9.3.0"
                      }
                    ]
                  }
                }
              ]
            },
            {
              "node": "c",
              "type": "sentence",
              "implicit": "yes",
              "tag": "#auto",
              "id": "P229117.U16",
              "label": "o 8",
              "cdl": [
                {
                  "node": "d",
                  "type": "line-start",
                  "ref": "P229117.10",
                  "n": "8",
                  "label": "o 8"
                },
                {
                  "node": "l",
                  "frag": "uzu",
                  "id": "P229117.l2308f",
                  "ref": "P229117.10.1",
                  "inst": "%sux:uzu=",
                  "f": {
                    "lang": "sux",
                    "form": "uzu",
                    "delim": "",
                    "gdl": [
                      {
                        "v": "uzu",
                        "id": "P229117.10.1.0"
                      }
                    ]
                  }
                },
                {
                  "node": "l",
                  "frag": "ti",
                  "id": "P229117.l23090",
                  "ref": "P229117.10.2",
                  "inst": "%sux:ti=",
                  "f": {
                    "lang": "sux",
                    "form": "ti",
                    "gdl": [
                      {
                        "v": "ti",
                        "id": "P229117.10.2.0"
                      }
                    ]
                  }
                }
              ]
            },
            {
              "node": "c",
              "type": "sentence",
              "implicit": "yes",
              "tag": "#auto",
              "id": "P229117.U18",
              "label": "o 9",
              "cdl": [
                {
                  "node": "d",
                  "type": "line-start",
                  "ref": "P229117.11",
                  "n": "9",
                  "label": "o 9"
                },
                {
                  "node": "l",
                  "frag": "uzu",
                  "id": "P229117.l23091",
                  "ref": "P229117.11.1",
                  "inst": "%sux:uzu=",
                  "f": {
                    "lang": "sux",
                    "form": "uzu",
                    "delim": "",
                    "gdl": [
                      {
                        "v": "uzu",
                        "id": "P229117.11.1.0"
                      }
                    ]
                  }
                },
                {
                  "node": "l",
                  "frag": "ti-ti",
                  "id": "P229117.l23092",
                  "ref": "P229117.11.2",
                  "inst": "%sux:ti-ti=",
                  "f": {
                    "lang": "sux",
                    "form": "ti-ti",
                    "gdl": [
                      {
                        "v": "ti",
                        "id": "P229117.11.2.0",
                        "delim": "-"
                      },
                      {
                        "v": "ti",
                        "id": "P229117.11.2.1"
                      }
                    ]
                  }
                }
              ]
            },
            {
              "node": "c",
              "type": "sentence",
              "implicit": "yes",
              "tag": "#auto",
              "id": "P229117.U20",
              "label": "o 10",
              "cdl": [
                {
                  "node": "d",
                  "type": "line-start",
                  "ref": "P229117.12",
                  "n": "10",
                  "label": "o 10"
                },
                {
                  "node": "l",
                  "frag": "uzu",
                  "id": "P229117.l23093",
                  "ref": "P229117.12.1",
                  "inst": "%sux:uzu=",
                  "f": {
                    "lang": "sux",
                    "form": "uzu",
                    "delim": "",
                    "gdl": [
                      {
                        "v": "uzu",
                        "id": "P229117.12.1.0"
                      }
                    ]
                  }
                },
                {
                  "node": "l",
                  "frag": "gag",
                  "id": "P229117.l23094",
                  "ref": "P229117.12.2",
                  "inst": "%sux:gag=",
                  "f": {
                    "lang": "sux",
                    "form": "gag",
                    "delim": "",
                    "gdl": [
                      {
                        "v": "gag",
                        "id": "P229117.12.2.0"
                      }
                    ]
                  }
                },
                {
                  "node": "l",
                  "frag": "ti",
                  "id": "P229117.l23095",
                  "ref": "P229117.12.3",
                  "inst": "%sux:ti=",
                  "f": {
                    "lang": "sux",
                    "form": "ti",
                    "gdl": [
                      {
                        "v": "ti",
                        "id": "P229117.12.3.0"
                      }
                    ]
                  }
                }
              ]
            },
            {
              "node": "c",
              "type": "sentence",
              "implicit": "yes",
              "tag": "#auto",
              "id": "P229117.U22",
              "label": "o 11",
              "cdl": [
                {
                  "node": "d",
                  "type": "line-start",
                  "ref": "P229117.13",
                  "n": "11",
                  "label": "o 11"
                },
                {
                  "node": "l",
                  "frag": "uzu",
                  "id": "P229117.l23096",
                  "ref": "P229117.13.1",
                  "inst": "%sux:uzu=",
                  "f": {
                    "lang": "sux",
                    "form": "uzu",
                    "delim": "",
                    "gdl": [
                      {
                        "v": "uzu",
                        "id": "P229117.13.1.0"
                      }
                    ]
                  }
                },
                {
                  "node": "l",
                  "frag": "gag",
                  "id": "P229117.l23097",
                  "ref": "P229117.13.2",
                  "inst": "%sux:gag=",
                  "f": {
                    "lang": "sux",
                    "form": "gag",
                    "delim": "",
                    "gdl": [
                      {
                        "v": "gag",
                        "id": "P229117.13.2.0"
                      }
                    ]
                  }
                },
                {
                  "node": "l",
                  "frag": "za-la₂",
                  "id": "P229117.l23098",
                  "ref": "P229117.13.3",
                  "inst": "%sux:za-la₂=",
                  "f": {
                    "lang": "sux",
                    "form": "za-la₂",
                    "gdl": [
                      {
                        "v": "za",
                        "id": "P229117.13.3.0",
                        "delim": "-"
                      },
                      {
                        "v": "la₂",
                        "id": "P229117.13.3.1"
                      }
                    ]
                  }
                }
              ]
            }
          ]
        }
      ]
    }
  ]
}
