{
  "type": "cdl",
  "project": "dcclt",
  "source": "http://oracc.org/dcclt",
  "license": "This data is released under the CC0 license",
  "license-url": "https://creativecommons.org/publicdomain/zero/1.0/",
  "more-info": "http://oracc.org/doc/opendata/",
  "UTC-timestamp": "2019-01-29T00:12:12",
  "textid": "P229359",
  "cdl": [
    {
      "node": "c",
      "type": "text",
      "id": "P229359.U0",
      "cdl": [
        {
          "node": "d",
          "subtype": "tablet",
          "type": "tablet",
          "ref": "P229359.x1343.1",
          "label": "x1343"
        },
        {
          "node": "d",
          "subtype": "reverse",
          "type": "reverse",
          "ref": "P229359.r.2",
          "label": "r"
        },
        {
          "node": "d",
          "subtype": "column 1r",
          "type": "column",
          "ref": "P229359.r.i.3",
          "n": "1",
          "label": "r i"
        },
        {
          "node": "c",
          "type": "discourse",
          "subtype": "body",
          "id": "P229359.U1",
          "cdl": [
            {
              "node": "c",
              "type": "sentence",
              "implicit": "yes",
              "id": "P229359.U2",
              "label": "r i 1",
              "cdl": [
                {
                  "node": "d",
                  "type": "line-start",
                  "ref": "P229359.4",
                  "n": "1",
                  "label": "r i 1"
                },
                {
                  "node": "l",
                  "frag": "[še]",
                  "id": "P229359.l289ea",
                  "ref": "P229359.4.1",
                  "inst": "še[barley]",
                  "exosig": "@dcclt%sux:še=še[barley//barley]N'N$še/še#~",
                  "exoprj": "epsd2",
                  "exolng": "sux",
                  "f": {
                    "lang": "sux",
                    "form": "še",
                    "gdl": [
                      {
                        "v": "še",
                        "id": "P229359.4.1.0",
                        "breakStart": "1",
                        "o": "]",
                        "break": "missing",
                        "breakEnd": "P229359.4.1.0"
                      }
                    ],
                    "cf": "še",
                    "gw": "barley",
                    "sense": "barley",
                    "norm0": "še",
                    "pos": "N",
                    "epos": "N",
                    "base": "še",
                    "morph": "~"
                  }
                }
              ]
            },
            {
              "node": "c",
              "type": "sentence",
              "implicit": "yes",
              "tag": "#auto",
              "id": "P229359.U4",
              "label": "r i 2",
              "cdl": [
                {
                  "node": "d",
                  "type": "line-start",
                  "ref": "P229359.5",
                  "n": "2",
                  "label": "r i 2"
                },
                {
                  "node": "l",
                  "frag": "še",
                  "id": "P229359.l289eb",
                  "ref": "P229359.5.1",
                  "inst": "še[barley]",
                  "exosig": "@dcclt%sux:še=še[barley//barley]N'N$še/še#~",
                  "exoprj": "epsd2",
                  "exolng": "sux",
                  "f": {
                    "lang": "sux",
                    "form": "še",
                    "delim": "",
                    "gdl": [
                      {
                        "v": "še",
                        "id": "P229359.5.1.0"
                      }
                    ],
                    "cf": "še",
                    "gw": "barley",
                    "sense": "barley",
                    "norm0": "še",
                    "pos": "N",
                    "epos": "N",
                    "base": "še",
                    "morph": "~"
                  }
                },
                {
                  "node": "l",
                  "frag": "[...]",
                  "id": "P229359.l289ec",
                  "ref": "P229359.5.2",
                  "inst": "u",
                  "f": {
                    "lang": "sux",
                    "form": "x",
                    "gdl": [
                      {
                        "x": "ellipsis",
                        "id": "P229359.5.2.0",
                        "breakStart": "1",
                        "break": "missing",
                        "o": "]",
                        "breakEnd": "P229359.5.2.0"
                      }
                    ],
                    "pos": "u"
                  }
                }
              ]
            },
            {
              "node": "c",
              "type": "sentence",
              "implicit": "yes",
              "tag": "#auto",
              "id": "P229359.U6",
              "label": "r i 3",
              "cdl": [
                {
                  "node": "d",
                  "type": "line-start",
                  "ref": "P229359.6",
                  "n": "3",
                  "label": "r i 3"
                },
                {
                  "node": "l",
                  "frag": "še",
                  "id": "P229359.l289ed",
                  "ref": "P229359.6.1",
                  "inst": "še[barley]",
                  "exosig": "@dcclt%sux:še=še[barley//barley]N'N$še/še#~",
                  "exoprj": "epsd2",
                  "exolng": "sux",
                  "f": {
                    "lang": "sux",
                    "form": "še",
                    "delim": "",
                    "gdl": [
                      {
                        "v": "še",
                        "id": "P229359.6.1.0"
                      }
                    ],
                    "cf": "še",
                    "gw": "barley",
                    "sense": "barley",
                    "norm0": "še",
                    "pos": "N",
                    "epos": "N",
                    "base": "še",
                    "morph": "~"
                  }
                },
                {
                  "node": "l",
                  "frag": "[...]",
                  "id": "P229359.l289ee",
                  "ref": "P229359.6.2",
                  "inst": "u",
                  "f": {
                    "lang": "sux",
                    "form": "x",
                    "gdl": [
                      {
                        "x": "ellipsis",
                        "id": "P229359.6.2.0",
                        "breakStart": "1",
                        "break": "missing",
                        "o": "]",
                        "breakEnd": "P229359.6.2.0"
                      }
                    ],
                    "pos": "u"
                  }
                }
              ]
            },
            {
              "node": "c",
              "type": "sentence",
              "implicit": "yes",
              "tag": "#auto",
              "id": "P229359.U8",
              "label": "r i 4",
              "cdl": [
                {
                  "node": "d",
                  "type": "line-start",
                  "ref": "P229359.7",
                  "n": "4",
                  "label": "r i 4"
                },
                {
                  "node": "l",
                  "frag": "še",
                  "id": "P229359.l289ef",
                  "ref": "P229359.7.1",
                  "inst": "še[barley]",
                  "exosig": "@dcclt%sux:še=še[barley//barley]N'N$še/še#~",
                  "exoprj": "epsd2",
                  "exolng": "sux",
                  "f": {
                    "lang": "sux",
                    "form": "še",
                    "delim": "",
                    "gdl": [
                      {
                        "v": "še",
                        "id": "P229359.7.1.0"
                      }
                    ],
                    "cf": "še",
                    "gw": "barley",
                    "sense": "barley",
                    "norm0": "še",
                    "pos": "N",
                    "epos": "N",
                    "base": "še",
                    "morph": "~"
                  }
                },
                {
                  "node": "l",
                  "frag": "[...]",
                  "id": "P229359.l289f0",
                  "ref": "P229359.7.2",
                  "inst": "u",
                  "f": {
                    "lang": "sux",
                    "form": "x",
                    "gdl": [
                      {
                        "x": "ellipsis",
                        "id": "P229359.7.2.0",
                        "breakStart": "1",
                        "break": "missing",
                        "o": "]",
                        "breakEnd": "P229359.7.2.0"
                      }
                    ],
                    "pos": "u"
                  }
                }
              ]
            },
            {
              "node": "c",
              "type": "sentence",
              "implicit": "yes",
              "tag": "#auto",
              "id": "P229359.U10",
              "label": "r i 5",
              "cdl": [
                {
                  "node": "d",
                  "type": "line-start",
                  "ref": "P229359.8",
                  "n": "5",
                  "label": "r i 5"
                },
                {
                  "node": "l",
                  "frag": "še",
                  "id": "P229359.l289f1",
                  "ref": "P229359.8.1",
                  "inst": "še[barley]",
                  "exosig": "@dcclt%sux:še=še[barley//barley]N'N$še/še#~",
                  "exoprj": "epsd2",
                  "exolng": "sux",
                  "f": {
                    "lang": "sux",
                    "form": "še",
                    "delim": "",
                    "gdl": [
                      {
                        "v": "še",
                        "id": "P229359.8.1.0"
                      }
                    ],
                    "cf": "še",
                    "gw": "barley",
                    "sense": "barley",
                    "norm0": "še",
                    "pos": "N",
                    "epos": "N",
                    "base": "še",
                    "morph": "~"
                  }
                },
                {
                  "node": "l",
                  "frag": "[...]",
                  "id": "P229359.l289f2",
                  "ref": "P229359.8.2",
                  "inst": "u",
                  "f": {
                    "lang": "sux",
                    "form": "x",
                    "gdl": [
                      {
                        "x": "ellipsis",
                        "id": "P229359.8.2.0",
                        "breakStart": "1",
                        "break": "missing",
                        "o": "]",
                        "breakEnd": "P229359.8.2.0"
                      }
                    ],
                    "pos": "u"
                  }
                },
                {
                  "node": "d",
                  "subtype": "column 2r",
                  "type": "column",
                  "ref": "P229359.r.ii.9",
                  "n": "2",
                  "label": "r ii"
                }
              ]
            },
            {
              "node": "c",
              "type": "sentence",
              "implicit": "yes",
              "tag": "#auto",
              "id": "P229359.U12",
              "label": "r ii 1",
              "cdl": [
                {
                  "node": "d",
                  "type": "line-start",
                  "ref": "P229359.10",
                  "n": "1",
                  "label": "r ii 1"
                },
                {
                  "node": "l",
                  "frag": "⸢še⸣",
                  "id": "P229359.l289f3",
                  "ref": "P229359.10.1",
                  "inst": "še[barley]",
                  "exosig": "@dcclt%sux:še=še[barley//barley]N'N$še/še#~",
                  "exoprj": "epsd2",
                  "exolng": "sux",
                  "f": {
                    "lang": "sux",
                    "form": "še",
                    "delim": "",
                    "gdl": [
                      {
                        "v": "še",
                        "id": "P229359.10.1.0",
                        "break": "damaged",
                        "ho": "1",
                        "hc": "1"
                      }
                    ],
                    "cf": "še",
                    "gw": "barley",
                    "sense": "barley",
                    "norm0": "še",
                    "pos": "N",
                    "epos": "N",
                    "base": "še",
                    "morph": "~"
                  }
                },
                {
                  "node": "c",
                  "type": "phrase",
                  "tag": "phr",
                  "id": "P229359.U30",
                  "ref": "P229359.ls00000",
                  "cdl": [
                    {
                      "node": "l",
                      "frag": "a",
                      "id": "P229359.l289f4",
                      "ref": "P229359.10.2",
                      "inst": "a[water]",
                      "exosig": "@dcclt%sux:a=a[water//water]N'N$a/a#~",
                      "exoprj": "epsd2",
                      "exolng": "sux",
                      "f": {
                        "lang": "sux",
                        "form": "a",
                        "delim": "",
                        "gdl": [
                          {
                            "v": "a",
                            "id": "P229359.10.2.0"
                          }
                        ],
                        "cf": "a",
                        "gw": "water",
                        "sense": "water",
                        "norm0": "a",
                        "pos": "N",
                        "epos": "N",
                        "base": "a",
                        "morph": "~"
                      }
                    },
                    {
                      "node": "l",
                      "frag": "de₂-a",
                      "id": "P229359.l289f5",
                      "ref": "P229359.10.3",
                      "inst": "de[pour]",
                      "exosig": "@dcclt%sux:de₂-a=de[pour//to pour]V/t'V/t$de;a/de₂#~;a",
                      "exoprj": "epsd2",
                      "exolng": "sux",
                      "f": {
                        "lang": "sux",
                        "form": "de₂-a",
                        "gdl": [
                          {
                            "v": "de₂",
                            "id": "P229359.10.3.0",
                            "delim": "-"
                          },
                          {
                            "v": "a",
                            "id": "P229359.10.3.1"
                          }
                        ],
                        "cf": "de",
                        "gw": "pour",
                        "sense": "to pour",
                        "norm0": "de;a",
                        "pos": "V/t",
                        "epos": "V/t",
                        "base": "de₂",
                        "morph": "~;a"
                      }
                    }
                  ]
                }
              ]
            },
            {
              "node": "c",
              "type": "sentence",
              "implicit": "yes",
              "tag": "#auto",
              "id": "P229359.U14",
              "label": "r ii 2",
              "cdl": [
                {
                  "node": "d",
                  "type": "line-start",
                  "ref": "P229359.11",
                  "n": "2",
                  "label": "r ii 2"
                },
                {
                  "node": "l",
                  "frag": "še",
                  "id": "P229359.l289f6",
                  "ref": "P229359.11.1",
                  "inst": "še[barley]",
                  "exosig": "@dcclt%sux:še=še[barley//barley]N'N$še/še#~",
                  "exoprj": "epsd2",
                  "exolng": "sux",
                  "f": {
                    "lang": "sux",
                    "form": "še",
                    "delim": "",
                    "gdl": [
                      {
                        "v": "še",
                        "id": "P229359.11.1.0"
                      }
                    ],
                    "cf": "še",
                    "gw": "barley",
                    "sense": "barley",
                    "norm0": "še",
                    "pos": "N",
                    "epos": "N",
                    "base": "še",
                    "morph": "~"
                  }
                },
                {
                  "node": "c",
                  "type": "phrase",
                  "tag": "phr",
                  "id": "P229359.U31",
                  "ref": "P229359.ls00001",
                  "cdl": [
                    {
                      "node": "l",
                      "frag": "a",
                      "id": "P229359.l289f7",
                      "ref": "P229359.11.2",
                      "inst": "a[water]",
                      "exosig": "@dcclt%sux:a=a[water//water]N'N$a/a#~",
                      "exoprj": "epsd2",
                      "exolng": "sux",
                      "f": {
                        "lang": "sux",
                        "form": "a",
                        "delim": "",
                        "gdl": [
                          {
                            "v": "a",
                            "id": "P229359.11.2.0"
                          }
                        ],
                        "cf": "a",
                        "gw": "water",
                        "sense": "water",
                        "norm0": "a",
                        "pos": "N",
                        "epos": "N",
                        "base": "a",
                        "morph": "~"
                      }
                    },
                    {
                      "node": "l",
                      "frag": "de₂-de₂-a",
                      "id": "P229359.l289f8",
                      "ref": "P229359.11.3",
                      "inst": "de[pour]",
                      "exosig": "@dcclt%sux:de₂-de₂-a=de[pour//to pour]V/t'V/t$de;a/de₂-de₂#~;a",
                      "exoprj": "epsd2",
                      "exolng": "sux",
                      "f": {
                        "lang": "sux",
                        "form": "de₂-de₂-a",
                        "gdl": [
                          {
                            "v": "de₂",
                            "id": "P229359.11.3.0",
                            "delim": "-"
                          },
                          {
                            "v": "de₂",
                            "id": "P229359.11.3.1",
                            "delim": "-"
                          },
                          {
                            "v": "a",
                            "id": "P229359.11.3.2"
                          }
                        ],
                        "cf": "de",
                        "gw": "pour",
                        "sense": "to pour",
                        "norm0": "de;a",
                        "pos": "V/t",
                        "epos": "V/t",
                        "base": "de₂-de₂",
                        "morph": "~;a"
                      }
                    }
                  ]
                }
              ]
            },
            {
              "node": "c",
              "type": "sentence",
              "implicit": "yes",
              "tag": "#auto",
              "id": "P229359.U16",
              "label": "r ii 3",
              "cdl": [
                {
                  "node": "d",
                  "type": "line-start",
                  "ref": "P229359.12",
                  "n": "3",
                  "label": "r ii 3"
                },
                {
                  "node": "l",
                  "frag": "še",
                  "id": "P229359.l289f9",
                  "ref": "P229359.12.1",
                  "inst": "še[barley]",
                  "exosig": "@dcclt%sux:še=še[barley//barley]N'N$še/še#~",
                  "exoprj": "epsd2",
                  "exolng": "sux",
                  "f": {
                    "lang": "sux",
                    "form": "še",
                    "delim": "",
                    "gdl": [
                      {
                        "v": "še",
                        "id": "P229359.12.1.0"
                      }
                    ],
                    "cf": "še",
                    "gw": "barley",
                    "sense": "barley",
                    "norm0": "še",
                    "pos": "N",
                    "epos": "N",
                    "base": "še",
                    "morph": "~"
                  }
                },
                {
                  "node": "l",
                  "frag": "a",
                  "id": "P229359.l289fa",
                  "ref": "P229359.12.2",
                  "inst": "a[water]",
                  "exosig": "@dcclt%sux:a=a[water//water]N'N$a/a#~",
                  "exoprj": "epsd2",
                  "exolng": "sux",
                  "f": {
                    "lang": "sux",
                    "form": "a",
                    "delim": "",
                    "gdl": [
                      {
                        "v": "a",
                        "id": "P229359.12.2.0"
                      }
                    ],
                    "cf": "a",
                    "gw": "water",
                    "sense": "water",
                    "norm0": "a",
                    "pos": "N",
                    "epos": "N",
                    "base": "a",
                    "morph": "~"
                  }
                },
                {
                  "node": "l",
                  "frag": "DU",
                  "id": "P229359.l289fb",
                  "ref": "P229359.12.3",
                  "inst": "u",
                  "f": {
                    "lang": "sux",
                    "form": "DU",
                    "delim": "",
                    "gdl": [
                      {
                        "s": "DU",
                        "id": "P229359.12.3.0"
                      }
                    ],
                    "pos": "u"
                  }
                },
                {
                  "node": "l",
                  "frag": "ri-a",
                  "id": "P229359.l289fc",
                  "ref": "P229359.12.4",
                  "inst": "ri[unmng]",
                  "exosig": "@dcclt%sux:ri-a=ri[unmng//(unknown meaning)]N'N$ri,ak/ri#~,ak",
                  "exoprj": "epsd2",
                  "exolng": "sux",
                  "f": {
                    "lang": "sux",
                    "form": "ri-a",
                    "gdl": [
                      {
                        "v": "ri",
                        "id": "P229359.12.4.0",
                        "delim": "-"
                      },
                      {
                        "v": "a",
                        "id": "P229359.12.4.1"
                      }
                    ],
                    "cf": "ri",
                    "gw": "unmng",
                    "sense": "(unknown meaning)",
                    "norm0": "ri,ak",
                    "pos": "N",
                    "epos": "N",
                    "base": "ri",
                    "morph": "~,ak"
                  }
                },
                {
                  "node": "d",
                  "type": "nonw",
                  "ref": ""
                }
              ]
            },
            {
              "node": "c",
              "type": "sentence",
              "implicit": "yes",
              "tag": "#auto",
              "id": "P229359.U18",
              "label": "r ii 4",
              "cdl": [
                {
                  "node": "d",
                  "type": "line-start",
                  "ref": "P229359.13",
                  "n": "4",
                  "label": "r ii 4"
                },
                {
                  "node": "l",
                  "frag": "še",
                  "id": "P229359.l289fd",
                  "ref": "P229359.13.1",
                  "inst": "še[barley]",
                  "exosig": "@dcclt%sux:še=še[barley//barley]N'N$še/še#~",
                  "exoprj": "epsd2",
                  "exolng": "sux",
                  "f": {
                    "lang": "sux",
                    "form": "še",
                    "delim": "",
                    "gdl": [
                      {
                        "v": "še",
                        "id": "P229359.13.1.0"
                      }
                    ],
                    "cf": "še",
                    "gw": "barley",
                    "sense": "barley",
                    "norm0": "še",
                    "pos": "N",
                    "epos": "N",
                    "base": "še",
                    "morph": "~"
                  }
                },
                {
                  "node": "l",
                  "frag": "in-nu-ha",
                  "id": "P229359.l289fe",
                  "ref": "P229359.13.2",
                  "inst": "in.nu.HA[barley]",
                  "exosig": "@dcclt%sux:in-nu-ha=in.nu.HA[barley//a type of barley]N'N$in.nu.HA/in-nu-HA#~",
                  "exoprj": "epsd2",
                  "exolng": "sux",
                  "f": {
                    "lang": "sux",
                    "form": "in-nu-ha",
                    "gdl": [
                      {
                        "v": "in",
                        "id": "P229359.13.2.0",
                        "delim": "-"
                      },
                      {
                        "v": "nu",
                        "id": "P229359.13.2.1",
                        "delim": "-"
                      },
                      {
                        "v": "ha",
                        "id": "P229359.13.2.2"
                      }
                    ],
                    "cf": "in.nu.HA",
                    "gw": "barley",
                    "sense": "a type of barley",
                    "norm0": "in.nu.HA",
                    "pos": "N",
                    "epos": "N",
                    "base": "in-nu-HA",
                    "morph": "~"
                  }
                },
                {
                  "node": "d",
                  "type": "nonw",
                  "ref": ""
                }
              ]
            },
            {
              "node": "c",
              "type": "sentence",
              "implicit": "yes",
              "tag": "#auto",
              "id": "P229359.U20",
              "label": "r ii 5",
              "cdl": [
                {
                  "node": "d",
                  "type": "line-start",
                  "ref": "P229359.14",
                  "n": "5",
                  "label": "r ii 5"
                },
                {
                  "node": "l",
                  "frag": "še",
                  "id": "P229359.l289ff",
                  "ref": "P229359.14.1",
                  "inst": "še[barley]",
                  "exosig": "@dcclt%sux:še=še[barley//barley]N'N$še/še#~",
                  "exoprj": "epsd2",
                  "exolng": "sux",
                  "f": {
                    "lang": "sux",
                    "form": "še",
                    "delim": "",
                    "gdl": [
                      {
                        "v": "še",
                        "id": "P229359.14.1.0"
                      }
                    ],
                    "cf": "še",
                    "gw": "barley",
                    "sense": "barley",
                    "norm0": "še",
                    "pos": "N",
                    "epos": "N",
                    "base": "še",
                    "morph": "~"
                  }
                },
                {
                  "node": "l",
                  "frag": "ha-ba-zi-il",
                  "id": "P229359.l28a00",
                  "ref": "P229359.14.2",
                  "inst": "habazin[cereal]",
                  "exosig": "@dcclt%sux:ha-ba-zi-il=habazin[cereal//a cereal]N'N$habazin/ha-ba-zi-il#~",
                  "exoprj": "epsd2",
                  "exolng": "sux",
                  "f": {
                    "lang": "sux",
                    "form": "ha-ba-zi-il",
                    "gdl": [
                      {
                        "v": "ha",
                        "id": "P229359.14.2.0",
                        "delim": "-"
                      },
                      {
                        "v": "ba",
                        "id": "P229359.14.2.1",
                        "delim": "-"
                      },
                      {
                        "v": "zi",
                        "id": "P229359.14.2.2",
                        "delim": "-"
                      },
                      {
                        "v": "il",
                        "id": "P229359.14.2.3"
                      }
                    ],
                    "cf": "habazin",
                    "gw": "cereal",
                    "sense": "a cereal",
                    "norm0": "habazin",
                    "pos": "N",
                    "epos": "N",
                    "base": "ha-ba-zi-il",
                    "morph": "~"
                  }
                },
                {
                  "node": "d",
                  "type": "nonw",
                  "ref": ""
                }
              ]
            },
            {
              "node": "c",
              "type": "sentence",
              "implicit": "yes",
              "tag": "#auto",
              "id": "P229359.U22",
              "label": "r ii 6",
              "cdl": [
                {
                  "node": "d",
                  "type": "line-start",
                  "ref": "P229359.15",
                  "n": "6",
                  "label": "r ii 6"
                },
                {
                  "node": "l",
                  "frag": "⸢še⸣",
                  "id": "P229359.l28a01",
                  "ref": "P229359.15.1",
                  "inst": "še[barley]",
                  "exosig": "@dcclt%sux:še=še[barley//barley]N'N$še/še#~",
                  "exoprj": "epsd2",
                  "exolng": "sux",
                  "f": {
                    "lang": "sux",
                    "form": "še",
                    "delim": "",
                    "gdl": [
                      {
                        "v": "še",
                        "id": "P229359.15.1.0",
                        "break": "damaged",
                        "ho": "1",
                        "hc": "1"
                      }
                    ],
                    "cf": "še",
                    "gw": "barley",
                    "sense": "barley",
                    "norm0": "še",
                    "pos": "N",
                    "epos": "N",
                    "base": "še",
                    "morph": "~"
                  }
                },
                {
                  "node": "l",
                  "frag": "lillan",
                  "id": "P229359.l28a02",
                  "ref": "P229359.15.2",
                  "inst": "lillan[grain]",
                  "exosig": "@dcclt%sux:lillan=lillan[grain//ripe grain]N'N$lillan/lillan#~",
                  "exoprj": "epsd2",
                  "exolng": "sux",
                  "f": {
                    "lang": "sux",
                    "form": "lillan",
                    "gdl": [
                      {
                        "v": "lillan",
                        "id": "P229359.15.2.0",
                        "queried": "1"
                      }
                    ],
                    "cf": "lillan",
                    "gw": "grain",
                    "sense": "ripe grain",
                    "norm0": "lillan",
                    "pos": "N",
                    "epos": "N",
                    "base": "lillan",
                    "morph": "~"
                  }
                },
                {
                  "node": "d",
                  "type": "nonw",
                  "ref": ""
                }
              ]
            },
            {
              "node": "c",
              "type": "sentence",
              "implicit": "yes",
              "tag": "#auto",
              "id": "P229359.U24",
              "label": "r ii 7",
              "cdl": [
                {
                  "node": "d",
                  "type": "line-start",
                  "ref": "P229359.16",
                  "n": "7",
                  "label": "r ii 7"
                },
                {
                  "node": "l",
                  "frag": "še",
                  "id": "P229359.l28a03",
                  "ref": "P229359.16.1",
                  "inst": "še[barley]",
                  "exosig": "@dcclt%sux:še=še[barley//barley]N'N$še/še#~",
                  "exoprj": "epsd2",
                  "exolng": "sux",
                  "f": {
                    "lang": "sux",
                    "form": "še",
                    "delim": "",
                    "gdl": [
                      {
                        "v": "še",
                        "id": "P229359.16.1.0"
                      }
                    ],
                    "cf": "še",
                    "gw": "barley",
                    "sense": "barley",
                    "norm0": "še",
                    "pos": "N",
                    "epos": "N",
                    "base": "še",
                    "morph": "~"
                  }
                },
                {
                  "node": "l",
                  "frag": "⸢x⸣",
                  "id": "P229359.l28a04",
                  "ref": "P229359.16.2",
                  "inst": "u",
                  "f": {
                    "lang": "sux",
                    "form": "x",
                    "gdl": [
                      {
                        "v": "x",
                        "id": "P229359.16.2.0",
                        "break": "damaged",
                        "ho": "1",
                        "hc": "1"
                      }
                    ],
                    "pos": "u"
                  }
                },
                {
                  "node": "d",
                  "subtype": "column 3r",
                  "type": "column",
                  "ref": "P229359.r.iii.17",
                  "n": "3",
                  "label": "r iii"
                },
                {
                  "node": "d",
                  "type": "nonx",
                  "ref": "P229359.18",
                  "strict": "1",
                  "extent": "2",
                  "scope": "line",
                  "state": "missing"
                },
                {
                  "node": "d",
                  "type": "nonx",
                  "ref": "P229359.19",
                  "strict": "1",
                  "extent": "1",
                  "scope": "line",
                  "state": "traces"
                }
              ]
            },
            {
              "node": "c",
              "type": "sentence",
              "implicit": "yes",
              "tag": "#auto",
              "id": "P229359.U26",
              "label": "r iii 3",
              "cdl": [
                {
                  "node": "d",
                  "type": "line-start",
                  "ref": "P229359.20",
                  "n": "3",
                  "label": "r iii 3"
                },
                {
                  "node": "l",
                  "frag": "[še]",
                  "id": "P229359.l28a05",
                  "ref": "P229359.20.1",
                  "inst": "še[barley]",
                  "exosig": "@dcclt%sux:še=še[barley//barley]N'N$še/še#~",
                  "exoprj": "epsd2",
                  "exolng": "sux",
                  "f": {
                    "lang": "sux",
                    "form": "še",
                    "delim": "",
                    "gdl": [
                      {
                        "v": "še",
                        "id": "P229359.20.1.0",
                        "breakStart": "1",
                        "o": "]",
                        "break": "missing",
                        "breakEnd": "P229359.20.1.0"
                      }
                    ],
                    "cf": "še",
                    "gw": "barley",
                    "sense": "barley",
                    "norm0": "še",
                    "pos": "N",
                    "epos": "N",
                    "base": "še",
                    "morph": "~"
                  }
                },
                {
                  "node": "l",
                  "frag": "eštub",
                  "id": "P229359.l28a06",
                  "ref": "P229359.20.2",
                  "inst": "eštub[carp]",
                  "exosig": "@dcclt%sux:eštub=eštub[carp//carp]N'N$eštub/eštub#~",
                  "exoprj": "epsd2",
                  "exolng": "sux",
                  "f": {
                    "lang": "sux",
                    "form": "eštub",
                    "gdl": [
                      {
                        "v": "eštub",
                        "id": "P229359.20.2.0"
                      }
                    ],
                    "cf": "eštub",
                    "gw": "carp",
                    "sense": "carp",
                    "norm0": "eštub",
                    "pos": "N",
                    "epos": "N",
                    "base": "eštub",
                    "morph": "~"
                  }
                },
                {
                  "node": "d",
                  "type": "nonw",
                  "ref": ""
                }
              ]
            },
            {
              "node": "c",
              "type": "sentence",
              "implicit": "yes",
              "tag": "#auto",
              "id": "P229359.U28",
              "label": "r iii 4",
              "cdl": [
                {
                  "node": "d",
                  "type": "line-start",
                  "ref": "P229359.21",
                  "n": "4",
                  "label": "r iii 4"
                },
                {
                  "node": "l",
                  "frag": "[še]-muš₅",
                  "id": "P229359.l28a07",
                  "ref": "P229359.21.1",
                  "inst": "šeŋuš[barley]",
                  "exosig": "@dcclt%sux:še-muš₅=šeŋuš[barley//a barley]N'N$šeŋuš/še-muš₅#~",
                  "exoprj": "epsd2",
                  "exolng": "sux",
                  "f": {
                    "lang": "sux",
                    "form": "še-muš₅",
                    "gdl": [
                      {
                        "v": "še",
                        "id": "P229359.21.1.0",
                        "breakStart": "1",
                        "o": "]",
                        "break": "missing",
                        "breakEnd": "P229359.21.1.0",
                        "delim": "-"
                      },
                      {
                        "v": "muš₅",
                        "id": "P229359.21.1.1"
                      }
                    ],
                    "cf": "šeŋuš",
                    "gw": "barley",
                    "sense": "a barley",
                    "norm0": "šeŋuš",
                    "pos": "N",
                    "epos": "N",
                    "base": "še-muš₅",
                    "morph": "~"
                  }
                },
                {
                  "node": "d",
                  "type": "nonw",
                  "ref": ""
                },
                {
                  "node": "d",
                  "type": "nonx",
                  "ref": "P229359.22",
                  "strict": "1",
                  "extent": "2",
                  "scope": "line",
                  "state": "traces"
                }
              ]
            }
          ]
        }
      ]
    },
    {
      "linkbase": [
        {
          "type": "linkset",
          "xlink_title": "a de[irrigate//to irrigate (by flooding)]V/t'V/t",
          "id": "P229359.ls00000",
          "xlink_type": "extended",
          "xlink_role": "psu",
          "sig": "{a de₂-de₂-a = a[water]N de[pour]V/t += a de[irrigate//to irrigate (by flooding)]V/t'V/t}::@epsd2%sux:a=a[water//water]N'N$a/a#~++@epsd2%sux:de₂-de₂-a=de[pour//to pour]V/t'V/t$de;a/de₂-de₂#~;a",
          "links": [
            {
              "type": "link",
              "xlink_title": "a",
              "xlink_type": "locator",
              "xlink_href": "#P229359.l289f4",
              "xlink_role": "elt"
            },
            {
              "type": "link",
              "xlink_title": "de",
              "xlink_type": "locator",
              "xlink_href": "#P229359.l289f5",
              "xlink_role": "elt"
            }
          ]
        },
        {
          "type": "linkset",
          "xlink_title": "a de[irrigate//to irrigate (by flooding)]V/t'V/t",
          "id": "P229359.ls00001",
          "xlink_type": "extended",
          "xlink_role": "psu",
          "sig": "{a de₂-de₂-a = a[water]N de[pour]V/t += a de[irrigate//to irrigate (by flooding)]V/t'V/t}::@epsd2%sux:a=a[water//water]N'N$a/a#~++@epsd2%sux:de₂-de₂-a=de[pour//to pour]V/t'V/t$de;a/de₂-de₂#~;a",
          "links": [
            {
              "type": "link",
              "xlink_title": "a",
              "xlink_type": "locator",
              "xlink_href": "#P229359.l289f7",
              "xlink_role": "elt"
            },
            {
              "type": "link",
              "xlink_title": "de",
              "xlink_type": "locator",
              "xlink_href": "#P229359.l289f8",
              "xlink_role": "elt"
            }
          ]
        }
      ]
    }
  ]
}
