{
  "type": "cdl",
  "project": "dcclt",
  "source": "http://oracc.org/dcclt",
  "license": "This data is released under the CC0 license",
  "license-url": "https://creativecommons.org/publicdomain/zero/1.0/",
  "more-info": "http://oracc.org/doc/opendata/",
  "UTC-timestamp": "2019-01-29T00:13:13",
  "textid": "P230156",
  "cdl": [
    {
      "node": "c",
      "type": "text",
      "id": "P230156.U0",
      "cdl": [
        {
          "node": "d",
          "subtype": "tablet",
          "type": "tablet",
          "ref": "P230156.x954.1",
          "label": "x954"
        },
        {
          "node": "d",
          "subtype": "obverse",
          "type": "obverse",
          "ref": "P230156.o.2",
          "label": "o"
        },
        {
          "node": "c",
          "type": "discourse",
          "subtype": "body",
          "id": "P230156.U1",
          "cdl": [
            {
              "node": "c",
              "type": "sentence",
              "implicit": "yes",
              "id": "P230156.U2",
              "label": "o 1",
              "cdl": [
                {
                  "node": "d",
                  "type": "line-start",
                  "ref": "P230156.3",
                  "n": "1",
                  "label": "o 1"
                },
                {
                  "node": "l",
                  "frag": "kam-kam-⸢ma⸣-[tum]{zabar(|ud.ka.bar|)}",
                  "id": "P230156.l21cef",
                  "ref": "P230156.3.1",
                  "inst": "%sux:kam-kam-ma-tum{zabar(|UD.KA.BAR|)}=",
                  "f": {
                    "lang": "sux",
                    "form": "kam-kam-ma-tum{zabar(|UD.KA.BAR|)}",
                    "gdl": [
                      {
                        "v": "kam",
                        "id": "P230156.3.1.0",
                        "delim": "-"
                      },
                      {
                        "v": "kam",
                        "id": "P230156.3.1.1",
                        "delim": "-"
                      },
                      {
                        "v": "ma",
                        "id": "P230156.3.1.2",
                        "break": "damaged",
                        "ho": "1",
                        "delim": "-",
                        "hc": "1"
                      },
                      {
                        "v": "tum",
                        "id": "P230156.3.1.3",
                        "breakStart": "1",
                        "o": "]",
                        "break": "missing",
                        "breakEnd": "P230156.3.1.3"
                      },
                      {
                        "det": "semantic",
                        "pos": "post",
                        "seq": [
                          {
                            "q": "zabar(|UD.KA.BAR|)",
                            "id": "P230156.3.1.4",
                            "break": "damaged",
                            "ho": "1",
                            "hc": "1",
                            "qualified": [
                              {
                                "v": "zabar"
                              },
                              {
                                "c": "|UD.KA.BAR|",
                                "seq": [
                                  {
                                    "s": "UD"
                                  },
                                  {
                                    "o": "beside"
                                  },
                                  {
                                    "s": "KA",
                                    "break": "damaged"
                                  },
                                  {
                                    "o": "beside"
                                  },
                                  {
                                    "s": "BAR"
                                  }
                                ]
                              }
                            ]
                          }
                        ]
                      }
                    ]
                  }
                }
              ]
            },
            {
              "node": "c",
              "type": "sentence",
              "implicit": "yes",
              "tag": "#auto",
              "id": "P230156.U4",
              "label": "o 2",
              "cdl": [
                {
                  "node": "d",
                  "type": "line-start",
                  "ref": "P230156.4",
                  "n": "2",
                  "label": "o 2"
                },
                {
                  "node": "l",
                  "frag": "hub₂-tu-⸢um{zabar(|ud.ka.bar|)}",
                  "id": "P230156.l21cf0",
                  "ref": "P230156.4.1",
                  "inst": "%sux:hub₂-tu-um{zabar(|UD.KA.BAR|)}=",
                  "f": {
                    "lang": "sux",
                    "form": "hub₂-tu-um{zabar(|UD.KA.BAR|)}",
                    "gdl": [
                      {
                        "v": "hub₂",
                        "id": "P230156.4.1.0",
                        "delim": "-"
                      },
                      {
                        "v": "tu",
                        "id": "P230156.4.1.1",
                        "delim": "-"
                      },
                      {
                        "v": "um",
                        "id": "P230156.4.1.2",
                        "break": "damaged",
                        "ho": "1"
                      },
                      {
                        "det": "semantic",
                        "pos": "post",
                        "seq": [
                          {
                            "q": "zabar(|UD.KA.BAR|)",
                            "id": "P230156.4.1.3",
                            "break": "damaged",
                            "hc": "1",
                            "qualified": [
                              {
                                "v": "zabar"
                              },
                              {
                                "c": "|UD.KA.BAR|",
                                "seq": [
                                  {
                                    "s": "UD"
                                  },
                                  {
                                    "o": "beside"
                                  },
                                  {
                                    "s": "KA",
                                    "break": "damaged"
                                  },
                                  {
                                    "o": "beside"
                                  },
                                  {
                                    "s": "BAR"
                                  }
                                ]
                              }
                            ]
                          }
                        ]
                      }
                    ]
                  }
                }
              ]
            },
            {
              "node": "c",
              "type": "sentence",
              "implicit": "yes",
              "tag": "#auto",
              "id": "P230156.U6",
              "label": "o 3",
              "cdl": [
                {
                  "node": "d",
                  "type": "line-start",
                  "ref": "P230156.5",
                  "n": "3",
                  "label": "o 3"
                },
                {
                  "node": "l",
                  "frag": "⸢šu⸣-gur{zabar}",
                  "id": "P230156.l21cf1",
                  "ref": "P230156.5.1",
                  "inst": "%sux:šu-gur{zabar}=",
                  "f": {
                    "lang": "sux",
                    "form": "šu-gur{zabar}",
                    "gdl": [
                      {
                        "v": "šu",
                        "id": "P230156.5.1.0",
                        "break": "damaged",
                        "ho": "1",
                        "delim": "-",
                        "hc": "1"
                      },
                      {
                        "v": "gur",
                        "id": "P230156.5.1.1"
                      },
                      {
                        "det": "semantic",
                        "pos": "post",
                        "seq": [
                          {
                            "v": "zabar",
                            "id": "P230156.5.1.2"
                          }
                        ]
                      }
                    ]
                  }
                }
              ]
            },
            {
              "node": "c",
              "type": "sentence",
              "implicit": "yes",
              "tag": "#auto",
              "id": "P230156.U8",
              "label": "o 4",
              "cdl": [
                {
                  "node": "d",
                  "type": "line-start",
                  "ref": "P230156.6",
                  "n": "4",
                  "label": "o 4"
                },
                {
                  "node": "l",
                  "frag": "[eš-gur]{zabar}",
                  "id": "P230156.l21cf2",
                  "ref": "P230156.6.1",
                  "inst": "%sux:eš-gur{zabar}=",
                  "f": {
                    "lang": "sux",
                    "form": "eš-gur{zabar}",
                    "gdl": [
                      {
                        "v": "eš",
                        "id": "P230156.6.1.0",
                        "breakStart": "1",
                        "o": "[",
                        "break": "missing",
                        "delim": "-"
                      },
                      {
                        "v": "gur",
                        "id": "P230156.6.1.1",
                        "break": "missing",
                        "o": "]",
                        "breakEnd": "P230156.6.1.0"
                      },
                      {
                        "det": "semantic",
                        "pos": "post",
                        "seq": [
                          {
                            "v": "zabar",
                            "id": "P230156.6.1.2"
                          }
                        ]
                      }
                    ]
                  }
                },
                {
                  "node": "d",
                  "type": "nonx",
                  "ref": "P230156.7",
                  "strict": "1",
                  "extent": "1",
                  "scope": "line",
                  "state": "traces"
                },
                {
                  "node": "d",
                  "type": "nonx",
                  "ref": "P230156.8",
                  "strict": "1",
                  "extent": "rest",
                  "scope": "column",
                  "state": "missing"
                },
                {
                  "node": "d",
                  "subtype": "reverse",
                  "type": "reverse",
                  "ref": "P230156.r.9",
                  "label": "r"
                },
                {
                  "node": "d",
                  "subtype": "column 1r",
                  "type": "column",
                  "ref": "P230156.r.i.10",
                  "n": "1",
                  "label": "r i"
                }
              ]
            },
            {
              "node": "c",
              "type": "sentence",
              "implicit": "yes",
              "tag": "#auto",
              "id": "P230156.U10",
              "label": "r i 1'",
              "cdl": [
                {
                  "node": "d",
                  "type": "line-start",
                  "ref": "P230156.11",
                  "n": "1'",
                  "label": "r i 1'"
                },
                {
                  "node": "l",
                  "frag": "ŋeš",
                  "id": "P230156.l21cf3",
                  "ref": "P230156.11.1",
                  "inst": "%sux:ŋeš=",
                  "f": {
                    "lang": "sux",
                    "form": "ŋeš",
                    "delim": "",
                    "gdl": [
                      {
                        "v": "ŋeš",
                        "id": "P230156.11.1.0"
                      }
                    ]
                  }
                },
                {
                  "node": "l",
                  "frag": "u₃-[...]",
                  "id": "P230156.l21cf4",
                  "ref": "P230156.11.2",
                  "inst": "%sux:u₃-x=",
                  "f": {
                    "lang": "sux",
                    "form": "u₃-x",
                    "gdl": [
                      {
                        "v": "u₃",
                        "id": "P230156.11.2.0",
                        "delim": "-"
                      },
                      {
                        "x": "ellipsis",
                        "id": "P230156.11.2.1",
                        "breakStart": "1",
                        "break": "missing",
                        "o": "]",
                        "breakEnd": "P230156.11.2.1"
                      }
                    ]
                  }
                }
              ]
            },
            {
              "node": "c",
              "type": "sentence",
              "implicit": "yes",
              "tag": "#auto",
              "id": "P230156.U12",
              "label": "r i 2'",
              "cdl": [
                {
                  "node": "d",
                  "type": "line-start",
                  "ref": "P230156.12",
                  "n": "2'",
                  "label": "r i 2'"
                },
                {
                  "node": "l",
                  "frag": "ŋeš",
                  "id": "P230156.l21cf5",
                  "ref": "P230156.12.1",
                  "inst": "%sux:ŋeš=",
                  "f": {
                    "lang": "sux",
                    "form": "ŋeš",
                    "delim": "",
                    "gdl": [
                      {
                        "v": "ŋeš",
                        "id": "P230156.12.1.0"
                      }
                    ]
                  }
                },
                {
                  "node": "l",
                  "frag": "še-[...]",
                  "id": "P230156.l21cf6",
                  "ref": "P230156.12.2",
                  "inst": "%sux:še-x=",
                  "f": {
                    "lang": "sux",
                    "form": "še-x",
                    "gdl": [
                      {
                        "v": "še",
                        "id": "P230156.12.2.0",
                        "delim": "-"
                      },
                      {
                        "x": "ellipsis",
                        "id": "P230156.12.2.1",
                        "breakStart": "1",
                        "break": "missing",
                        "o": "]",
                        "breakEnd": "P230156.12.2.1"
                      }
                    ]
                  }
                }
              ]
            },
            {
              "node": "c",
              "type": "sentence",
              "implicit": "yes",
              "tag": "#auto",
              "id": "P230156.U14",
              "label": "r i 3'",
              "cdl": [
                {
                  "node": "d",
                  "type": "line-start",
                  "ref": "P230156.13",
                  "n": "3'",
                  "label": "r i 3'"
                },
                {
                  "node": "l",
                  "frag": "ŋeš",
                  "id": "P230156.l21cf7",
                  "ref": "P230156.13.1",
                  "inst": "%sux:ŋeš=",
                  "f": {
                    "lang": "sux",
                    "form": "ŋeš",
                    "delim": "",
                    "gdl": [
                      {
                        "v": "ŋeš",
                        "id": "P230156.13.1.0"
                      }
                    ]
                  }
                },
                {
                  "node": "l",
                  "frag": "[...]",
                  "id": "P230156.l21cf8",
                  "ref": "P230156.13.2",
                  "inst": "%sux:x=",
                  "f": {
                    "lang": "sux",
                    "form": "x",
                    "gdl": [
                      {
                        "x": "ellipsis",
                        "id": "P230156.13.2.0",
                        "breakStart": "1",
                        "break": "missing",
                        "o": "]",
                        "breakEnd": "P230156.13.2.0"
                      }
                    ]
                  }
                }
              ]
            },
            {
              "node": "c",
              "type": "sentence",
              "implicit": "yes",
              "tag": "#auto",
              "id": "P230156.U16",
              "label": "r i 4'",
              "cdl": [
                {
                  "node": "d",
                  "type": "line-start",
                  "ref": "P230156.14",
                  "n": "4'",
                  "label": "r i 4'"
                },
                {
                  "node": "l",
                  "frag": "ŋeš",
                  "id": "P230156.l21cf9",
                  "ref": "P230156.14.1",
                  "inst": "%sux:ŋeš=",
                  "f": {
                    "lang": "sux",
                    "form": "ŋeš",
                    "delim": "",
                    "gdl": [
                      {
                        "v": "ŋeš",
                        "id": "P230156.14.1.0"
                      }
                    ]
                  }
                },
                {
                  "node": "l",
                  "frag": "[...]",
                  "id": "P230156.l21cfa",
                  "ref": "P230156.14.2",
                  "inst": "%sux:x=",
                  "f": {
                    "lang": "sux",
                    "form": "x",
                    "gdl": [
                      {
                        "x": "ellipsis",
                        "id": "P230156.14.2.0",
                        "breakStart": "1",
                        "break": "missing",
                        "o": "]",
                        "breakEnd": "P230156.14.2.0"
                      }
                    ]
                  }
                }
              ]
            },
            {
              "node": "c",
              "type": "sentence",
              "implicit": "yes",
              "tag": "#auto",
              "id": "P230156.U18",
              "label": "r i 5'",
              "cdl": [
                {
                  "node": "d",
                  "type": "line-start",
                  "ref": "P230156.15",
                  "n": "5'",
                  "label": "r i 5'"
                },
                {
                  "node": "l",
                  "frag": "⸢ŋeš⸣",
                  "id": "P230156.l21cfb",
                  "ref": "P230156.15.1",
                  "inst": "%sux:ŋeš=",
                  "f": {
                    "lang": "sux",
                    "form": "ŋeš",
                    "gdl": [
                      {
                        "v": "ŋeš",
                        "id": "P230156.15.1.0",
                        "break": "damaged",
                        "ho": "1",
                        "hc": "1"
                      }
                    ]
                  }
                },
                {
                  "node": "d",
                  "subtype": "column 2r",
                  "type": "column",
                  "ref": "P230156.r.ii.16",
                  "n": "2",
                  "label": "r ii"
                }
              ]
            },
            {
              "node": "c",
              "type": "sentence",
              "implicit": "yes",
              "tag": "#auto",
              "id": "P230156.U20",
              "label": "r ii 1'",
              "cdl": [
                {
                  "node": "d",
                  "type": "line-start",
                  "ref": "P230156.17",
                  "n": "1'",
                  "label": "r ii 1'"
                },
                {
                  "node": "l",
                  "frag": "[...]-⸢ur₂⸣-min₃",
                  "id": "P230156.l21cfc",
                  "ref": "P230156.17.1",
                  "inst": "%sux:x-ur₂-min₃=",
                  "f": {
                    "lang": "sux",
                    "form": "x-ur₂-min₃",
                    "gdl": [
                      {
                        "x": "ellipsis",
                        "id": "P230156.17.1.0",
                        "breakStart": "1",
                        "break": "missing",
                        "o": "]",
                        "breakEnd": "P230156.17.1.0",
                        "delim": "-"
                      },
                      {
                        "v": "ur₂",
                        "id": "P230156.17.1.1",
                        "break": "damaged",
                        "ho": "1",
                        "delim": "-",
                        "hc": "1"
                      },
                      {
                        "v": "min₃",
                        "id": "P230156.17.1.2"
                      }
                    ]
                  }
                }
              ]
            },
            {
              "node": "c",
              "type": "sentence",
              "implicit": "yes",
              "tag": "#auto",
              "id": "P230156.U22",
              "label": "r ii 2'",
              "cdl": [
                {
                  "node": "d",
                  "type": "line-start",
                  "ref": "P230156.18",
                  "n": "2'",
                  "label": "r ii 2'"
                },
                {
                  "node": "l",
                  "frag": "[...]-lum",
                  "id": "P230156.l21cfd",
                  "ref": "P230156.18.1",
                  "inst": "%sux:x-lum=",
                  "f": {
                    "lang": "sux",
                    "form": "x-lum",
                    "gdl": [
                      {
                        "x": "ellipsis",
                        "id": "P230156.18.1.0",
                        "breakStart": "1",
                        "break": "missing",
                        "o": "]",
                        "breakEnd": "P230156.18.1.0",
                        "delim": "-"
                      },
                      {
                        "v": "lum",
                        "id": "P230156.18.1.1"
                      }
                    ]
                  }
                }
              ]
            },
            {
              "node": "c",
              "type": "sentence",
              "implicit": "yes",
              "tag": "#auto",
              "id": "P230156.U24",
              "label": "r ii 3'",
              "cdl": [
                {
                  "node": "d",
                  "type": "line-start",
                  "ref": "P230156.19",
                  "n": "3'",
                  "label": "r ii 3'"
                },
                {
                  "node": "l",
                  "frag": "[...]-kum",
                  "id": "P230156.l21cfe",
                  "ref": "P230156.19.1",
                  "inst": "%sux:x-kum=",
                  "f": {
                    "lang": "sux",
                    "form": "x-kum",
                    "gdl": [
                      {
                        "x": "ellipsis",
                        "id": "P230156.19.1.0",
                        "breakStart": "1",
                        "break": "missing",
                        "o": "]",
                        "breakEnd": "P230156.19.1.0",
                        "delim": "-"
                      },
                      {
                        "v": "kum",
                        "id": "P230156.19.1.1"
                      }
                    ]
                  }
                }
              ]
            },
            {
              "node": "c",
              "type": "sentence",
              "implicit": "yes",
              "tag": "#auto",
              "id": "P230156.U26",
              "label": "r ii 4'",
              "cdl": [
                {
                  "node": "d",
                  "type": "line-start",
                  "ref": "P230156.20",
                  "n": "4'",
                  "label": "r ii 4'"
                },
                {
                  "node": "l",
                  "frag": "ŋeš",
                  "id": "P230156.l21cff",
                  "ref": "P230156.20.1",
                  "inst": "%sux:ŋeš=",
                  "f": {
                    "lang": "sux",
                    "form": "ŋeš",
                    "delim": "",
                    "gdl": [
                      {
                        "v": "ŋeš",
                        "id": "P230156.20.1.0"
                      }
                    ]
                  }
                },
                {
                  "node": "l",
                  "frag": "gi-ri₂-lum",
                  "id": "P230156.l21d00",
                  "ref": "P230156.20.2",
                  "inst": "%sux:gi-ri₂-lum=",
                  "f": {
                    "lang": "sux",
                    "form": "gi-ri₂-lum",
                    "gdl": [
                      {
                        "v": "gi",
                        "id": "P230156.20.2.0",
                        "delim": "-"
                      },
                      {
                        "v": "ri₂",
                        "id": "P230156.20.2.1",
                        "delim": "-"
                      },
                      {
                        "v": "lum",
                        "id": "P230156.20.2.2"
                      }
                    ]
                  }
                }
              ]
            },
            {
              "node": "c",
              "type": "sentence",
              "implicit": "yes",
              "tag": "#auto",
              "id": "P230156.U28",
              "label": "r ii 5'",
              "cdl": [
                {
                  "node": "d",
                  "type": "line-start",
                  "ref": "P230156.21",
                  "n": "5'",
                  "label": "r ii 5'"
                },
                {
                  "node": "l",
                  "frag": "⸢ŋeš⸣",
                  "id": "P230156.l21d01",
                  "ref": "P230156.21.1",
                  "inst": "%sux:ŋeš=",
                  "f": {
                    "lang": "sux",
                    "form": "ŋeš",
                    "delim": "",
                    "gdl": [
                      {
                        "v": "ŋeš",
                        "id": "P230156.21.1.0",
                        "break": "damaged",
                        "ho": "1",
                        "hc": "1"
                      }
                    ]
                  }
                },
                {
                  "node": "l",
                  "frag": "[...]-⸢rim⸣",
                  "id": "P230156.l21d02",
                  "ref": "P230156.21.2",
                  "inst": "%sux:x-rim=",
                  "f": {
                    "lang": "sux",
                    "form": "x-rim",
                    "gdl": [
                      {
                        "x": "ellipsis",
                        "id": "P230156.21.2.0",
                        "breakStart": "1",
                        "break": "missing",
                        "o": "]",
                        "breakEnd": "P230156.21.2.0",
                        "delim": "-"
                      },
                      {
                        "v": "rim",
                        "id": "P230156.21.2.1",
                        "break": "damaged",
                        "ho": "1",
                        "hc": "1"
                      }
                    ]
                  }
                }
              ]
            },
            {
              "node": "c",
              "type": "sentence",
              "implicit": "yes",
              "tag": "#auto",
              "id": "P230156.U30",
              "label": "r ii 6'",
              "cdl": [
                {
                  "node": "d",
                  "type": "line-start",
                  "ref": "P230156.22",
                  "n": "6'",
                  "label": "r ii 6'"
                },
                {
                  "node": "l",
                  "frag": "ŋeš",
                  "id": "P230156.l21d03",
                  "ref": "P230156.22.1",
                  "inst": "%sux:ŋeš=",
                  "f": {
                    "lang": "sux",
                    "form": "ŋeš",
                    "delim": "",
                    "gdl": [
                      {
                        "v": "ŋeš",
                        "id": "P230156.22.1.0"
                      }
                    ]
                  }
                },
                {
                  "node": "l",
                  "frag": "zi-ir-⸢dum⸣",
                  "id": "P230156.l21d04",
                  "ref": "P230156.22.2",
                  "inst": "%sux:zi-ir-dum=",
                  "f": {
                    "lang": "sux",
                    "form": "zi-ir-dum",
                    "gdl": [
                      {
                        "v": "zi",
                        "id": "P230156.22.2.0",
                        "delim": "-"
                      },
                      {
                        "v": "ir",
                        "id": "P230156.22.2.1",
                        "delim": "-"
                      },
                      {
                        "v": "dum",
                        "id": "P230156.22.2.2",
                        "break": "damaged",
                        "ho": "1",
                        "hc": "1"
                      }
                    ]
                  }
                }
              ]
            },
            {
              "node": "c",
              "type": "sentence",
              "implicit": "yes",
              "tag": "#auto",
              "id": "P230156.U32",
              "label": "r ii 7'",
              "cdl": [
                {
                  "node": "d",
                  "type": "line-start",
                  "ref": "P230156.23",
                  "n": "7'",
                  "label": "r ii 7'"
                },
                {
                  "node": "l",
                  "frag": "ŋeš",
                  "id": "P230156.l21d05",
                  "ref": "P230156.23.1",
                  "inst": "%sux:ŋeš=",
                  "f": {
                    "lang": "sux",
                    "form": "ŋeš",
                    "delim": "",
                    "gdl": [
                      {
                        "v": "ŋeš",
                        "id": "P230156.23.1.0"
                      }
                    ]
                  }
                },
                {
                  "node": "l",
                  "frag": "ur-⸢nu⸣-[...]",
                  "id": "P230156.l21d06",
                  "ref": "P230156.23.2",
                  "inst": "%sux:ur-nu-x=",
                  "f": {
                    "lang": "sux",
                    "form": "ur-nu-x",
                    "gdl": [
                      {
                        "v": "ur",
                        "id": "P230156.23.2.0",
                        "delim": "-"
                      },
                      {
                        "v": "nu",
                        "id": "P230156.23.2.1",
                        "break": "damaged",
                        "ho": "1",
                        "delim": "-",
                        "hc": "1"
                      },
                      {
                        "x": "ellipsis",
                        "id": "P230156.23.2.2",
                        "breakStart": "1",
                        "break": "missing",
                        "o": "]",
                        "breakEnd": "P230156.23.2.2"
                      }
                    ]
                  }
                }
              ]
            },
            {
              "node": "c",
              "type": "sentence",
              "implicit": "yes",
              "tag": "#auto",
              "id": "P230156.U34",
              "label": "r ii 8'",
              "cdl": [
                {
                  "node": "d",
                  "type": "line-start",
                  "ref": "P230156.24",
                  "n": "8'",
                  "label": "r ii 8'"
                },
                {
                  "node": "l",
                  "frag": "ŋeš",
                  "id": "P230156.l21d07",
                  "ref": "P230156.24.1",
                  "inst": "%sux:ŋeš=",
                  "f": {
                    "lang": "sux",
                    "form": "ŋeš",
                    "delim": "",
                    "gdl": [
                      {
                        "v": "ŋeš",
                        "id": "P230156.24.1.0"
                      }
                    ]
                  }
                },
                {
                  "node": "l",
                  "frag": "te-[...]",
                  "id": "P230156.l21d08",
                  "ref": "P230156.24.2",
                  "inst": "%sux:te-x=",
                  "f": {
                    "lang": "sux",
                    "form": "te-x",
                    "gdl": [
                      {
                        "v": "te",
                        "id": "P230156.24.2.0",
                        "delim": "-"
                      },
                      {
                        "x": "ellipsis",
                        "id": "P230156.24.2.1",
                        "breakStart": "1",
                        "break": "missing",
                        "o": "]",
                        "breakEnd": "P230156.24.2.1"
                      }
                    ]
                  }
                }
              ]
            }
          ]
        }
      ]
    }
  ]
}
