{
  "type": "cdl",
  "project": "dcclt",
  "source": "http://oracc.org/dcclt",
  "license": "This data is released under the CC0 license",
  "license-url": "https://creativecommons.org/publicdomain/zero/1.0/",
  "more-info": "http://oracc.org/doc/opendata/",
  "UTC-timestamp": "2019-01-29T00:13:29",
  "textid": "P230530",
  "cdl": [
    {
      "node": "c",
      "type": "text",
      "id": "P230530.U0",
      "cdl": [
        {
          "node": "d",
          "subtype": "tablet",
          "type": "tablet",
          "ref": "P230530.x1327.1",
          "label": "x1327"
        },
        {
          "node": "d",
          "subtype": "obverse",
          "type": "obverse",
          "ref": "P230530.o.2",
          "label": "o"
        },
        {
          "node": "d",
          "subtype": "column 1o",
          "type": "column",
          "ref": "P230530.o.i.3",
          "n": "1",
          "label": "o i"
        },
        {
          "node": "c",
          "type": "discourse",
          "subtype": "body",
          "id": "P230530.U1",
          "cdl": [
            {
              "node": "c",
              "type": "sentence",
              "implicit": "yes",
              "id": "P230530.U2",
              "label": "o i 1'",
              "cdl": [
                {
                  "node": "d",
                  "type": "line-start",
                  "ref": "P230530.4",
                  "n": "1'",
                  "label": "o i 1'"
                },
                {
                  "node": "l",
                  "frag": "[zid₂",
                  "id": "P230530.l28478",
                  "ref": "P230530.4.1",
                  "inst": "zid[flour]",
                  "exosig": "@dcclt%sux:zid₂=zid[flour//flour]N'N$zid/zid₂#~",
                  "exoprj": "epsd2",
                  "exolng": "sux",
                  "f": {
                    "lang": "sux",
                    "form": "zid₂",
                    "delim": "",
                    "gdl": [
                      {
                        "v": "zid₂",
                        "id": "P230530.4.1.0",
                        "breakStart": "1",
                        "o": "[",
                        "break": "missing"
                      }
                    ],
                    "cf": "zid",
                    "gw": "flour",
                    "sense": "flour",
                    "norm0": "zid",
                    "pos": "N",
                    "epos": "N",
                    "base": "zid₂",
                    "morph": "~"
                  }
                },
                {
                  "node": "l",
                  "frag": "e₂]-⸢da⸣-di",
                  "id": "P230530.l28479",
                  "ref": "P230530.4.2",
                  "inst": "edadi[flour]",
                  "exosig": "@dcclt%sux:e₂-da-di=edadi[flour//a flour]N'N$edadi/e₂-da-di#~",
                  "exoprj": "epsd2",
                  "exolng": "sux",
                  "f": {
                    "lang": "sux",
                    "form": "e₂-da-di",
                    "gdl": [
                      {
                        "v": "e₂",
                        "id": "P230530.4.2.0",
                        "break": "missing",
                        "o": "]",
                        "breakEnd": "P230530.4.1.0",
                        "delim": "-"
                      },
                      {
                        "v": "da",
                        "id": "P230530.4.2.1",
                        "break": "damaged",
                        "ho": "1",
                        "delim": "-",
                        "hc": "1"
                      },
                      {
                        "v": "di",
                        "id": "P230530.4.2.2"
                      }
                    ],
                    "cf": "edadi",
                    "gw": "flour",
                    "sense": "a flour",
                    "norm0": "edadi",
                    "pos": "N",
                    "epos": "N",
                    "base": "e₂-da-di",
                    "morph": "~"
                  }
                }
              ]
            },
            {
              "node": "c",
              "type": "sentence",
              "implicit": "yes",
              "tag": "#auto",
              "id": "P230530.U4",
              "label": "o i 2'",
              "cdl": [
                {
                  "node": "d",
                  "type": "line-start",
                  "ref": "P230530.5",
                  "n": "2'",
                  "label": "o i 2'"
                },
                {
                  "node": "l",
                  "frag": "zid₂",
                  "id": "P230530.l2847a",
                  "ref": "P230530.5.1",
                  "inst": "zid[flour]",
                  "exosig": "@dcclt%sux:zid₂=zid[flour//flour]N'N$zid/zid₂#~",
                  "exoprj": "epsd2",
                  "exolng": "sux",
                  "f": {
                    "lang": "sux",
                    "form": "zid₂",
                    "delim": "",
                    "gdl": [
                      {
                        "v": "zid₂",
                        "id": "P230530.5.1.0"
                      }
                    ],
                    "cf": "zid",
                    "gw": "flour",
                    "sense": "flour",
                    "norm0": "zid",
                    "pos": "N",
                    "epos": "N",
                    "base": "zid₂",
                    "morph": "~"
                  }
                },
                {
                  "node": "l",
                  "frag": "sur-ra",
                  "id": "P230530.l2847b",
                  "ref": "P230530.5.2",
                  "inst": "sur[press]",
                  "exosig": "@dcclt%sux:sur-ra=sur[press//to press, squeeze]V/t'V/t$sur;a/sur+-ra=r.a#~;a",
                  "exoprj": "epsd2",
                  "exolng": "sux",
                  "f": {
                    "lang": "sux",
                    "form": "sur-ra",
                    "gdl": [
                      {
                        "v": "sur",
                        "id": "P230530.5.2.0",
                        "delim": "-"
                      },
                      {
                        "v": "ra",
                        "id": "P230530.5.2.1"
                      }
                    ],
                    "cf": "sur",
                    "gw": "press",
                    "sense": "to press, squeeze",
                    "norm0": "sur;a",
                    "pos": "V/t",
                    "epos": "V/t",
                    "base": "sur",
                    "cont": "-ra=r.a",
                    "morph": "~;a"
                  }
                }
              ]
            },
            {
              "node": "c",
              "type": "sentence",
              "implicit": "yes",
              "tag": "#auto",
              "id": "P230530.U6",
              "label": "o i 3'",
              "cdl": [
                {
                  "node": "d",
                  "type": "line-start",
                  "ref": "P230530.6",
                  "n": "3'",
                  "label": "o i 3'"
                },
                {
                  "node": "l",
                  "frag": "ninda",
                  "id": "P230530.l2847c",
                  "ref": "P230530.6.1",
                  "inst": "ninda[bread]",
                  "exosig": "@dcclt%sux:ninda=ninda[bread//bread]N'N$ninda/ninda#~",
                  "exoprj": "epsd2",
                  "exolng": "sux",
                  "f": {
                    "lang": "sux",
                    "form": "ninda",
                    "delim": "",
                    "gdl": [
                      {
                        "v": "ninda",
                        "id": "P230530.6.1.0"
                      }
                    ],
                    "cf": "ninda",
                    "gw": "bread",
                    "sense": "bread",
                    "norm0": "ninda",
                    "pos": "N",
                    "epos": "N",
                    "base": "ninda",
                    "morph": "~"
                  }
                },
                {
                  "node": "l",
                  "frag": "zid₂-kum",
                  "id": "P230530.l2847d",
                  "ref": "P230530.6.2",
                  "inst": "zidgu[flour]",
                  "exosig": "@dcclt%sux:zid₂-kum=zidgu[flour//a type of flour]N'N$zidgu/zid₂-kum#~",
                  "exoprj": "epsd2",
                  "exolng": "sux",
                  "f": {
                    "lang": "sux",
                    "form": "zid₂-kum",
                    "gdl": [
                      {
                        "v": "zid₂",
                        "id": "P230530.6.2.0",
                        "delim": "-"
                      },
                      {
                        "v": "kum",
                        "id": "P230530.6.2.1"
                      }
                    ],
                    "cf": "zidgu",
                    "gw": "flour",
                    "sense": "a type of flour",
                    "norm0": "zidgu",
                    "pos": "N",
                    "epos": "N",
                    "base": "zid₂-kum",
                    "morph": "~"
                  }
                },
                {
                  "node": "d",
                  "type": "nonw",
                  "ref": ""
                }
              ]
            },
            {
              "node": "c",
              "type": "sentence",
              "implicit": "yes",
              "tag": "#auto",
              "id": "P230530.U8",
              "label": "o i 4'",
              "cdl": [
                {
                  "node": "d",
                  "type": "line-start",
                  "ref": "P230530.7",
                  "n": "4'",
                  "label": "o i 4'"
                },
                {
                  "node": "l",
                  "frag": "ninda",
                  "id": "P230530.l2847e",
                  "ref": "P230530.7.1",
                  "inst": "ninda[bread]",
                  "exosig": "@dcclt%sux:ninda=ninda[bread//bread]N'N$ninda/ninda#~",
                  "exoprj": "epsd2",
                  "exolng": "sux",
                  "f": {
                    "lang": "sux",
                    "form": "ninda",
                    "delim": "",
                    "gdl": [
                      {
                        "v": "ninda",
                        "id": "P230530.7.1.0"
                      }
                    ],
                    "cf": "ninda",
                    "gw": "bread",
                    "sense": "bread",
                    "norm0": "ninda",
                    "pos": "N",
                    "epos": "N",
                    "base": "ninda",
                    "morph": "~"
                  }
                },
                {
                  "node": "l",
                  "frag": "zid₂",
                  "id": "P230530.l2847f",
                  "ref": "P230530.7.2",
                  "inst": "zid[flour]",
                  "exosig": "@dcclt%sux:zid₂=zid[flour//flour]N'N$zid/zid₂#~",
                  "exoprj": "epsd2",
                  "exolng": "sux",
                  "f": {
                    "lang": "sux",
                    "form": "zid₂",
                    "delim": "",
                    "gdl": [
                      {
                        "v": "zid₂",
                        "id": "P230530.7.2.0"
                      }
                    ],
                    "cf": "zid",
                    "gw": "flour",
                    "sense": "flour",
                    "norm0": "zid",
                    "pos": "N",
                    "epos": "N",
                    "base": "zid₂",
                    "morph": "~"
                  }
                },
                {
                  "node": "l",
                  "frag": "gu₂-[nida]",
                  "id": "P230530.l28480",
                  "ref": "P230530.7.3",
                  "inst": "gunida[grain]",
                  "exosig": "@dcclt%sux:gu₂-nida=gunida[~grain//a designation of grain]N'N$gunida/gu₂-nida#~",
                  "exoprj": "epsd2",
                  "exolng": "sux",
                  "f": {
                    "lang": "sux",
                    "form": "gu₂-nida",
                    "gdl": [
                      {
                        "v": "gu₂",
                        "id": "P230530.7.3.0",
                        "delim": "-"
                      },
                      {
                        "v": "nida",
                        "id": "P230530.7.3.1",
                        "breakStart": "1",
                        "o": "]",
                        "break": "missing",
                        "breakEnd": "P230530.7.3.1"
                      }
                    ],
                    "cf": "gunida",
                    "gw": "~grain",
                    "sense": "a designation of grain",
                    "norm0": "gunida",
                    "pos": "N",
                    "epos": "N",
                    "base": "gu₂-nida",
                    "morph": "~"
                  }
                }
              ]
            },
            {
              "node": "c",
              "type": "sentence",
              "implicit": "yes",
              "tag": "#auto",
              "id": "P230530.U10",
              "label": "o i 5'",
              "cdl": [
                {
                  "node": "d",
                  "type": "line-start",
                  "ref": "P230530.8",
                  "n": "5'",
                  "label": "o i 5'"
                },
                {
                  "node": "l",
                  "frag": "ninda",
                  "id": "P230530.l28481",
                  "ref": "P230530.8.1",
                  "inst": "ninda[bread]",
                  "exosig": "@dcclt%sux:ninda=ninda[bread//bread]N'N$ninda/ninda#~",
                  "exoprj": "epsd2",
                  "exolng": "sux",
                  "f": {
                    "lang": "sux",
                    "form": "ninda",
                    "delim": "",
                    "gdl": [
                      {
                        "v": "ninda",
                        "id": "P230530.8.1.0"
                      }
                    ],
                    "cf": "ninda",
                    "gw": "bread",
                    "sense": "bread",
                    "norm0": "ninda",
                    "pos": "N",
                    "epos": "N",
                    "base": "ninda",
                    "morph": "~"
                  }
                },
                {
                  "node": "l",
                  "frag": "zid₂-sig₁₅",
                  "id": "P230530.l28482",
                  "ref": "P230530.8.2",
                  "inst": "zidsig[flour]",
                  "exosig": "@dcclt%sux:zid₂-sig₁₅=zidsig[flour//a type of flour]N'N$zidsig/zid₂-sig₁₅#~",
                  "exoprj": "epsd2",
                  "exolng": "sux",
                  "f": {
                    "lang": "sux",
                    "form": "zid₂-sig₁₅",
                    "gdl": [
                      {
                        "v": "zid₂",
                        "id": "P230530.8.2.0",
                        "delim": "-"
                      },
                      {
                        "v": "sig₁₅",
                        "id": "P230530.8.2.1"
                      }
                    ],
                    "cf": "zidsig",
                    "gw": "flour",
                    "sense": "a type of flour",
                    "norm0": "zidsig",
                    "pos": "N",
                    "epos": "N",
                    "base": "zid₂-sig₁₅",
                    "morph": "~"
                  }
                }
              ]
            },
            {
              "node": "c",
              "type": "sentence",
              "implicit": "yes",
              "tag": "#auto",
              "id": "P230530.U12",
              "label": "o i 6'",
              "cdl": [
                {
                  "node": "d",
                  "type": "line-start",
                  "ref": "P230530.9",
                  "n": "6'",
                  "label": "o i 6'"
                },
                {
                  "node": "l",
                  "frag": "ninda",
                  "id": "P230530.l28483",
                  "ref": "P230530.9.1",
                  "inst": "ninda[bread]",
                  "exosig": "@dcclt%sux:ninda=ninda[bread//bread]N'N$ninda/ninda#~",
                  "exoprj": "epsd2",
                  "exolng": "sux",
                  "f": {
                    "lang": "sux",
                    "form": "ninda",
                    "delim": "",
                    "gdl": [
                      {
                        "v": "ninda",
                        "id": "P230530.9.1.0"
                      }
                    ],
                    "cf": "ninda",
                    "gw": "bread",
                    "sense": "bread",
                    "norm0": "ninda",
                    "pos": "N",
                    "epos": "N",
                    "base": "ninda",
                    "morph": "~"
                  }
                },
                {
                  "node": "l",
                  "frag": "zid₂-gu",
                  "id": "P230530.l28484",
                  "ref": "P230530.9.2",
                  "inst": "zidgu[flour]",
                  "exosig": "@dcclt%sux:zid₂-gu=zidgu[flour//a type of flour]N'N$zidgu/zid₂-gu#~",
                  "exoprj": "epsd2",
                  "exolng": "sux",
                  "f": {
                    "lang": "sux",
                    "form": "zid₂-gu",
                    "gdl": [
                      {
                        "v": "zid₂",
                        "id": "P230530.9.2.0",
                        "delim": "-"
                      },
                      {
                        "v": "gu",
                        "id": "P230530.9.2.1"
                      }
                    ],
                    "cf": "zidgu",
                    "gw": "flour",
                    "sense": "a type of flour",
                    "norm0": "zidgu",
                    "pos": "N",
                    "epos": "N",
                    "base": "zid₂-gu",
                    "morph": "~"
                  }
                },
                {
                  "node": "d",
                  "subtype": "reverse",
                  "type": "reverse",
                  "ref": "P230530.r.10",
                  "label": "r"
                },
                {
                  "node": "d",
                  "subtype": "column 1r",
                  "type": "column",
                  "ref": "P230530.r.i.11",
                  "n": "1",
                  "label": "r i"
                },
                {
                  "node": "d",
                  "type": "nonx",
                  "ref": "P230530.12",
                  "strict": "1",
                  "extent": "2",
                  "scope": "line",
                  "state": "traces"
                },
                {
                  "node": "d",
                  "subtype": "column 2r",
                  "type": "column",
                  "ref": "P230530.r.ii.13",
                  "n": "2",
                  "label": "r ii"
                },
                {
                  "node": "d",
                  "type": "nonx",
                  "ref": "P230530.14",
                  "strict": "1",
                  "extent": "1",
                  "scope": "line",
                  "state": "traces"
                }
              ]
            },
            {
              "node": "c",
              "type": "sentence",
              "implicit": "yes",
              "tag": "#auto",
              "id": "P230530.U14",
              "label": "r ii 2",
              "cdl": [
                {
                  "node": "d",
                  "type": "line-start",
                  "ref": "P230530.15",
                  "n": "2",
                  "label": "r ii 2"
                },
                {
                  "node": "l",
                  "frag": "gud",
                  "id": "P230530.l28485",
                  "ref": "P230530.15.1",
                  "inst": "%sux:gud=",
                  "f": {
                    "lang": "sux",
                    "form": "gud",
                    "delim": "",
                    "gdl": [
                      {
                        "v": "gud",
                        "id": "P230530.15.1.0"
                      }
                    ]
                  }
                },
                {
                  "node": "l",
                  "frag": "na",
                  "id": "P230530.l28486",
                  "ref": "P230530.15.2",
                  "inst": "%sux:na=",
                  "f": {
                    "lang": "sux",
                    "form": "na",
                    "delim": "",
                    "gdl": [
                      {
                        "v": "na",
                        "id": "P230530.15.2.0"
                      }
                    ]
                  }
                },
                {
                  "node": "l",
                  "frag": "degₓ(RI)ga",
                  "id": "P230530.l28487",
                  "ref": "P230530.15.3",
                  "inst": "%sux:degₓ(RI)-ga=",
                  "f": {
                    "lang": "sux",
                    "form": "degₓ(RI)-ga",
                    "gdl": [
                      {
                        "q": "degₓ(RI)",
                        "id": "P230530.15.3.0",
                        "delim": "-",
                        "qualified": [
                          {
                            "v": "degₓ"
                          },
                          {
                            "s": "RI"
                          }
                        ]
                      },
                      {
                        "v": "ga",
                        "id": "P230530.15.3.1"
                      }
                    ]
                  }
                }
              ]
            },
            {
              "node": "c",
              "type": "sentence",
              "implicit": "yes",
              "tag": "#auto",
              "id": "P230530.U16",
              "label": "r ii 3",
              "cdl": [
                {
                  "node": "d",
                  "type": "line-start",
                  "ref": "P230530.16",
                  "n": "3",
                  "label": "r ii 3"
                },
                {
                  "node": "l",
                  "frag": "gud",
                  "id": "P230530.l28488",
                  "ref": "P230530.16.1",
                  "inst": "%sux:gud=",
                  "f": {
                    "lang": "sux",
                    "form": "gud",
                    "delim": "",
                    "gdl": [
                      {
                        "v": "gud",
                        "id": "P230530.16.1.0"
                      }
                    ]
                  }
                },
                {
                  "node": "l",
                  "frag": "babbar",
                  "id": "P230530.l28489",
                  "ref": "P230530.16.2",
                  "inst": "%sux:babbar=",
                  "f": {
                    "lang": "sux",
                    "form": "babbar",
                    "gdl": [
                      {
                        "v": "babbar",
                        "id": "P230530.16.2.0"
                      }
                    ]
                  }
                }
              ]
            },
            {
              "node": "c",
              "type": "sentence",
              "implicit": "yes",
              "tag": "#auto",
              "id": "P230530.U18",
              "label": "r ii 4",
              "cdl": [
                {
                  "node": "d",
                  "type": "line-start",
                  "ref": "P230530.17",
                  "n": "4",
                  "label": "r ii 4"
                },
                {
                  "node": "l",
                  "frag": "gud",
                  "id": "P230530.l2848a",
                  "ref": "P230530.17.1",
                  "inst": "%sux:gud=",
                  "f": {
                    "lang": "sux",
                    "form": "gud",
                    "delim": "",
                    "gdl": [
                      {
                        "v": "gud",
                        "id": "P230530.17.1.0"
                      }
                    ]
                  }
                },
                {
                  "node": "l",
                  "frag": "kukku₅",
                  "id": "P230530.l2848b",
                  "ref": "P230530.17.2",
                  "inst": "%sux:kukku₅=",
                  "f": {
                    "lang": "sux",
                    "form": "kukku₅",
                    "gdl": [
                      {
                        "v": "kukku₅",
                        "id": "P230530.17.2.0"
                      }
                    ]
                  }
                }
              ]
            },
            {
              "node": "c",
              "type": "sentence",
              "implicit": "yes",
              "tag": "#auto",
              "id": "P230530.U20",
              "label": "r ii 5",
              "cdl": [
                {
                  "node": "d",
                  "type": "line-start",
                  "ref": "P230530.18",
                  "n": "5",
                  "label": "r ii 5"
                },
                {
                  "node": "l",
                  "frag": "gud",
                  "id": "P230530.l2848c",
                  "ref": "P230530.18.1",
                  "inst": "%sux:gud=",
                  "f": {
                    "lang": "sux",
                    "form": "gud",
                    "delim": "",
                    "gdl": [
                      {
                        "v": "gud",
                        "id": "P230530.18.1.0"
                      }
                    ]
                  }
                },
                {
                  "node": "l",
                  "frag": "su₄-a",
                  "id": "P230530.l2848d",
                  "ref": "P230530.18.2",
                  "inst": "%sux:su₄-a=",
                  "f": {
                    "lang": "sux",
                    "form": "su₄-a",
                    "gdl": [
                      {
                        "v": "su₄",
                        "id": "P230530.18.2.0",
                        "delim": "-"
                      },
                      {
                        "v": "a",
                        "id": "P230530.18.2.1"
                      }
                    ]
                  }
                }
              ]
            },
            {
              "node": "c",
              "type": "sentence",
              "implicit": "yes",
              "tag": "#auto",
              "id": "P230530.U22",
              "label": "r ii 6",
              "cdl": [
                {
                  "node": "d",
                  "type": "line-start",
                  "ref": "P230530.19",
                  "n": "6",
                  "label": "r ii 6"
                },
                {
                  "node": "l",
                  "frag": "gud",
                  "id": "P230530.l2848e",
                  "ref": "P230530.19.1",
                  "inst": "%sux:gud=",
                  "f": {
                    "lang": "sux",
                    "form": "gud",
                    "delim": "",
                    "gdl": [
                      {
                        "v": "gud",
                        "id": "P230530.19.1.0"
                      }
                    ]
                  }
                },
                {
                  "node": "l",
                  "frag": "sig₇-sig₇",
                  "id": "P230530.l2848f",
                  "ref": "P230530.19.2",
                  "inst": "%sux:sig₇-sig₇=",
                  "f": {
                    "lang": "sux",
                    "form": "sig₇-sig₇",
                    "gdl": [
                      {
                        "v": "sig₇",
                        "id": "P230530.19.2.0",
                        "delim": "-"
                      },
                      {
                        "v": "sig₇",
                        "id": "P230530.19.2.1"
                      }
                    ]
                  }
                }
              ]
            },
            {
              "node": "c",
              "type": "sentence",
              "implicit": "yes",
              "tag": "#auto",
              "id": "P230530.U24",
              "label": "r ii 7",
              "cdl": [
                {
                  "node": "d",
                  "type": "line-start",
                  "ref": "P230530.20",
                  "n": "7",
                  "label": "r ii 7"
                },
                {
                  "node": "l",
                  "frag": "gud",
                  "id": "P230530.l28490",
                  "ref": "P230530.20.1",
                  "inst": "%sux:gud=",
                  "f": {
                    "lang": "sux",
                    "form": "gud",
                    "delim": "",
                    "gdl": [
                      {
                        "v": "gud",
                        "id": "P230530.20.1.0"
                      }
                    ]
                  }
                },
                {
                  "node": "l",
                  "frag": "gun₃-a",
                  "id": "P230530.l28491",
                  "ref": "P230530.20.2",
                  "inst": "%sux:gun₃-a=",
                  "f": {
                    "lang": "sux",
                    "form": "gun₃-a",
                    "gdl": [
                      {
                        "v": "gun₃",
                        "id": "P230530.20.2.0",
                        "delim": "-"
                      },
                      {
                        "v": "a",
                        "id": "P230530.20.2.1"
                      }
                    ]
                  }
                }
              ]
            },
            {
              "node": "c",
              "type": "sentence",
              "implicit": "yes",
              "tag": "#auto",
              "id": "P230530.U26",
              "label": "r ii 8",
              "cdl": [
                {
                  "node": "d",
                  "type": "line-start",
                  "ref": "P230530.21",
                  "n": "8",
                  "label": "r ii 8"
                },
                {
                  "node": "l",
                  "frag": "gud",
                  "id": "P230530.l28492",
                  "ref": "P230530.21.1",
                  "inst": "%sux:gud=",
                  "f": {
                    "lang": "sux",
                    "form": "gud",
                    "delim": "",
                    "gdl": [
                      {
                        "v": "gud",
                        "id": "P230530.21.1.0"
                      }
                    ]
                  }
                },
                {
                  "node": "l",
                  "frag": "⸢dalla⸣",
                  "id": "P230530.l28493",
                  "ref": "P230530.21.2",
                  "inst": "%sux:dalla=",
                  "f": {
                    "lang": "sux",
                    "form": "dalla",
                    "gdl": [
                      {
                        "v": "dalla",
                        "id": "P230530.21.2.0",
                        "break": "damaged",
                        "ho": "1",
                        "hc": "1"
                      }
                    ]
                  }
                }
              ]
            },
            {
              "node": "c",
              "type": "sentence",
              "implicit": "yes",
              "tag": "#auto",
              "id": "P230530.U28",
              "label": "r ii 9",
              "cdl": [
                {
                  "node": "d",
                  "type": "line-start",
                  "ref": "P230530.22",
                  "n": "9",
                  "label": "r ii 9"
                },
                {
                  "node": "l",
                  "frag": "gud",
                  "id": "P230530.l28494",
                  "ref": "P230530.22.1",
                  "inst": "%sux:gud=",
                  "f": {
                    "lang": "sux",
                    "form": "gud",
                    "delim": "",
                    "gdl": [
                      {
                        "v": "gud",
                        "id": "P230530.22.1.0"
                      }
                    ]
                  }
                },
                {
                  "node": "l",
                  "frag": "kur-ra",
                  "id": "P230530.l28495",
                  "ref": "P230530.22.2",
                  "inst": "%sux:kur-ra=",
                  "f": {
                    "lang": "sux",
                    "form": "kur-ra",
                    "gdl": [
                      {
                        "v": "kur",
                        "id": "P230530.22.2.0",
                        "delim": "-"
                      },
                      {
                        "v": "ra",
                        "id": "P230530.22.2.1"
                      }
                    ]
                  }
                }
              ]
            },
            {
              "node": "c",
              "type": "sentence",
              "implicit": "yes",
              "tag": "#auto",
              "id": "P230530.U30",
              "label": "r ii 10",
              "cdl": [
                {
                  "node": "d",
                  "type": "line-start",
                  "ref": "P230530.23",
                  "n": "10",
                  "label": "r ii 10"
                },
                {
                  "node": "l",
                  "frag": "gud",
                  "id": "P230530.l28496",
                  "ref": "P230530.23.1",
                  "inst": "%sux:gud=",
                  "f": {
                    "lang": "sux",
                    "form": "gud",
                    "delim": "",
                    "gdl": [
                      {
                        "v": "gud",
                        "id": "P230530.23.1.0"
                      }
                    ]
                  }
                },
                {
                  "node": "l",
                  "frag": "al-hu-nu-na",
                  "id": "P230530.l28497",
                  "ref": "P230530.23.2",
                  "inst": "%sux:al-hu-nu-na=",
                  "f": {
                    "lang": "sux",
                    "form": "al-hu-nu-na",
                    "gdl": [
                      {
                        "v": "al",
                        "id": "P230530.23.2.0",
                        "delim": "-"
                      },
                      {
                        "v": "hu",
                        "id": "P230530.23.2.1",
                        "delim": "-"
                      },
                      {
                        "v": "nu",
                        "id": "P230530.23.2.2",
                        "delim": "-"
                      },
                      {
                        "v": "na",
                        "id": "P230530.23.2.3"
                      }
                    ]
                  }
                }
              ]
            },
            {
              "node": "c",
              "type": "sentence",
              "implicit": "yes",
              "tag": "#auto",
              "id": "P230530.U32",
              "label": "r ii 11",
              "cdl": [
                {
                  "node": "d",
                  "type": "line-start",
                  "ref": "P230530.24",
                  "n": "11",
                  "label": "r ii 11"
                },
                {
                  "node": "l",
                  "frag": "gud",
                  "id": "P230530.l28498",
                  "ref": "P230530.24.1",
                  "inst": "%sux:gud=",
                  "f": {
                    "lang": "sux",
                    "form": "gud",
                    "delim": "",
                    "gdl": [
                      {
                        "v": "gud",
                        "id": "P230530.24.1.0"
                      }
                    ]
                  }
                },
                {
                  "node": "l",
                  "frag": "[x]-gur-x",
                  "id": "P230530.l28499",
                  "ref": "P230530.24.2",
                  "inst": "%sux:x-gur-x=",
                  "f": {
                    "lang": "sux",
                    "form": "x-gur-x",
                    "gdl": [
                      {
                        "v": "x",
                        "id": "P230530.24.2.0",
                        "breakStart": "1",
                        "o": "]",
                        "break": "missing",
                        "breakEnd": "P230530.24.2.0",
                        "delim": "-"
                      },
                      {
                        "v": "gur",
                        "id": "P230530.24.2.1",
                        "delim": "-"
                      },
                      {
                        "v": "x",
                        "id": "P230530.24.2.2"
                      }
                    ]
                  }
                }
              ]
            },
            {
              "node": "c",
              "type": "sentence",
              "implicit": "yes",
              "tag": "#auto",
              "id": "P230530.U34",
              "label": "r ii 12",
              "cdl": [
                {
                  "node": "d",
                  "type": "line-start",
                  "ref": "P230530.25",
                  "n": "12",
                  "label": "r ii 12"
                },
                {
                  "node": "l",
                  "frag": "[gud",
                  "id": "P230530.l2849a",
                  "ref": "P230530.25.1",
                  "inst": "%sux:gud=",
                  "f": {
                    "lang": "sux",
                    "form": "gud",
                    "delim": "",
                    "gdl": [
                      {
                        "v": "gud",
                        "id": "P230530.25.1.0",
                        "breakStart": "1",
                        "o": "[",
                        "break": "missing"
                      }
                    ]
                  }
                },
                {
                  "node": "l",
                  "frag": "a₂]-⸢gur⸣-[...]",
                  "id": "P230530.l2849b",
                  "ref": "P230530.25.2",
                  "inst": "%sux:a₂-gur-x=",
                  "f": {
                    "lang": "sux",
                    "form": "a₂-gur-x",
                    "gdl": [
                      {
                        "v": "a₂",
                        "id": "P230530.25.2.0",
                        "break": "missing",
                        "o": "]",
                        "breakEnd": "P230530.25.1.0",
                        "delim": "-"
                      },
                      {
                        "v": "gur",
                        "id": "P230530.25.2.1",
                        "break": "damaged",
                        "ho": "1",
                        "delim": "-",
                        "hc": "1"
                      },
                      {
                        "x": "ellipsis",
                        "id": "P230530.25.2.2",
                        "breakStart": "1",
                        "break": "missing",
                        "o": "]",
                        "breakEnd": "P230530.25.2.2"
                      }
                    ]
                  }
                },
                {
                  "node": "d",
                  "subtype": "column 3r",
                  "type": "column",
                  "ref": "P230530.r.iii.26",
                  "n": "3",
                  "label": "r iii"
                }
              ]
            },
            {
              "node": "c",
              "type": "sentence",
              "implicit": "yes",
              "tag": "#auto",
              "id": "P230530.U36",
              "label": "r iii 1",
              "cdl": [
                {
                  "node": "d",
                  "type": "line-start",
                  "ref": "P230530.27",
                  "n": "1",
                  "label": "r iii 1"
                },
                {
                  "node": "l",
                  "frag": "gud",
                  "id": "P230530.l2849c",
                  "ref": "P230530.27.1",
                  "inst": "%sux:gud=",
                  "f": {
                    "lang": "sux",
                    "form": "gud",
                    "delim": "",
                    "gdl": [
                      {
                        "v": "gud",
                        "id": "P230530.27.1.0"
                      }
                    ]
                  }
                },
                {
                  "node": "l",
                  "frag": "ab₂",
                  "id": "P230530.l2849d",
                  "ref": "P230530.27.2",
                  "inst": "%sux:ab₂=",
                  "f": {
                    "lang": "sux",
                    "form": "ab₂",
                    "delim": "",
                    "gdl": [
                      {
                        "v": "ab₂",
                        "id": "P230530.27.2.0"
                      }
                    ]
                  }
                },
                {
                  "node": "l",
                  "frag": "hi-a",
                  "id": "P230530.l2849e",
                  "ref": "P230530.27.3",
                  "inst": "%sux:hi-a=",
                  "f": {
                    "lang": "sux",
                    "form": "hi-a",
                    "gdl": [
                      {
                        "v": "hi",
                        "id": "P230530.27.3.0",
                        "delim": "-"
                      },
                      {
                        "v": "a",
                        "id": "P230530.27.3.1"
                      }
                    ]
                  }
                }
              ]
            },
            {
              "node": "c",
              "type": "sentence",
              "implicit": "yes",
              "tag": "#auto",
              "id": "P230530.U38",
              "label": "r iii 2",
              "cdl": [
                {
                  "node": "d",
                  "type": "line-start",
                  "ref": "P230530.28",
                  "n": "2",
                  "label": "r iii 2"
                },
                {
                  "node": "l",
                  "frag": "ab₂",
                  "id": "P230530.l2849f",
                  "ref": "P230530.28.1",
                  "inst": "%sux:ab₂=",
                  "f": {
                    "lang": "sux",
                    "form": "ab₂",
                    "gdl": [
                      {
                        "v": "ab₂",
                        "id": "P230530.28.1.0"
                      }
                    ]
                  }
                }
              ]
            },
            {
              "node": "c",
              "type": "sentence",
              "implicit": "yes",
              "tag": "#auto",
              "id": "P230530.U40",
              "label": "r iii 3",
              "cdl": [
                {
                  "node": "d",
                  "type": "line-start",
                  "ref": "P230530.29",
                  "n": "3",
                  "label": "r iii 3"
                },
                {
                  "node": "l",
                  "frag": "ab₂-šilamₓ(|NUN.LAGAR|)",
                  "id": "P230530.l284a0",
                  "ref": "P230530.29.1",
                  "inst": "%sux:ab₂-šilamₓ(|NUN.LAGAR|)=",
                  "f": {
                    "lang": "sux",
                    "form": "ab₂-šilamₓ(|NUN.LAGAR|)",
                    "gdl": [
                      {
                        "v": "ab₂",
                        "id": "P230530.29.1.0",
                        "delim": "-"
                      },
                      {
                        "q": "šilamₓ(|NUN.LAGAR|)",
                        "id": "P230530.29.1.1",
                        "qualified": [
                          {
                            "v": "šilamₓ"
                          },
                          {
                            "c": "|NUN.LAGAR|",
                            "seq": [
                              {
                                "s": "NUN"
                              },
                              {
                                "o": "beside"
                              },
                              {
                                "s": "LAGAR"
                              }
                            ]
                          }
                        ]
                      }
                    ]
                  }
                }
              ]
            },
            {
              "node": "c",
              "type": "sentence",
              "implicit": "yes",
              "tag": "#auto",
              "id": "P230530.U42",
              "label": "r iii 4",
              "cdl": [
                {
                  "node": "d",
                  "type": "line-start",
                  "ref": "P230530.30",
                  "n": "4",
                  "label": "r iii 4"
                },
                {
                  "node": "l",
                  "frag": "ab₂",
                  "id": "P230530.l284a1",
                  "ref": "P230530.30.1",
                  "inst": "%sux:ab₂=",
                  "f": {
                    "lang": "sux",
                    "form": "ab₂",
                    "delim": "",
                    "gdl": [
                      {
                        "v": "ab₂",
                        "id": "P230530.30.1.0"
                      }
                    ]
                  }
                },
                {
                  "node": "l",
                  "frag": "peš",
                  "id": "P230530.l284a2",
                  "ref": "P230530.30.2",
                  "inst": "%sux:peš=",
                  "f": {
                    "lang": "sux",
                    "form": "peš",
                    "gdl": [
                      {
                        "v": "peš",
                        "id": "P230530.30.2.0"
                      }
                    ]
                  }
                }
              ]
            },
            {
              "node": "c",
              "type": "sentence",
              "implicit": "yes",
              "tag": "#auto",
              "id": "P230530.U44",
              "label": "r iii 5",
              "cdl": [
                {
                  "node": "d",
                  "type": "line-start",
                  "ref": "P230530.31",
                  "n": "5",
                  "label": "r iii 5"
                },
                {
                  "node": "l",
                  "frag": "ab₂",
                  "id": "P230530.l284a3",
                  "ref": "P230530.31.1",
                  "inst": "%sux:ab₂=",
                  "f": {
                    "lang": "sux",
                    "form": "ab₂",
                    "delim": "",
                    "gdl": [
                      {
                        "v": "ab₂",
                        "id": "P230530.31.1.0"
                      }
                    ]
                  }
                },
                {
                  "node": "l",
                  "frag": "NE",
                  "id": "P230530.l284a4",
                  "ref": "P230530.31.2",
                  "inst": "%sux:NE=",
                  "f": {
                    "lang": "sux",
                    "form": "NE",
                    "gdl": [
                      {
                        "s": "NE",
                        "id": "P230530.31.2.0"
                      }
                    ]
                  }
                }
              ]
            },
            {
              "node": "c",
              "type": "sentence",
              "implicit": "yes",
              "tag": "#auto",
              "id": "P230530.U46",
              "label": "r iii 6",
              "cdl": [
                {
                  "node": "d",
                  "type": "line-start",
                  "ref": "P230530.32",
                  "n": "6",
                  "label": "r iii 6"
                },
                {
                  "node": "l",
                  "frag": "ab₂",
                  "id": "P230530.l284a5",
                  "ref": "P230530.32.1",
                  "inst": "%sux:ab₂=",
                  "f": {
                    "lang": "sux",
                    "form": "ab₂",
                    "delim": "",
                    "gdl": [
                      {
                        "v": "ab₂",
                        "id": "P230530.32.1.0"
                      }
                    ]
                  }
                },
                {
                  "node": "l",
                  "frag": "suhub",
                  "id": "P230530.l284a6",
                  "ref": "P230530.32.2",
                  "inst": "%sux:suhub=",
                  "f": {
                    "lang": "sux",
                    "form": "suhub",
                    "gdl": [
                      {
                        "v": "suhub",
                        "id": "P230530.32.2.0"
                      }
                    ]
                  }
                }
              ]
            },
            {
              "node": "c",
              "type": "sentence",
              "implicit": "yes",
              "tag": "#auto",
              "id": "P230530.U48",
              "label": "r iii 7",
              "cdl": [
                {
                  "node": "d",
                  "type": "line-start",
                  "ref": "P230530.33",
                  "n": "7",
                  "label": "r iii 7"
                },
                {
                  "node": "l",
                  "frag": "ab₂",
                  "id": "P230530.l284a7",
                  "ref": "P230530.33.1",
                  "inst": "%sux:ab₂=",
                  "f": {
                    "lang": "sux",
                    "form": "ab₂",
                    "delim": "",
                    "gdl": [
                      {
                        "v": "ab₂",
                        "id": "P230530.33.1.0"
                      }
                    ]
                  }
                },
                {
                  "node": "l",
                  "frag": "akan",
                  "id": "P230530.l284a8",
                  "ref": "P230530.33.2",
                  "inst": "%sux:akan=",
                  "f": {
                    "lang": "sux",
                    "form": "akan",
                    "gdl": [
                      {
                        "v": "akan",
                        "id": "P230530.33.2.0"
                      }
                    ]
                  }
                }
              ]
            },
            {
              "node": "c",
              "type": "sentence",
              "implicit": "yes",
              "tag": "#auto",
              "id": "P230530.U50",
              "label": "r iii 8",
              "cdl": [
                {
                  "node": "d",
                  "type": "line-start",
                  "ref": "P230530.34",
                  "n": "8",
                  "label": "r iii 8"
                },
                {
                  "node": "l",
                  "frag": "ab₂",
                  "id": "P230530.l284a9",
                  "ref": "P230530.34.1",
                  "inst": "%sux:ab₂=",
                  "f": {
                    "lang": "sux",
                    "form": "ab₂",
                    "delim": "",
                    "gdl": [
                      {
                        "v": "ab₂",
                        "id": "P230530.34.1.0"
                      }
                    ]
                  }
                },
                {
                  "node": "l",
                  "frag": "u₃-tu",
                  "id": "P230530.l284aa",
                  "ref": "P230530.34.2",
                  "inst": "%sux:u₃-tu=",
                  "f": {
                    "lang": "sux",
                    "form": "u₃-tu",
                    "gdl": [
                      {
                        "v": "u₃",
                        "id": "P230530.34.2.0",
                        "delim": "-"
                      },
                      {
                        "v": "tu",
                        "id": "P230530.34.2.1"
                      }
                    ]
                  }
                }
              ]
            },
            {
              "node": "c",
              "type": "sentence",
              "implicit": "yes",
              "tag": "#auto",
              "id": "P230530.U52",
              "label": "r iii 9",
              "cdl": [
                {
                  "node": "d",
                  "type": "line-start",
                  "ref": "P230530.35",
                  "n": "9",
                  "label": "r iii 9"
                },
                {
                  "node": "l",
                  "frag": "ab₂",
                  "id": "P230530.l284ab",
                  "ref": "P230530.35.1",
                  "inst": "%sux:ab₂=",
                  "f": {
                    "lang": "sux",
                    "form": "ab₂",
                    "delim": "",
                    "gdl": [
                      {
                        "v": "ab₂",
                        "id": "P230530.35.1.0"
                      }
                    ]
                  }
                },
                {
                  "node": "l",
                  "frag": "nu-u₃-tu",
                  "id": "P230530.l284ac",
                  "ref": "P230530.35.2",
                  "inst": "%sux:nu-u₃-tu=",
                  "f": {
                    "lang": "sux",
                    "form": "nu-u₃-tu",
                    "gdl": [
                      {
                        "v": "nu",
                        "id": "P230530.35.2.0",
                        "delim": "-"
                      },
                      {
                        "v": "u₃",
                        "id": "P230530.35.2.1",
                        "delim": "-"
                      },
                      {
                        "v": "tu",
                        "id": "P230530.35.2.2"
                      }
                    ]
                  }
                }
              ]
            },
            {
              "node": "c",
              "type": "sentence",
              "implicit": "yes",
              "tag": "#auto",
              "id": "P230530.U54",
              "label": "r iii 10",
              "cdl": [
                {
                  "node": "d",
                  "type": "line-start",
                  "ref": "P230530.36",
                  "n": "10",
                  "label": "r iii 10"
                },
                {
                  "node": "l",
                  "frag": "ab₂",
                  "id": "P230530.l284ad",
                  "ref": "P230530.36.1",
                  "inst": "%sux:ab₂=",
                  "f": {
                    "lang": "sux",
                    "form": "ab₂",
                    "delim": "",
                    "gdl": [
                      {
                        "v": "ab₂",
                        "id": "P230530.36.1.0"
                      }
                    ]
                  }
                },
                {
                  "node": "l",
                  "frag": "ŋeš₃",
                  "id": "P230530.l284ae",
                  "ref": "P230530.36.2",
                  "inst": "%sux:ŋeš₃=",
                  "f": {
                    "lang": "sux",
                    "form": "ŋeš₃",
                    "delim": "",
                    "gdl": [
                      {
                        "v": "ŋeš₃",
                        "id": "P230530.36.2.0"
                      }
                    ]
                  }
                },
                {
                  "node": "l",
                  "frag": "zu-zu",
                  "id": "P230530.l284af",
                  "ref": "P230530.36.3",
                  "inst": "%sux:zu-zu=",
                  "f": {
                    "lang": "sux",
                    "form": "zu-zu",
                    "gdl": [
                      {
                        "v": "zu",
                        "id": "P230530.36.3.0",
                        "delim": "-"
                      },
                      {
                        "v": "zu",
                        "id": "P230530.36.3.1"
                      }
                    ]
                  }
                }
              ]
            },
            {
              "node": "c",
              "type": "sentence",
              "implicit": "yes",
              "tag": "#auto",
              "id": "P230530.U56",
              "label": "r iii 11",
              "cdl": [
                {
                  "node": "d",
                  "type": "line-start",
                  "ref": "P230530.37",
                  "n": "11",
                  "label": "r iii 11"
                },
                {
                  "node": "l",
                  "frag": "ab₂",
                  "id": "P230530.l284b0",
                  "ref": "P230530.37.1",
                  "inst": "%sux:ab₂=",
                  "f": {
                    "lang": "sux",
                    "form": "ab₂",
                    "delim": "",
                    "gdl": [
                      {
                        "v": "ab₂",
                        "id": "P230530.37.1.0"
                      }
                    ]
                  }
                },
                {
                  "node": "l",
                  "frag": "ŋeš₃",
                  "id": "P230530.l284b1",
                  "ref": "P230530.37.2",
                  "inst": "%sux:ŋeš₃=",
                  "f": {
                    "lang": "sux",
                    "form": "ŋeš₃",
                    "delim": "",
                    "gdl": [
                      {
                        "v": "ŋeš₃",
                        "id": "P230530.37.2.0"
                      }
                    ]
                  }
                },
                {
                  "node": "l",
                  "frag": "nu-zu",
                  "id": "P230530.l284b2",
                  "ref": "P230530.37.3",
                  "inst": "%sux:nu-zu=",
                  "f": {
                    "lang": "sux",
                    "form": "nu-zu",
                    "gdl": [
                      {
                        "v": "nu",
                        "id": "P230530.37.3.0",
                        "delim": "-"
                      },
                      {
                        "v": "zu",
                        "id": "P230530.37.3.1"
                      }
                    ]
                  }
                }
              ]
            },
            {
              "node": "c",
              "type": "sentence",
              "implicit": "yes",
              "tag": "#auto",
              "id": "P230530.U58",
              "label": "r iii 12",
              "cdl": [
                {
                  "node": "d",
                  "type": "line-start",
                  "ref": "P230530.38",
                  "n": "12",
                  "label": "r iii 12"
                },
                {
                  "node": "l",
                  "frag": "ab₂",
                  "id": "P230530.l284b3",
                  "ref": "P230530.38.1",
                  "inst": "%sux:ab₂=",
                  "f": {
                    "lang": "sux",
                    "form": "ab₂",
                    "delim": "",
                    "gdl": [
                      {
                        "v": "ab₂",
                        "id": "P230530.38.1.0"
                      }
                    ]
                  }
                },
                {
                  "node": "l",
                  "frag": "mah₂",
                  "id": "P230530.l284b4",
                  "ref": "P230530.38.2",
                  "inst": "%sux:mah₂=",
                  "f": {
                    "lang": "sux",
                    "form": "mah₂",
                    "gdl": [
                      {
                        "v": "mah₂",
                        "id": "P230530.38.2.0"
                      }
                    ]
                  }
                }
              ]
            },
            {
              "node": "c",
              "type": "sentence",
              "implicit": "yes",
              "tag": "#auto",
              "id": "P230530.U60",
              "label": "r iii 13",
              "cdl": [
                {
                  "node": "d",
                  "type": "line-start",
                  "ref": "P230530.39",
                  "n": "13",
                  "label": "r iii 13"
                },
                {
                  "node": "l",
                  "frag": "⸢ab₂",
                  "id": "P230530.l284b5",
                  "ref": "P230530.39.1",
                  "inst": "%sux:ab₂=",
                  "f": {
                    "lang": "sux",
                    "form": "ab₂",
                    "delim": "",
                    "gdl": [
                      {
                        "v": "ab₂",
                        "id": "P230530.39.1.0",
                        "break": "damaged",
                        "ho": "1"
                      }
                    ]
                  }
                },
                {
                  "node": "l",
                  "frag": "šu-gi₄⸣",
                  "id": "P230530.l284b6",
                  "ref": "P230530.39.2",
                  "inst": "%sux:šu-gi₄=",
                  "f": {
                    "lang": "sux",
                    "form": "šu-gi₄",
                    "gdl": [
                      {
                        "v": "šu",
                        "id": "P230530.39.2.0",
                        "break": "damaged",
                        "delim": "-"
                      },
                      {
                        "v": "gi₄",
                        "id": "P230530.39.2.1",
                        "break": "damaged",
                        "hc": "1"
                      }
                    ]
                  }
                }
              ]
            }
          ]
        }
      ]
    }
  ]
}
