{
  "type": "cdl",
  "project": "dcclt",
  "source": "http://oracc.org/dcclt",
  "license": "This data is released under the CC0 license",
  "license-url": "https://creativecommons.org/publicdomain/zero/1.0/",
  "more-info": "http://oracc.org/doc/opendata/",
  "UTC-timestamp": "2019-01-29T00:13:12",
  "textid": "P230148",
  "cdl": [
    {
      "node": "c",
      "type": "text",
      "id": "P230148.U0",
      "cdl": [
        {
          "node": "d",
          "type": "object",
          "ref": ""
        },
        {
          "node": "d",
          "subtype": "obverse",
          "type": "obverse",
          "ref": "P230148.o.1",
          "label": "o"
        },
        {
          "node": "d",
          "type": "nonx",
          "ref": "P230148.2",
          "strict": "1",
          "extent": "1",
          "scope": "line",
          "state": "missing"
        },
        {
          "node": "c",
          "type": "discourse",
          "subtype": "body",
          "id": "P230148.U1",
          "cdl": [
            {
              "node": "c",
              "type": "sentence",
              "implicit": "yes",
              "id": "P230148.U2",
              "label": "o 2",
              "cdl": [
                {
                  "node": "d",
                  "type": "line-start",
                  "ref": "P230148.3",
                  "n": "2",
                  "label": "o 2"
                },
                {
                  "node": "l",
                  "frag": "KA",
                  "id": "P230148.l11eda",
                  "ref": "P230148.3.1",
                  "inst": "%sux:KA=",
                  "f": {
                    "lang": "sux",
                    "form": "KA",
                    "delim": "",
                    "gdl": [
                      {
                        "s": "KA",
                        "id": "P230148.3.1.0"
                      }
                    ]
                  }
                },
                {
                  "node": "l",
                  "frag": "un-[...]",
                  "id": "P230148.l11edb",
                  "ref": "P230148.3.2",
                  "inst": "%sux:un-x=",
                  "f": {
                    "lang": "sux",
                    "form": "un-x",
                    "gdl": [
                      {
                        "v": "un",
                        "id": "P230148.3.2.0",
                        "delim": "-"
                      },
                      {
                        "x": "ellipsis",
                        "id": "P230148.3.2.1",
                        "breakStart": "1",
                        "break": "missing",
                        "o": "]",
                        "breakEnd": "P230148.3.2.1"
                      }
                    ]
                  }
                }
              ]
            },
            {
              "node": "c",
              "type": "sentence",
              "implicit": "yes",
              "tag": "#auto",
              "id": "P230148.U4",
              "label": "o 3",
              "cdl": [
                {
                  "node": "d",
                  "type": "line-start",
                  "ref": "P230148.4",
                  "n": "3",
                  "label": "o 3"
                },
                {
                  "node": "l",
                  "frag": "UD",
                  "id": "P230148.l11edc",
                  "ref": "P230148.4.1",
                  "inst": "%sux:UD=",
                  "f": {
                    "lang": "sux",
                    "form": "UD",
                    "delim": "",
                    "gdl": [
                      {
                        "s": "UD",
                        "id": "P230148.4.1.0"
                      }
                    ]
                  }
                },
                {
                  "node": "l",
                  "frag": "x-x-x",
                  "id": "P230148.l11edd",
                  "ref": "P230148.4.2",
                  "inst": "%sux:x-x-x=",
                  "f": {
                    "lang": "sux",
                    "form": "x-x-x",
                    "gdl": [
                      {
                        "v": "x",
                        "id": "P230148.4.2.0",
                        "delim": "-"
                      },
                      {
                        "v": "x",
                        "id": "P230148.4.2.1",
                        "delim": "-"
                      },
                      {
                        "v": "x",
                        "id": "P230148.4.2.2"
                      }
                    ]
                  }
                }
              ]
            },
            {
              "node": "c",
              "type": "sentence",
              "implicit": "yes",
              "tag": "#auto",
              "id": "P230148.U6",
              "label": "o 4",
              "cdl": [
                {
                  "node": "d",
                  "type": "line-start",
                  "ref": "P230148.5",
                  "n": "4",
                  "label": "o 4"
                },
                {
                  "node": "l",
                  "frag": "geme₂",
                  "id": "P230148.l11ede",
                  "ref": "P230148.5.1",
                  "inst": "%sux:geme₂=",
                  "f": {
                    "lang": "sux",
                    "form": "geme₂",
                    "delim": "",
                    "gdl": [
                      {
                        "v": "geme₂",
                        "id": "P230148.5.1.0",
                        "queried": "1"
                      }
                    ]
                  }
                },
                {
                  "node": "l",
                  "frag": "[...]",
                  "id": "P230148.l11edf",
                  "ref": "P230148.5.2",
                  "inst": "%sux:x=",
                  "f": {
                    "lang": "sux",
                    "form": "x",
                    "gdl": [
                      {
                        "x": "ellipsis",
                        "id": "P230148.5.2.0",
                        "breakStart": "1",
                        "break": "missing",
                        "o": "]",
                        "breakEnd": "P230148.5.2.0"
                      }
                    ]
                  }
                }
              ]
            },
            {
              "node": "c",
              "type": "sentence",
              "implicit": "yes",
              "tag": "#auto",
              "id": "P230148.U8",
              "label": "o 5",
              "cdl": [
                {
                  "node": "d",
                  "type": "line-start",
                  "ref": "P230148.6",
                  "n": "5",
                  "label": "o 5"
                },
                {
                  "node": "l",
                  "frag": "x",
                  "id": "P230148.l11ee0",
                  "ref": "P230148.6.1",
                  "inst": "%sux:x=",
                  "f": {
                    "lang": "sux",
                    "form": "x",
                    "delim": "",
                    "gdl": [
                      {
                        "v": "x",
                        "id": "P230148.6.1.0"
                      }
                    ]
                  }
                },
                {
                  "node": "l",
                  "frag": "dumu-ni-[...]",
                  "id": "P230148.l11ee1",
                  "ref": "P230148.6.2",
                  "inst": "%sux:dumu-ni-x=",
                  "f": {
                    "lang": "sux",
                    "form": "dumu-ni-x",
                    "gdl": [
                      {
                        "v": "dumu",
                        "id": "P230148.6.2.0",
                        "delim": "-"
                      },
                      {
                        "v": "ni",
                        "id": "P230148.6.2.1",
                        "delim": "-"
                      },
                      {
                        "x": "ellipsis",
                        "id": "P230148.6.2.2",
                        "breakStart": "1",
                        "break": "missing",
                        "o": "]",
                        "breakEnd": "P230148.6.2.2"
                      }
                    ]
                  }
                }
              ]
            },
            {
              "node": "c",
              "type": "sentence",
              "implicit": "yes",
              "tag": "#auto",
              "id": "P230148.U10",
              "label": "o 6",
              "cdl": [
                {
                  "node": "d",
                  "type": "line-start",
                  "ref": "P230148.7",
                  "n": "6",
                  "label": "o 6"
                },
                {
                  "node": "l",
                  "frag": "in-ga-x-x",
                  "id": "P230148.l11ee2",
                  "ref": "P230148.7.1",
                  "inst": "%sux:in-ga-x-x=",
                  "f": {
                    "lang": "sux",
                    "form": "in-ga-x-x",
                    "gdl": [
                      {
                        "v": "in",
                        "id": "P230148.7.1.0",
                        "delim": "-"
                      },
                      {
                        "v": "ga",
                        "id": "P230148.7.1.1",
                        "queried": "1",
                        "delim": "-"
                      },
                      {
                        "v": "x",
                        "id": "P230148.7.1.2",
                        "delim": "-"
                      },
                      {
                        "v": "x",
                        "id": "P230148.7.1.3"
                      }
                    ]
                  }
                }
              ]
            },
            {
              "node": "c",
              "type": "sentence",
              "implicit": "yes",
              "tag": "#auto",
              "id": "P230148.U12",
              "label": "o 7",
              "cdl": [
                {
                  "node": "d",
                  "type": "line-start",
                  "ref": "P230148.8",
                  "n": "7",
                  "label": "o 7"
                },
                {
                  "node": "l",
                  "frag": "pu₂-ta",
                  "id": "P230148.l11ee3",
                  "ref": "P230148.8.1",
                  "inst": "%sux:pu₂-ta=",
                  "f": {
                    "lang": "sux",
                    "form": "pu₂-ta",
                    "delim": "",
                    "gdl": [
                      {
                        "v": "pu₂",
                        "id": "P230148.8.1.0",
                        "delim": "-"
                      },
                      {
                        "v": "ta",
                        "id": "P230148.8.1.1"
                      }
                    ]
                  }
                },
                {
                  "node": "l",
                  "frag": "⸢pad₃-da⸣",
                  "id": "P230148.l11ee4",
                  "ref": "P230148.8.2",
                  "inst": "%sux:pad₃-da=",
                  "f": {
                    "lang": "sux",
                    "form": "pad₃-da",
                    "gdl": [
                      {
                        "v": "pad₃",
                        "id": "P230148.8.2.0",
                        "break": "damaged",
                        "ho": "1",
                        "delim": "-"
                      },
                      {
                        "v": "da",
                        "id": "P230148.8.2.1",
                        "break": "damaged",
                        "hc": "1"
                      }
                    ]
                  }
                }
              ]
            },
            {
              "node": "c",
              "type": "sentence",
              "implicit": "yes",
              "tag": "#auto",
              "id": "P230148.U14",
              "label": "o 8",
              "cdl": [
                {
                  "node": "d",
                  "type": "line-start",
                  "ref": "P230148.9",
                  "n": "8",
                  "label": "o 8"
                },
                {
                  "node": "l",
                  "frag": "⸢sila⸣-ta",
                  "id": "P230148.l11ee5",
                  "ref": "P230148.9.1",
                  "inst": "%sux:sila-ta=",
                  "f": {
                    "lang": "sux",
                    "form": "sila-ta",
                    "delim": "",
                    "gdl": [
                      {
                        "v": "sila",
                        "id": "P230148.9.1.0",
                        "break": "damaged",
                        "ho": "1",
                        "delim": "-",
                        "hc": "1"
                      },
                      {
                        "v": "ta",
                        "id": "P230148.9.1.1"
                      }
                    ]
                  }
                },
                {
                  "node": "l",
                  "frag": "kur₉-⸢ra⸣",
                  "id": "P230148.l11ee6",
                  "ref": "P230148.9.2",
                  "inst": "%sux:kur₉-ra=",
                  "f": {
                    "lang": "sux",
                    "form": "kur₉-ra",
                    "gdl": [
                      {
                        "v": "kur₉",
                        "id": "P230148.9.2.0",
                        "delim": "-"
                      },
                      {
                        "v": "ra",
                        "id": "P230148.9.2.1",
                        "break": "damaged",
                        "ho": "1",
                        "hc": "1"
                      }
                    ]
                  }
                }
              ]
            },
            {
              "node": "c",
              "type": "sentence",
              "implicit": "yes",
              "tag": "#auto",
              "id": "P230148.U16",
              "label": "o 9",
              "cdl": [
                {
                  "node": "d",
                  "type": "line-start",
                  "ref": "P230148.10",
                  "n": "9",
                  "label": "o 9"
                },
                {
                  "node": "l",
                  "frag": "ka",
                  "id": "P230148.l11ee7",
                  "ref": "P230148.10.1",
                  "inst": "%sux:ka=",
                  "f": {
                    "lang": "sux",
                    "form": "ka",
                    "delim": "",
                    "gdl": [
                      {
                        "v": "ka",
                        "id": "P230148.10.1.0"
                      }
                    ]
                  }
                },
                {
                  "node": "l",
                  "frag": "ur-gi₇-⸢ra-ta⸣",
                  "id": "P230148.l11ee8",
                  "ref": "P230148.10.2",
                  "inst": "%sux:ur-gi₇-ra-ta=",
                  "f": {
                    "lang": "sux",
                    "form": "ur-gi₇-ra-ta",
                    "gdl": [
                      {
                        "v": "ur",
                        "id": "P230148.10.2.0",
                        "delim": "-"
                      },
                      {
                        "v": "gi₇",
                        "id": "P230148.10.2.1",
                        "delim": "-"
                      },
                      {
                        "v": "ra",
                        "id": "P230148.10.2.2",
                        "break": "damaged",
                        "ho": "1",
                        "delim": "-"
                      },
                      {
                        "v": "ta",
                        "id": "P230148.10.2.3",
                        "break": "damaged",
                        "hc": "1"
                      }
                    ]
                  }
                }
              ]
            },
            {
              "node": "c",
              "type": "sentence",
              "implicit": "yes",
              "tag": "#auto",
              "id": "P230148.U18",
              "label": "o 10",
              "cdl": [
                {
                  "node": "d",
                  "type": "line-start",
                  "ref": "P230148.11",
                  "n": "10",
                  "label": "o 10"
                },
                {
                  "node": "l",
                  "frag": "ka-bi-⸢ta⸣",
                  "id": "P230148.l11ee9",
                  "ref": "P230148.11.1",
                  "inst": "%sux:ka-bi-ta=",
                  "f": {
                    "lang": "sux",
                    "form": "ka-bi-ta",
                    "gdl": [
                      {
                        "v": "ka",
                        "id": "P230148.11.1.0",
                        "delim": "-"
                      },
                      {
                        "v": "bi",
                        "id": "P230148.11.1.1",
                        "delim": "-"
                      },
                      {
                        "v": "ta",
                        "id": "P230148.11.1.2",
                        "break": "damaged",
                        "ho": "1",
                        "hc": "1"
                      }
                    ]
                  }
                }
              ]
            },
            {
              "node": "c",
              "type": "sentence",
              "implicit": "yes",
              "tag": "#auto",
              "id": "P230148.U20",
              "label": "o 11",
              "cdl": [
                {
                  "node": "d",
                  "type": "line-start",
                  "ref": "P230148.12",
                  "n": "11",
                  "label": "o 11"
                },
                {
                  "node": "l",
                  "frag": "kar",
                  "id": "P230148.l11eea",
                  "ref": "P230148.12.1",
                  "inst": "%sux:kar=",
                  "f": {
                    "lang": "sux",
                    "form": "kar",
                    "delim": "",
                    "gdl": [
                      {
                        "v": "kar",
                        "id": "P230148.12.1.0"
                      }
                    ]
                  }
                },
                {
                  "node": "l",
                  "frag": "in-ŋar",
                  "id": "P230148.l11eeb",
                  "ref": "P230148.12.2",
                  "inst": "%sux:in-ŋar=",
                  "f": {
                    "lang": "sux",
                    "form": "in-ŋar",
                    "gdl": [
                      {
                        "v": "in",
                        "id": "P230148.12.2.0",
                        "delim": "-"
                      },
                      {
                        "v": "ŋar",
                        "id": "P230148.12.2.1"
                      }
                    ]
                  }
                }
              ]
            },
            {
              "node": "c",
              "type": "sentence",
              "implicit": "yes",
              "tag": "#auto",
              "id": "P230148.U22",
              "label": "o 12",
              "cdl": [
                {
                  "node": "d",
                  "type": "line-start",
                  "ref": "P230148.13",
                  "n": "12",
                  "label": "o 12"
                },
                {
                  "node": "l",
                  "frag": "kug-še₃",
                  "id": "P230148.l11eec",
                  "ref": "P230148.13.1",
                  "inst": "%sux:kug-še₃=",
                  "f": {
                    "lang": "sux",
                    "form": "kug-še₃",
                    "delim": "",
                    "gdl": [
                      {
                        "v": "kug",
                        "id": "P230148.13.1.0",
                        "delim": "-"
                      },
                      {
                        "v": "še₃",
                        "id": "P230148.13.1.1"
                      }
                    ]
                  }
                },
                {
                  "node": "l",
                  "frag": "ba-ab-šum₂-mu",
                  "id": "P230148.l11eed",
                  "ref": "P230148.13.2",
                  "inst": "%sux:ba-ab-šum₂-mu=",
                  "f": {
                    "lang": "sux",
                    "form": "ba-ab-šum₂-mu",
                    "gdl": [
                      {
                        "v": "ba",
                        "id": "P230148.13.2.0",
                        "delim": "-"
                      },
                      {
                        "v": "ab",
                        "id": "P230148.13.2.1",
                        "delim": "-"
                      },
                      {
                        "v": "šum₂",
                        "id": "P230148.13.2.2",
                        "delim": "-"
                      },
                      {
                        "v": "mu",
                        "id": "P230148.13.2.3"
                      }
                    ]
                  }
                }
              ]
            },
            {
              "node": "c",
              "type": "sentence",
              "implicit": "yes",
              "tag": "#auto",
              "id": "P230148.U24",
              "label": "o 13",
              "cdl": [
                {
                  "node": "d",
                  "type": "line-start",
                  "ref": "P230148.14",
                  "n": "13",
                  "label": "o 13"
                },
                {
                  "node": "l",
                  "frag": "egir",
                  "id": "P230148.l11eee",
                  "ref": "P230148.14.1",
                  "inst": "%sux:egir=",
                  "f": {
                    "lang": "sux",
                    "form": "egir",
                    "delim": "",
                    "gdl": [
                      {
                        "v": "egir",
                        "id": "P230148.14.1.0"
                      }
                    ]
                  }
                },
                {
                  "node": "l",
                  "frag": "dam-a-ni-še₃",
                  "id": "P230148.l11eef",
                  "ref": "P230148.14.2",
                  "inst": "%sux:dam-a-ni-še₃=",
                  "f": {
                    "lang": "sux",
                    "form": "dam-a-ni-še₃",
                    "gdl": [
                      {
                        "v": "dam",
                        "id": "P230148.14.2.0",
                        "delim": "-"
                      },
                      {
                        "v": "a",
                        "id": "P230148.14.2.1",
                        "delim": "-"
                      },
                      {
                        "v": "ni",
                        "id": "P230148.14.2.2",
                        "delim": "-"
                      },
                      {
                        "v": "še₃",
                        "id": "P230148.14.2.3"
                      }
                    ]
                  }
                }
              ]
            },
            {
              "node": "c",
              "type": "sentence",
              "implicit": "yes",
              "tag": "#auto",
              "id": "P230148.U26",
              "label": "o 14",
              "cdl": [
                {
                  "node": "d",
                  "type": "line-start",
                  "ref": "P230148.15",
                  "n": "14",
                  "label": "o 14"
                },
                {
                  "node": "l",
                  "frag": "in-ŋar",
                  "id": "P230148.l11ef0",
                  "ref": "P230148.15.1",
                  "inst": "%sux:in-ŋar=",
                  "f": {
                    "lang": "sux",
                    "form": "in-ŋar",
                    "gdl": [
                      {
                        "v": "in",
                        "id": "P230148.15.1.0",
                        "delim": "-"
                      },
                      {
                        "v": "ŋar",
                        "id": "P230148.15.1.1"
                      }
                    ]
                  }
                }
              ]
            },
            {
              "node": "c",
              "type": "sentence",
              "implicit": "yes",
              "tag": "#auto",
              "id": "P230148.U28",
              "label": "o 15",
              "cdl": [
                {
                  "node": "d",
                  "type": "line-start",
                  "ref": "P230148.16",
                  "n": "15",
                  "label": "o 15"
                },
                {
                  "node": "l",
                  "frag": "nam-⸢ibila⸣-[...]",
                  "id": "P230148.l11ef1",
                  "ref": "P230148.16.1",
                  "inst": "%sux:nam-ibila-x=",
                  "f": {
                    "lang": "sux",
                    "form": "nam-ibila-x",
                    "gdl": [
                      {
                        "v": "nam",
                        "id": "P230148.16.1.0",
                        "delim": "-"
                      },
                      {
                        "v": "ibila",
                        "id": "P230148.16.1.1",
                        "break": "damaged",
                        "ho": "1",
                        "delim": "-",
                        "hc": "1"
                      },
                      {
                        "x": "ellipsis",
                        "id": "P230148.16.1.2",
                        "breakStart": "1",
                        "break": "missing",
                        "o": "]",
                        "breakEnd": "P230148.16.1.2"
                      }
                    ]
                  }
                }
              ]
            },
            {
              "node": "c",
              "type": "sentence",
              "implicit": "yes",
              "tag": "#auto",
              "id": "P230148.U30",
              "label": "o 16",
              "cdl": [
                {
                  "node": "d",
                  "type": "line-start",
                  "ref": "P230148.17",
                  "n": "16",
                  "label": "o 16"
                },
                {
                  "node": "l",
                  "frag": "ib₂-ta-⸢kur₉⸣-[...]",
                  "id": "P230148.l11ef2",
                  "ref": "P230148.17.1",
                  "inst": "%sux:ib₂-ta-kur₉-x=",
                  "f": {
                    "lang": "sux",
                    "form": "ib₂-ta-kur₉-x",
                    "gdl": [
                      {
                        "v": "ib₂",
                        "id": "P230148.17.1.0",
                        "delim": "-"
                      },
                      {
                        "v": "ta",
                        "id": "P230148.17.1.1",
                        "delim": "-"
                      },
                      {
                        "v": "kur₉",
                        "id": "P230148.17.1.2",
                        "break": "damaged",
                        "queried": "1",
                        "ho": "1",
                        "delim": "-",
                        "hc": "1"
                      },
                      {
                        "x": "ellipsis",
                        "id": "P230148.17.1.3",
                        "breakStart": "1",
                        "break": "missing",
                        "o": "]",
                        "breakEnd": "P230148.17.1.3"
                      }
                    ]
                  }
                }
              ]
            },
            {
              "node": "c",
              "type": "sentence",
              "implicit": "yes",
              "tag": "#auto",
              "id": "P230148.U32",
              "label": "o 17",
              "cdl": [
                {
                  "node": "d",
                  "type": "line-start",
                  "ref": "P230148.18",
                  "n": "17",
                  "label": "o 17"
                },
                {
                  "node": "l",
                  "frag": "nam-dam-še₃",
                  "id": "P230148.l11ef3",
                  "ref": "P230148.18.1",
                  "inst": "%sux:nam-dam-še₃=",
                  "f": {
                    "lang": "sux",
                    "form": "nam-dam-še₃",
                    "gdl": [
                      {
                        "v": "nam",
                        "id": "P230148.18.1.0",
                        "delim": "-"
                      },
                      {
                        "v": "dam",
                        "id": "P230148.18.1.1",
                        "delim": "-"
                      },
                      {
                        "v": "še₃",
                        "id": "P230148.18.1.2"
                      }
                    ]
                  }
                }
              ]
            },
            {
              "node": "c",
              "type": "sentence",
              "implicit": "yes",
              "tag": "#auto",
              "id": "P230148.U34",
              "label": "o 18",
              "cdl": [
                {
                  "node": "d",
                  "type": "line-start",
                  "ref": "P230148.19",
                  "n": "18",
                  "label": "o 18"
                },
                {
                  "node": "l",
                  "frag": "in-⸢tuku⸣",
                  "id": "P230148.l11ef4",
                  "ref": "P230148.19.1",
                  "inst": "%sux:in-tuku=",
                  "f": {
                    "lang": "sux",
                    "form": "in-tuku",
                    "gdl": [
                      {
                        "v": "in",
                        "id": "P230148.19.1.0",
                        "delim": "-"
                      },
                      {
                        "v": "tuku",
                        "id": "P230148.19.1.1",
                        "break": "damaged",
                        "ho": "1",
                        "hc": "1"
                      }
                    ]
                  }
                }
              ]
            },
            {
              "node": "c",
              "type": "sentence",
              "implicit": "yes",
              "tag": "#auto",
              "id": "P230148.U36",
              "label": "o 19",
              "cdl": [
                {
                  "node": "d",
                  "type": "line-start",
                  "ref": "P230148.20",
                  "n": "19",
                  "label": "o 19"
                },
                {
                  "node": "l",
                  "frag": "gibil-bi-eš",
                  "id": "P230148.l11ef5",
                  "ref": "P230148.20.1",
                  "inst": "%sux:gibil-bi-eš=",
                  "f": {
                    "lang": "sux",
                    "form": "gibil-bi-eš",
                    "delim": "",
                    "gdl": [
                      {
                        "v": "gibil",
                        "id": "P230148.20.1.0",
                        "delim": "-"
                      },
                      {
                        "v": "bi",
                        "id": "P230148.20.1.1",
                        "delim": "-"
                      },
                      {
                        "v": "eš",
                        "id": "P230148.20.1.2"
                      }
                    ]
                  }
                },
                {
                  "node": "l",
                  "frag": "a-x-x",
                  "id": "P230148.l11ef6",
                  "ref": "P230148.20.2",
                  "inst": "%sux:a-x-x=",
                  "f": {
                    "lang": "sux",
                    "form": "a-x-x",
                    "gdl": [
                      {
                        "v": "a",
                        "id": "P230148.20.2.0",
                        "delim": "-"
                      },
                      {
                        "v": "x",
                        "id": "P230148.20.2.1",
                        "delim": "-"
                      },
                      {
                        "v": "x",
                        "id": "P230148.20.2.2"
                      }
                    ]
                  }
                }
              ]
            },
            {
              "node": "c",
              "type": "sentence",
              "implicit": "yes",
              "tag": "#auto",
              "id": "P230148.U38",
              "label": "o 20",
              "cdl": [
                {
                  "node": "d",
                  "type": "line-start",
                  "ref": "P230148.21",
                  "n": "20",
                  "label": "o 20"
                },
                {
                  "node": "l",
                  "frag": "di-kud",
                  "id": "P230148.l11ef7",
                  "ref": "P230148.21.1",
                  "inst": "%sux:di-kud=",
                  "f": {
                    "lang": "sux",
                    "form": "di-kud",
                    "gdl": [
                      {
                        "v": "di",
                        "id": "P230148.21.1.0",
                        "delim": "-"
                      },
                      {
                        "v": "kud",
                        "id": "P230148.21.1.1"
                      }
                    ]
                  }
                }
              ]
            },
            {
              "node": "c",
              "type": "sentence",
              "implicit": "yes",
              "tag": "#auto",
              "id": "P230148.U40",
              "label": "o 21",
              "cdl": [
                {
                  "node": "d",
                  "type": "line-start",
                  "ref": "P230148.22",
                  "n": "21",
                  "label": "o 21"
                },
                {
                  "node": "l",
                  "frag": "di-kud",
                  "id": "P230148.l11ef8",
                  "ref": "P230148.22.1",
                  "inst": "%sux:di-kud=",
                  "f": {
                    "lang": "sux",
                    "form": "di-kud",
                    "delim": "",
                    "gdl": [
                      {
                        "v": "di",
                        "id": "P230148.22.1.0",
                        "delim": "-"
                      },
                      {
                        "v": "kud",
                        "id": "P230148.22.1.1"
                      }
                    ]
                  }
                },
                {
                  "node": "l",
                  "frag": "⸢iri⸣",
                  "id": "P230148.l11ef9",
                  "ref": "P230148.22.2",
                  "inst": "%sux:iri=",
                  "f": {
                    "lang": "sux",
                    "form": "iri",
                    "gdl": [
                      {
                        "v": "iri",
                        "id": "P230148.22.2.0",
                        "break": "damaged",
                        "ho": "1",
                        "hc": "1"
                      }
                    ]
                  }
                }
              ]
            },
            {
              "node": "c",
              "type": "sentence",
              "implicit": "yes",
              "tag": "#auto",
              "id": "P230148.U42",
              "label": "o 22",
              "cdl": [
                {
                  "node": "d",
                  "type": "line-start",
                  "ref": "P230148.23",
                  "n": "22",
                  "label": "o 22"
                },
                {
                  "node": "l",
                  "frag": "di-kud",
                  "id": "P230148.l11efa",
                  "ref": "P230148.23.1",
                  "inst": "%sux:di-kud=",
                  "f": {
                    "lang": "sux",
                    "form": "di-kud",
                    "delim": "",
                    "gdl": [
                      {
                        "v": "di",
                        "id": "P230148.23.1.0",
                        "delim": "-"
                      },
                      {
                        "v": "kud",
                        "id": "P230148.23.1.1"
                      }
                    ]
                  }
                },
                {
                  "node": "l",
                  "frag": "lugal",
                  "id": "P230148.l11efb",
                  "ref": "P230148.23.2",
                  "inst": "%sux:lugal=",
                  "f": {
                    "lang": "sux",
                    "form": "lugal",
                    "gdl": [
                      {
                        "v": "lugal",
                        "id": "P230148.23.2.0"
                      }
                    ]
                  }
                }
              ]
            },
            {
              "node": "c",
              "type": "sentence",
              "implicit": "yes",
              "tag": "#auto",
              "id": "P230148.U44",
              "label": "o 23",
              "cdl": [
                {
                  "node": "d",
                  "type": "line-start",
                  "ref": "P230148.24",
                  "n": "23",
                  "label": "o 23"
                },
                {
                  "node": "l",
                  "frag": "ugula",
                  "id": "P230148.l11efc",
                  "ref": "P230148.24.1",
                  "inst": "%sux:ugula=",
                  "f": {
                    "lang": "sux",
                    "form": "ugula",
                    "delim": "",
                    "gdl": [
                      {
                        "v": "ugula",
                        "id": "P230148.24.1.0"
                      }
                    ]
                  }
                },
                {
                  "node": "l",
                  "frag": "di-kud",
                  "id": "P230148.l11efd",
                  "ref": "P230148.24.2",
                  "inst": "%sux:di-kud=",
                  "f": {
                    "lang": "sux",
                    "form": "di-kud",
                    "gdl": [
                      {
                        "v": "di",
                        "id": "P230148.24.2.0",
                        "delim": "-"
                      },
                      {
                        "v": "kud",
                        "id": "P230148.24.2.1"
                      }
                    ]
                  }
                }
              ]
            },
            {
              "node": "c",
              "type": "sentence",
              "implicit": "yes",
              "tag": "#auto",
              "id": "P230148.U46",
              "label": "o 24",
              "cdl": [
                {
                  "node": "d",
                  "type": "line-start",
                  "ref": "P230148.25",
                  "n": "24",
                  "label": "o 24"
                },
                {
                  "node": "l",
                  "frag": "maškim",
                  "id": "P230148.l11efe",
                  "ref": "P230148.25.1",
                  "inst": "%sux:maškim=",
                  "f": {
                    "lang": "sux",
                    "form": "maškim",
                    "delim": "",
                    "gdl": [
                      {
                        "v": "maškim",
                        "id": "P230148.25.1.0"
                      }
                    ]
                  }
                },
                {
                  "node": "l",
                  "frag": "di-kud",
                  "id": "P230148.l11eff",
                  "ref": "P230148.25.2",
                  "inst": "%sux:di-kud=",
                  "f": {
                    "lang": "sux",
                    "form": "di-kud",
                    "gdl": [
                      {
                        "v": "di",
                        "id": "P230148.25.2.0",
                        "delim": "-"
                      },
                      {
                        "v": "kud",
                        "id": "P230148.25.2.1"
                      }
                    ]
                  }
                }
              ]
            }
          ]
        }
      ]
    }
  ]
}
