{
  "type": "cdl",
  "project": "dcclt",
  "source": "http://oracc.org/dcclt",
  "license": "This data is released under the CC0 license",
  "license-url": "https://creativecommons.org/publicdomain/zero/1.0/",
  "more-info": "http://oracc.org/doc/opendata/",
  "UTC-timestamp": "2019-01-29T00:13:32",
  "textid": "P230808",
  "cdl": [
    {
      "node": "c",
      "type": "text",
      "id": "P230808.U0",
      "cdl": [
        {
          "node": "d",
          "type": "object",
          "ref": ""
        },
        {
          "node": "d",
          "subtype": "obverse",
          "type": "obverse",
          "ref": "P230808.o.1",
          "label": "o"
        },
        {
          "node": "d",
          "subtype": "column 1o",
          "type": "column",
          "ref": "P230808.o.i.2",
          "n": "1",
          "label": "o i"
        },
        {
          "node": "c",
          "type": "discourse",
          "subtype": "body",
          "id": "P230808.U1",
          "cdl": [
            {
              "node": "c",
              "type": "sentence",
              "implicit": "yes",
              "id": "P230808.U2",
              "label": "o i 1",
              "cdl": [
                {
                  "node": "d",
                  "type": "line-start",
                  "ref": "P230808.3",
                  "n": "1",
                  "label": "o i 1"
                },
                {
                  "node": "l",
                  "frag": "ŋeš",
                  "id": "P230808.l1f1b5",
                  "ref": "P230808.3.1",
                  "inst": "%sux:ŋeš=",
                  "f": {
                    "lang": "sux",
                    "form": "ŋeš",
                    "delim": "",
                    "gdl": [
                      {
                        "v": "ŋeš",
                        "id": "P230808.3.1.0"
                      }
                    ]
                  }
                },
                {
                  "node": "l",
                  "frag": "[...]",
                  "id": "P230808.l1f1b6",
                  "ref": "P230808.3.2",
                  "inst": "%sux:x=",
                  "f": {
                    "lang": "sux",
                    "form": "x",
                    "gdl": [
                      {
                        "x": "ellipsis",
                        "id": "P230808.3.2.0",
                        "breakStart": "1",
                        "break": "missing",
                        "o": "]",
                        "breakEnd": "P230808.3.2.0"
                      }
                    ]
                  }
                }
              ]
            },
            {
              "node": "c",
              "type": "sentence",
              "implicit": "yes",
              "tag": "#auto",
              "id": "P230808.U4",
              "label": "o i 2",
              "cdl": [
                {
                  "node": "d",
                  "type": "line-start",
                  "ref": "P230808.4",
                  "n": "2",
                  "label": "o i 2"
                },
                {
                  "node": "l",
                  "frag": "ŋeš",
                  "id": "P230808.l1f1b7",
                  "ref": "P230808.4.1",
                  "inst": "%sux:ŋeš=",
                  "f": {
                    "lang": "sux",
                    "form": "ŋeš",
                    "delim": "",
                    "gdl": [
                      {
                        "v": "ŋeš",
                        "id": "P230808.4.1.0"
                      }
                    ]
                  }
                },
                {
                  "node": "l",
                  "frag": "šinig-[...]",
                  "id": "P230808.l1f1b8",
                  "ref": "P230808.4.2",
                  "inst": "%sux:šinig-x=",
                  "f": {
                    "lang": "sux",
                    "form": "šinig-x",
                    "gdl": [
                      {
                        "v": "šinig",
                        "id": "P230808.4.2.0",
                        "delim": "-"
                      },
                      {
                        "x": "ellipsis",
                        "id": "P230808.4.2.1",
                        "breakStart": "1",
                        "break": "missing",
                        "o": "]",
                        "breakEnd": "P230808.4.2.1"
                      }
                    ]
                  }
                }
              ]
            },
            {
              "node": "c",
              "type": "sentence",
              "implicit": "yes",
              "tag": "#auto",
              "id": "P230808.U6",
              "label": "o i 3",
              "cdl": [
                {
                  "node": "d",
                  "type": "line-start",
                  "ref": "P230808.5",
                  "n": "3",
                  "label": "o i 3"
                },
                {
                  "node": "l",
                  "frag": "ŋeš",
                  "id": "P230808.l1f1b9",
                  "ref": "P230808.5.1",
                  "inst": "%sux:ŋeš=",
                  "f": {
                    "lang": "sux",
                    "form": "ŋeš",
                    "delim": "",
                    "gdl": [
                      {
                        "v": "ŋeš",
                        "id": "P230808.5.1.0"
                      }
                    ]
                  }
                },
                {
                  "node": "l",
                  "frag": "šinig-kur-[...]",
                  "id": "P230808.l1f1ba",
                  "ref": "P230808.5.2",
                  "inst": "%sux:šinig-kur-x=",
                  "f": {
                    "lang": "sux",
                    "form": "šinig-kur-x",
                    "gdl": [
                      {
                        "v": "šinig",
                        "id": "P230808.5.2.0",
                        "delim": "-"
                      },
                      {
                        "v": "kur",
                        "id": "P230808.5.2.1",
                        "delim": "-"
                      },
                      {
                        "x": "ellipsis",
                        "id": "P230808.5.2.2",
                        "breakStart": "1",
                        "break": "missing",
                        "o": "]",
                        "breakEnd": "P230808.5.2.2"
                      }
                    ]
                  }
                }
              ]
            },
            {
              "node": "c",
              "type": "sentence",
              "implicit": "yes",
              "tag": "#auto",
              "id": "P230808.U8",
              "label": "o i 4",
              "cdl": [
                {
                  "node": "d",
                  "type": "line-start",
                  "ref": "P230808.6",
                  "n": "4",
                  "label": "o i 4"
                },
                {
                  "node": "l",
                  "frag": "ŋeš",
                  "id": "P230808.l1f1bb",
                  "ref": "P230808.6.1",
                  "inst": "%sux:ŋeš=",
                  "f": {
                    "lang": "sux",
                    "form": "ŋeš",
                    "delim": "",
                    "gdl": [
                      {
                        "v": "ŋeš",
                        "id": "P230808.6.1.0"
                      }
                    ]
                  }
                },
                {
                  "node": "l",
                  "frag": "šar₉-ša₄-[...]",
                  "id": "P230808.l1f1bc",
                  "ref": "P230808.6.2",
                  "inst": "%sux:šar₉-ša₄-x=",
                  "f": {
                    "lang": "sux",
                    "form": "šar₉-ša₄-x",
                    "gdl": [
                      {
                        "v": "šar₉",
                        "id": "P230808.6.2.0",
                        "delim": "-"
                      },
                      {
                        "v": "ša₄",
                        "id": "P230808.6.2.1",
                        "delim": "-"
                      },
                      {
                        "x": "ellipsis",
                        "id": "P230808.6.2.2",
                        "breakStart": "1",
                        "break": "missing",
                        "o": "]",
                        "breakEnd": "P230808.6.2.2"
                      }
                    ]
                  }
                }
              ]
            },
            {
              "node": "c",
              "type": "sentence",
              "implicit": "yes",
              "tag": "#auto",
              "id": "P230808.U10",
              "label": "o i 5",
              "cdl": [
                {
                  "node": "d",
                  "type": "line-start",
                  "ref": "P230808.7",
                  "n": "5",
                  "label": "o i 5"
                },
                {
                  "node": "l",
                  "frag": "ŋeš",
                  "id": "P230808.l1f1bd",
                  "ref": "P230808.7.1",
                  "inst": "%sux:ŋeš=",
                  "f": {
                    "lang": "sux",
                    "form": "ŋeš",
                    "delim": "",
                    "gdl": [
                      {
                        "v": "ŋeš",
                        "id": "P230808.7.1.0"
                      }
                    ]
                  }
                },
                {
                  "node": "l",
                  "frag": "MES-šar₉-ša₄-[...]",
                  "id": "P230808.l1f1be",
                  "ref": "P230808.7.2",
                  "inst": "%sux:MES-šar₉-ša₄-x=",
                  "f": {
                    "lang": "sux",
                    "form": "MES-šar₉-ša₄-x",
                    "gdl": [
                      {
                        "s": "MES",
                        "id": "P230808.7.2.0",
                        "delim": "-"
                      },
                      {
                        "v": "šar₉",
                        "id": "P230808.7.2.1",
                        "delim": "-"
                      },
                      {
                        "v": "ša₄",
                        "id": "P230808.7.2.2",
                        "delim": "-"
                      },
                      {
                        "x": "ellipsis",
                        "id": "P230808.7.2.3",
                        "breakStart": "1",
                        "break": "missing",
                        "o": "]",
                        "breakEnd": "P230808.7.2.3"
                      }
                    ]
                  }
                }
              ]
            },
            {
              "node": "c",
              "type": "sentence",
              "implicit": "yes",
              "tag": "#auto",
              "id": "P230808.U12",
              "label": "o i 6",
              "cdl": [
                {
                  "node": "d",
                  "type": "line-start",
                  "ref": "P230808.8",
                  "n": "6",
                  "label": "o i 6"
                },
                {
                  "node": "l",
                  "frag": "ŋeš",
                  "id": "P230808.l1f1bf",
                  "ref": "P230808.8.1",
                  "inst": "%sux:ŋeš=",
                  "f": {
                    "lang": "sux",
                    "form": "ŋeš",
                    "delim": "",
                    "gdl": [
                      {
                        "v": "ŋeš",
                        "id": "P230808.8.1.0"
                      }
                    ]
                  }
                },
                {
                  "node": "l",
                  "frag": "[...]",
                  "id": "P230808.l1f1c0",
                  "ref": "P230808.8.2",
                  "inst": "%sux:x=",
                  "f": {
                    "lang": "sux",
                    "form": "x",
                    "gdl": [
                      {
                        "x": "ellipsis",
                        "id": "P230808.8.2.0",
                        "breakStart": "1",
                        "break": "missing",
                        "o": "]",
                        "breakEnd": "P230808.8.2.0"
                      }
                    ]
                  }
                }
              ]
            }
          ]
        }
      ]
    }
  ]
}
