{
  "type": "cdl",
  "project": "dcclt",
  "source": "http://oracc.org/dcclt",
  "license": "This data is released under the CC0 license",
  "license-url": "https://creativecommons.org/publicdomain/zero/1.0/",
  "more-info": "http://oracc.org/doc/opendata/",
  "UTC-timestamp": "2019-01-29T00:13:43",
  "textid": "P231302",
  "cdl": [
    {
      "node": "c",
      "type": "text",
      "id": "P231302.U0",
      "cdl": [
        {
          "node": "d",
          "subtype": "tablet",
          "type": "tablet",
          "ref": "P231302.x1122.1",
          "label": "x1122"
        },
        {
          "node": "d",
          "type": "surface",
          "ref": ""
        },
        {
          "node": "d",
          "subtype": "column 1'",
          "type": "column",
          "ref": "P231302.i_.2",
          "n": "1",
          "label": "i'"
        },
        {
          "node": "d",
          "type": "nonx",
          "ref": "P231302.3",
          "strict": "0",
          "extent": "beginning",
          "state": "missing"
        },
        {
          "node": "c",
          "type": "discourse",
          "subtype": "body",
          "id": "P231302.U1",
          "cdl": [
            {
              "node": "c",
              "type": "sentence",
              "implicit": "yes",
              "id": "P231302.U2",
              "label": "i' 1'",
              "cdl": [
                {
                  "node": "d",
                  "type": "line-start",
                  "ref": "P231302.4",
                  "n": "1'",
                  "label": "i' 1'"
                },
                {
                  "node": "l",
                  "frag": "⸢udu",
                  "id": "P231302.l24532",
                  "ref": "P231302.4.1",
                  "inst": "%sux:udu=",
                  "f": {
                    "lang": "sux",
                    "form": "udu",
                    "delim": "",
                    "gdl": [
                      {
                        "v": "udu",
                        "id": "P231302.4.1.0",
                        "break": "damaged",
                        "ho": "1"
                      }
                    ]
                  }
                },
                {
                  "node": "l",
                  "frag": "zu₂-si⸣-[...]",
                  "id": "P231302.l24533",
                  "ref": "P231302.4.2",
                  "inst": "%sux:zu₂-si-x=",
                  "f": {
                    "lang": "sux",
                    "form": "zu₂-si-x",
                    "gdl": [
                      {
                        "v": "zu₂",
                        "id": "P231302.4.2.0",
                        "break": "damaged",
                        "delim": "-"
                      },
                      {
                        "v": "si",
                        "id": "P231302.4.2.1",
                        "break": "damaged",
                        "delim": "-",
                        "hc": "1"
                      },
                      {
                        "x": "ellipsis",
                        "id": "P231302.4.2.2",
                        "breakStart": "1",
                        "break": "missing",
                        "o": "]",
                        "breakEnd": "P231302.4.2.2"
                      }
                    ]
                  }
                }
              ]
            },
            {
              "node": "c",
              "type": "sentence",
              "implicit": "yes",
              "tag": "#auto",
              "id": "P231302.U4",
              "label": "i' 2'",
              "cdl": [
                {
                  "node": "d",
                  "type": "line-start",
                  "ref": "P231302.5",
                  "n": "2'",
                  "label": "i' 2'"
                },
                {
                  "node": "l",
                  "frag": "⸢udu⸣",
                  "id": "P231302.l24534",
                  "ref": "P231302.5.1",
                  "inst": "%sux:udu=",
                  "f": {
                    "lang": "sux",
                    "form": "udu",
                    "delim": "",
                    "gdl": [
                      {
                        "v": "udu",
                        "id": "P231302.5.1.0",
                        "break": "damaged",
                        "ho": "1",
                        "hc": "1"
                      }
                    ]
                  }
                },
                {
                  "node": "l",
                  "frag": "zu₂-si-⸢ga⸣",
                  "id": "P231302.l24535",
                  "ref": "P231302.5.2",
                  "inst": "%sux:zu₂-si-ga=",
                  "f": {
                    "lang": "sux",
                    "form": "zu₂-si-ga",
                    "delim": "",
                    "gdl": [
                      {
                        "v": "zu₂",
                        "id": "P231302.5.2.0",
                        "delim": "-"
                      },
                      {
                        "v": "si",
                        "id": "P231302.5.2.1",
                        "delim": "-"
                      },
                      {
                        "v": "ga",
                        "id": "P231302.5.2.2",
                        "break": "damaged",
                        "ho": "1",
                        "hc": "1"
                      }
                    ]
                  }
                },
                {
                  "node": "l",
                  "frag": "[...]",
                  "id": "P231302.l24536",
                  "ref": "P231302.5.3",
                  "inst": "%sux:x=",
                  "f": {
                    "lang": "sux",
                    "form": "x",
                    "gdl": [
                      {
                        "x": "ellipsis",
                        "id": "P231302.5.3.0",
                        "breakStart": "1",
                        "break": "missing",
                        "o": "]",
                        "breakEnd": "P231302.5.3.0"
                      }
                    ]
                  }
                }
              ]
            },
            {
              "node": "c",
              "type": "sentence",
              "implicit": "yes",
              "tag": "#auto",
              "id": "P231302.U6",
              "label": "i' 3'",
              "cdl": [
                {
                  "node": "d",
                  "type": "line-start",
                  "ref": "P231302.6",
                  "n": "3'",
                  "label": "i' 3'"
                },
                {
                  "node": "l",
                  "frag": "⸢udu⸣",
                  "id": "P231302.l24537",
                  "ref": "P231302.6.1",
                  "inst": "%sux:udu=",
                  "f": {
                    "lang": "sux",
                    "form": "udu",
                    "delim": "",
                    "gdl": [
                      {
                        "v": "udu",
                        "id": "P231302.6.1.0",
                        "break": "damaged",
                        "ho": "1",
                        "hc": "1"
                      }
                    ]
                  }
                },
                {
                  "node": "l",
                  "frag": "maš₂-[...]",
                  "id": "P231302.l24538",
                  "ref": "P231302.6.2",
                  "inst": "%sux:maš₂-x=",
                  "f": {
                    "lang": "sux",
                    "form": "maš₂-x",
                    "gdl": [
                      {
                        "v": "maš₂",
                        "id": "P231302.6.2.0",
                        "delim": "-"
                      },
                      {
                        "x": "ellipsis",
                        "id": "P231302.6.2.1",
                        "breakStart": "1",
                        "break": "missing",
                        "o": "]",
                        "breakEnd": "P231302.6.2.1"
                      }
                    ]
                  }
                }
              ]
            },
            {
              "node": "c",
              "type": "sentence",
              "implicit": "yes",
              "tag": "#auto",
              "id": "P231302.U8",
              "label": "i' 4'",
              "cdl": [
                {
                  "node": "d",
                  "type": "line-start",
                  "ref": "P231302.7",
                  "n": "4'",
                  "label": "i' 4'"
                },
                {
                  "node": "l",
                  "frag": "⸢udu",
                  "id": "P231302.l24539",
                  "ref": "P231302.7.1",
                  "inst": "%sux:udu=",
                  "f": {
                    "lang": "sux",
                    "form": "udu",
                    "delim": "",
                    "gdl": [
                      {
                        "v": "udu",
                        "id": "P231302.7.1.0",
                        "break": "damaged",
                        "ho": "1"
                      }
                    ]
                  }
                },
                {
                  "node": "l",
                  "frag": "maš₂⸣-[...]",
                  "id": "P231302.l2453a",
                  "ref": "P231302.7.2",
                  "inst": "%sux:maš₂-x=",
                  "f": {
                    "lang": "sux",
                    "form": "maš₂-x",
                    "gdl": [
                      {
                        "v": "maš₂",
                        "id": "P231302.7.2.0",
                        "break": "damaged",
                        "delim": "-",
                        "hc": "1"
                      },
                      {
                        "x": "ellipsis",
                        "id": "P231302.7.2.1",
                        "breakStart": "1",
                        "break": "missing",
                        "o": "]",
                        "breakEnd": "P231302.7.2.1"
                      }
                    ]
                  }
                },
                {
                  "node": "d",
                  "type": "nonx",
                  "ref": "P231302.8",
                  "strict": "0",
                  "state": "missing"
                }
              ]
            }
          ]
        }
      ]
    }
  ]
}
