{
  "type": "cdl",
  "project": "dcclt",
  "source": "http://oracc.org/dcclt",
  "license": "This data is released under the CC0 license",
  "license-url": "https://creativecommons.org/publicdomain/zero/1.0/",
  "more-info": "http://oracc.org/doc/opendata/",
  "UTC-timestamp": "2019-01-29T00:13:51",
  "textid": "P235801",
  "cdl": [
    {
      "node": "c",
      "type": "text",
      "id": "P235801.U0",
      "cdl": [
        {
          "node": "d",
          "subtype": "tablet",
          "type": "tablet",
          "ref": "P235801.x1068.1",
          "label": "x1068"
        },
        {
          "node": "d",
          "subtype": "reverse",
          "type": "reverse",
          "ref": "P235801.r.2",
          "label": "r"
        },
        {
          "node": "d",
          "subtype": "column 1r",
          "type": "column",
          "ref": "P235801.r.i.3",
          "n": "1",
          "label": "r i"
        },
        {
          "node": "c",
          "type": "discourse",
          "subtype": "body",
          "id": "P235801.U1",
          "cdl": [
            {
              "node": "c",
              "type": "sentence",
              "implicit": "yes",
              "id": "P235801.U2",
              "label": "r i 1'",
              "cdl": [
                {
                  "node": "d",
                  "type": "line-start",
                  "ref": "P235801.4",
                  "n": "1'",
                  "label": "r i 1'"
                },
                {
                  "node": "l",
                  "frag": "⸢eh⸣",
                  "id": "P235801.l23dc2",
                  "ref": "P235801.4.1",
                  "inst": "%sux:eh=",
                  "f": {
                    "lang": "sux",
                    "form": "eh",
                    "delim": "",
                    "gdl": [
                      {
                        "v": "eh",
                        "id": "P235801.4.1.0",
                        "break": "damaged",
                        "ho": "1",
                        "hc": "1"
                      }
                    ]
                  }
                },
                {
                  "node": "l",
                  "frag": "[...]",
                  "id": "P235801.l23dc3",
                  "ref": "P235801.4.2",
                  "inst": "%sux:x=",
                  "f": {
                    "lang": "sux",
                    "form": "x",
                    "gdl": [
                      {
                        "x": "ellipsis",
                        "id": "P235801.4.2.0",
                        "breakStart": "1",
                        "break": "missing",
                        "o": "]",
                        "breakEnd": "P235801.4.2.0"
                      }
                    ]
                  }
                }
              ]
            },
            {
              "node": "c",
              "type": "sentence",
              "implicit": "yes",
              "tag": "#auto",
              "id": "P235801.U4",
              "label": "r i 2'",
              "cdl": [
                {
                  "node": "d",
                  "type": "line-start",
                  "ref": "P235801.5",
                  "n": "2'",
                  "label": "r i 2'"
                },
                {
                  "node": "l",
                  "frag": "eh",
                  "id": "P235801.l23dc4",
                  "ref": "P235801.5.1",
                  "inst": "%sux:eh=",
                  "f": {
                    "lang": "sux",
                    "form": "eh",
                    "delim": "",
                    "gdl": [
                      {
                        "v": "eh",
                        "id": "P235801.5.1.0"
                      }
                    ]
                  }
                },
                {
                  "node": "l",
                  "frag": "⸢saŋ⸣-[...]",
                  "id": "P235801.l23dc5",
                  "ref": "P235801.5.2",
                  "inst": "%sux:saŋ-x=",
                  "f": {
                    "lang": "sux",
                    "form": "saŋ-x",
                    "gdl": [
                      {
                        "v": "saŋ",
                        "id": "P235801.5.2.0",
                        "break": "damaged",
                        "ho": "1",
                        "delim": "-",
                        "hc": "1"
                      },
                      {
                        "x": "ellipsis",
                        "id": "P235801.5.2.1",
                        "breakStart": "1",
                        "break": "missing",
                        "o": "]",
                        "breakEnd": "P235801.5.2.1"
                      }
                    ]
                  }
                }
              ]
            },
            {
              "node": "c",
              "type": "sentence",
              "implicit": "yes",
              "tag": "#auto",
              "id": "P235801.U6",
              "label": "r i 3'",
              "cdl": [
                {
                  "node": "d",
                  "type": "line-start",
                  "ref": "P235801.6",
                  "n": "3'",
                  "label": "r i 3'"
                },
                {
                  "node": "l",
                  "frag": "eh",
                  "id": "P235801.l23dc6",
                  "ref": "P235801.6.1",
                  "inst": "%sux:eh=",
                  "f": {
                    "lang": "sux",
                    "form": "eh",
                    "delim": "",
                    "gdl": [
                      {
                        "v": "eh",
                        "id": "P235801.6.1.0"
                      }
                    ]
                  }
                },
                {
                  "node": "l",
                  "frag": "a-[...]",
                  "id": "P235801.l23dc7",
                  "ref": "P235801.6.2",
                  "inst": "%sux:a-x=",
                  "f": {
                    "lang": "sux",
                    "form": "a-x",
                    "gdl": [
                      {
                        "v": "a",
                        "id": "P235801.6.2.0",
                        "delim": "-"
                      },
                      {
                        "x": "ellipsis",
                        "id": "P235801.6.2.1",
                        "breakStart": "1",
                        "break": "missing",
                        "o": "]",
                        "breakEnd": "P235801.6.2.1"
                      }
                    ]
                  }
                }
              ]
            },
            {
              "node": "c",
              "type": "sentence",
              "implicit": "yes",
              "tag": "#auto",
              "id": "P235801.U8",
              "label": "r i 4'",
              "cdl": [
                {
                  "node": "d",
                  "type": "line-start",
                  "ref": "P235801.7",
                  "n": "4'",
                  "label": "r i 4'"
                },
                {
                  "node": "l",
                  "frag": "eh",
                  "id": "P235801.l23dc8",
                  "ref": "P235801.7.1",
                  "inst": "%sux:eh=",
                  "f": {
                    "lang": "sux",
                    "form": "eh",
                    "delim": "",
                    "gdl": [
                      {
                        "v": "eh",
                        "id": "P235801.7.1.0"
                      }
                    ]
                  }
                },
                {
                  "node": "l",
                  "frag": "[...]",
                  "id": "P235801.l23dc9",
                  "ref": "P235801.7.2",
                  "inst": "%sux:x=",
                  "f": {
                    "lang": "sux",
                    "form": "x",
                    "gdl": [
                      {
                        "x": "ellipsis",
                        "id": "P235801.7.2.0",
                        "breakStart": "1",
                        "break": "missing",
                        "o": "]",
                        "breakEnd": "P235801.7.2.0"
                      }
                    ]
                  }
                }
              ]
            },
            {
              "node": "c",
              "type": "sentence",
              "implicit": "yes",
              "tag": "#auto",
              "id": "P235801.U10",
              "label": "r i 5'",
              "cdl": [
                {
                  "node": "d",
                  "type": "line-start",
                  "ref": "P235801.8",
                  "n": "5'",
                  "label": "r i 5'"
                },
                {
                  "node": "l",
                  "frag": "eh",
                  "id": "P235801.l23dca",
                  "ref": "P235801.8.1",
                  "inst": "%sux:eh=",
                  "f": {
                    "lang": "sux",
                    "form": "eh",
                    "delim": "",
                    "gdl": [
                      {
                        "v": "eh",
                        "id": "P235801.8.1.0"
                      }
                    ]
                  }
                },
                {
                  "node": "l",
                  "frag": "[...]",
                  "id": "P235801.l23dcb",
                  "ref": "P235801.8.2",
                  "inst": "%sux:x=",
                  "f": {
                    "lang": "sux",
                    "form": "x",
                    "gdl": [
                      {
                        "x": "ellipsis",
                        "id": "P235801.8.2.0",
                        "breakStart": "1",
                        "break": "missing",
                        "o": "]",
                        "breakEnd": "P235801.8.2.0"
                      }
                    ]
                  }
                }
              ]
            },
            {
              "node": "c",
              "type": "sentence",
              "implicit": "yes",
              "tag": "#auto",
              "id": "P235801.U12",
              "label": "r i 6'",
              "cdl": [
                {
                  "node": "d",
                  "type": "line-start",
                  "ref": "P235801.9",
                  "n": "6'",
                  "label": "r i 6'"
                },
                {
                  "node": "l",
                  "frag": "eh",
                  "id": "P235801.l23dcc",
                  "ref": "P235801.9.1",
                  "inst": "%sux:eh=",
                  "f": {
                    "lang": "sux",
                    "form": "eh",
                    "delim": "",
                    "gdl": [
                      {
                        "v": "eh",
                        "id": "P235801.9.1.0"
                      }
                    ]
                  }
                },
                {
                  "node": "l",
                  "frag": "zi₃-[...]",
                  "id": "P235801.l23dcd",
                  "ref": "P235801.9.2",
                  "inst": "%sux:zi₃-x=",
                  "f": {
                    "lang": "sux",
                    "form": "zi₃-x",
                    "gdl": [
                      {
                        "v": "zi₃",
                        "id": "P235801.9.2.0",
                        "delim": "-"
                      },
                      {
                        "x": "ellipsis",
                        "id": "P235801.9.2.1",
                        "breakStart": "1",
                        "break": "missing",
                        "o": "]",
                        "breakEnd": "P235801.9.2.1"
                      }
                    ]
                  }
                }
              ]
            },
            {
              "node": "c",
              "type": "sentence",
              "implicit": "yes",
              "tag": "#auto",
              "id": "P235801.U14",
              "label": "r i 7'",
              "cdl": [
                {
                  "node": "d",
                  "type": "line-start",
                  "ref": "P235801.10",
                  "n": "7'",
                  "label": "r i 7'"
                },
                {
                  "node": "l",
                  "frag": "eh",
                  "id": "P235801.l23dce",
                  "ref": "P235801.10.1",
                  "inst": "%sux:eh=",
                  "f": {
                    "lang": "sux",
                    "form": "eh",
                    "delim": "",
                    "gdl": [
                      {
                        "v": "eh",
                        "id": "P235801.10.1.0"
                      }
                    ]
                  }
                },
                {
                  "node": "l",
                  "frag": "ŋeš-[...]",
                  "id": "P235801.l23dcf",
                  "ref": "P235801.10.2",
                  "inst": "%sux:ŋeš-x=",
                  "f": {
                    "lang": "sux",
                    "form": "ŋeš-x",
                    "gdl": [
                      {
                        "v": "ŋeš",
                        "id": "P235801.10.2.0",
                        "delim": "-"
                      },
                      {
                        "x": "ellipsis",
                        "id": "P235801.10.2.1",
                        "breakStart": "1",
                        "break": "missing",
                        "o": "]",
                        "breakEnd": "P235801.10.2.1"
                      }
                    ]
                  }
                }
              ]
            },
            {
              "node": "c",
              "type": "sentence",
              "implicit": "yes",
              "tag": "#auto",
              "id": "P235801.U16",
              "label": "r i 8'",
              "cdl": [
                {
                  "node": "d",
                  "type": "line-start",
                  "ref": "P235801.11",
                  "n": "8'",
                  "label": "r i 8'"
                },
                {
                  "node": "l",
                  "frag": "⸢eh⸣",
                  "id": "P235801.l23dd0",
                  "ref": "P235801.11.1",
                  "inst": "%sux:eh=",
                  "f": {
                    "lang": "sux",
                    "form": "eh",
                    "delim": "",
                    "gdl": [
                      {
                        "v": "eh",
                        "id": "P235801.11.1.0",
                        "break": "damaged",
                        "ho": "1",
                        "hc": "1"
                      }
                    ]
                  }
                },
                {
                  "node": "l",
                  "frag": "[...]",
                  "id": "P235801.l23dd1",
                  "ref": "P235801.11.2",
                  "inst": "%sux:x=",
                  "f": {
                    "lang": "sux",
                    "form": "x",
                    "gdl": [
                      {
                        "x": "ellipsis",
                        "id": "P235801.11.2.0",
                        "breakStart": "1",
                        "break": "missing",
                        "o": "]",
                        "breakEnd": "P235801.11.2.0"
                      }
                    ]
                  }
                },
                {
                  "node": "d",
                  "type": "nonx",
                  "ref": "P235801.12",
                  "strict": "1",
                  "extent": "1",
                  "scope": "line",
                  "state": "traces"
                },
                {
                  "node": "d",
                  "subtype": "column 2r",
                  "type": "column",
                  "ref": "P235801.r.ii.13",
                  "n": "2",
                  "label": "r ii"
                }
              ]
            },
            {
              "node": "c",
              "type": "sentence",
              "implicit": "yes",
              "tag": "#auto",
              "id": "P235801.U18",
              "label": "r ii 1'",
              "cdl": [
                {
                  "node": "d",
                  "type": "line-start",
                  "ref": "P235801.14",
                  "n": "1'",
                  "label": "r ii 1'"
                },
                {
                  "node": "l",
                  "frag": "megidaₓ(KUN)",
                  "id": "P235801.l23dd2",
                  "ref": "P235801.14.1",
                  "inst": "%sux:megidaₓ(KUN)=",
                  "f": {
                    "lang": "sux",
                    "form": "megidaₓ(KUN)",
                    "gdl": [
                      {
                        "q": "megidaₓ(KUN)",
                        "id": "P235801.14.1.0",
                        "break": "damaged",
                        "ho": "1",
                        "hc": "1",
                        "qualified": [
                          {
                            "v": "megidaₓ"
                          },
                          {
                            "s": "KUN"
                          }
                        ]
                      }
                    ]
                  }
                }
              ]
            },
            {
              "node": "c",
              "type": "sentence",
              "implicit": "yes",
              "tag": "#auto",
              "id": "P235801.U20",
              "label": "r ii 2'",
              "cdl": [
                {
                  "node": "d",
                  "type": "line-start",
                  "ref": "P235801.15",
                  "n": "2'",
                  "label": "r ii 2'"
                },
                {
                  "node": "l",
                  "frag": "⸢kiši₈⸣",
                  "id": "P235801.l23dd3",
                  "ref": "P235801.15.1",
                  "inst": "%sux:kiši₈=",
                  "f": {
                    "lang": "sux",
                    "form": "kiši₈",
                    "gdl": [
                      {
                        "v": "kiši₈",
                        "id": "P235801.15.1.0",
                        "break": "damaged",
                        "ho": "1",
                        "hc": "1"
                      }
                    ]
                  }
                }
              ]
            },
            {
              "node": "c",
              "type": "sentence",
              "implicit": "yes",
              "tag": "#auto",
              "id": "P235801.U22",
              "label": "r ii 3'",
              "cdl": [
                {
                  "node": "d",
                  "type": "line-start",
                  "ref": "P235801.16",
                  "n": "3'",
                  "label": "r ii 3'"
                },
                {
                  "node": "l",
                  "frag": "[...]-ri",
                  "id": "P235801.l23dd4",
                  "ref": "P235801.16.1",
                  "inst": "%sux:x-ri=",
                  "f": {
                    "lang": "sux",
                    "form": "x-ri",
                    "gdl": [
                      {
                        "x": "ellipsis",
                        "id": "P235801.16.1.0",
                        "breakStart": "1",
                        "break": "missing",
                        "o": "]",
                        "breakEnd": "P235801.16.1.0",
                        "delim": "-"
                      },
                      {
                        "v": "ri",
                        "id": "P235801.16.1.1"
                      }
                    ]
                  }
                }
              ]
            },
            {
              "node": "c",
              "type": "sentence",
              "implicit": "yes",
              "tag": "#auto",
              "id": "P235801.U24",
              "label": "r ii 4'",
              "cdl": [
                {
                  "node": "d",
                  "type": "line-start",
                  "ref": "P235801.17",
                  "n": "4'",
                  "label": "r ii 4'"
                },
                {
                  "node": "l",
                  "frag": "[...]-a",
                  "id": "P235801.l23dd5",
                  "ref": "P235801.17.1",
                  "inst": "%sux:x-a=",
                  "f": {
                    "lang": "sux",
                    "form": "x-a",
                    "gdl": [
                      {
                        "x": "ellipsis",
                        "id": "P235801.17.1.0",
                        "breakStart": "1",
                        "break": "missing",
                        "o": "]",
                        "breakEnd": "P235801.17.1.0",
                        "delim": "-"
                      },
                      {
                        "v": "a",
                        "id": "P235801.17.1.1"
                      }
                    ]
                  }
                }
              ]
            },
            {
              "node": "c",
              "type": "sentence",
              "implicit": "yes",
              "tag": "#auto",
              "id": "P235801.U26",
              "label": "r ii 5'",
              "cdl": [
                {
                  "node": "d",
                  "type": "line-start",
                  "ref": "P235801.18",
                  "n": "5'",
                  "label": "r ii 5'"
                },
                {
                  "node": "l",
                  "frag": "[...]-sig₇",
                  "id": "P235801.l23dd6",
                  "ref": "P235801.18.1",
                  "inst": "%sux:x-sig₇=",
                  "f": {
                    "lang": "sux",
                    "form": "x-sig₇",
                    "gdl": [
                      {
                        "x": "ellipsis",
                        "id": "P235801.18.1.0",
                        "breakStart": "1",
                        "break": "missing",
                        "o": "]",
                        "breakEnd": "P235801.18.1.0",
                        "delim": "-"
                      },
                      {
                        "v": "sig₇",
                        "id": "P235801.18.1.1"
                      }
                    ]
                  }
                }
              ]
            },
            {
              "node": "c",
              "type": "sentence",
              "implicit": "yes",
              "tag": "#auto",
              "id": "P235801.U28",
              "label": "r ii 6'",
              "cdl": [
                {
                  "node": "d",
                  "type": "line-start",
                  "ref": "P235801.19",
                  "n": "6'",
                  "label": "r ii 6'"
                },
                {
                  "node": "l",
                  "frag": "[...]-mul",
                  "id": "P235801.l23dd7",
                  "ref": "P235801.19.1",
                  "inst": "%sux:x-mul=",
                  "f": {
                    "lang": "sux",
                    "form": "x-mul",
                    "gdl": [
                      {
                        "x": "ellipsis",
                        "id": "P235801.19.1.0",
                        "breakStart": "1",
                        "break": "missing",
                        "o": "]",
                        "breakEnd": "P235801.19.1.0",
                        "delim": "-"
                      },
                      {
                        "v": "mul",
                        "id": "P235801.19.1.1"
                      }
                    ]
                  }
                },
                {
                  "node": "d",
                  "type": "nonx",
                  "ref": "P235801.20",
                  "strict": "1",
                  "extent": "1",
                  "scope": "line",
                  "state": "traces"
                }
              ]
            }
          ]
        }
      ]
    }
  ]
}
