{
  "type": "cdl",
  "project": "dcclt",
  "source": "http://oracc.org/dcclt",
  "license": "This data is released under the CC0 license",
  "license-url": "https://creativecommons.org/publicdomain/zero/1.0/",
  "more-info": "http://oracc.org/doc/opendata/",
  "UTC-timestamp": "2019-01-29T00:13:50",
  "textid": "P235673",
  "cdl": [
    {
      "node": "c",
      "type": "text",
      "id": "P235673.U0",
      "cdl": [
        {
          "node": "d",
          "subtype": "object cylinder",
          "type": "object",
          "ref": "P235673.x105.1",
          "n": "cylinder",
          "label": "x105"
        },
        {
          "node": "d",
          "type": "surface",
          "ref": ""
        },
        {
          "node": "d",
          "subtype": "column 1'",
          "type": "column",
          "ref": "P235673.i_.2",
          "n": "1",
          "label": "i'"
        },
        {
          "node": "c",
          "type": "discourse",
          "subtype": "body",
          "id": "P235673.U1",
          "cdl": [
            {
              "node": "c",
              "type": "sentence",
              "implicit": "yes",
              "id": "P235673.U2",
              "label": "i' 1",
              "cdl": [
                {
                  "node": "d",
                  "type": "line-start",
                  "ref": "P235673.3",
                  "n": "1",
                  "label": "i' 1"
                },
                {
                  "node": "l",
                  "frag": "[...]",
                  "id": "P235673.l07932",
                  "ref": "P235673.3.1",
                  "inst": "u",
                  "f": {
                    "lang": "sux",
                    "form": "x",
                    "delim": "",
                    "gdl": [
                      {
                        "x": "ellipsis",
                        "id": "P235673.3.1.0",
                        "breakStart": "1",
                        "break": "missing",
                        "o": "]",
                        "breakEnd": "P235673.3.1.0"
                      }
                    ],
                    "pos": "u"
                  }
                },
                {
                  "node": "l",
                  "frag": "anše",
                  "id": "P235673.l07933",
                  "ref": "P235673.3.2",
                  "inst": "ansze[equid]",
                  "exosig": "@dcclt%sux:anše=anše[equid//equid, donkey]N'N$anše/anše#~",
                  "exoprj": "epsd2",
                  "exolng": "sux",
                  "f": {
                    "lang": "sux",
                    "form": "anše",
                    "gdl": [
                      {
                        "v": "anše",
                        "id": "P235673.3.2.0"
                      }
                    ],
                    "cf": "anše",
                    "gw": "equid",
                    "sense": "equid, donkey",
                    "norm0": "anše",
                    "pos": "N",
                    "epos": "N",
                    "base": "anše",
                    "morph": "~"
                  }
                }
              ]
            },
            {
              "node": "c",
              "type": "sentence",
              "implicit": "yes",
              "tag": "#auto",
              "id": "P235673.U4",
              "label": "i' 2",
              "cdl": [
                {
                  "node": "d",
                  "type": "line-start",
                  "ref": "P235673.4",
                  "n": "2",
                  "label": "i' 2"
                },
                {
                  "node": "l",
                  "frag": "⸢e₂⸣-nu-si",
                  "id": "P235673.l07934",
                  "ref": "P235673.4.1",
                  "inst": "PN",
                  "f": {
                    "lang": "sux",
                    "form": "e₂-nu-si",
                    "gdl": [
                      {
                        "v": "e₂",
                        "id": "P235673.4.1.0",
                        "break": "damaged",
                        "ho": "1",
                        "delim": "-",
                        "hc": "1"
                      },
                      {
                        "v": "nu",
                        "id": "P235673.4.1.1",
                        "delim": "-"
                      },
                      {
                        "v": "si",
                        "id": "P235673.4.1.2"
                      }
                    ],
                    "pos": "PN"
                  }
                }
              ]
            },
            {
              "node": "c",
              "type": "sentence",
              "implicit": "yes",
              "tag": "#auto",
              "id": "P235673.U6",
              "label": "i' 3",
              "cdl": [
                {
                  "node": "d",
                  "type": "line-start",
                  "ref": "P235673.5",
                  "n": "3",
                  "label": "i' 3"
                },
                {
                  "node": "l",
                  "frag": "⸢šubur⸣{ki}",
                  "id": "P235673.l07935",
                  "ref": "P235673.5.1",
                  "inst": "GN",
                  "f": {
                    "lang": "sux",
                    "form": "šubur{ki}",
                    "gdl": [
                      {
                        "v": "šubur",
                        "id": "P235673.5.1.0",
                        "break": "damaged",
                        "ho": "1",
                        "hc": "1"
                      },
                      {
                        "det": "semantic",
                        "pos": "post",
                        "seq": [
                          {
                            "v": "ki",
                            "id": "P235673.5.1.1"
                          }
                        ]
                      }
                    ],
                    "pos": "GN"
                  }
                }
              ]
            },
            {
              "node": "c",
              "type": "sentence",
              "implicit": "yes",
              "tag": "#auto",
              "id": "P235673.U8",
              "label": "i' 4",
              "cdl": [
                {
                  "node": "d",
                  "type": "line-start",
                  "ref": "P235673.6",
                  "n": "4",
                  "label": "i' 4"
                },
                {
                  "node": "l",
                  "frag": "[mes]-pa-e₃-a",
                  "id": "P235673.l07936",
                  "ref": "P235673.6.1",
                  "inst": "PN",
                  "f": {
                    "lang": "sux",
                    "form": "mes-pa-e₃-a",
                    "gdl": [
                      {
                        "v": "mes",
                        "id": "P235673.6.1.0",
                        "breakStart": "1",
                        "o": "]",
                        "break": "missing",
                        "breakEnd": "P235673.6.1.0",
                        "delim": "-"
                      },
                      {
                        "v": "pa",
                        "id": "P235673.6.1.1",
                        "delim": "-"
                      },
                      {
                        "v": "e₃",
                        "id": "P235673.6.1.2",
                        "delim": "-"
                      },
                      {
                        "v": "a",
                        "id": "P235673.6.1.3"
                      }
                    ],
                    "pos": "PN"
                  }
                }
              ]
            },
            {
              "node": "c",
              "type": "sentence",
              "implicit": "yes",
              "tag": "#auto",
              "id": "P235673.U10",
              "label": "i' 5",
              "cdl": [
                {
                  "node": "d",
                  "type": "line-start",
                  "ref": "P235673.7",
                  "n": "5",
                  "label": "i' 5"
                },
                {
                  "node": "l",
                  "frag": "[...]-⸢in⸣-U",
                  "id": "P235673.l07937",
                  "ref": "P235673.7.1",
                  "inst": "u",
                  "f": {
                    "lang": "sux",
                    "form": "x-in-U",
                    "gdl": [
                      {
                        "x": "ellipsis",
                        "id": "P235673.7.1.0",
                        "breakStart": "1",
                        "break": "missing",
                        "o": "]",
                        "breakEnd": "P235673.7.1.0",
                        "delim": "-"
                      },
                      {
                        "v": "in",
                        "id": "P235673.7.1.1",
                        "break": "damaged",
                        "ho": "1",
                        "delim": "-",
                        "hc": "1"
                      },
                      {
                        "s": "U",
                        "id": "P235673.7.1.2"
                      }
                    ],
                    "pos": "u"
                  }
                }
              ]
            },
            {
              "node": "c",
              "type": "sentence",
              "implicit": "yes",
              "tag": "#auto",
              "id": "P235673.U12",
              "label": "i' 6",
              "cdl": [
                {
                  "node": "d",
                  "type": "line-start",
                  "ref": "P235673.8",
                  "n": "6",
                  "label": "i' 6"
                },
                {
                  "node": "l",
                  "frag": "[...]-nu",
                  "id": "P235673.l07938",
                  "ref": "P235673.8.1",
                  "inst": "PN",
                  "f": {
                    "lang": "sux",
                    "form": "x-nu",
                    "gdl": [
                      {
                        "x": "ellipsis",
                        "id": "P235673.8.1.0",
                        "breakStart": "1",
                        "break": "missing",
                        "o": "]",
                        "breakEnd": "P235673.8.1.0",
                        "delim": "-"
                      },
                      {
                        "v": "nu",
                        "id": "P235673.8.1.1"
                      }
                    ],
                    "pos": "PN"
                  }
                }
              ]
            },
            {
              "node": "c",
              "type": "sentence",
              "implicit": "yes",
              "tag": "#auto",
              "id": "P235673.U14",
              "label": "i' 7",
              "cdl": [
                {
                  "node": "d",
                  "type": "line-start",
                  "ref": "P235673.9",
                  "n": "7",
                  "label": "i' 7"
                },
                {
                  "node": "l",
                  "frag": "[...]-X-a",
                  "id": "P235673.l07939",
                  "ref": "P235673.9.1",
                  "inst": "GN",
                  "f": {
                    "lang": "sux",
                    "form": "x-X-a",
                    "gdl": [
                      {
                        "x": "ellipsis",
                        "id": "P235673.9.1.0",
                        "breakStart": "1",
                        "break": "missing",
                        "o": "]",
                        "breakEnd": "P235673.9.1.0",
                        "delim": "-"
                      },
                      {
                        "s": "X",
                        "id": "P235673.9.1.1",
                        "delim": "-"
                      },
                      {
                        "v": "a",
                        "id": "P235673.9.1.2"
                      }
                    ],
                    "pos": "GN"
                  }
                },
                {
                  "node": "d",
                  "subtype": "column 2'",
                  "type": "column",
                  "ref": "P235673.ii_.10",
                  "n": "2",
                  "label": "ii'"
                }
              ]
            },
            {
              "node": "c",
              "type": "sentence",
              "implicit": "yes",
              "tag": "#auto",
              "id": "P235673.U16",
              "label": "ii' 1",
              "cdl": [
                {
                  "node": "d",
                  "type": "line-start",
                  "ref": "P235673.11",
                  "n": "1",
                  "label": "ii' 1"
                },
                {
                  "node": "l",
                  "frag": "lugal-du₁₀",
                  "id": "P235673.l0793a",
                  "ref": "P235673.11.1",
                  "inst": "PN",
                  "f": {
                    "lang": "sux",
                    "form": "lugal-du₁₀",
                    "gdl": [
                      {
                        "v": "lugal",
                        "id": "P235673.11.1.0",
                        "delim": "-"
                      },
                      {
                        "v": "du₁₀",
                        "id": "P235673.11.1.1"
                      }
                    ],
                    "pos": "PN"
                  }
                }
              ]
            },
            {
              "node": "c",
              "type": "sentence",
              "implicit": "yes",
              "tag": "#auto",
              "id": "P235673.U18",
              "label": "ii' 2",
              "cdl": [
                {
                  "node": "d",
                  "type": "line-start",
                  "ref": "P235673.12",
                  "n": "2",
                  "label": "ii' 2"
                },
                {
                  "node": "l",
                  "frag": "lu₂",
                  "id": "P235673.l0793b",
                  "ref": "P235673.12.1",
                  "inst": "lu[person]",
                  "exosig": "@dcclt%sux:lu₂=lu[person//person]N'N$lu/lu₂#~",
                  "exoprj": "epsd2",
                  "exolng": "sux",
                  "f": {
                    "lang": "sux",
                    "form": "lu₂",
                    "delim": "",
                    "gdl": [
                      {
                        "v": "lu₂",
                        "id": "P235673.12.1.0"
                      }
                    ],
                    "cf": "lu",
                    "gw": "person",
                    "sense": "person",
                    "norm0": "lu",
                    "pos": "N",
                    "epos": "N",
                    "base": "lu₂",
                    "morph": "~"
                  }
                },
                {
                  "node": "l",
                  "frag": "durah",
                  "id": "P235673.l0793c",
                  "ref": "P235673.12.2",
                  "inst": "durah[goat]",
                  "sig": "@dcclt%sux:durah=durah[goat//goat]N'N$durah/durah#~",
                  "f": {
                    "lang": "sux",
                    "form": "durah",
                    "delim": "",
                    "gdl": [
                      {
                        "v": "durah",
                        "id": "P235673.12.2.0"
                      }
                    ],
                    "cf": "durah",
                    "gw": "goat",
                    "sense": "goat",
                    "norm0": "durah",
                    "pos": "N",
                    "epos": "N",
                    "base": "durah",
                    "morph": "~"
                  }
                },
                {
                  "node": "l",
                  "frag": "maš-da₃",
                  "id": "P235673.l0793d",
                  "ref": "P235673.12.3",
                  "inst": "maszda[gazelle]",
                  "exosig": "@dcclt%sux:maš-da₃=mašda[gazelle//gazelle]N'N$mašda/maš-da₃#~",
                  "exoprj": "epsd2",
                  "exolng": "sux",
                  "f": {
                    "lang": "sux",
                    "form": "maš-da₃",
                    "delim": "",
                    "gdl": [
                      {
                        "v": "maš",
                        "id": "P235673.12.3.0",
                        "delim": "-"
                      },
                      {
                        "v": "da₃",
                        "id": "P235673.12.3.1"
                      }
                    ],
                    "cf": "mašda",
                    "gw": "gazelle",
                    "sense": "gazelle",
                    "norm0": "mašda",
                    "pos": "N",
                    "epos": "N",
                    "base": "maš-da₃",
                    "morph": "~"
                  }
                },
                {
                  "node": "l",
                  "frag": "SAL",
                  "id": "P235673.l0793e",
                  "ref": "P235673.12.4",
                  "inst": "X",
                  "f": {
                    "lang": "sux",
                    "form": "SAL",
                    "gdl": [
                      {
                        "s": "SAL",
                        "id": "P235673.12.4.0"
                      }
                    ],
                    "pos": "X"
                  }
                }
              ]
            },
            {
              "node": "c",
              "type": "sentence",
              "implicit": "yes",
              "tag": "#auto",
              "id": "P235673.U20",
              "label": "ii' 3",
              "cdl": [
                {
                  "node": "d",
                  "type": "line-start",
                  "ref": "P235673.13",
                  "n": "3",
                  "label": "ii' 3"
                },
                {
                  "node": "l",
                  "frag": "ur-|URU×TU||URU×TU|",
                  "id": "P235673.l0793f",
                  "ref": "P235673.13.1",
                  "inst": "PN",
                  "f": {
                    "lang": "sux",
                    "form": "ur-|URU×TU|-|URU×TU|",
                    "gdl": [
                      {
                        "v": "ur",
                        "id": "P235673.13.1.0",
                        "delim": "-"
                      },
                      {
                        "c": "|URU×TU|",
                        "id": "P235673.13.1.1",
                        "delim": "-",
                        "seq": [
                          {
                            "s": "URU"
                          },
                          {
                            "o": "containing"
                          },
                          {
                            "s": "TU"
                          }
                        ]
                      },
                      {
                        "c": "|URU×TU|",
                        "id": "P235673.13.1.2",
                        "seq": [
                          {
                            "s": "URU"
                          },
                          {
                            "o": "containing"
                          },
                          {
                            "s": "TU"
                          }
                        ]
                      }
                    ],
                    "pos": "PN"
                  }
                }
              ]
            },
            {
              "node": "c",
              "type": "sentence",
              "implicit": "yes",
              "tag": "#auto",
              "id": "P235673.U22",
              "label": "ii' 4",
              "cdl": [
                {
                  "node": "d",
                  "type": "line-start",
                  "ref": "P235673.14",
                  "n": "4",
                  "label": "ii' 4"
                },
                {
                  "node": "l",
                  "frag": "bur-gul",
                  "id": "P235673.l07940",
                  "ref": "P235673.14.1",
                  "inst": "burgul[stone-cutter]",
                  "exosig": "@dcclt%sux:bur-gul=burgul[stone-cutter//stone-cutter]N'N$burgul/bur-gul#~",
                  "exoprj": "epsd2",
                  "exolng": "sux",
                  "f": {
                    "lang": "sux",
                    "form": "bur-gul",
                    "gdl": [
                      {
                        "v": "bur",
                        "id": "P235673.14.1.0",
                        "delim": "-"
                      },
                      {
                        "v": "gul",
                        "id": "P235673.14.1.1"
                      }
                    ],
                    "cf": "burgul",
                    "gw": "stone-cutter",
                    "sense": "stone-cutter",
                    "norm0": "burgul",
                    "pos": "N",
                    "epos": "N",
                    "base": "bur-gul",
                    "morph": "~"
                  }
                }
              ]
            },
            {
              "node": "c",
              "type": "sentence",
              "implicit": "yes",
              "tag": "#auto",
              "id": "P235673.U24",
              "label": "ii' 5",
              "cdl": [
                {
                  "node": "d",
                  "type": "line-start",
                  "ref": "P235673.15",
                  "n": "5",
                  "label": "ii' 5"
                },
                {
                  "node": "l",
                  "frag": "ur-e₃-a",
                  "id": "P235673.l07941",
                  "ref": "P235673.15.1",
                  "inst": "PN",
                  "f": {
                    "lang": "sux",
                    "form": "ur-e₃-a",
                    "gdl": [
                      {
                        "v": "ur",
                        "id": "P235673.15.1.0",
                        "delim": "-"
                      },
                      {
                        "v": "e₃",
                        "id": "P235673.15.1.1",
                        "delim": "-"
                      },
                      {
                        "v": "a",
                        "id": "P235673.15.1.2"
                      }
                    ],
                    "pos": "PN"
                  }
                }
              ]
            },
            {
              "node": "c",
              "type": "sentence",
              "implicit": "yes",
              "tag": "#auto",
              "id": "P235673.U26",
              "label": "ii' 6",
              "cdl": [
                {
                  "node": "d",
                  "type": "line-start",
                  "ref": "P235673.16",
                  "n": "6",
                  "label": "ii' 6"
                },
                {
                  "node": "l",
                  "frag": "lu₂",
                  "id": "P235673.l07942",
                  "ref": "P235673.16.1",
                  "inst": "lu[person]",
                  "exosig": "@dcclt%sux:lu₂=lu[person//person]N'N$lu/lu₂#~",
                  "exoprj": "epsd2",
                  "exolng": "sux",
                  "f": {
                    "lang": "sux",
                    "form": "lu₂",
                    "delim": "",
                    "gdl": [
                      {
                        "v": "lu₂",
                        "id": "P235673.16.1.0"
                      }
                    ],
                    "cf": "lu",
                    "gw": "person",
                    "sense": "person",
                    "norm0": "lu",
                    "pos": "N",
                    "epos": "N",
                    "base": "lu₂",
                    "morph": "~"
                  }
                },
                {
                  "node": "l",
                  "frag": "ŋeštin",
                  "id": "P235673.l07943",
                  "ref": "P235673.16.2",
                  "inst": "jesztin[vine]",
                  "exosig": "@dcclt%sux:ŋeštin=ŋeštin[vine//vine, grapevine]N'N$ŋeštin/ŋeštin#~",
                  "exoprj": "epsd2",
                  "exolng": "sux",
                  "f": {
                    "lang": "sux",
                    "form": "ŋeštin",
                    "gdl": [
                      {
                        "v": "ŋeštin",
                        "id": "P235673.16.2.0"
                      }
                    ],
                    "cf": "ŋeštin",
                    "gw": "vine",
                    "sense": "vine, grapevine",
                    "norm0": "ŋeštin",
                    "pos": "N",
                    "epos": "N",
                    "base": "ŋeštin",
                    "morph": "~"
                  }
                }
              ]
            },
            {
              "node": "c",
              "type": "sentence",
              "implicit": "yes",
              "tag": "#auto",
              "id": "P235673.U28",
              "label": "ii' 7",
              "cdl": [
                {
                  "node": "d",
                  "type": "line-start",
                  "ref": "P235673.17",
                  "n": "7",
                  "label": "ii' 7"
                },
                {
                  "node": "l",
                  "frag": "utu-pa-e₃-a",
                  "id": "P235673.l07944",
                  "ref": "P235673.17.1",
                  "inst": "PN",
                  "f": {
                    "lang": "sux",
                    "form": "utu-pa-e₃-a",
                    "gdl": [
                      {
                        "v": "utu",
                        "id": "P235673.17.1.0",
                        "delim": "-"
                      },
                      {
                        "v": "pa",
                        "id": "P235673.17.1.1",
                        "delim": "-"
                      },
                      {
                        "v": "e₃",
                        "id": "P235673.17.1.2",
                        "delim": "-"
                      },
                      {
                        "v": "a",
                        "id": "P235673.17.1.3"
                      }
                    ],
                    "pos": "PN"
                  }
                }
              ]
            },
            {
              "node": "c",
              "type": "sentence",
              "implicit": "yes",
              "tag": "#auto",
              "id": "P235673.U30",
              "label": "ii' 8",
              "cdl": [
                {
                  "node": "d",
                  "type": "line-start",
                  "ref": "P235673.18",
                  "n": "8",
                  "label": "ii' 8"
                },
                {
                  "node": "l",
                  "frag": "muhaldim",
                  "id": "P235673.l07945",
                  "ref": "P235673.18.1",
                  "inst": "muhaldim[cook]",
                  "exosig": "@dcclt%sux:muhaldim=muhaldim[cook//cook]N'N$muhaldim/muhaldim#~",
                  "exoprj": "epsd2",
                  "exolng": "sux",
                  "f": {
                    "lang": "sux",
                    "form": "muhaldim",
                    "gdl": [
                      {
                        "v": "muhaldim",
                        "id": "P235673.18.1.0"
                      }
                    ],
                    "cf": "muhaldim",
                    "gw": "cook",
                    "sense": "cook",
                    "norm0": "muhaldim",
                    "pos": "N",
                    "epos": "N",
                    "base": "muhaldim",
                    "morph": "~"
                  }
                },
                {
                  "node": "d",
                  "subtype": "column 3'",
                  "type": "column",
                  "ref": "P235673.iii_.19",
                  "n": "3",
                  "label": "iii'"
                }
              ]
            },
            {
              "node": "c",
              "type": "sentence",
              "implicit": "yes",
              "tag": "#auto",
              "id": "P235673.U32",
              "label": "iii' 1",
              "cdl": [
                {
                  "node": "d",
                  "type": "line-start",
                  "ref": "P235673.20",
                  "n": "1",
                  "label": "iii' 1"
                },
                {
                  "node": "l",
                  "frag": "⸢suš₃⸣",
                  "id": "P235673.l07946",
                  "ref": "P235673.20.1",
                  "inst": "kuš[official]",
                  "exosig": "@dcclt%sux:suš₃=kuš[official//a high official]N'N$kuš/kuš₇#~",
                  "exoprj": "epsd2",
                  "exolng": "sux",
                  "f": {
                    "lang": "sux",
                    "form": "suš₃",
                    "delim": "",
                    "gdl": [
                      {
                        "v": "suš₃",
                        "id": "P235673.20.1.0",
                        "break": "damaged",
                        "ho": "1",
                        "hc": "1"
                      }
                    ],
                    "cf": "kuš",
                    "gw": "official",
                    "sense": "a high official",
                    "norm0": "kuš",
                    "pos": "N",
                    "epos": "N",
                    "base": "kuš₇",
                    "morph": "~"
                  }
                },
                {
                  "node": "l",
                  "frag": "[...]",
                  "id": "P235673.l07947",
                  "ref": "P235673.20.2",
                  "inst": "u",
                  "f": {
                    "lang": "sux",
                    "form": "x",
                    "gdl": [
                      {
                        "x": "ellipsis",
                        "id": "P235673.20.2.0",
                        "breakStart": "1",
                        "break": "missing",
                        "o": "]",
                        "breakEnd": "P235673.20.2.0"
                      }
                    ],
                    "pos": "u"
                  }
                }
              ]
            },
            {
              "node": "c",
              "type": "sentence",
              "implicit": "yes",
              "tag": "#auto",
              "id": "P235673.U34",
              "label": "iii' 2",
              "cdl": [
                {
                  "node": "d",
                  "type": "line-start",
                  "ref": "P235673.21",
                  "n": "2",
                  "label": "iii' 2"
                },
                {
                  "node": "l",
                  "frag": "mes-[...]",
                  "id": "P235673.l07948",
                  "ref": "P235673.21.1",
                  "inst": "PN",
                  "f": {
                    "lang": "sux",
                    "form": "mes-x",
                    "gdl": [
                      {
                        "v": "mes",
                        "id": "P235673.21.1.0",
                        "delim": "-"
                      },
                      {
                        "x": "ellipsis",
                        "id": "P235673.21.1.1",
                        "breakStart": "1",
                        "break": "missing",
                        "o": "]",
                        "breakEnd": "P235673.21.1.1"
                      }
                    ],
                    "pos": "PN"
                  }
                }
              ]
            },
            {
              "node": "c",
              "type": "sentence",
              "implicit": "yes",
              "tag": "#auto",
              "id": "P235673.U36",
              "label": "iii' 3",
              "cdl": [
                {
                  "node": "d",
                  "type": "line-start",
                  "ref": "P235673.22",
                  "n": "3",
                  "label": "iii' 3"
                },
                {
                  "node": "l",
                  "frag": "gal:sukkal",
                  "id": "P235673.l07949",
                  "ref": "P235673.22.1",
                  "inst": "sukkalgal[official]",
                  "exosig": "@dcclt%sux:gal-sukkal=sukkalgal[official//an official]N'N$sukkalgal/sukkalgalₓ(|GAL.LUH|)#~",
                  "exoprj": "epsd2",
                  "exolng": "sux",
                  "f": {
                    "lang": "sux",
                    "form": "gal-sukkal",
                    "delim": "",
                    "gdl": [
                      {
                        "gg": "reordering",
                        "gdl_type": "reordering",
                        "group": [
                          {
                            "v": "gal",
                            "id": "P235673.22.1.0",
                            "delim": ":"
                          },
                          {
                            "v": "sukkal",
                            "id": "P235673.22.1.1"
                          }
                        ]
                      }
                    ],
                    "cf": "sukkalgal",
                    "gw": "official",
                    "sense": "an official",
                    "norm0": "sukkalgal",
                    "pos": "N",
                    "epos": "N",
                    "base": "sukkalgalₓ(|GAL.LUH|)",
                    "morph": "~"
                  }
                },
                {
                  "node": "l",
                  "frag": "e₂-sagₓ(KWU509)",
                  "id": "P235673.l0794a",
                  "ref": "P235673.22.2",
                  "inst": "esaj[store]",
                  "exosig": "@dcclt%sux:e₂-sagₓ(KWU509)=esaŋ[store//grain-store]N'N$esaŋ/e₂-sagₓ(KWU509)#~",
                  "exoprj": "epsd2",
                  "exolng": "sux",
                  "f": {
                    "lang": "sux",
                    "form": "e₂-sagₓ(KWU509)",
                    "gdl": [
                      {
                        "v": "e₂",
                        "id": "P235673.22.2.0",
                        "delim": "-"
                      },
                      {
                        "q": "sagₓ(KWU509)",
                        "id": "P235673.22.2.1",
                        "qualified": [
                          {
                            "v": "sagₓ"
                          },
                          {
                            "s": "KWU509"
                          }
                        ]
                      }
                    ],
                    "cf": "esaŋ",
                    "gw": "store",
                    "sense": "grain-store",
                    "norm0": "esaŋ",
                    "pos": "N",
                    "epos": "N",
                    "base": "e₂-sagₓ(KWU509)",
                    "morph": "~"
                  }
                }
              ]
            },
            {
              "node": "c",
              "type": "sentence",
              "implicit": "yes",
              "tag": "#auto",
              "id": "P235673.U38",
              "label": "iii' 4",
              "cdl": [
                {
                  "node": "d",
                  "type": "line-start",
                  "ref": "P235673.23",
                  "n": "4",
                  "label": "iii' 4"
                },
                {
                  "node": "l",
                  "frag": "{d}GIG-ra-a",
                  "id": "P235673.l0794b",
                  "ref": "P235673.23.1",
                  "inst": "PN",
                  "f": {
                    "lang": "sux",
                    "form": "{d}GIG-ra-a",
                    "gdl": [
                      {
                        "det": "semantic",
                        "pos": "pre",
                        "seq": [
                          {
                            "v": "d",
                            "id": "P235673.23.1.0"
                          }
                        ]
                      },
                      {
                        "s": "GIG",
                        "id": "P235673.23.1.1",
                        "delim": "-"
                      },
                      {
                        "v": "ra",
                        "id": "P235673.23.1.2",
                        "delim": "-"
                      },
                      {
                        "v": "a",
                        "id": "P235673.23.1.3"
                      }
                    ],
                    "pos": "PN"
                  }
                }
              ]
            },
            {
              "node": "c",
              "type": "sentence",
              "implicit": "yes",
              "tag": "#auto",
              "id": "P235673.U40",
              "label": "iii' 5",
              "cdl": [
                {
                  "node": "d",
                  "type": "line-start",
                  "ref": "P235673.24",
                  "n": "5",
                  "label": "iii' 5"
                },
                {
                  "node": "l",
                  "frag": "NE@s-a₂-nu-du₁₀",
                  "id": "P235673.l0794c",
                  "ref": "P235673.24.1",
                  "inst": "PN",
                  "f": {
                    "lang": "sux",
                    "form": "NE@s-a₂-nu-du₁₀",
                    "gdl": [
                      {
                        "form": "NE@s",
                        "id": "P235673.24.1.0",
                        "delim": "-",
                        "mods": [
                          {
                            "b": "NE"
                          },
                          {
                            "m": "s"
                          }
                        ]
                      },
                      {
                        "v": "a₂",
                        "id": "P235673.24.1.1",
                        "delim": "-"
                      },
                      {
                        "v": "nu",
                        "id": "P235673.24.1.2",
                        "delim": "-"
                      },
                      {
                        "v": "du₁₀",
                        "id": "P235673.24.1.3"
                      }
                    ],
                    "pos": "PN"
                  }
                }
              ]
            },
            {
              "node": "c",
              "type": "sentence",
              "implicit": "yes",
              "tag": "#auto",
              "id": "P235673.U42",
              "label": "iii' 6",
              "cdl": [
                {
                  "node": "d",
                  "type": "line-start",
                  "ref": "P235673.25",
                  "n": "6",
                  "label": "iii' 6"
                },
                {
                  "node": "l",
                  "frag": "šabra",
                  "id": "P235673.l0794d",
                  "ref": "P235673.25.1",
                  "inst": "szabra[administrator]",
                  "exosig": "@dcclt%sux:šabra=šabra[administrator//chief administrator of a temple or other household]N'N$šabra/šabra#~",
                  "exoprj": "epsd2",
                  "exolng": "sux",
                  "f": {
                    "lang": "sux",
                    "form": "šabra",
                    "gdl": [
                      {
                        "v": "šabra",
                        "id": "P235673.25.1.0"
                      }
                    ],
                    "cf": "šabra",
                    "gw": "administrator",
                    "sense": "chief administrator of a temple or other household",
                    "norm0": "šabra",
                    "pos": "N",
                    "epos": "N",
                    "base": "šabra",
                    "morph": "~"
                  }
                }
              ]
            },
            {
              "node": "c",
              "type": "sentence",
              "implicit": "yes",
              "tag": "#auto",
              "id": "P235673.U44",
              "label": "iii' 7",
              "cdl": [
                {
                  "node": "d",
                  "type": "line-start",
                  "ref": "P235673.26",
                  "n": "7",
                  "label": "iii' 7"
                },
                {
                  "node": "l",
                  "frag": "u₃-sar",
                  "id": "P235673.l0794e",
                  "ref": "P235673.26.1",
                  "inst": "PN",
                  "f": {
                    "lang": "sux",
                    "form": "u₃-sar",
                    "gdl": [
                      {
                        "v": "u₃",
                        "id": "P235673.26.1.0",
                        "delim": "-"
                      },
                      {
                        "v": "sar",
                        "id": "P235673.26.1.1"
                      }
                    ],
                    "pos": "PN"
                  }
                }
              ]
            },
            {
              "node": "c",
              "type": "sentence",
              "implicit": "yes",
              "tag": "#auto",
              "id": "P235673.U46",
              "label": "iii' 8",
              "cdl": [
                {
                  "node": "d",
                  "type": "line-start",
                  "ref": "P235673.27",
                  "n": "8",
                  "label": "iii' 8"
                },
                {
                  "node": "l",
                  "frag": "u₃-[gal-gal]",
                  "id": "P235673.l0794f",
                  "ref": "P235673.27.1",
                  "inst": "X",
                  "f": {
                    "lang": "sux",
                    "form": "u₃-gal-gal",
                    "gdl": [
                      {
                        "v": "u₃",
                        "id": "P235673.27.1.0",
                        "delim": "-"
                      },
                      {
                        "v": "gal",
                        "id": "P235673.27.1.1",
                        "breakStart": "1",
                        "o": "[",
                        "break": "missing",
                        "delim": "-"
                      },
                      {
                        "v": "gal",
                        "id": "P235673.27.1.2",
                        "break": "missing",
                        "o": "]",
                        "breakEnd": "P235673.27.1.1"
                      }
                    ],
                    "pos": "X"
                  }
                },
                {
                  "node": "d",
                  "subtype": "column 4'",
                  "type": "column",
                  "ref": "P235673.iv_.28",
                  "n": "4",
                  "label": "iv'"
                }
              ]
            },
            {
              "node": "c",
              "type": "sentence",
              "implicit": "yes",
              "tag": "#auto",
              "id": "P235673.U48",
              "label": "iv' 1",
              "cdl": [
                {
                  "node": "d",
                  "type": "line-start",
                  "ref": "P235673.29",
                  "n": "1",
                  "label": "iv' 1"
                },
                {
                  "node": "l",
                  "frag": "[ašgab]-gal",
                  "id": "P235673.l07950",
                  "ref": "P235673.29.1",
                  "inst": "aszgabgal[leatherworker]",
                  "exosig": "@dcclt%sux:ašgab-gal=ašgabgal[leatherworker//chief leatherworker]N'N$ašgabgal/ašgab-gal#~",
                  "exoprj": "epsd2",
                  "exolng": "sux",
                  "f": {
                    "lang": "sux",
                    "form": "ašgab-gal",
                    "gdl": [
                      {
                        "v": "ašgab",
                        "id": "P235673.29.1.0",
                        "breakStart": "1",
                        "o": "]",
                        "break": "missing",
                        "breakEnd": "P235673.29.1.0",
                        "delim": "-"
                      },
                      {
                        "v": "gal",
                        "id": "P235673.29.1.1"
                      }
                    ],
                    "cf": "ašgabgal",
                    "gw": "leatherworker",
                    "sense": "chief leatherworker",
                    "norm0": "ašgabgal",
                    "pos": "N",
                    "epos": "N",
                    "base": "ašgab-gal",
                    "morph": "~"
                  }
                }
              ]
            },
            {
              "node": "c",
              "type": "sentence",
              "implicit": "yes",
              "tag": "#auto",
              "id": "P235673.U50",
              "label": "iv' 2",
              "cdl": [
                {
                  "node": "d",
                  "type": "line-start",
                  "ref": "P235673.30",
                  "n": "2",
                  "label": "iv' 2"
                },
                {
                  "node": "l",
                  "frag": "amar-an",
                  "id": "P235673.l07951",
                  "ref": "P235673.30.1",
                  "inst": "PN",
                  "f": {
                    "lang": "sux",
                    "form": "amar-an",
                    "gdl": [
                      {
                        "v": "amar",
                        "id": "P235673.30.1.0",
                        "delim": "-"
                      },
                      {
                        "v": "an",
                        "id": "P235673.30.1.1"
                      }
                    ],
                    "pos": "PN"
                  }
                }
              ]
            },
            {
              "node": "c",
              "type": "sentence",
              "implicit": "yes",
              "tag": "#auto",
              "id": "P235673.U52",
              "label": "iv' 3",
              "cdl": [
                {
                  "node": "d",
                  "type": "line-start",
                  "ref": "P235673.31",
                  "n": "3",
                  "label": "iv' 3"
                },
                {
                  "node": "l",
                  "frag": "lu₂",
                  "id": "P235673.l07952",
                  "ref": "P235673.31.1",
                  "inst": "lu[person]",
                  "exosig": "@dcclt%sux:lu₂=lu[person//person]N'N$lu/lu₂#~",
                  "exoprj": "epsd2",
                  "exolng": "sux",
                  "f": {
                    "lang": "sux",
                    "form": "lu₂",
                    "delim": "",
                    "gdl": [
                      {
                        "v": "lu₂",
                        "id": "P235673.31.1.0"
                      }
                    ],
                    "cf": "lu",
                    "gw": "person",
                    "sense": "person",
                    "norm0": "lu",
                    "pos": "N",
                    "epos": "N",
                    "base": "lu₂",
                    "morph": "~"
                  }
                },
                {
                  "node": "l",
                  "frag": "su-a-si",
                  "id": "P235673.l07953",
                  "ref": "P235673.31.2",
                  "inst": "susig[flayer]",
                  "exosig": "@dcclt%sux:su-a-si=susig[flayer//animal flayer]N'N$susig/su-a-si#~",
                  "exoprj": "epsd2",
                  "exolng": "sux",
                  "f": {
                    "lang": "sux",
                    "form": "su-a-si",
                    "gdl": [
                      {
                        "v": "su",
                        "id": "P235673.31.2.0",
                        "delim": "-"
                      },
                      {
                        "v": "a",
                        "id": "P235673.31.2.1",
                        "delim": "-"
                      },
                      {
                        "v": "si",
                        "id": "P235673.31.2.2"
                      }
                    ],
                    "cf": "susig",
                    "gw": "flayer",
                    "sense": "animal flayer",
                    "norm0": "susig",
                    "pos": "N",
                    "epos": "N",
                    "base": "su-a-si",
                    "morph": "~"
                  }
                }
              ]
            },
            {
              "node": "c",
              "type": "sentence",
              "implicit": "yes",
              "tag": "#auto",
              "id": "P235673.U54",
              "label": "iv' 4",
              "cdl": [
                {
                  "node": "d",
                  "type": "line-start",
                  "ref": "P235673.32",
                  "n": "4",
                  "label": "iv' 4"
                },
                {
                  "node": "l",
                  "frag": "i-na-sar",
                  "id": "P235673.l07954",
                  "ref": "P235673.32.1",
                  "inst": "PN",
                  "f": {
                    "lang": "sux",
                    "form": "i-na-sar",
                    "gdl": [
                      {
                        "v": "i",
                        "id": "P235673.32.1.0",
                        "delim": "-"
                      },
                      {
                        "v": "na",
                        "id": "P235673.32.1.1",
                        "delim": "-"
                      },
                      {
                        "v": "sar",
                        "id": "P235673.32.1.2"
                      }
                    ],
                    "pos": "PN"
                  }
                }
              ]
            },
            {
              "node": "c",
              "type": "sentence",
              "implicit": "yes",
              "tag": "#auto",
              "id": "P235673.U56",
              "label": "iv' 5",
              "cdl": [
                {
                  "node": "d",
                  "type": "line-start",
                  "ref": "P235673.33",
                  "n": "5",
                  "label": "iv' 5"
                },
                {
                  "node": "l",
                  "frag": "šu-i",
                  "id": "P235673.l07955",
                  "ref": "P235673.33.1",
                  "inst": "szuʾi[barber]",
                  "exosig": "@dcclt%sux:šu-i=šuʾi[barber//barber]N'N$šuʾi/šu-i#~",
                  "exoprj": "epsd2",
                  "exolng": "sux",
                  "f": {
                    "lang": "sux",
                    "form": "šu-i",
                    "gdl": [
                      {
                        "v": "šu",
                        "id": "P235673.33.1.0",
                        "delim": "-"
                      },
                      {
                        "v": "i",
                        "id": "P235673.33.1.1"
                      }
                    ],
                    "cf": "šuʾi",
                    "gw": "barber",
                    "sense": "barber",
                    "norm0": "šuʾi",
                    "pos": "N",
                    "epos": "N",
                    "base": "šu-i",
                    "morph": "~"
                  }
                }
              ]
            },
            {
              "node": "c",
              "type": "sentence",
              "implicit": "yes",
              "tag": "#auto",
              "id": "P235673.U58",
              "label": "iv' 6",
              "cdl": [
                {
                  "node": "d",
                  "type": "line-start",
                  "ref": "P235673.34",
                  "n": "6",
                  "label": "iv' 6"
                },
                {
                  "node": "l",
                  "frag": "lugal-šim",
                  "id": "P235673.l07956",
                  "ref": "P235673.34.1",
                  "inst": "PN",
                  "f": {
                    "lang": "sux",
                    "form": "lugal-šim",
                    "gdl": [
                      {
                        "v": "lugal",
                        "id": "P235673.34.1.0",
                        "delim": "-"
                      },
                      {
                        "v": "šim",
                        "id": "P235673.34.1.1"
                      }
                    ],
                    "pos": "PN"
                  }
                }
              ]
            },
            {
              "node": "c",
              "type": "sentence",
              "implicit": "yes",
              "tag": "#auto",
              "id": "P235673.U60",
              "label": "iv' 7",
              "cdl": [
                {
                  "node": "d",
                  "type": "line-start",
                  "ref": "P235673.35",
                  "n": "7",
                  "label": "iv' 7"
                },
                {
                  "node": "l",
                  "frag": "⸢agrig⸣",
                  "id": "P235673.l07957",
                  "ref": "P235673.35.1",
                  "inst": "agrig[steward]",
                  "exosig": "@dcclt%sux:agrig=agrig[steward//steward, housekeeper]N'N$agrig/agrig#~",
                  "exoprj": "epsd2",
                  "exolng": "sux",
                  "f": {
                    "lang": "sux",
                    "form": "agrig",
                    "gdl": [
                      {
                        "v": "agrig",
                        "id": "P235673.35.1.0",
                        "break": "damaged",
                        "ho": "1",
                        "hc": "1"
                      }
                    ],
                    "cf": "agrig",
                    "gw": "steward",
                    "sense": "steward, housekeeper",
                    "norm0": "agrig",
                    "pos": "N",
                    "epos": "N",
                    "base": "agrig",
                    "morph": "~"
                  }
                },
                {
                  "node": "d",
                  "subtype": "column 5'",
                  "type": "column",
                  "ref": "P235673.v_.36",
                  "n": "5",
                  "label": "v'"
                }
              ]
            },
            {
              "node": "c",
              "type": "sentence",
              "implicit": "yes",
              "tag": "#auto",
              "id": "P235673.U62",
              "label": "v' 1",
              "cdl": [
                {
                  "node": "d",
                  "type": "line-start",
                  "ref": "P235673.37",
                  "n": "1",
                  "label": "v' 1"
                },
                {
                  "node": "l",
                  "frag": "im-mar",
                  "id": "P235673.l07958",
                  "ref": "P235673.37.1",
                  "inst": "PN",
                  "f": {
                    "lang": "sux",
                    "form": "im-mar",
                    "gdl": [
                      {
                        "v": "im",
                        "id": "P235673.37.1.0",
                        "delim": "-"
                      },
                      {
                        "v": "mar",
                        "id": "P235673.37.1.1"
                      }
                    ],
                    "pos": "PN"
                  }
                }
              ]
            },
            {
              "node": "c",
              "type": "sentence",
              "implicit": "yes",
              "tag": "#auto",
              "id": "P235673.U64",
              "label": "v' 2",
              "cdl": [
                {
                  "node": "d",
                  "type": "line-start",
                  "ref": "P235673.38",
                  "n": "2",
                  "label": "v' 2"
                },
                {
                  "node": "l",
                  "frag": "e₂-bur-gul",
                  "id": "P235673.l07959",
                  "ref": "P235673.38.1",
                  "inst": "eburgul[workshop]",
                  "exosig": "@dcclt%sux:e₂-bur-gul=eburgul[workshop//stone-cutter's workshop]N'N$eburgul/e₂-bur-gul#~",
                  "exoprj": "epsd2",
                  "exolng": "sux",
                  "f": {
                    "lang": "sux",
                    "form": "e₂-bur-gul",
                    "gdl": [
                      {
                        "v": "e₂",
                        "id": "P235673.38.1.0",
                        "delim": "-"
                      },
                      {
                        "v": "bur",
                        "id": "P235673.38.1.1",
                        "delim": "-"
                      },
                      {
                        "v": "gul",
                        "id": "P235673.38.1.2"
                      }
                    ],
                    "cf": "eburgul",
                    "gw": "workshop",
                    "sense": "stone-cutter's workshop",
                    "norm0": "eburgul",
                    "pos": "N",
                    "epos": "N",
                    "base": "e₂-bur-gul",
                    "morph": "~"
                  }
                }
              ]
            },
            {
              "node": "c",
              "type": "sentence",
              "implicit": "yes",
              "tag": "#auto",
              "id": "P235673.U66",
              "label": "v' 3",
              "cdl": [
                {
                  "node": "d",
                  "type": "line-start",
                  "ref": "P235673.39",
                  "n": "3",
                  "label": "v' 3"
                },
                {
                  "node": "l",
                  "frag": "saŋ-diŋir-HUB₂",
                  "id": "P235673.l0795a",
                  "ref": "P235673.39.1",
                  "inst": "PN",
                  "f": {
                    "lang": "sux",
                    "form": "saŋ-diŋir-HUB₂",
                    "gdl": [
                      {
                        "v": "saŋ",
                        "id": "P235673.39.1.0",
                        "delim": "-"
                      },
                      {
                        "v": "diŋir",
                        "id": "P235673.39.1.1",
                        "delim": "-"
                      },
                      {
                        "s": "HUB₂",
                        "id": "P235673.39.1.2"
                      }
                    ],
                    "pos": "PN"
                  }
                }
              ]
            },
            {
              "node": "c",
              "type": "sentence",
              "implicit": "yes",
              "tag": "#auto",
              "id": "P235673.U68",
              "label": "v' 4",
              "cdl": [
                {
                  "node": "d",
                  "type": "line-start",
                  "ref": "P235673.40",
                  "n": "4",
                  "label": "v' 4"
                },
                {
                  "node": "l",
                  "frag": "ŋanun",
                  "id": "P235673.l0795b",
                  "ref": "P235673.40.1",
                  "inst": "janun[storehouse]",
                  "exosig": "@dcclt%sux:ŋanun=ŋanun[storehouse//storehouse]N'N$ŋanun/ŋanun#~",
                  "exoprj": "epsd2",
                  "exolng": "sux",
                  "f": {
                    "lang": "sux",
                    "form": "ŋanun",
                    "delim": "",
                    "gdl": [
                      {
                        "v": "ŋanun",
                        "id": "P235673.40.1.0"
                      }
                    ],
                    "cf": "ŋanun",
                    "gw": "storehouse",
                    "sense": "storehouse",
                    "norm0": "ŋanun",
                    "pos": "N",
                    "epos": "N",
                    "base": "ŋanun",
                    "morph": "~"
                  }
                },
                {
                  "node": "l",
                  "frag": "adda₂",
                  "id": "P235673.l0795c",
                  "ref": "P235673.40.2",
                  "inst": "adda[corpse]",
                  "exosig": "@dcclt%sux:adda₂=adda[corpse//corpse]N'N$adda/adda₂#~",
                  "exoprj": "epsd2",
                  "exolng": "sux",
                  "f": {
                    "lang": "sux",
                    "form": "adda₂",
                    "gdl": [
                      {
                        "v": "adda₂",
                        "id": "P235673.40.2.0"
                      }
                    ],
                    "cf": "adda",
                    "gw": "corpse",
                    "sense": "corpse",
                    "norm0": "adda",
                    "pos": "N",
                    "epos": "N",
                    "base": "adda₂",
                    "morph": "~"
                  }
                }
              ]
            },
            {
              "node": "c",
              "type": "sentence",
              "implicit": "yes",
              "tag": "#auto",
              "id": "P235673.U70",
              "label": "v' 5",
              "cdl": [
                {
                  "node": "d",
                  "type": "line-start",
                  "ref": "P235673.41",
                  "n": "5",
                  "label": "v' 5"
                },
                {
                  "node": "l",
                  "frag": "a-za-bu₃",
                  "id": "P235673.l0795d",
                  "ref": "P235673.41.1",
                  "inst": "PN",
                  "f": {
                    "lang": "sux",
                    "form": "a-za-bu₃",
                    "gdl": [
                      {
                        "v": "a",
                        "id": "P235673.41.1.0",
                        "delim": "-"
                      },
                      {
                        "v": "za",
                        "id": "P235673.41.1.1",
                        "delim": "-"
                      },
                      {
                        "v": "bu₃",
                        "id": "P235673.41.1.2",
                        "queried": "1"
                      }
                    ],
                    "pos": "PN"
                  }
                }
              ]
            },
            {
              "node": "c",
              "type": "sentence",
              "implicit": "yes",
              "tag": "#auto",
              "id": "P235673.U72",
              "label": "v' 6",
              "cdl": [
                {
                  "node": "d",
                  "type": "line-start",
                  "ref": "P235673.42",
                  "n": "6",
                  "label": "v' 6"
                },
                {
                  "node": "l",
                  "frag": "sikil-⸢sikil⸣",
                  "id": "P235673.l0795e",
                  "ref": "P235673.42.1",
                  "inst": "sikil[pure]",
                  "exosig": "@dcclt%sux:sikil-sikil=sikil[pure//(to be) pure]V/i'V/i$sikil/sikil-sikil#~",
                  "exoprj": "epsd2",
                  "exolng": "sux",
                  "f": {
                    "lang": "sux",
                    "form": "sikil-sikil",
                    "gdl": [
                      {
                        "v": "sikil",
                        "id": "P235673.42.1.0",
                        "delim": "-"
                      },
                      {
                        "v": "sikil",
                        "id": "P235673.42.1.1",
                        "break": "damaged",
                        "ho": "1",
                        "hc": "1"
                      }
                    ],
                    "cf": "sikil",
                    "gw": "pure",
                    "sense": "(to be) pure",
                    "norm0": "sikil",
                    "pos": "V/i",
                    "epos": "V/i",
                    "base": "sikil-sikil",
                    "morph": "~"
                  }
                },
                {
                  "node": "d",
                  "type": "nonx",
                  "ref": "P235673.43",
                  "strict": "1",
                  "extent": "1",
                  "scope": "line",
                  "state": "traces"
                },
                {
                  "node": "d",
                  "subtype": "top",
                  "type": "top",
                  "ref": "P235673.t.e..44",
                  "label": "t.e."
                }
              ]
            },
            {
              "node": "c",
              "type": "sentence",
              "implicit": "yes",
              "tag": "#auto",
              "id": "P235673.U74",
              "label": "t.e. 1",
              "cdl": [
                {
                  "node": "d",
                  "type": "line-start",
                  "ref": "P235673.45",
                  "n": "1",
                  "label": "t.e. 1"
                },
                {
                  "node": "l",
                  "frag": "{d}nisaba",
                  "id": "P235673.l0795f",
                  "ref": "P235673.45.1",
                  "inst": "Nisabak[1]",
                  "exosig": "@dcclt%sux:{d}nisaba=Nisabak[1//1]DN'DN$Nisabak/{d}nisaba#~",
                  "exoprj": "epsd2",
                  "exolng": "sux",
                  "f": {
                    "lang": "sux",
                    "form": "{d}nisaba",
                    "gdl": [
                      {
                        "det": "semantic",
                        "pos": "pre",
                        "seq": [
                          {
                            "v": "d",
                            "id": "P235673.45.1.0"
                          }
                        ]
                      },
                      {
                        "v": "nisaba",
                        "id": "P235673.45.1.1"
                      }
                    ],
                    "cf": "Nisabak",
                    "gw": "1",
                    "sense": "1",
                    "norm0": "Nisabak",
                    "pos": "DN",
                    "epos": "DN",
                    "base": "{d}nisaba",
                    "morph": "~"
                  }
                }
              ]
            },
            {
              "node": "c",
              "type": "sentence",
              "implicit": "yes",
              "tag": "#auto",
              "id": "P235673.U76",
              "label": "t.e. 2",
              "cdl": [
                {
                  "node": "d",
                  "type": "line-start",
                  "ref": "P235673.46",
                  "n": "2",
                  "label": "t.e. 2"
                },
                {
                  "node": "l",
                  "frag": "munus",
                  "id": "P235673.l07960",
                  "ref": "P235673.46.1",
                  "inst": "munus[woman]",
                  "sig": "@dcclt%sux:munus=munus[woman//woman]N'N$munus/munus#~",
                  "f": {
                    "lang": "sux",
                    "form": "munus",
                    "delim": "",
                    "gdl": [
                      {
                        "v": "munus",
                        "id": "P235673.46.1.0"
                      }
                    ],
                    "cf": "munus",
                    "gw": "woman",
                    "sense": "woman",
                    "norm0": "munus",
                    "pos": "N",
                    "epos": "N",
                    "base": "munus",
                    "morph": "~"
                  }
                },
                {
                  "node": "l",
                  "frag": "zid",
                  "id": "P235673.l07961",
                  "ref": "P235673.46.2",
                  "inst": "zid[right]",
                  "exosig": "@dcclt%sux:zid=zid[right//right hand]V/i'N$zid/zid#~",
                  "exoprj": "epsd2",
                  "exolng": "sux",
                  "f": {
                    "lang": "sux",
                    "form": "zid",
                    "gdl": [
                      {
                        "v": "zid",
                        "id": "P235673.46.2.0"
                      }
                    ],
                    "cf": "zid",
                    "gw": "right",
                    "sense": "right hand",
                    "norm0": "zid",
                    "pos": "V/i",
                    "epos": "N",
                    "base": "zid",
                    "morph": "~"
                  }
                }
              ]
            },
            {
              "node": "c",
              "type": "sentence",
              "implicit": "yes",
              "tag": "#auto",
              "id": "P235673.U78",
              "label": "t.e. 3",
              "cdl": [
                {
                  "node": "d",
                  "type": "line-start",
                  "ref": "P235673.47",
                  "n": "3",
                  "label": "t.e. 3"
                },
                {
                  "node": "l",
                  "frag": "munus",
                  "id": "P235673.l07962",
                  "ref": "P235673.47.1",
                  "inst": "munus[woman]",
                  "sig": "@dcclt%sux:munus=munus[woman//woman]N'N$munus/munus#~",
                  "f": {
                    "lang": "sux",
                    "form": "munus",
                    "delim": "",
                    "gdl": [
                      {
                        "v": "munus",
                        "id": "P235673.47.1.0"
                      }
                    ],
                    "cf": "munus",
                    "gw": "woman",
                    "sense": "woman",
                    "norm0": "munus",
                    "pos": "N",
                    "epos": "N",
                    "base": "munus",
                    "morph": "~"
                  }
                },
                {
                  "node": "l",
                  "frag": "sag₉-ga",
                  "id": "P235673.l07963",
                  "ref": "P235673.47.2",
                  "inst": "sag[good]V/i/sag₉+-ga=g.a#~;a",
                  "exosig": "@dcclt%sux:sag₉-ga=sag[good//goodness, good (thing)]V/i'N$sag;a/sag₉+-ga=g.a#~;a",
                  "exoprj": "epsd2",
                  "exolng": "sux",
                  "f": {
                    "lang": "sux",
                    "form": "sag₉-ga",
                    "gdl": [
                      {
                        "v": "sag₉",
                        "id": "P235673.47.2.0",
                        "delim": "-"
                      },
                      {
                        "v": "ga",
                        "id": "P235673.47.2.1"
                      }
                    ],
                    "cf": "sag",
                    "gw": "good",
                    "sense": "goodness, good (thing)",
                    "norm0": "sag;a",
                    "pos": "V/i",
                    "epos": "N",
                    "base": "sag₉",
                    "cont": "-ga=g.a",
                    "morph": "~;a"
                  }
                }
              ]
            },
            {
              "node": "c",
              "type": "sentence",
              "implicit": "yes",
              "tag": "#auto",
              "id": "P235673.U80",
              "label": "t.e. 4",
              "cdl": [
                {
                  "node": "d",
                  "type": "line-start",
                  "ref": "P235673.48",
                  "n": "4",
                  "label": "t.e. 4"
                },
                {
                  "node": "l",
                  "frag": "⸢x⸣-BU-[...]",
                  "id": "P235673.l07964",
                  "ref": "P235673.48.1",
                  "inst": "PN",
                  "f": {
                    "lang": "sux",
                    "form": "x-BU-x",
                    "gdl": [
                      {
                        "v": "x",
                        "id": "P235673.48.1.0",
                        "break": "damaged",
                        "ho": "1",
                        "delim": "-",
                        "hc": "1"
                      },
                      {
                        "s": "BU",
                        "id": "P235673.48.1.1",
                        "delim": "-"
                      },
                      {
                        "x": "ellipsis",
                        "id": "P235673.48.1.2",
                        "breakStart": "1",
                        "break": "missing",
                        "o": "]",
                        "breakEnd": "P235673.48.1.2"
                      }
                    ],
                    "pos": "PN"
                  }
                }
              ]
            },
            {
              "node": "c",
              "type": "sentence",
              "implicit": "yes",
              "tag": "#auto",
              "id": "P235673.U82",
              "label": "t.e. 5",
              "cdl": [
                {
                  "node": "d",
                  "type": "line-start",
                  "ref": "P235673.49",
                  "n": "5",
                  "label": "t.e. 5"
                },
                {
                  "node": "l",
                  "frag": "dub-[sar]",
                  "id": "P235673.l07965",
                  "ref": "P235673.49.1",
                  "inst": "dubsar[scribe]",
                  "exosig": "@dcclt%sux:dub-sar=dubsar[scribe//scribe]N'N$dubsar/dub-sar#~",
                  "exoprj": "epsd2",
                  "exolng": "sux",
                  "f": {
                    "lang": "sux",
                    "form": "dub-sar",
                    "gdl": [
                      {
                        "v": "dub",
                        "id": "P235673.49.1.0",
                        "delim": "-"
                      },
                      {
                        "v": "sar",
                        "id": "P235673.49.1.1",
                        "breakStart": "1",
                        "o": "]",
                        "break": "missing",
                        "breakEnd": "P235673.49.1.1"
                      }
                    ],
                    "cf": "dubsar",
                    "gw": "scribe",
                    "sense": "scribe",
                    "norm0": "dubsar",
                    "pos": "N",
                    "epos": "N",
                    "base": "dub-sar",
                    "morph": "~"
                  }
                }
              ]
            },
            {
              "node": "c",
              "type": "sentence",
              "implicit": "yes",
              "tag": "#auto",
              "id": "P235673.U84",
              "label": "t.e. 6",
              "cdl": [
                {
                  "node": "d",
                  "type": "line-start",
                  "ref": "P235673.50",
                  "n": "6",
                  "label": "t.e. 6"
                },
                {
                  "node": "l",
                  "frag": "arad₂-[zu]",
                  "id": "P235673.l07966",
                  "ref": "P235673.50.1",
                  "inst": "arad[slave]",
                  "exosig": "@dcclt%sux:arad₂-zu=arad[slave//slave, servant]N'N$arad,zu/arad₂#~,zu",
                  "exoprj": "epsd2",
                  "exolng": "sux",
                  "f": {
                    "lang": "sux",
                    "form": "arad₂-zu",
                    "gdl": [
                      {
                        "v": "arad₂",
                        "id": "P235673.50.1.0",
                        "delim": "-"
                      },
                      {
                        "v": "zu",
                        "id": "P235673.50.1.1",
                        "breakStart": "1",
                        "o": "]",
                        "break": "missing",
                        "breakEnd": "P235673.50.1.1"
                      }
                    ],
                    "cf": "arad",
                    "gw": "slave",
                    "sense": "slave, servant",
                    "norm0": "arad,zu",
                    "pos": "N",
                    "epos": "N",
                    "base": "arad₂",
                    "morph": "~,zu"
                  }
                }
              ]
            },
            {
              "node": "c",
              "type": "sentence",
              "implicit": "yes",
              "tag": "#auto",
              "id": "P235673.U86",
              "label": "t.e. 7",
              "cdl": [
                {
                  "node": "d",
                  "type": "line-start",
                  "ref": "P235673.51",
                  "n": "7",
                  "label": "t.e. 7"
                },
                {
                  "node": "l",
                  "frag": "NE-⸢NE⸣-[...]",
                  "id": "P235673.l07967",
                  "ref": "P235673.51.1",
                  "inst": "PN",
                  "f": {
                    "lang": "sux",
                    "form": "NE-NE-x",
                    "gdl": [
                      {
                        "s": "NE",
                        "id": "P235673.51.1.0",
                        "delim": "-"
                      },
                      {
                        "s": "NE",
                        "id": "P235673.51.1.1",
                        "break": "damaged",
                        "ho": "1",
                        "delim": "-",
                        "hc": "1"
                      },
                      {
                        "x": "ellipsis",
                        "id": "P235673.51.1.2",
                        "breakStart": "1",
                        "break": "missing",
                        "o": "]",
                        "breakEnd": "P235673.51.1.2"
                      }
                    ],
                    "pos": "PN"
                  }
                }
              ]
            },
            {
              "node": "c",
              "type": "sentence",
              "implicit": "yes",
              "tag": "#auto",
              "id": "P235673.U88",
              "label": "t.e. 8",
              "cdl": [
                {
                  "node": "d",
                  "type": "line-start",
                  "ref": "P235673.52",
                  "n": "8",
                  "label": "t.e. 8"
                },
                {
                  "node": "l",
                  "frag": "iš-[ṭu-ur]",
                  "id": "P235673.l07968",
                  "ref": "P235673.52.1",
                  "inst": "%akk:iš-ṭu-ur=",
                  "f": {
                    "lang": "akk",
                    "form": "iš-ṭu-ur",
                    "gdl": [
                      {
                        "v": "iš",
                        "id": "P235673.52.1.0",
                        "delim": "-"
                      },
                      {
                        "v": "ṭu",
                        "id": "P235673.52.1.1",
                        "breakStart": "1",
                        "o": "[",
                        "break": "missing",
                        "delim": "-"
                      },
                      {
                        "v": "ur",
                        "id": "P235673.52.1.2",
                        "break": "missing",
                        "o": "]",
                        "breakEnd": "P235673.52.1.1"
                      }
                    ]
                  }
                }
              ]
            }
          ]
        }
      ]
    }
  ]
}
