{
  "type": "cdl",
  "project": "dcclt",
  "source": "http://oracc.org/dcclt",
  "license": "This data is released under the CC0 license",
  "license-url": "https://creativecommons.org/publicdomain/zero/1.0/",
  "more-info": "http://oracc.org/doc/opendata/",
  "UTC-timestamp": "2019-01-29T00:14:16",
  "textid": "P249356",
  "cdl": [
    {
      "node": "c",
      "type": "text",
      "id": "P249356.U0",
      "cdl": [
        {
          "node": "d",
          "subtype": "tablet",
          "type": "tablet",
          "ref": "P249356.x462.1",
          "label": "x462"
        },
        {
          "node": "d",
          "subtype": "obverse",
          "type": "obverse",
          "ref": "P249356.o.2",
          "label": "o"
        },
        {
          "node": "c",
          "type": "discourse",
          "subtype": "body",
          "id": "P249356.U1",
          "cdl": [
            {
              "node": "c",
              "type": "sentence",
              "implicit": "yes",
              "id": "P249356.U2",
              "label": "o 1",
              "cdl": [
                {
                  "node": "d",
                  "type": "line-start",
                  "ref": "P249356.3",
                  "n": "1",
                  "label": "o 1"
                },
                {
                  "node": "l",
                  "frag": "munus",
                  "id": "P249356.l12012",
                  "ref": "P249356.3.1",
                  "inst": "munus[woman]",
                  "sig": "@dcclt%sux:munus=munus[woman//woman]N'N$munus/munus#~",
                  "f": {
                    "lang": "sux",
                    "form": "munus",
                    "delim": "",
                    "gdl": [
                      {
                        "v": "munus",
                        "id": "P249356.3.1.0"
                      }
                    ],
                    "cf": "munus",
                    "gw": "woman",
                    "sense": "woman",
                    "norm0": "munus",
                    "pos": "N",
                    "epos": "N",
                    "base": "munus",
                    "morph": "~"
                  }
                },
                {
                  "node": "l",
                  "frag": "a-zu",
                  "id": "P249356.l12013",
                  "ref": "P249356.3.2",
                  "inst": "azu[doctor]",
                  "exosig": "@dcclt%sux:a-zu=azu[doctor//doctor]N'N$azu/a-zu#~",
                  "exoprj": "epsd2",
                  "exolng": "sux",
                  "f": {
                    "lang": "sux",
                    "form": "a-zu",
                    "gdl": [
                      {
                        "v": "a",
                        "id": "P249356.3.2.0",
                        "delim": "-"
                      },
                      {
                        "v": "zu",
                        "id": "P249356.3.2.1"
                      }
                    ],
                    "cf": "azu",
                    "gw": "doctor",
                    "sense": "doctor",
                    "norm0": "azu",
                    "pos": "N",
                    "epos": "N",
                    "base": "a-zu",
                    "morph": "~"
                  }
                }
              ]
            },
            {
              "node": "c",
              "type": "sentence",
              "implicit": "yes",
              "tag": "#auto",
              "id": "P249356.U4",
              "label": "o 2",
              "cdl": [
                {
                  "node": "d",
                  "type": "line-start",
                  "ref": "P249356.4",
                  "n": "2",
                  "label": "o 2"
                },
                {
                  "node": "l",
                  "frag": "munus",
                  "id": "P249356.l12014",
                  "ref": "P249356.4.1",
                  "inst": "munus[woman]",
                  "sig": "@dcclt%sux:munus=munus[woman//woman]N'N$munus/munus#~",
                  "f": {
                    "lang": "sux",
                    "form": "munus",
                    "delim": "",
                    "gdl": [
                      {
                        "v": "munus",
                        "id": "P249356.4.1.0"
                      }
                    ],
                    "cf": "munus",
                    "gw": "woman",
                    "sense": "woman",
                    "norm0": "munus",
                    "pos": "N",
                    "epos": "N",
                    "base": "munus",
                    "morph": "~"
                  }
                },
                {
                  "node": "l",
                  "frag": "<šu>-i",
                  "id": "P249356.l12015",
                  "ref": "P249356.4.2",
                  "inst": "šuʾi[barber]",
                  "exosig": "@dcclt%sux:šu-i=šuʾi[barber//barber]N'N$šuʾi/šu-i#~",
                  "exoprj": "epsd2",
                  "exolng": "sux",
                  "f": {
                    "lang": "sux",
                    "form": "šu-i",
                    "gdl": [
                      {
                        "v": "šu",
                        "id": "P249356.4.2.0",
                        "statusStart": "P249356.4.2.0",
                        "o": ">",
                        "delim": "-"
                      },
                      {
                        "v": "i",
                        "id": "P249356.4.2.1"
                      }
                    ],
                    "cf": "šuʾi",
                    "gw": "barber",
                    "sense": "barber",
                    "norm0": "šuʾi",
                    "pos": "N",
                    "epos": "N",
                    "base": "šu-i",
                    "morph": "~"
                  }
                }
              ]
            },
            {
              "node": "c",
              "type": "sentence",
              "implicit": "yes",
              "tag": "#auto",
              "id": "P249356.U6",
              "label": "o 3",
              "cdl": [
                {
                  "node": "d",
                  "type": "line-start",
                  "ref": "P249356.5",
                  "n": "3",
                  "label": "o 3"
                },
                {
                  "node": "l",
                  "frag": "munus",
                  "id": "P249356.l12016",
                  "ref": "P249356.5.1",
                  "inst": "munus[woman]",
                  "sig": "@dcclt%sux:munus=munus[woman//woman]N'N$munus/munus#~",
                  "f": {
                    "lang": "sux",
                    "form": "munus",
                    "delim": "",
                    "gdl": [
                      {
                        "v": "munus",
                        "id": "P249356.5.1.0"
                      }
                    ],
                    "cf": "munus",
                    "gw": "woman",
                    "sense": "woman",
                    "norm0": "munus",
                    "pos": "N",
                    "epos": "N",
                    "base": "munus",
                    "morph": "~"
                  }
                },
                {
                  "node": "l",
                  "frag": "muhaldim",
                  "id": "P249356.l12017",
                  "ref": "P249356.5.2",
                  "inst": "muhaldim[cook]",
                  "exosig": "@dcclt%sux:muhaldim=muhaldim[cook//cook]N'N$muhaldim/muhaldim#~",
                  "exoprj": "epsd2",
                  "exolng": "sux",
                  "f": {
                    "lang": "sux",
                    "form": "muhaldim",
                    "gdl": [
                      {
                        "v": "muhaldim",
                        "id": "P249356.5.2.0"
                      }
                    ],
                    "cf": "muhaldim",
                    "gw": "cook",
                    "sense": "cook",
                    "norm0": "muhaldim",
                    "pos": "N",
                    "epos": "N",
                    "base": "muhaldim",
                    "morph": "~"
                  }
                }
              ]
            }
          ]
        }
      ]
    }
  ]
}
