{
  "type": "cdl",
  "project": "dcclt",
  "source": "http://oracc.org/dcclt",
  "license": "This data is released under the CC0 license",
  "license-url": "https://creativecommons.org/publicdomain/zero/1.0/",
  "more-info": "http://oracc.org/doc/opendata/",
  "UTC-timestamp": "2019-01-29T00:14:21",
  "textid": "P250416",
  "cdl": [
    {
      "node": "c",
      "type": "text",
      "id": "P250416.U0",
      "cdl": [
        {
          "node": "d",
          "type": "object",
          "ref": ""
        },
        {
          "node": "d",
          "subtype": "reverse",
          "type": "reverse",
          "ref": "P250416.r.1",
          "label": "r"
        },
        {
          "node": "d",
          "subtype": "column 1r '",
          "type": "column",
          "ref": "P250416.r.i_.2",
          "n": "1",
          "label": "r i'"
        },
        {
          "node": "c",
          "type": "discourse",
          "subtype": "body",
          "id": "P250416.U1",
          "cdl": [
            {
              "node": "c",
              "type": "sentence",
              "implicit": "yes",
              "id": "P250416.U2",
              "label": "r i' 1",
              "cdl": [
                {
                  "node": "d",
                  "type": "line-start",
                  "ref": "P250416.3",
                  "n": "1",
                  "label": "r i' 1"
                },
                {
                  "node": "l",
                  "frag": "⸢gal₅⸣-la₂-⸢gal⸣",
                  "id": "P250416.l121a6",
                  "ref": "P250416.3.1",
                  "inst": "%sux:gal₅-la₂-gal=",
                  "f": {
                    "lang": "sux",
                    "form": "gal₅-la₂-gal",
                    "gdl": [
                      {
                        "v": "gal₅",
                        "id": "P250416.3.1.0",
                        "break": "damaged",
                        "ho": "1",
                        "delim": "-",
                        "hc": "1"
                      },
                      {
                        "v": "la₂",
                        "id": "P250416.3.1.1",
                        "delim": "-"
                      },
                      {
                        "v": "gal",
                        "id": "P250416.3.1.2",
                        "break": "damaged",
                        "ho": "1",
                        "hc": "1"
                      }
                    ]
                  }
                }
              ]
            },
            {
              "node": "c",
              "type": "sentence",
              "implicit": "yes",
              "tag": "#auto",
              "id": "P250416.U4",
              "label": "r i' 2",
              "cdl": [
                {
                  "node": "d",
                  "type": "line-start",
                  "ref": "P250416.4",
                  "n": "2",
                  "label": "r i' 2"
                },
                {
                  "node": "l",
                  "frag": "gal₅-la₂-tur",
                  "id": "P250416.l121a7",
                  "ref": "P250416.4.1",
                  "inst": "%sux:gal₅-la₂-tur=",
                  "f": {
                    "lang": "sux",
                    "form": "gal₅-la₂-tur",
                    "gdl": [
                      {
                        "v": "gal₅",
                        "id": "P250416.4.1.0",
                        "delim": "-"
                      },
                      {
                        "v": "la₂",
                        "id": "P250416.4.1.1",
                        "delim": "-"
                      },
                      {
                        "v": "tur",
                        "id": "P250416.4.1.2"
                      }
                    ]
                  }
                }
              ]
            },
            {
              "node": "c",
              "type": "sentence",
              "implicit": "yes",
              "tag": "#auto",
              "id": "P250416.U6",
              "label": "r i' 3",
              "cdl": [
                {
                  "node": "d",
                  "type": "line-start",
                  "ref": "P250416.5",
                  "n": "3",
                  "label": "r i' 3"
                },
                {
                  "node": "l",
                  "frag": "ba-za",
                  "id": "P250416.l121a8",
                  "ref": "P250416.5.1",
                  "inst": "%sux:ba-za=",
                  "f": {
                    "lang": "sux",
                    "form": "ba-za",
                    "gdl": [
                      {
                        "v": "ba",
                        "id": "P250416.5.1.0",
                        "delim": "-"
                      },
                      {
                        "v": "za",
                        "id": "P250416.5.1.1"
                      }
                    ]
                  }
                }
              ]
            },
            {
              "node": "c",
              "type": "sentence",
              "implicit": "yes",
              "tag": "#auto",
              "id": "P250416.U8",
              "label": "r i' 4",
              "cdl": [
                {
                  "node": "d",
                  "type": "line-start",
                  "ref": "P250416.6",
                  "n": "4",
                  "label": "r i' 4"
                },
                {
                  "node": "l",
                  "frag": "⸢SAL⸣",
                  "id": "P250416.l121a9",
                  "ref": "P250416.6.1",
                  "inst": "%sux:SAL=",
                  "f": {
                    "lang": "sux",
                    "form": "SAL",
                    "delim": "",
                    "gdl": [
                      {
                        "s": "SAL",
                        "id": "P250416.6.1.0",
                        "break": "damaged",
                        "ho": "1",
                        "hc": "1"
                      }
                    ]
                  }
                },
                {
                  "node": "l",
                  "frag": "ba-za",
                  "id": "P250416.l121aa",
                  "ref": "P250416.6.2",
                  "inst": "%sux:ba-za=",
                  "f": {
                    "lang": "sux",
                    "form": "ba-za",
                    "gdl": [
                      {
                        "v": "ba",
                        "id": "P250416.6.2.0",
                        "delim": "-"
                      },
                      {
                        "v": "za",
                        "id": "P250416.6.2.1"
                      }
                    ]
                  }
                }
              ]
            },
            {
              "node": "c",
              "type": "sentence",
              "implicit": "yes",
              "tag": "#auto",
              "id": "P250416.U10",
              "label": "r i' 5",
              "cdl": [
                {
                  "node": "d",
                  "type": "line-start",
                  "ref": "P250416.7",
                  "n": "5",
                  "label": "r i' 5"
                },
                {
                  "node": "l",
                  "frag": "|ŠU.KAL|e-tu-da",
                  "id": "P250416.l121ab",
                  "ref": "P250416.7.1",
                  "inst": "%sux:|ŠU.KAL|-e-tu-da=",
                  "f": {
                    "lang": "sux",
                    "form": "|ŠU.KAL|-e-tu-da",
                    "gdl": [
                      {
                        "c": "|ŠU.KAL|",
                        "id": "P250416.7.1.0",
                        "delim": "-",
                        "seq": [
                          {
                            "s": "ŠU",
                            "break": "damaged"
                          },
                          {
                            "o": "beside"
                          },
                          {
                            "s": "KAL"
                          }
                        ]
                      },
                      {
                        "v": "e",
                        "id": "P250416.7.1.1",
                        "delim": "-"
                      },
                      {
                        "v": "tu",
                        "id": "P250416.7.1.2",
                        "delim": "-"
                      },
                      {
                        "v": "da",
                        "id": "P250416.7.1.3"
                      }
                    ]
                  }
                }
              ]
            },
            {
              "node": "c",
              "type": "sentence",
              "implicit": "yes",
              "tag": "#auto",
              "id": "P250416.U12",
              "label": "r i' 6",
              "cdl": [
                {
                  "node": "d",
                  "type": "line-start",
                  "ref": "P250416.8",
                  "n": "6",
                  "label": "r i' 6"
                },
                {
                  "node": "l",
                  "frag": "SAL",
                  "id": "P250416.l121ac",
                  "ref": "P250416.8.1",
                  "inst": "%sux:SAL=",
                  "f": {
                    "lang": "sux",
                    "form": "SAL",
                    "delim": "",
                    "gdl": [
                      {
                        "s": "SAL",
                        "id": "P250416.8.1.0"
                      }
                    ]
                  }
                },
                {
                  "node": "l",
                  "frag": "|ŠU.KAL|e-⸢tu-da⸣",
                  "id": "P250416.l121ad",
                  "ref": "P250416.8.2",
                  "inst": "%sux:|ŠU.KAL|-e-tu-da=",
                  "f": {
                    "lang": "sux",
                    "form": "|ŠU.KAL|-e-tu-da",
                    "gdl": [
                      {
                        "c": "|ŠU.KAL|",
                        "id": "P250416.8.2.0",
                        "delim": "-",
                        "seq": [
                          {
                            "s": "ŠU"
                          },
                          {
                            "o": "beside"
                          },
                          {
                            "s": "KAL"
                          }
                        ]
                      },
                      {
                        "v": "e",
                        "id": "P250416.8.2.1",
                        "delim": "-"
                      },
                      {
                        "v": "tu",
                        "id": "P250416.8.2.2",
                        "break": "damaged",
                        "ho": "1",
                        "delim": "-"
                      },
                      {
                        "v": "da",
                        "id": "P250416.8.2.3",
                        "break": "damaged",
                        "hc": "1"
                      }
                    ]
                  }
                },
                {
                  "node": "d",
                  "subtype": "column 2r '",
                  "type": "column",
                  "ref": "P250416.r.ii_.9",
                  "n": "2",
                  "label": "r ii'"
                }
              ]
            },
            {
              "node": "c",
              "type": "sentence",
              "implicit": "yes",
              "tag": "#auto",
              "id": "P250416.U14",
              "label": "r ii' 1",
              "cdl": [
                {
                  "node": "d",
                  "type": "line-start",
                  "ref": "P250416.10",
                  "n": "1",
                  "label": "r ii' 1"
                },
                {
                  "node": "l",
                  "frag": "x-[...]",
                  "id": "P250416.l121ae",
                  "ref": "P250416.10.1",
                  "inst": "%sux:x-x=",
                  "f": {
                    "lang": "sux",
                    "form": "x-x",
                    "gdl": [
                      {
                        "v": "x",
                        "id": "P250416.10.1.0",
                        "delim": "-"
                      },
                      {
                        "x": "ellipsis",
                        "id": "P250416.10.1.1",
                        "breakStart": "1",
                        "break": "missing",
                        "o": "]",
                        "breakEnd": "P250416.10.1.1"
                      }
                    ]
                  }
                }
              ]
            },
            {
              "node": "c",
              "type": "sentence",
              "implicit": "yes",
              "tag": "#auto",
              "id": "P250416.U16",
              "label": "r ii' 2",
              "cdl": [
                {
                  "node": "d",
                  "type": "line-start",
                  "ref": "P250416.11",
                  "n": "2",
                  "label": "r ii' 2"
                },
                {
                  "node": "l",
                  "frag": "en₃-du-⸢ka-lal₃⸣",
                  "id": "P250416.l121af",
                  "ref": "P250416.11.1",
                  "inst": "%sux:en₃-du-ka-lal₃=",
                  "f": {
                    "lang": "sux",
                    "form": "en₃-du-ka-lal₃",
                    "gdl": [
                      {
                        "v": "en₃",
                        "id": "P250416.11.1.0",
                        "delim": "-"
                      },
                      {
                        "v": "du",
                        "id": "P250416.11.1.1",
                        "delim": "-"
                      },
                      {
                        "v": "ka",
                        "id": "P250416.11.1.2",
                        "break": "damaged",
                        "ho": "1",
                        "delim": "-"
                      },
                      {
                        "v": "lal₃",
                        "id": "P250416.11.1.3",
                        "break": "damaged",
                        "hc": "1"
                      }
                    ]
                  }
                }
              ]
            },
            {
              "node": "c",
              "type": "sentence",
              "implicit": "yes",
              "tag": "#auto",
              "id": "P250416.U18",
              "label": "r ii' 3",
              "cdl": [
                {
                  "node": "d",
                  "type": "line-start",
                  "ref": "P250416.12",
                  "n": "3",
                  "label": "r ii' 3"
                },
                {
                  "node": "l",
                  "frag": "en₃-du-gar-gar",
                  "id": "P250416.l121b0",
                  "ref": "P250416.12.1",
                  "inst": "%sux:en₃-du-gar-gar=",
                  "f": {
                    "lang": "sux",
                    "form": "en₃-du-gar-gar",
                    "gdl": [
                      {
                        "v": "en₃",
                        "id": "P250416.12.1.0",
                        "delim": "-"
                      },
                      {
                        "v": "du",
                        "id": "P250416.12.1.1",
                        "delim": "-"
                      },
                      {
                        "v": "gar",
                        "id": "P250416.12.1.2",
                        "delim": "-"
                      },
                      {
                        "v": "gar",
                        "id": "P250416.12.1.3"
                      }
                    ]
                  }
                }
              ]
            },
            {
              "node": "c",
              "type": "sentence",
              "implicit": "yes",
              "tag": "#auto",
              "id": "P250416.U20",
              "label": "r ii' 4",
              "cdl": [
                {
                  "node": "d",
                  "type": "line-start",
                  "ref": "P250416.13",
                  "n": "4",
                  "label": "r ii' 4"
                },
                {
                  "node": "l",
                  "frag": "en₃-du-x",
                  "id": "P250416.l121b1",
                  "ref": "P250416.13.1",
                  "inst": "%sux:en₃-du-x=",
                  "f": {
                    "lang": "sux",
                    "form": "en₃-du-x",
                    "gdl": [
                      {
                        "v": "en₃",
                        "id": "P250416.13.1.0",
                        "delim": "-"
                      },
                      {
                        "v": "du",
                        "id": "P250416.13.1.1",
                        "delim": "-"
                      },
                      {
                        "v": "x",
                        "id": "P250416.13.1.2"
                      }
                    ]
                  }
                }
              ]
            },
            {
              "node": "c",
              "type": "sentence",
              "implicit": "yes",
              "tag": "#auto",
              "id": "P250416.U22",
              "label": "r ii' 5",
              "cdl": [
                {
                  "node": "d",
                  "type": "line-start",
                  "ref": "P250416.14",
                  "n": "5",
                  "label": "r ii' 5"
                },
                {
                  "node": "l",
                  "frag": "ad-ša₄",
                  "id": "P250416.l121b2",
                  "ref": "P250416.14.1",
                  "inst": "%sux:ad-ša₄=",
                  "f": {
                    "lang": "sux",
                    "form": "ad-ša₄",
                    "gdl": [
                      {
                        "v": "ad",
                        "id": "P250416.14.1.0",
                        "delim": "-"
                      },
                      {
                        "v": "ša₄",
                        "id": "P250416.14.1.1"
                      }
                    ]
                  }
                }
              ]
            },
            {
              "node": "c",
              "type": "sentence",
              "implicit": "yes",
              "tag": "#auto",
              "id": "P250416.U24",
              "label": "r ii' 6",
              "cdl": [
                {
                  "node": "d",
                  "type": "line-start",
                  "ref": "P250416.15",
                  "n": "6",
                  "label": "r ii' 6"
                },
                {
                  "node": "l",
                  "frag": "ad-ša₄-ša₄",
                  "id": "P250416.l121b3",
                  "ref": "P250416.15.1",
                  "inst": "%sux:ad-ša₄-ša₄=",
                  "f": {
                    "lang": "sux",
                    "form": "ad-ša₄-ša₄",
                    "gdl": [
                      {
                        "v": "ad",
                        "id": "P250416.15.1.0",
                        "delim": "-"
                      },
                      {
                        "v": "ša₄",
                        "id": "P250416.15.1.1",
                        "delim": "-"
                      },
                      {
                        "v": "ša₄",
                        "id": "P250416.15.1.2"
                      }
                    ]
                  }
                }
              ]
            },
            {
              "node": "c",
              "type": "sentence",
              "implicit": "yes",
              "tag": "#auto",
              "id": "P250416.U26",
              "label": "r ii' 7",
              "cdl": [
                {
                  "node": "d",
                  "type": "line-start",
                  "ref": "P250416.16",
                  "n": "7",
                  "label": "r ii' 7"
                },
                {
                  "node": "l",
                  "frag": "[sa]-⸢gid₂-da⸣",
                  "id": "P250416.l121b4",
                  "ref": "P250416.16.1",
                  "inst": "%sux:sa-gid₂-da=",
                  "f": {
                    "lang": "sux",
                    "form": "sa-gid₂-da",
                    "gdl": [
                      {
                        "v": "sa",
                        "id": "P250416.16.1.0",
                        "breakStart": "1",
                        "o": "]",
                        "break": "missing",
                        "breakEnd": "P250416.16.1.0",
                        "delim": "-"
                      },
                      {
                        "v": "gid₂",
                        "id": "P250416.16.1.1",
                        "break": "damaged",
                        "ho": "1",
                        "delim": "-"
                      },
                      {
                        "v": "da",
                        "id": "P250416.16.1.2",
                        "break": "damaged",
                        "hc": "1"
                      }
                    ]
                  }
                }
              ]
            },
            {
              "node": "c",
              "type": "sentence",
              "implicit": "yes",
              "tag": "#auto",
              "id": "P250416.U28",
              "label": "r ii' 8",
              "cdl": [
                {
                  "node": "d",
                  "type": "line-start",
                  "ref": "P250416.17",
                  "n": "8",
                  "label": "r ii' 8"
                },
                {
                  "node": "l",
                  "frag": "[sa]-gar",
                  "id": "P250416.l121b5",
                  "ref": "P250416.17.1",
                  "inst": "%sux:sa-gar=",
                  "f": {
                    "lang": "sux",
                    "form": "sa-gar",
                    "gdl": [
                      {
                        "v": "sa",
                        "id": "P250416.17.1.0",
                        "breakStart": "1",
                        "o": "]",
                        "break": "missing",
                        "breakEnd": "P250416.17.1.0",
                        "delim": "-"
                      },
                      {
                        "v": "gar",
                        "id": "P250416.17.1.1"
                      }
                    ]
                  }
                }
              ]
            },
            {
              "node": "c",
              "type": "sentence",
              "implicit": "yes",
              "tag": "#auto",
              "id": "P250416.U30",
              "label": "r ii' 9",
              "cdl": [
                {
                  "node": "d",
                  "type": "line-start",
                  "ref": "P250416.18",
                  "n": "9",
                  "label": "r ii' 9"
                },
                {
                  "node": "l",
                  "frag": "[ša₃-ba]-⸢tuku⸣",
                  "id": "P250416.l121b6",
                  "ref": "P250416.18.1",
                  "inst": "%sux:ša₃-ba-tuku=",
                  "f": {
                    "lang": "sux",
                    "form": "ša₃-ba-tuku",
                    "gdl": [
                      {
                        "v": "ša₃",
                        "id": "P250416.18.1.0",
                        "breakStart": "1",
                        "o": "[",
                        "break": "missing",
                        "delim": "-"
                      },
                      {
                        "v": "ba",
                        "id": "P250416.18.1.1",
                        "break": "missing",
                        "o": "]",
                        "breakEnd": "P250416.18.1.0",
                        "delim": "-"
                      },
                      {
                        "v": "tuku",
                        "id": "P250416.18.1.2",
                        "break": "damaged",
                        "ho": "1",
                        "hc": "1"
                      }
                    ]
                  }
                },
                {
                  "node": "d",
                  "subtype": "column 3r '",
                  "type": "column",
                  "ref": "P250416.r.iii_.19",
                  "n": "3",
                  "label": "r iii'"
                }
              ]
            },
            {
              "node": "c",
              "type": "sentence",
              "implicit": "yes",
              "tag": "#auto",
              "id": "P250416.U32",
              "label": "r iii' 1",
              "cdl": [
                {
                  "node": "d",
                  "type": "line-start",
                  "ref": "P250416.20",
                  "n": "1",
                  "label": "r iii' 1"
                },
                {
                  "node": "l",
                  "frag": "gala",
                  "id": "P250416.l121b7",
                  "ref": "P250416.20.1",
                  "inst": "%sux:gala=",
                  "f": {
                    "lang": "sux",
                    "form": "gala",
                    "gdl": [
                      {
                        "v": "gala",
                        "id": "P250416.20.1.0"
                      }
                    ]
                  }
                }
              ]
            },
            {
              "node": "c",
              "type": "sentence",
              "implicit": "yes",
              "tag": "#auto",
              "id": "P250416.U34",
              "label": "r iii' 2",
              "cdl": [
                {
                  "node": "d",
                  "type": "line-start",
                  "ref": "P250416.21",
                  "n": "2",
                  "label": "r iii' 2"
                },
                {
                  "node": "l",
                  "frag": "gala-mah",
                  "id": "P250416.l121b8",
                  "ref": "P250416.21.1",
                  "inst": "%sux:gala-mah=",
                  "f": {
                    "lang": "sux",
                    "form": "gala-mah",
                    "gdl": [
                      {
                        "v": "gala",
                        "id": "P250416.21.1.0",
                        "delim": "-"
                      },
                      {
                        "v": "mah",
                        "id": "P250416.21.1.1"
                      }
                    ]
                  }
                }
              ]
            },
            {
              "node": "c",
              "type": "sentence",
              "implicit": "yes",
              "tag": "#auto",
              "id": "P250416.U36",
              "label": "r iii' 3",
              "cdl": [
                {
                  "node": "d",
                  "type": "line-start",
                  "ref": "P250416.22",
                  "n": "3",
                  "label": "r iii' 3"
                },
                {
                  "node": "l",
                  "frag": "gala-mah-lugal",
                  "id": "P250416.l121b9",
                  "ref": "P250416.22.1",
                  "inst": "%sux:gala-mah-lugal=",
                  "f": {
                    "lang": "sux",
                    "form": "gala-mah-lugal",
                    "gdl": [
                      {
                        "v": "gala",
                        "id": "P250416.22.1.0",
                        "delim": "-"
                      },
                      {
                        "v": "mah",
                        "id": "P250416.22.1.1",
                        "delim": "-"
                      },
                      {
                        "v": "lugal",
                        "id": "P250416.22.1.2"
                      }
                    ]
                  }
                }
              ]
            },
            {
              "node": "c",
              "type": "sentence",
              "implicit": "yes",
              "tag": "#auto",
              "id": "P250416.U38",
              "label": "r iii' 4",
              "cdl": [
                {
                  "node": "d",
                  "type": "line-start",
                  "ref": "P250416.23",
                  "n": "4",
                  "label": "r iii' 4"
                },
                {
                  "node": "l",
                  "frag": "gala-lugal",
                  "id": "P250416.l121ba",
                  "ref": "P250416.23.1",
                  "inst": "%sux:gala-lugal=",
                  "f": {
                    "lang": "sux",
                    "form": "gala-lugal",
                    "gdl": [
                      {
                        "v": "gala",
                        "id": "P250416.23.1.0",
                        "delim": "-"
                      },
                      {
                        "v": "lugal",
                        "id": "P250416.23.1.1"
                      }
                    ]
                  }
                }
              ]
            },
            {
              "node": "c",
              "type": "sentence",
              "implicit": "yes",
              "tag": "#auto",
              "id": "P250416.U40",
              "label": "r iii' 5",
              "cdl": [
                {
                  "node": "d",
                  "type": "line-start",
                  "ref": "P250416.24",
                  "n": "5",
                  "label": "r iii' 5"
                },
                {
                  "node": "l",
                  "frag": "gala-lugal-a-ra-x-us₂-sa",
                  "id": "P250416.l121bb",
                  "ref": "P250416.24.1",
                  "inst": "%sux:gala-lugal-a-ra-x-us₂-sa=",
                  "f": {
                    "lang": "sux",
                    "form": "gala-lugal-a-ra-x-us₂-sa",
                    "gdl": [
                      {
                        "v": "gala",
                        "id": "P250416.24.1.0",
                        "delim": "-"
                      },
                      {
                        "v": "lugal",
                        "id": "P250416.24.1.1",
                        "delim": "-"
                      },
                      {
                        "v": "a",
                        "id": "P250416.24.1.2",
                        "delim": "-"
                      },
                      {
                        "v": "ra",
                        "id": "P250416.24.1.3",
                        "delim": "-"
                      },
                      {
                        "v": "x",
                        "id": "P250416.24.1.4",
                        "delim": "-"
                      },
                      {
                        "v": "us₂",
                        "id": "P250416.24.1.5",
                        "delim": "-"
                      },
                      {
                        "v": "sa",
                        "id": "P250416.24.1.6"
                      }
                    ]
                  }
                }
              ]
            },
            {
              "node": "c",
              "type": "sentence",
              "implicit": "yes",
              "tag": "#auto",
              "id": "P250416.U42",
              "label": "r iii' 6",
              "cdl": [
                {
                  "node": "d",
                  "type": "line-start",
                  "ref": "P250416.25",
                  "n": "6",
                  "label": "r iii' 6"
                },
                {
                  "node": "l",
                  "frag": "gala-x-x-us₂",
                  "id": "P250416.l121bc",
                  "ref": "P250416.25.1",
                  "inst": "%sux:gala-x-x-us₂=",
                  "f": {
                    "lang": "sux",
                    "form": "gala-x-x-us₂",
                    "gdl": [
                      {
                        "v": "gala",
                        "id": "P250416.25.1.0",
                        "delim": "-"
                      },
                      {
                        "v": "x",
                        "id": "P250416.25.1.1",
                        "delim": "-"
                      },
                      {
                        "v": "x",
                        "id": "P250416.25.1.2",
                        "delim": "-"
                      },
                      {
                        "v": "us₂",
                        "id": "P250416.25.1.3"
                      }
                    ]
                  }
                },
                {
                  "node": "d",
                  "subtype": "column 4r '",
                  "type": "column",
                  "ref": "P250416.r.iv_.26",
                  "n": "4",
                  "label": "r iv'"
                }
              ]
            },
            {
              "node": "c",
              "type": "sentence",
              "implicit": "yes",
              "tag": "#auto",
              "id": "P250416.U44",
              "label": "r iv' 1",
              "cdl": [
                {
                  "node": "d",
                  "type": "line-start",
                  "ref": "P250416.27",
                  "n": "1",
                  "label": "r iv' 1"
                },
                {
                  "node": "l",
                  "frag": "⸢šitim⸣",
                  "id": "P250416.l121bd",
                  "ref": "P250416.27.1",
                  "inst": "%sux:šitim=",
                  "f": {
                    "lang": "sux",
                    "form": "šitim",
                    "gdl": [
                      {
                        "v": "šitim",
                        "id": "P250416.27.1.0",
                        "break": "damaged",
                        "queried": "1",
                        "ho": "1",
                        "hc": "1"
                      }
                    ]
                  }
                }
              ]
            },
            {
              "node": "c",
              "type": "sentence",
              "implicit": "yes",
              "tag": "#auto",
              "id": "P250416.U46",
              "label": "r iv' 2",
              "cdl": [
                {
                  "node": "d",
                  "type": "line-start",
                  "ref": "P250416.28",
                  "n": "2",
                  "label": "r iv' 2"
                },
                {
                  "node": "l",
                  "frag": "[di]-ku₅",
                  "id": "P250416.l121be",
                  "ref": "P250416.28.1",
                  "inst": "%sux:di-ku₅=",
                  "f": {
                    "lang": "sux",
                    "form": "di-ku₅",
                    "gdl": [
                      {
                        "v": "di",
                        "id": "P250416.28.1.0",
                        "breakStart": "1",
                        "o": "]",
                        "break": "missing",
                        "breakEnd": "P250416.28.1.0",
                        "delim": "-"
                      },
                      {
                        "v": "ku₅",
                        "id": "P250416.28.1.1"
                      }
                    ]
                  }
                }
              ]
            },
            {
              "node": "c",
              "type": "sentence",
              "implicit": "yes",
              "tag": "#auto",
              "id": "P250416.U48",
              "label": "r iv' 3",
              "cdl": [
                {
                  "node": "d",
                  "type": "line-start",
                  "ref": "P250416.29",
                  "n": "3",
                  "label": "r iv' 3"
                },
                {
                  "node": "l",
                  "frag": "[di]-ku₅-gal",
                  "id": "P250416.l121bf",
                  "ref": "P250416.29.1",
                  "inst": "%sux:di-ku₅-gal=",
                  "f": {
                    "lang": "sux",
                    "form": "di-ku₅-gal",
                    "gdl": [
                      {
                        "v": "di",
                        "id": "P250416.29.1.0",
                        "breakStart": "1",
                        "o": "]",
                        "break": "missing",
                        "breakEnd": "P250416.29.1.0",
                        "delim": "-"
                      },
                      {
                        "v": "ku₅",
                        "id": "P250416.29.1.1",
                        "delim": "-"
                      },
                      {
                        "v": "gal",
                        "id": "P250416.29.1.2"
                      }
                    ]
                  }
                }
              ]
            },
            {
              "node": "c",
              "type": "sentence",
              "implicit": "yes",
              "tag": "#auto",
              "id": "P250416.U50",
              "label": "r iv' 4",
              "cdl": [
                {
                  "node": "d",
                  "type": "line-start",
                  "ref": "P250416.30",
                  "n": "4",
                  "label": "r iv' 4"
                },
                {
                  "node": "l",
                  "frag": "[aga]-⸢us₂⸣-di-ku₅",
                  "id": "P250416.l121c0",
                  "ref": "P250416.30.1",
                  "inst": "%sux:aga-us₂-di-ku₅=",
                  "f": {
                    "lang": "sux",
                    "form": "aga-us₂-di-ku₅",
                    "gdl": [
                      {
                        "v": "aga",
                        "id": "P250416.30.1.0",
                        "breakStart": "1",
                        "o": "]",
                        "break": "missing",
                        "breakEnd": "P250416.30.1.0",
                        "delim": "-"
                      },
                      {
                        "v": "us₂",
                        "id": "P250416.30.1.1",
                        "break": "damaged",
                        "queried": "1",
                        "ho": "1",
                        "delim": "-",
                        "hc": "1"
                      },
                      {
                        "v": "di",
                        "id": "P250416.30.1.2",
                        "delim": "-"
                      },
                      {
                        "v": "ku₅",
                        "id": "P250416.30.1.3"
                      }
                    ]
                  }
                }
              ]
            },
            {
              "node": "c",
              "type": "sentence",
              "implicit": "yes",
              "tag": "#auto",
              "id": "P250416.U52",
              "label": "r iv' 5",
              "cdl": [
                {
                  "node": "d",
                  "type": "line-start",
                  "ref": "P250416.31",
                  "n": "5",
                  "label": "r iv' 5"
                },
                {
                  "node": "l",
                  "frag": "[SAL",
                  "id": "P250416.l121c1",
                  "ref": "P250416.31.1",
                  "inst": "%sux:SAL=",
                  "f": {
                    "lang": "sux",
                    "form": "SAL",
                    "delim": "",
                    "gdl": [
                      {
                        "s": "SAL",
                        "id": "P250416.31.1.0",
                        "breakStart": "1",
                        "o": "[",
                        "break": "missing"
                      }
                    ]
                  }
                },
                {
                  "node": "l",
                  "frag": "dub]-sar",
                  "id": "P250416.l121c2",
                  "ref": "P250416.31.2",
                  "inst": "%sux:dub-sar=",
                  "f": {
                    "lang": "sux",
                    "form": "dub-sar",
                    "gdl": [
                      {
                        "v": "dub",
                        "id": "P250416.31.2.0",
                        "break": "missing",
                        "o": "]",
                        "breakEnd": "P250416.31.1.0",
                        "delim": "-"
                      },
                      {
                        "v": "sar",
                        "id": "P250416.31.2.1",
                        "queried": "1"
                      }
                    ]
                  }
                }
              ]
            },
            {
              "node": "c",
              "type": "sentence",
              "implicit": "yes",
              "tag": "#auto",
              "id": "P250416.U54",
              "label": "r iv' 6",
              "cdl": [
                {
                  "node": "d",
                  "type": "line-start",
                  "ref": "P250416.32",
                  "n": "6",
                  "label": "r iv' 6"
                },
                {
                  "node": "l",
                  "frag": "[...]-me",
                  "id": "P250416.l121c3",
                  "ref": "P250416.32.1",
                  "inst": "%sux:x-me=",
                  "f": {
                    "lang": "sux",
                    "form": "x-me",
                    "gdl": [
                      {
                        "x": "ellipsis",
                        "id": "P250416.32.1.0",
                        "breakStart": "1",
                        "break": "missing",
                        "o": "]",
                        "breakEnd": "P250416.32.1.0",
                        "delim": "-"
                      },
                      {
                        "v": "me",
                        "id": "P250416.32.1.1"
                      }
                    ]
                  }
                }
              ]
            },
            {
              "node": "c",
              "type": "sentence",
              "implicit": "yes",
              "tag": "#auto",
              "id": "P250416.U56",
              "label": "r iv' 7",
              "cdl": [
                {
                  "node": "d",
                  "type": "line-start",
                  "ref": "P250416.33",
                  "n": "7",
                  "label": "r iv' 7"
                },
                {
                  "node": "l",
                  "frag": "[...]",
                  "id": "P250416.l121c4",
                  "ref": "P250416.33.1",
                  "inst": "%sux:x=",
                  "f": {
                    "lang": "sux",
                    "form": "x",
                    "delim": "",
                    "gdl": [
                      {
                        "x": "ellipsis",
                        "id": "P250416.33.1.0",
                        "breakStart": "1",
                        "break": "missing",
                        "o": "]",
                        "breakEnd": "P250416.33.1.0"
                      }
                    ]
                  }
                },
                {
                  "node": "l",
                  "frag": "x",
                  "id": "P250416.l121c5",
                  "ref": "P250416.33.2",
                  "inst": "%sux:x=",
                  "f": {
                    "lang": "sux",
                    "form": "x",
                    "gdl": [
                      {
                        "v": "x",
                        "id": "P250416.33.2.0"
                      }
                    ]
                  }
                }
              ]
            }
          ]
        }
      ]
    }
  ]
}
