{
  "type": "cdl",
  "project": "dcclt",
  "source": "http://oracc.org/dcclt",
  "license": "This data is released under the CC0 license",
  "license-url": "https://creativecommons.org/publicdomain/zero/1.0/",
  "more-info": "http://oracc.org/doc/opendata/",
  "UTC-timestamp": "2019-01-29T00:15:02",
  "textid": "P271728",
  "cdl": [
    {
      "node": "c",
      "type": "text",
      "id": "P271728.U0",
      "cdl": [
        {
          "node": "d",
          "subtype": "tablet",
          "type": "tablet",
          "ref": "P271728.x1375.1",
          "label": "x1375"
        },
        {
          "node": "d",
          "type": "surface",
          "ref": ""
        },
        {
          "node": "d",
          "type": "nonx",
          "ref": "P271728.2",
          "strict": "1",
          "extent": "beginning",
          "scope": "column",
          "state": "missing"
        },
        {
          "node": "c",
          "type": "discourse",
          "subtype": "body",
          "id": "P271728.U1",
          "cdl": [
            {
              "node": "c",
              "type": "sentence",
              "implicit": "yes",
              "id": "P271728.U2",
              "label": "1'",
              "cdl": [
                {
                  "node": "d",
                  "type": "line-start",
                  "ref": "P271728.3",
                  "n": "1'",
                  "label": "1'"
                },
                {
                  "node": "d",
                  "type": "cell-start"
                },
                {
                  "node": "d",
                  "type": "field-start",
                  "subtype": "sv"
                },
                {
                  "node": "l",
                  "frag": "zur-zur",
                  "id": "P271728.l2e42f",
                  "ref": "P271728.3.1",
                  "inst": "zur[take care of]",
                  "sig": "@dcclt%sux:zur-zur=zur[take care of//take care of]V/t'V/t$zur/zur-zur#~",
                  "f": {
                    "lang": "sux",
                    "form": "zur-zur",
                    "gdl": [
                      {
                        "v": "zur",
                        "id": "P271728.3.1.0",
                        "delim": "-"
                      },
                      {
                        "v": "zur",
                        "id": "P271728.3.1.1"
                      }
                    ],
                    "cf": "zur",
                    "gw": "take care of",
                    "sense": "take care of",
                    "norm0": "zur",
                    "pos": "V/t",
                    "epos": "V/t",
                    "base": "zur-zur",
                    "morph": "~"
                  }
                },
                {
                  "node": "d",
                  "type": "field-end",
                  "subtype": "sv"
                },
                {
                  "node": "d",
                  "type": "cell-end"
                },
                {
                  "node": "d",
                  "type": "cell-start"
                },
                {
                  "node": "d",
                  "type": "field-start",
                  "subtype": "pr"
                },
                {
                  "node": "l",
                  "frag": "[...]",
                  "id": "P271728.l2e430",
                  "ref": "P271728.3.2",
                  "inst": "%sux:x=",
                  "f": {
                    "lang": "sux",
                    "form": "x",
                    "gdl": [
                      {
                        "x": "ellipsis",
                        "id": "P271728.3.2.0",
                        "breakStart": "1",
                        "break": "missing",
                        "o": "]",
                        "breakEnd": "P271728.3.2.0"
                      }
                    ]
                  }
                },
                {
                  "node": "d",
                  "type": "field-end",
                  "subtype": "pr"
                },
                {
                  "node": "d",
                  "type": "cell-end"
                },
                {
                  "node": "d",
                  "type": "cell-start"
                },
                {
                  "node": "d",
                  "type": "field-start",
                  "subtype": "sg"
                },
                {
                  "node": "l",
                  "frag": "|[AMAR.AMAR]|",
                  "id": "P271728.l2e431",
                  "ref": "P271728.3.3",
                  "inst": "%sux:|AMAR.AMAR|=",
                  "f": {
                    "lang": "sux",
                    "form": "|AMAR.AMAR|",
                    "gdl": [
                      {
                        "c": "|AMAR.AMAR|",
                        "id": "P271728.3.3.0",
                        "seq": [
                          {
                            "s": "AMAR",
                            "o": "["
                          },
                          {
                            "o": "beside"
                          },
                          {
                            "s": "AMAR",
                            "o": "]"
                          }
                        ]
                      }
                    ]
                  }
                },
                {
                  "node": "d",
                  "type": "field-end",
                  "subtype": "sg"
                },
                {
                  "node": "d",
                  "type": "cell-end"
                },
                {
                  "node": "d",
                  "type": "cell-start"
                },
                {
                  "node": "d",
                  "type": "field-start",
                  "subtype": "eq"
                },
                {
                  "node": "l",
                  "frag": "[ku]-⸢un⸣-nu",
                  "id": "P271728.l2e432",
                  "ref": "P271728.3.4",
                  "inst": "kanû[care (for)//doing honour to]V'N$kunnû",
                  "sig": "@dcclt%akk-x-mbperi:ku-un-nu=kanû[care (for)//doing honour to]V'N$kunnû",
                  "f": {
                    "lang": "akk-x-mbperi",
                    "form": "ku-un-nu",
                    "gdl": [
                      {
                        "v": "ku",
                        "id": "P271728.3.4.0",
                        "breakStart": "1",
                        "o": "]",
                        "break": "missing",
                        "breakEnd": "P271728.3.4.0",
                        "delim": "-"
                      },
                      {
                        "v": "un",
                        "id": "P271728.3.4.1",
                        "break": "damaged",
                        "ho": "1",
                        "delim": "-",
                        "hc": "1"
                      },
                      {
                        "v": "nu",
                        "id": "P271728.3.4.2"
                      }
                    ],
                    "cf": "kanû",
                    "gw": "care (for)",
                    "sense": "doing honour to",
                    "norm": "kunnû",
                    "pos": "V",
                    "epos": "N"
                  }
                },
                {
                  "node": "d",
                  "type": "field-end",
                  "subtype": "eq"
                },
                {
                  "node": "d",
                  "type": "cell-end"
                }
              ]
            },
            {
              "node": "c",
              "type": "sentence",
              "implicit": "yes",
              "tag": "#auto",
              "id": "P271728.U4",
              "label": "2'",
              "cdl": [
                {
                  "node": "d",
                  "type": "line-start",
                  "ref": "P271728.4",
                  "n": "2'",
                  "label": "2'"
                },
                {
                  "node": "d",
                  "type": "cell-start"
                },
                {
                  "node": "d",
                  "type": "field-start",
                  "subtype": "sv"
                },
                {
                  "node": "l",
                  "frag": "zur-zur",
                  "id": "P271728.l2e433",
                  "ref": "P271728.4.1",
                  "inst": "zur[take care of]",
                  "sig": "@dcclt%sux:zur-zur=zur[take care of//take care of]V/t'V/t$zur/zur-zur#~",
                  "f": {
                    "lang": "sux",
                    "form": "zur-zur",
                    "gdl": [
                      {
                        "v": "zur",
                        "id": "P271728.4.1.0",
                        "delim": "-"
                      },
                      {
                        "v": "zur",
                        "id": "P271728.4.1.1"
                      }
                    ],
                    "cf": "zur",
                    "gw": "take care of",
                    "sense": "take care of",
                    "norm0": "zur",
                    "pos": "V/t",
                    "epos": "V/t",
                    "base": "zur-zur",
                    "morph": "~"
                  }
                },
                {
                  "node": "d",
                  "type": "field-end",
                  "subtype": "sv"
                },
                {
                  "node": "d",
                  "type": "cell-end"
                },
                {
                  "node": "d",
                  "type": "cell-start"
                },
                {
                  "node": "d",
                  "type": "field-start",
                  "subtype": "pr"
                },
                {
                  "node": "l",
                  "frag": "[...]",
                  "id": "P271728.l2e434",
                  "ref": "P271728.4.2",
                  "inst": "%sux:x=",
                  "f": {
                    "lang": "sux",
                    "form": "x",
                    "gdl": [
                      {
                        "x": "ellipsis",
                        "id": "P271728.4.2.0",
                        "breakStart": "1",
                        "break": "missing",
                        "o": "]",
                        "breakEnd": "P271728.4.2.0"
                      }
                    ]
                  }
                },
                {
                  "node": "d",
                  "type": "field-end",
                  "subtype": "pr"
                },
                {
                  "node": "d",
                  "type": "cell-end"
                },
                {
                  "node": "d",
                  "type": "cell-start"
                },
                {
                  "node": "d",
                  "type": "field-start",
                  "subtype": "sg"
                },
                {
                  "node": "l",
                  "frag": "[...]",
                  "id": "P271728.l2e435",
                  "ref": "P271728.4.3",
                  "inst": "%sux:x=",
                  "f": {
                    "lang": "sux",
                    "form": "x",
                    "gdl": [
                      {
                        "x": "ellipsis",
                        "id": "P271728.4.3.0",
                        "breakStart": "1",
                        "break": "missing",
                        "o": "]",
                        "breakEnd": "P271728.4.3.0"
                      }
                    ]
                  }
                },
                {
                  "node": "d",
                  "type": "field-end",
                  "subtype": "sg"
                },
                {
                  "node": "d",
                  "type": "cell-end"
                },
                {
                  "node": "d",
                  "type": "cell-start"
                },
                {
                  "node": "d",
                  "type": "field-start",
                  "subtype": "eq"
                },
                {
                  "node": "l",
                  "frag": "[ku]-te-en-nu-[u]",
                  "id": "P271728.l2e436",
                  "ref": "P271728.4.4",
                  "inst": "kanû[care (for)//being honoured]V'N$kutennû",
                  "sig": "@dcclt%akk-x-mbperi:ku-te-en-nu-u=kanû[care (for)//being honoured]V'N$kutennû",
                  "f": {
                    "lang": "akk-x-mbperi",
                    "form": "ku-te-en-nu-u",
                    "gdl": [
                      {
                        "v": "ku",
                        "id": "P271728.4.4.0",
                        "breakStart": "1",
                        "o": "]",
                        "break": "missing",
                        "breakEnd": "P271728.4.4.0",
                        "delim": "-"
                      },
                      {
                        "v": "te",
                        "id": "P271728.4.4.1",
                        "delim": "-"
                      },
                      {
                        "v": "en",
                        "id": "P271728.4.4.2",
                        "delim": "-"
                      },
                      {
                        "v": "nu",
                        "id": "P271728.4.4.3",
                        "delim": "-"
                      },
                      {
                        "v": "u",
                        "id": "P271728.4.4.4",
                        "breakStart": "1",
                        "o": "]",
                        "break": "missing",
                        "breakEnd": "P271728.4.4.4"
                      }
                    ],
                    "cf": "kanû",
                    "gw": "care (for)",
                    "sense": "being honoured",
                    "norm": "kutennû",
                    "pos": "V",
                    "epos": "N"
                  }
                },
                {
                  "node": "d",
                  "type": "field-end",
                  "subtype": "eq"
                },
                {
                  "node": "d",
                  "type": "cell-end"
                }
              ]
            },
            {
              "node": "c",
              "type": "sentence",
              "implicit": "yes",
              "tag": "#auto",
              "id": "P271728.U6",
              "label": "3'",
              "cdl": [
                {
                  "node": "d",
                  "type": "line-start",
                  "ref": "P271728.5",
                  "n": "3'",
                  "label": "3'"
                },
                {
                  "node": "d",
                  "type": "cell-start"
                },
                {
                  "node": "d",
                  "type": "field-start",
                  "subtype": "sv"
                },
                {
                  "node": "l",
                  "frag": "zur-zur",
                  "id": "P271728.l2e437",
                  "ref": "P271728.5.1",
                  "inst": "zur[take care of]",
                  "sig": "@dcclt%sux:zur-zur=zur[take care of//take care of]V/t'V/t$zur/zur-zur#~",
                  "f": {
                    "lang": "sux",
                    "form": "zur-zur",
                    "gdl": [
                      {
                        "v": "zur",
                        "id": "P271728.5.1.0",
                        "delim": "-"
                      },
                      {
                        "v": "zur",
                        "id": "P271728.5.1.1"
                      }
                    ],
                    "cf": "zur",
                    "gw": "take care of",
                    "sense": "take care of",
                    "norm0": "zur",
                    "pos": "V/t",
                    "epos": "V/t",
                    "base": "zur-zur",
                    "morph": "~"
                  }
                },
                {
                  "node": "d",
                  "type": "field-end",
                  "subtype": "sv"
                },
                {
                  "node": "d",
                  "type": "cell-end"
                },
                {
                  "node": "d",
                  "type": "cell-start"
                },
                {
                  "node": "d",
                  "type": "field-start",
                  "subtype": "pr"
                },
                {
                  "node": "l",
                  "frag": "[...]",
                  "id": "P271728.l2e438",
                  "ref": "P271728.5.2",
                  "inst": "%sux:x=",
                  "f": {
                    "lang": "sux",
                    "form": "x",
                    "gdl": [
                      {
                        "x": "ellipsis",
                        "id": "P271728.5.2.0",
                        "breakStart": "1",
                        "break": "missing",
                        "o": "]",
                        "breakEnd": "P271728.5.2.0"
                      }
                    ]
                  }
                },
                {
                  "node": "d",
                  "type": "field-end",
                  "subtype": "pr"
                },
                {
                  "node": "d",
                  "type": "cell-end"
                },
                {
                  "node": "d",
                  "type": "cell-start"
                },
                {
                  "node": "d",
                  "type": "field-start",
                  "subtype": "sg"
                },
                {
                  "node": "l",
                  "frag": "[...]",
                  "id": "P271728.l2e439",
                  "ref": "P271728.5.3",
                  "inst": "%sux:x=",
                  "f": {
                    "lang": "sux",
                    "form": "x",
                    "gdl": [
                      {
                        "x": "ellipsis",
                        "id": "P271728.5.3.0",
                        "breakStart": "1",
                        "break": "missing",
                        "o": "]",
                        "breakEnd": "P271728.5.3.0"
                      }
                    ]
                  }
                },
                {
                  "node": "d",
                  "type": "field-end",
                  "subtype": "sg"
                },
                {
                  "node": "d",
                  "type": "cell-end"
                },
                {
                  "node": "d",
                  "type": "cell-start"
                },
                {
                  "node": "d",
                  "type": "field-start",
                  "subtype": "eq"
                },
                {
                  "node": "l",
                  "frag": "⸢su⸣-up-pu-u",
                  "id": "P271728.l2e43a",
                  "ref": "P271728.5.4",
                  "inst": "suppû[pray//praying]V'N$",
                  "sig": "@dcclt%akk-x-mbperi:su-up-pu-u=suppû[pray//praying]V'N$suppû",
                  "f": {
                    "lang": "akk-x-mbperi",
                    "form": "su-up-pu-u",
                    "gdl": [
                      {
                        "v": "su",
                        "id": "P271728.5.4.0",
                        "break": "damaged",
                        "ho": "1",
                        "delim": "-",
                        "hc": "1"
                      },
                      {
                        "v": "up",
                        "id": "P271728.5.4.1",
                        "delim": "-"
                      },
                      {
                        "v": "pu",
                        "id": "P271728.5.4.2",
                        "delim": "-"
                      },
                      {
                        "v": "u",
                        "id": "P271728.5.4.3"
                      }
                    ],
                    "cf": "suppû",
                    "gw": "pray",
                    "sense": "praying",
                    "norm": "suppû",
                    "pos": "V",
                    "epos": "N"
                  }
                },
                {
                  "node": "d",
                  "type": "field-end",
                  "subtype": "eq"
                },
                {
                  "node": "d",
                  "type": "cell-end"
                }
              ]
            },
            {
              "node": "c",
              "type": "sentence",
              "implicit": "yes",
              "tag": "#auto",
              "id": "P271728.U8",
              "label": "4'",
              "cdl": [
                {
                  "node": "d",
                  "type": "line-start",
                  "ref": "P271728.6",
                  "n": "4'",
                  "label": "4'"
                },
                {
                  "node": "d",
                  "type": "cell-start"
                },
                {
                  "node": "d",
                  "type": "field-start",
                  "subtype": "sv"
                },
                {
                  "node": "l",
                  "frag": "zur-zur",
                  "id": "P271728.l2e43b",
                  "ref": "P271728.6.1",
                  "inst": "zur[take care of]",
                  "sig": "@dcclt%sux:zur-zur=zur[take care of//take care of]V/t'V/t$zur/zur-zur#~",
                  "f": {
                    "lang": "sux",
                    "form": "zur-zur",
                    "gdl": [
                      {
                        "v": "zur",
                        "id": "P271728.6.1.0",
                        "delim": "-"
                      },
                      {
                        "v": "zur",
                        "id": "P271728.6.1.1"
                      }
                    ],
                    "cf": "zur",
                    "gw": "take care of",
                    "sense": "take care of",
                    "norm0": "zur",
                    "pos": "V/t",
                    "epos": "V/t",
                    "base": "zur-zur",
                    "morph": "~"
                  }
                },
                {
                  "node": "d",
                  "type": "field-end",
                  "subtype": "sv"
                },
                {
                  "node": "d",
                  "type": "cell-end"
                },
                {
                  "node": "d",
                  "type": "cell-start"
                },
                {
                  "node": "d",
                  "type": "field-start",
                  "subtype": "pr"
                },
                {
                  "node": "l",
                  "frag": "[...]",
                  "id": "P271728.l2e43c",
                  "ref": "P271728.6.2",
                  "inst": "%sux:x=",
                  "f": {
                    "lang": "sux",
                    "form": "x",
                    "gdl": [
                      {
                        "x": "ellipsis",
                        "id": "P271728.6.2.0",
                        "breakStart": "1",
                        "break": "missing",
                        "o": "]",
                        "breakEnd": "P271728.6.2.0"
                      }
                    ]
                  }
                },
                {
                  "node": "d",
                  "type": "field-end",
                  "subtype": "pr"
                },
                {
                  "node": "d",
                  "type": "cell-end"
                },
                {
                  "node": "d",
                  "type": "cell-start"
                },
                {
                  "node": "d",
                  "type": "field-start",
                  "subtype": "sg"
                },
                {
                  "node": "l",
                  "frag": "[...]",
                  "id": "P271728.l2e43d",
                  "ref": "P271728.6.3",
                  "inst": "%sux:x=",
                  "f": {
                    "lang": "sux",
                    "form": "x",
                    "gdl": [
                      {
                        "x": "ellipsis",
                        "id": "P271728.6.3.0",
                        "breakStart": "1",
                        "break": "missing",
                        "o": "]",
                        "breakEnd": "P271728.6.3.0"
                      }
                    ]
                  }
                },
                {
                  "node": "d",
                  "type": "field-end",
                  "subtype": "sg"
                },
                {
                  "node": "d",
                  "type": "cell-end"
                },
                {
                  "node": "d",
                  "type": "cell-start"
                },
                {
                  "node": "d",
                  "type": "field-start",
                  "subtype": "eq"
                },
                {
                  "node": "l",
                  "frag": "⸢su⸣-ul-lu-[u]",
                  "id": "P271728.l2e43e",
                  "ref": "P271728.6.4",
                  "inst": "sullû[appeal//appealing]V'N$",
                  "sig": "@dcclt%akk-x-mbperi:su-ul-lu-u=sullû[appeal//appealing]V'N$sullû",
                  "f": {
                    "lang": "akk-x-mbperi",
                    "form": "su-ul-lu-u",
                    "gdl": [
                      {
                        "v": "su",
                        "id": "P271728.6.4.0",
                        "break": "damaged",
                        "ho": "1",
                        "delim": "-",
                        "hc": "1"
                      },
                      {
                        "v": "ul",
                        "id": "P271728.6.4.1",
                        "delim": "-"
                      },
                      {
                        "v": "lu",
                        "id": "P271728.6.4.2",
                        "delim": "-"
                      },
                      {
                        "v": "u",
                        "id": "P271728.6.4.3",
                        "breakStart": "1",
                        "o": "]",
                        "break": "missing",
                        "breakEnd": "P271728.6.4.3"
                      }
                    ],
                    "cf": "sullû",
                    "gw": "appeal",
                    "sense": "appealing",
                    "norm": "sullû",
                    "pos": "V",
                    "epos": "N"
                  }
                },
                {
                  "node": "d",
                  "type": "field-end",
                  "subtype": "eq"
                },
                {
                  "node": "d",
                  "type": "cell-end"
                }
              ]
            },
            {
              "node": "c",
              "type": "sentence",
              "implicit": "yes",
              "tag": "#auto",
              "id": "P271728.U10",
              "label": "5'",
              "cdl": [
                {
                  "node": "d",
                  "type": "line-start",
                  "ref": "P271728.7",
                  "n": "5'",
                  "label": "5'"
                },
                {
                  "node": "d",
                  "type": "cell-start"
                },
                {
                  "node": "d",
                  "type": "field-start",
                  "subtype": "sv"
                },
                {
                  "node": "l",
                  "frag": "zur-zur",
                  "id": "P271728.l2e43f",
                  "ref": "P271728.7.1",
                  "inst": "zur[take care of]",
                  "sig": "@dcclt%sux:zur-zur=zur[take care of//take care of]V/t'V/t$zur/zur-zur#~",
                  "f": {
                    "lang": "sux",
                    "form": "zur-zur",
                    "gdl": [
                      {
                        "v": "zur",
                        "id": "P271728.7.1.0",
                        "delim": "-"
                      },
                      {
                        "v": "zur",
                        "id": "P271728.7.1.1"
                      }
                    ],
                    "cf": "zur",
                    "gw": "take care of",
                    "sense": "take care of",
                    "norm0": "zur",
                    "pos": "V/t",
                    "epos": "V/t",
                    "base": "zur-zur",
                    "morph": "~"
                  }
                },
                {
                  "node": "d",
                  "type": "field-end",
                  "subtype": "sv"
                },
                {
                  "node": "d",
                  "type": "cell-end"
                },
                {
                  "node": "d",
                  "type": "cell-start"
                },
                {
                  "node": "d",
                  "type": "field-start",
                  "subtype": "pr"
                },
                {
                  "node": "l",
                  "frag": "[...]",
                  "id": "P271728.l2e440",
                  "ref": "P271728.7.2",
                  "inst": "%sux:x=",
                  "f": {
                    "lang": "sux",
                    "form": "x",
                    "gdl": [
                      {
                        "x": "ellipsis",
                        "id": "P271728.7.2.0",
                        "breakStart": "1",
                        "break": "missing",
                        "o": "]",
                        "breakEnd": "P271728.7.2.0"
                      }
                    ]
                  }
                },
                {
                  "node": "d",
                  "type": "field-end",
                  "subtype": "pr"
                },
                {
                  "node": "d",
                  "type": "cell-end"
                },
                {
                  "node": "d",
                  "type": "cell-start"
                },
                {
                  "node": "d",
                  "type": "field-start",
                  "subtype": "sg"
                },
                {
                  "node": "l",
                  "frag": "[...]",
                  "id": "P271728.l2e441",
                  "ref": "P271728.7.3",
                  "inst": "%sux:x=",
                  "f": {
                    "lang": "sux",
                    "form": "x",
                    "gdl": [
                      {
                        "x": "ellipsis",
                        "id": "P271728.7.3.0",
                        "breakStart": "1",
                        "break": "missing",
                        "o": "]",
                        "breakEnd": "P271728.7.3.0"
                      }
                    ]
                  }
                },
                {
                  "node": "d",
                  "type": "field-end",
                  "subtype": "sg"
                },
                {
                  "node": "d",
                  "type": "cell-end"
                },
                {
                  "node": "d",
                  "type": "cell-start"
                },
                {
                  "node": "d",
                  "type": "field-start",
                  "subtype": "eq"
                },
                {
                  "node": "l",
                  "frag": "ṣu-uh-hu",
                  "id": "P271728.l2e442",
                  "ref": "P271728.7.4",
                  "inst": "ṣūhu[laugh]N$ṣuhhu",
                  "sig": "@dcclt%akk-x-mbperi:ṣu-uh-hu=ṣūhu[laugh//laugh]N'N$ṣuhhu",
                  "f": {
                    "lang": "akk-x-mbperi",
                    "form": "ṣu-uh-hu",
                    "gdl": [
                      {
                        "v": "ṣu",
                        "id": "P271728.7.4.0",
                        "delim": "-"
                      },
                      {
                        "v": "uh",
                        "id": "P271728.7.4.1",
                        "delim": "-"
                      },
                      {
                        "v": "hu",
                        "id": "P271728.7.4.2"
                      }
                    ],
                    "cf": "ṣūhu",
                    "gw": "laugh",
                    "sense": "laugh",
                    "norm": "ṣuhhu",
                    "pos": "N",
                    "epos": "N"
                  }
                },
                {
                  "node": "d",
                  "type": "field-end",
                  "subtype": "eq"
                },
                {
                  "node": "d",
                  "type": "cell-end"
                }
              ]
            },
            {
              "node": "c",
              "type": "sentence",
              "implicit": "yes",
              "tag": "#auto",
              "id": "P271728.U12",
              "label": "6'",
              "cdl": [
                {
                  "node": "d",
                  "type": "line-start",
                  "ref": "P271728.8",
                  "n": "6'",
                  "label": "6'"
                },
                {
                  "node": "d",
                  "type": "cell-start"
                },
                {
                  "node": "d",
                  "type": "field-start",
                  "subtype": "sv"
                },
                {
                  "node": "l",
                  "frag": "zur-zur",
                  "id": "P271728.l2e443",
                  "ref": "P271728.8.1",
                  "inst": "zur[take care of]",
                  "sig": "@dcclt%sux:zur-zur=zur[take care of//take care of]V/t'V/t$zur/zur-zur#~",
                  "f": {
                    "lang": "sux",
                    "form": "zur-zur",
                    "gdl": [
                      {
                        "v": "zur",
                        "id": "P271728.8.1.0",
                        "delim": "-"
                      },
                      {
                        "v": "zur",
                        "id": "P271728.8.1.1"
                      }
                    ],
                    "cf": "zur",
                    "gw": "take care of",
                    "sense": "take care of",
                    "norm0": "zur",
                    "pos": "V/t",
                    "epos": "V/t",
                    "base": "zur-zur",
                    "morph": "~"
                  }
                },
                {
                  "node": "d",
                  "type": "field-end",
                  "subtype": "sv"
                },
                {
                  "node": "d",
                  "type": "cell-end"
                },
                {
                  "node": "d",
                  "type": "cell-start"
                },
                {
                  "node": "d",
                  "type": "field-start",
                  "subtype": "pr"
                },
                {
                  "node": "l",
                  "frag": "[...]",
                  "id": "P271728.l2e444",
                  "ref": "P271728.8.2",
                  "inst": "%sux:x=",
                  "f": {
                    "lang": "sux",
                    "form": "x",
                    "gdl": [
                      {
                        "x": "ellipsis",
                        "id": "P271728.8.2.0",
                        "breakStart": "1",
                        "break": "missing",
                        "o": "]",
                        "breakEnd": "P271728.8.2.0"
                      }
                    ]
                  }
                },
                {
                  "node": "d",
                  "type": "field-end",
                  "subtype": "pr"
                },
                {
                  "node": "d",
                  "type": "cell-end"
                },
                {
                  "node": "d",
                  "type": "cell-start"
                },
                {
                  "node": "d",
                  "type": "field-start",
                  "subtype": "sg"
                },
                {
                  "node": "l",
                  "frag": "[...]",
                  "id": "P271728.l2e445",
                  "ref": "P271728.8.3",
                  "inst": "%sux:x=",
                  "f": {
                    "lang": "sux",
                    "form": "x",
                    "gdl": [
                      {
                        "x": "ellipsis",
                        "id": "P271728.8.3.0",
                        "breakStart": "1",
                        "break": "missing",
                        "o": "]",
                        "breakEnd": "P271728.8.3.0"
                      }
                    ]
                  }
                },
                {
                  "node": "d",
                  "type": "field-end",
                  "subtype": "sg"
                },
                {
                  "node": "d",
                  "type": "cell-end"
                },
                {
                  "node": "d",
                  "type": "cell-start"
                },
                {
                  "node": "d",
                  "type": "field-start",
                  "subtype": "eq"
                },
                {
                  "node": "l",
                  "frag": "šu-te-me-qu",
                  "id": "P271728.l2e446",
                  "ref": "P271728.8.4",
                  "inst": "emēqu[be(come) wise//praying devoutly]V'N$šutēmequ",
                  "sig": "@dcclt%akk-x-mbperi:šu-te-me-qu=emēqu[be(come) wise//praying devoutly]V'N$šutēmequ",
                  "f": {
                    "lang": "akk-x-mbperi",
                    "form": "šu-te-me-qu",
                    "gdl": [
                      {
                        "v": "šu",
                        "id": "P271728.8.4.0",
                        "delim": "-"
                      },
                      {
                        "v": "te",
                        "id": "P271728.8.4.1",
                        "delim": "-"
                      },
                      {
                        "v": "me",
                        "id": "P271728.8.4.2",
                        "delim": "-"
                      },
                      {
                        "v": "qu",
                        "id": "P271728.8.4.3"
                      }
                    ],
                    "cf": "emēqu",
                    "gw": "be(come) wise",
                    "sense": "praying devoutly",
                    "norm": "šutēmequ",
                    "pos": "V",
                    "epos": "N"
                  }
                },
                {
                  "node": "d",
                  "type": "field-end",
                  "subtype": "eq"
                },
                {
                  "node": "d",
                  "type": "cell-end"
                }
              ]
            },
            {
              "node": "c",
              "type": "sentence",
              "implicit": "yes",
              "tag": "#auto",
              "id": "P271728.U14",
              "label": "7'",
              "cdl": [
                {
                  "node": "d",
                  "type": "line-start",
                  "ref": "P271728.9",
                  "n": "7'",
                  "label": "7'"
                },
                {
                  "node": "d",
                  "type": "cell-start"
                },
                {
                  "node": "d",
                  "type": "field-start",
                  "subtype": "sv"
                },
                {
                  "node": "l",
                  "frag": "kukku",
                  "id": "P271728.l2e447",
                  "ref": "P271728.9.1",
                  "inst": "kud[sweet]",
                  "exosig": "@dcclt%sux:kukku=kud[sweet//(to be ) (honey-)sweet]V/i'V/i$kud/ku₇-ku₇#~",
                  "exoprj": "epsd2",
                  "exolng": "sux",
                  "f": {
                    "lang": "sux",
                    "form": "kukku",
                    "gdl": [
                      {
                        "v": "kukku",
                        "id": "P271728.9.1.0"
                      }
                    ],
                    "cf": "kud",
                    "gw": "sweet",
                    "sense": "(to be ) (honey-)sweet",
                    "norm0": "kud",
                    "pos": "V/i",
                    "epos": "V/i",
                    "base": "ku₇-ku₇",
                    "morph": "~"
                  }
                },
                {
                  "node": "d",
                  "type": "field-end",
                  "subtype": "sv"
                },
                {
                  "node": "d",
                  "type": "cell-end"
                },
                {
                  "node": "d",
                  "type": "cell-start"
                },
                {
                  "node": "d",
                  "type": "field-start",
                  "subtype": "pr"
                },
                {
                  "node": "l",
                  "frag": "[...]",
                  "id": "P271728.l2e448",
                  "ref": "P271728.9.2",
                  "inst": "%sux:x=",
                  "f": {
                    "lang": "sux",
                    "form": "x",
                    "gdl": [
                      {
                        "x": "ellipsis",
                        "id": "P271728.9.2.0",
                        "breakStart": "1",
                        "break": "missing",
                        "o": "]",
                        "breakEnd": "P271728.9.2.0"
                      }
                    ]
                  }
                },
                {
                  "node": "d",
                  "type": "field-end",
                  "subtype": "pr"
                },
                {
                  "node": "d",
                  "type": "cell-end"
                },
                {
                  "node": "d",
                  "type": "cell-start"
                },
                {
                  "node": "d",
                  "type": "field-start",
                  "subtype": "sg"
                },
                {
                  "node": "l",
                  "frag": "|[KU₇.KU₇]|",
                  "id": "P271728.l2e449",
                  "ref": "P271728.9.3",
                  "inst": "%sux:|KU₇.KU₇|=",
                  "f": {
                    "lang": "sux",
                    "form": "|KU₇.KU₇|",
                    "gdl": [
                      {
                        "c": "|KU₇.KU₇|",
                        "id": "P271728.9.3.0",
                        "seq": [
                          {
                            "s": "KU₇",
                            "o": "["
                          },
                          {
                            "o": "beside"
                          },
                          {
                            "s": "KU₇",
                            "o": "]"
                          }
                        ]
                      }
                    ]
                  }
                },
                {
                  "node": "d",
                  "type": "field-end",
                  "subtype": "sg"
                },
                {
                  "node": "d",
                  "type": "cell-end"
                },
                {
                  "node": "d",
                  "type": "cell-start"
                },
                {
                  "node": "d",
                  "type": "field-start",
                  "subtype": "eq"
                },
                {
                  "node": "l",
                  "frag": "⸢mat⸣-qu",
                  "id": "P271728.l2e44a",
                  "ref": "P271728.9.4",
                  "inst": "matqu[sweet]AJ$",
                  "sig": "@dcclt%akk-x-mbperi:mat-qu=matqu[sweet//sweet]AJ'AJ$matqu",
                  "f": {
                    "lang": "akk-x-mbperi",
                    "form": "mat-qu",
                    "gdl": [
                      {
                        "v": "mat",
                        "id": "P271728.9.4.0",
                        "break": "damaged",
                        "ho": "1",
                        "delim": "-",
                        "hc": "1"
                      },
                      {
                        "v": "qu",
                        "id": "P271728.9.4.1"
                      }
                    ],
                    "cf": "matqu",
                    "gw": "sweet",
                    "sense": "sweet",
                    "norm": "matqu",
                    "pos": "AJ",
                    "epos": "AJ"
                  }
                },
                {
                  "node": "d",
                  "type": "nonw",
                  "ref": ""
                },
                {
                  "node": "d",
                  "type": "field-end",
                  "subtype": "eq"
                },
                {
                  "node": "d",
                  "type": "cell-end"
                }
              ]
            },
            {
              "node": "c",
              "type": "sentence",
              "implicit": "yes",
              "tag": "#auto",
              "id": "P271728.U16",
              "label": "8'",
              "cdl": [
                {
                  "node": "d",
                  "type": "line-start",
                  "ref": "P271728.10",
                  "n": "8'",
                  "label": "8'"
                },
                {
                  "node": "d",
                  "type": "cell-start"
                },
                {
                  "node": "d",
                  "type": "field-start",
                  "subtype": "sv"
                },
                {
                  "node": "l",
                  "frag": "kukku",
                  "id": "P271728.l2e44b",
                  "ref": "P271728.10.1",
                  "inst": "kud[sweet]",
                  "exosig": "@dcclt%sux:kukku=kud[sweet//(to be ) (honey-)sweet]V/i'V/i$kud/ku₇-ku₇#~",
                  "exoprj": "epsd2",
                  "exolng": "sux",
                  "f": {
                    "lang": "sux",
                    "form": "kukku",
                    "gdl": [
                      {
                        "v": "kukku",
                        "id": "P271728.10.1.0"
                      }
                    ],
                    "cf": "kud",
                    "gw": "sweet",
                    "sense": "(to be ) (honey-)sweet",
                    "norm0": "kud",
                    "pos": "V/i",
                    "epos": "V/i",
                    "base": "ku₇-ku₇",
                    "morph": "~"
                  }
                },
                {
                  "node": "d",
                  "type": "field-end",
                  "subtype": "sv"
                },
                {
                  "node": "d",
                  "type": "cell-end"
                },
                {
                  "node": "d",
                  "type": "cell-start"
                },
                {
                  "node": "d",
                  "type": "field-start",
                  "subtype": "pr"
                },
                {
                  "node": "l",
                  "frag": "[...]",
                  "id": "P271728.l2e44c",
                  "ref": "P271728.10.2",
                  "inst": "%sux:x=",
                  "f": {
                    "lang": "sux",
                    "form": "x",
                    "gdl": [
                      {
                        "x": "ellipsis",
                        "id": "P271728.10.2.0",
                        "breakStart": "1",
                        "break": "missing",
                        "o": "]",
                        "breakEnd": "P271728.10.2.0"
                      }
                    ]
                  }
                },
                {
                  "node": "d",
                  "type": "field-end",
                  "subtype": "pr"
                },
                {
                  "node": "d",
                  "type": "cell-end"
                },
                {
                  "node": "d",
                  "type": "cell-start"
                },
                {
                  "node": "d",
                  "type": "field-start",
                  "subtype": "sg"
                },
                {
                  "node": "l",
                  "frag": "[...]",
                  "id": "P271728.l2e44d",
                  "ref": "P271728.10.3",
                  "inst": "%sux:x=",
                  "f": {
                    "lang": "sux",
                    "form": "x",
                    "gdl": [
                      {
                        "x": "ellipsis",
                        "id": "P271728.10.3.0",
                        "breakStart": "1",
                        "break": "missing",
                        "o": "]",
                        "breakEnd": "P271728.10.3.0"
                      }
                    ]
                  }
                },
                {
                  "node": "d",
                  "type": "field-end",
                  "subtype": "sg"
                },
                {
                  "node": "d",
                  "type": "cell-end"
                },
                {
                  "node": "d",
                  "type": "cell-start"
                },
                {
                  "node": "d",
                  "type": "field-start",
                  "subtype": "eq"
                },
                {
                  "node": "l",
                  "frag": "⸢ṭa⸣-a-bu",
                  "id": "P271728.l2e44e",
                  "ref": "P271728.10.4",
                  "inst": "ṭābu[sweet]AJ$",
                  "sig": "@dcclt%akk-x-mbperi:ṭa-a-bu=ṭābu[good//sweet]AJ'AJ$ṭābu",
                  "f": {
                    "lang": "akk-x-mbperi",
                    "form": "ṭa-a-bu",
                    "gdl": [
                      {
                        "v": "ṭa",
                        "id": "P271728.10.4.0",
                        "break": "damaged",
                        "ho": "1",
                        "delim": "-",
                        "hc": "1"
                      },
                      {
                        "v": "a",
                        "id": "P271728.10.4.1",
                        "delim": "-"
                      },
                      {
                        "v": "bu",
                        "id": "P271728.10.4.2"
                      }
                    ],
                    "cf": "ṭābu",
                    "gw": "good",
                    "sense": "sweet",
                    "norm": "ṭābu",
                    "pos": "AJ",
                    "epos": "AJ"
                  }
                },
                {
                  "node": "d",
                  "type": "field-end",
                  "subtype": "eq"
                },
                {
                  "node": "d",
                  "type": "cell-end"
                }
              ]
            },
            {
              "node": "c",
              "type": "sentence",
              "implicit": "yes",
              "tag": "#auto",
              "id": "P271728.U18",
              "label": "9'",
              "cdl": [
                {
                  "node": "d",
                  "type": "line-start",
                  "ref": "P271728.11",
                  "n": "9'",
                  "label": "9'"
                },
                {
                  "node": "d",
                  "type": "cell-start"
                },
                {
                  "node": "d",
                  "type": "field-start",
                  "subtype": "sv"
                },
                {
                  "node": "l",
                  "frag": "kukku",
                  "id": "P271728.l2e44f",
                  "ref": "P271728.11.1",
                  "inst": "kud[sweet]",
                  "exosig": "@dcclt%sux:kukku=kud[sweet//(to be ) (honey-)sweet]V/i'V/i$kud/ku₇-ku₇#~",
                  "exoprj": "epsd2",
                  "exolng": "sux",
                  "f": {
                    "lang": "sux",
                    "form": "kukku",
                    "gdl": [
                      {
                        "v": "kukku",
                        "id": "P271728.11.1.0"
                      }
                    ],
                    "cf": "kud",
                    "gw": "sweet",
                    "sense": "(to be ) (honey-)sweet",
                    "norm0": "kud",
                    "pos": "V/i",
                    "epos": "V/i",
                    "base": "ku₇-ku₇",
                    "morph": "~"
                  }
                },
                {
                  "node": "d",
                  "type": "field-end",
                  "subtype": "sv"
                },
                {
                  "node": "d",
                  "type": "cell-end"
                },
                {
                  "node": "d",
                  "type": "cell-start"
                },
                {
                  "node": "d",
                  "type": "field-start",
                  "subtype": "pr"
                },
                {
                  "node": "l",
                  "frag": "[...]",
                  "id": "P271728.l2e450",
                  "ref": "P271728.11.2",
                  "inst": "%sux:x=",
                  "f": {
                    "lang": "sux",
                    "form": "x",
                    "gdl": [
                      {
                        "x": "ellipsis",
                        "id": "P271728.11.2.0",
                        "breakStart": "1",
                        "break": "missing",
                        "o": "]",
                        "breakEnd": "P271728.11.2.0"
                      }
                    ]
                  }
                },
                {
                  "node": "d",
                  "type": "field-end",
                  "subtype": "pr"
                },
                {
                  "node": "d",
                  "type": "cell-end"
                },
                {
                  "node": "d",
                  "type": "cell-start"
                },
                {
                  "node": "d",
                  "type": "field-start",
                  "subtype": "sg"
                },
                {
                  "node": "l",
                  "frag": "[...]",
                  "id": "P271728.l2e451",
                  "ref": "P271728.11.3",
                  "inst": "%sux:x=",
                  "f": {
                    "lang": "sux",
                    "form": "x",
                    "gdl": [
                      {
                        "x": "ellipsis",
                        "id": "P271728.11.3.0",
                        "breakStart": "1",
                        "break": "missing",
                        "o": "]",
                        "breakEnd": "P271728.11.3.0"
                      }
                    ]
                  }
                },
                {
                  "node": "d",
                  "type": "field-end",
                  "subtype": "sg"
                },
                {
                  "node": "d",
                  "type": "cell-end"
                },
                {
                  "node": "d",
                  "type": "cell-start"
                },
                {
                  "node": "d",
                  "type": "field-start",
                  "subtype": "eq"
                },
                {
                  "node": "l",
                  "frag": "⸢da⸣-aš-pu",
                  "id": "P271728.l2e452",
                  "ref": "P271728.11.4",
                  "inst": "dašpu[(honey-)sweet]AJ$",
                  "sig": "@dcclt%akk-x-mbperi:da-aš-pu=dašpu[(honey-)sweet//(honey-)sweet]AJ'AJ$dašpu",
                  "f": {
                    "lang": "akk-x-mbperi",
                    "form": "da-aš-pu",
                    "gdl": [
                      {
                        "v": "da",
                        "id": "P271728.11.4.0",
                        "break": "damaged",
                        "ho": "1",
                        "delim": "-",
                        "hc": "1"
                      },
                      {
                        "v": "aš",
                        "id": "P271728.11.4.1",
                        "delim": "-"
                      },
                      {
                        "v": "pu",
                        "id": "P271728.11.4.2"
                      }
                    ],
                    "cf": "dašpu",
                    "gw": "(honey-)sweet",
                    "sense": "(honey-)sweet",
                    "norm": "dašpu",
                    "pos": "AJ",
                    "epos": "AJ"
                  }
                },
                {
                  "node": "d",
                  "type": "field-end",
                  "subtype": "eq"
                },
                {
                  "node": "d",
                  "type": "cell-end"
                }
              ]
            },
            {
              "node": "c",
              "type": "sentence",
              "implicit": "yes",
              "tag": "#auto",
              "id": "P271728.U20",
              "label": "10'",
              "cdl": [
                {
                  "node": "d",
                  "type": "line-start",
                  "ref": "P271728.12",
                  "n": "10'",
                  "label": "10'"
                },
                {
                  "node": "d",
                  "type": "cell-start"
                },
                {
                  "node": "d",
                  "type": "field-start",
                  "subtype": "sv"
                },
                {
                  "node": "d",
                  "type": "field-end",
                  "subtype": "sv"
                },
                {
                  "node": "d",
                  "type": "cell-end"
                },
                {
                  "node": "d",
                  "type": "cell-start"
                },
                {
                  "node": "d",
                  "type": "field-start",
                  "subtype": "pr"
                },
                {
                  "node": "l",
                  "frag": "[...]",
                  "id": "P271728.l2e453",
                  "ref": "P271728.12.1",
                  "inst": "%sux:x=",
                  "f": {
                    "lang": "sux",
                    "form": "x",
                    "gdl": [
                      {
                        "x": "ellipsis",
                        "id": "P271728.12.1.0",
                        "breakStart": "1",
                        "break": "missing",
                        "o": "]",
                        "breakEnd": "P271728.12.1.0"
                      }
                    ]
                  }
                },
                {
                  "node": "d",
                  "type": "field-end",
                  "subtype": "pr"
                },
                {
                  "node": "d",
                  "type": "cell-end"
                },
                {
                  "node": "d",
                  "type": "cell-start"
                },
                {
                  "node": "d",
                  "type": "field-start",
                  "subtype": "sg"
                },
                {
                  "node": "l",
                  "frag": "[...]",
                  "id": "P271728.l2e454",
                  "ref": "P271728.12.2",
                  "inst": "%sux:x=",
                  "f": {
                    "lang": "sux",
                    "form": "x",
                    "gdl": [
                      {
                        "x": "ellipsis",
                        "id": "P271728.12.2.0",
                        "breakStart": "1",
                        "break": "missing",
                        "o": "]",
                        "breakEnd": "P271728.12.2.0"
                      }
                    ]
                  }
                },
                {
                  "node": "d",
                  "type": "field-end",
                  "subtype": "sg"
                },
                {
                  "node": "d",
                  "type": "cell-end"
                },
                {
                  "node": "d",
                  "type": "cell-start"
                },
                {
                  "node": "d",
                  "type": "field-start",
                  "subtype": "eq"
                },
                {
                  "node": "l",
                  "frag": "[...]-ru",
                  "id": "P271728.l2e455",
                  "ref": "P271728.12.3",
                  "inst": "%akk-x-mbperi:x-ru=",
                  "f": {
                    "lang": "akk-x-mbperi",
                    "form": "x-ru",
                    "gdl": [
                      {
                        "x": "ellipsis",
                        "id": "P271728.12.3.0",
                        "breakStart": "1",
                        "break": "missing",
                        "o": "]",
                        "breakEnd": "P271728.12.3.0",
                        "delim": "-"
                      },
                      {
                        "v": "ru",
                        "id": "P271728.12.3.1"
                      }
                    ]
                  }
                },
                {
                  "node": "d",
                  "type": "field-end",
                  "subtype": "eq"
                },
                {
                  "node": "d",
                  "type": "cell-end"
                }
              ]
            },
            {
              "node": "c",
              "type": "sentence",
              "implicit": "yes",
              "tag": "#auto",
              "id": "P271728.U22",
              "label": "11'",
              "cdl": [
                {
                  "node": "d",
                  "type": "line-start",
                  "ref": "P271728.13",
                  "n": "11'",
                  "label": "11'"
                },
                {
                  "node": "d",
                  "type": "cell-start"
                },
                {
                  "node": "d",
                  "type": "field-start",
                  "subtype": "sv"
                },
                {
                  "node": "d",
                  "type": "field-end",
                  "subtype": "sv"
                },
                {
                  "node": "d",
                  "type": "cell-end"
                },
                {
                  "node": "d",
                  "type": "cell-start"
                },
                {
                  "node": "d",
                  "type": "field-start",
                  "subtype": "pr"
                },
                {
                  "node": "l",
                  "frag": "[...]",
                  "id": "P271728.l2e456",
                  "ref": "P271728.13.1",
                  "inst": "%sux:x=",
                  "f": {
                    "lang": "sux",
                    "form": "x",
                    "gdl": [
                      {
                        "x": "ellipsis",
                        "id": "P271728.13.1.0",
                        "breakStart": "1",
                        "break": "missing",
                        "o": "]",
                        "breakEnd": "P271728.13.1.0"
                      }
                    ]
                  }
                },
                {
                  "node": "d",
                  "type": "field-end",
                  "subtype": "pr"
                },
                {
                  "node": "d",
                  "type": "cell-end"
                },
                {
                  "node": "d",
                  "type": "cell-start"
                },
                {
                  "node": "d",
                  "type": "field-start",
                  "subtype": "sg"
                },
                {
                  "node": "l",
                  "frag": "[...]",
                  "id": "P271728.l2e457",
                  "ref": "P271728.13.2",
                  "inst": "%sux:x=",
                  "f": {
                    "lang": "sux",
                    "form": "x",
                    "gdl": [
                      {
                        "x": "ellipsis",
                        "id": "P271728.13.2.0",
                        "breakStart": "1",
                        "break": "missing",
                        "o": "]",
                        "breakEnd": "P271728.13.2.0"
                      }
                    ]
                  }
                },
                {
                  "node": "d",
                  "type": "field-end",
                  "subtype": "sg"
                },
                {
                  "node": "d",
                  "type": "cell-end"
                },
                {
                  "node": "d",
                  "type": "cell-start"
                },
                {
                  "node": "d",
                  "type": "field-start",
                  "subtype": "eq"
                },
                {
                  "node": "l",
                  "frag": "[...]-ru",
                  "id": "P271728.l2e458",
                  "ref": "P271728.13.3",
                  "inst": "%akk-x-mbperi:x-ru=",
                  "f": {
                    "lang": "akk-x-mbperi",
                    "form": "x-ru",
                    "gdl": [
                      {
                        "x": "ellipsis",
                        "id": "P271728.13.3.0",
                        "breakStart": "1",
                        "break": "missing",
                        "o": "]",
                        "breakEnd": "P271728.13.3.0",
                        "delim": "-"
                      },
                      {
                        "v": "ru",
                        "id": "P271728.13.3.1"
                      }
                    ]
                  }
                },
                {
                  "node": "d",
                  "type": "field-end",
                  "subtype": "eq"
                },
                {
                  "node": "d",
                  "type": "cell-end"
                }
              ]
            },
            {
              "node": "c",
              "type": "sentence",
              "implicit": "yes",
              "tag": "#auto",
              "id": "P271728.U24",
              "label": "12'",
              "cdl": [
                {
                  "node": "d",
                  "type": "line-start",
                  "ref": "P271728.14",
                  "n": "12'",
                  "label": "12'"
                },
                {
                  "node": "d",
                  "type": "cell-start"
                },
                {
                  "node": "d",
                  "type": "field-start",
                  "subtype": "sv"
                },
                {
                  "node": "d",
                  "type": "field-end",
                  "subtype": "sv"
                },
                {
                  "node": "d",
                  "type": "cell-end"
                },
                {
                  "node": "d",
                  "type": "cell-start"
                },
                {
                  "node": "d",
                  "type": "field-start",
                  "subtype": "pr"
                },
                {
                  "node": "l",
                  "frag": "[...]",
                  "id": "P271728.l2e459",
                  "ref": "P271728.14.1",
                  "inst": "%sux:x=",
                  "f": {
                    "lang": "sux",
                    "form": "x",
                    "gdl": [
                      {
                        "x": "ellipsis",
                        "id": "P271728.14.1.0",
                        "breakStart": "1",
                        "break": "missing",
                        "o": "]",
                        "breakEnd": "P271728.14.1.0"
                      }
                    ]
                  }
                },
                {
                  "node": "d",
                  "type": "field-end",
                  "subtype": "pr"
                },
                {
                  "node": "d",
                  "type": "cell-end"
                },
                {
                  "node": "d",
                  "type": "cell-start"
                },
                {
                  "node": "d",
                  "type": "field-start",
                  "subtype": "sg"
                },
                {
                  "node": "l",
                  "frag": "[...]",
                  "id": "P271728.l2e45a",
                  "ref": "P271728.14.2",
                  "inst": "%sux:x=",
                  "f": {
                    "lang": "sux",
                    "form": "x",
                    "gdl": [
                      {
                        "x": "ellipsis",
                        "id": "P271728.14.2.0",
                        "breakStart": "1",
                        "break": "missing",
                        "o": "]",
                        "breakEnd": "P271728.14.2.0"
                      }
                    ]
                  }
                },
                {
                  "node": "d",
                  "type": "field-end",
                  "subtype": "sg"
                },
                {
                  "node": "d",
                  "type": "cell-end"
                },
                {
                  "node": "d",
                  "type": "cell-start"
                },
                {
                  "node": "d",
                  "type": "field-start",
                  "subtype": "eq"
                },
                {
                  "node": "l",
                  "frag": "[x]-⸢x⸣-u",
                  "id": "P271728.l2e45b",
                  "ref": "P271728.14.3",
                  "inst": "%akk-x-mbperi:x-x-u=",
                  "f": {
                    "lang": "akk-x-mbperi",
                    "form": "x-x-u",
                    "gdl": [
                      {
                        "v": "x",
                        "id": "P271728.14.3.0",
                        "breakStart": "1",
                        "o": "]",
                        "break": "missing",
                        "breakEnd": "P271728.14.3.0",
                        "delim": "-"
                      },
                      {
                        "v": "x",
                        "id": "P271728.14.3.1",
                        "break": "damaged",
                        "ho": "1",
                        "delim": "-",
                        "hc": "1"
                      },
                      {
                        "v": "u",
                        "id": "P271728.14.3.2"
                      }
                    ]
                  }
                },
                {
                  "node": "d",
                  "type": "field-end",
                  "subtype": "eq"
                },
                {
                  "node": "d",
                  "type": "cell-end"
                }
              ]
            },
            {
              "node": "c",
              "type": "sentence",
              "implicit": "yes",
              "tag": "#auto",
              "id": "P271728.U26",
              "label": "13'",
              "cdl": [
                {
                  "node": "d",
                  "type": "line-start",
                  "ref": "P271728.15",
                  "n": "13'",
                  "label": "13'"
                },
                {
                  "node": "d",
                  "type": "cell-start"
                },
                {
                  "node": "d",
                  "type": "field-start",
                  "subtype": "sv"
                },
                {
                  "node": "d",
                  "type": "field-end",
                  "subtype": "sv"
                },
                {
                  "node": "d",
                  "type": "cell-end"
                },
                {
                  "node": "d",
                  "type": "cell-start"
                },
                {
                  "node": "d",
                  "type": "field-start",
                  "subtype": "pr"
                },
                {
                  "node": "l",
                  "frag": "[...]",
                  "id": "P271728.l2e45c",
                  "ref": "P271728.15.1",
                  "inst": "%sux:x=",
                  "f": {
                    "lang": "sux",
                    "form": "x",
                    "gdl": [
                      {
                        "x": "ellipsis",
                        "id": "P271728.15.1.0",
                        "breakStart": "1",
                        "break": "missing",
                        "o": "]",
                        "breakEnd": "P271728.15.1.0"
                      }
                    ]
                  }
                },
                {
                  "node": "d",
                  "type": "field-end",
                  "subtype": "pr"
                },
                {
                  "node": "d",
                  "type": "cell-end"
                },
                {
                  "node": "d",
                  "type": "cell-start"
                },
                {
                  "node": "d",
                  "type": "field-start",
                  "subtype": "sg"
                },
                {
                  "node": "l",
                  "frag": "[...]",
                  "id": "P271728.l2e45d",
                  "ref": "P271728.15.2",
                  "inst": "%sux:x=",
                  "f": {
                    "lang": "sux",
                    "form": "x",
                    "gdl": [
                      {
                        "x": "ellipsis",
                        "id": "P271728.15.2.0",
                        "breakStart": "1",
                        "break": "missing",
                        "o": "]",
                        "breakEnd": "P271728.15.2.0"
                      }
                    ]
                  }
                },
                {
                  "node": "d",
                  "type": "field-end",
                  "subtype": "sg"
                },
                {
                  "node": "d",
                  "type": "cell-end"
                },
                {
                  "node": "d",
                  "type": "cell-start"
                },
                {
                  "node": "d",
                  "type": "field-start",
                  "subtype": "eq"
                },
                {
                  "node": "l",
                  "frag": "[x-x]-du",
                  "id": "P271728.l2e45e",
                  "ref": "P271728.15.3",
                  "inst": "%akk-x-mbperi:x-x-du=",
                  "f": {
                    "lang": "akk-x-mbperi",
                    "form": "x-x-du",
                    "gdl": [
                      {
                        "v": "x",
                        "id": "P271728.15.3.0",
                        "breakStart": "1",
                        "o": "[",
                        "break": "missing",
                        "delim": "-"
                      },
                      {
                        "v": "x",
                        "id": "P271728.15.3.1",
                        "break": "missing",
                        "o": "]",
                        "breakEnd": "P271728.15.3.0",
                        "delim": "-"
                      },
                      {
                        "v": "du",
                        "id": "P271728.15.3.2"
                      }
                    ]
                  }
                },
                {
                  "node": "d",
                  "type": "field-end",
                  "subtype": "eq"
                },
                {
                  "node": "d",
                  "type": "cell-end"
                }
              ]
            },
            {
              "node": "c",
              "type": "sentence",
              "implicit": "yes",
              "tag": "#auto",
              "id": "P271728.U28",
              "label": "14'",
              "cdl": [
                {
                  "node": "d",
                  "type": "line-start",
                  "ref": "P271728.16",
                  "n": "14'",
                  "label": "14'"
                },
                {
                  "node": "d",
                  "type": "cell-start"
                },
                {
                  "node": "d",
                  "type": "field-start",
                  "subtype": "sv"
                },
                {
                  "node": "d",
                  "type": "field-end",
                  "subtype": "sv"
                },
                {
                  "node": "d",
                  "type": "cell-end"
                },
                {
                  "node": "d",
                  "type": "cell-start"
                },
                {
                  "node": "d",
                  "type": "field-start",
                  "subtype": "pr"
                },
                {
                  "node": "l",
                  "frag": "[...]",
                  "id": "P271728.l2e45f",
                  "ref": "P271728.16.1",
                  "inst": "%sux:x=",
                  "f": {
                    "lang": "sux",
                    "form": "x",
                    "gdl": [
                      {
                        "x": "ellipsis",
                        "id": "P271728.16.1.0",
                        "breakStart": "1",
                        "break": "missing",
                        "o": "]",
                        "breakEnd": "P271728.16.1.0"
                      }
                    ]
                  }
                },
                {
                  "node": "d",
                  "type": "field-end",
                  "subtype": "pr"
                },
                {
                  "node": "d",
                  "type": "cell-end"
                },
                {
                  "node": "d",
                  "type": "cell-start"
                },
                {
                  "node": "d",
                  "type": "field-start",
                  "subtype": "sg"
                },
                {
                  "node": "l",
                  "frag": "[...]",
                  "id": "P271728.l2e460",
                  "ref": "P271728.16.2",
                  "inst": "%sux:x=",
                  "f": {
                    "lang": "sux",
                    "form": "x",
                    "gdl": [
                      {
                        "x": "ellipsis",
                        "id": "P271728.16.2.0",
                        "breakStart": "1",
                        "break": "missing",
                        "o": "]",
                        "breakEnd": "P271728.16.2.0"
                      }
                    ]
                  }
                },
                {
                  "node": "d",
                  "type": "field-end",
                  "subtype": "sg"
                },
                {
                  "node": "d",
                  "type": "cell-end"
                },
                {
                  "node": "d",
                  "type": "cell-start"
                },
                {
                  "node": "d",
                  "type": "field-start",
                  "subtype": "eq"
                },
                {
                  "node": "l",
                  "frag": "[...]-⸢x⸣",
                  "id": "P271728.l2e461",
                  "ref": "P271728.16.3",
                  "inst": "%akk-x-mbperi:x-x=",
                  "f": {
                    "lang": "akk-x-mbperi",
                    "form": "x-x",
                    "gdl": [
                      {
                        "x": "ellipsis",
                        "id": "P271728.16.3.0",
                        "breakStart": "1",
                        "break": "missing",
                        "o": "]",
                        "breakEnd": "P271728.16.3.0",
                        "delim": "-"
                      },
                      {
                        "v": "x",
                        "id": "P271728.16.3.1",
                        "break": "damaged",
                        "ho": "1",
                        "hc": "1"
                      }
                    ]
                  }
                },
                {
                  "node": "d",
                  "type": "field-end",
                  "subtype": "eq"
                },
                {
                  "node": "d",
                  "type": "cell-end"
                },
                {
                  "node": "d",
                  "type": "nonx",
                  "ref": "P271728.17",
                  "strict": "1",
                  "extent": "rest",
                  "scope": "column",
                  "state": "missing"
                }
              ]
            }
          ]
        }
      ]
    }
  ]
}
