{
  "type": "cdl",
  "project": "dcclt",
  "source": "http://oracc.org/dcclt",
  "license": "This data is released under the CC0 license",
  "license-url": "https://creativecommons.org/publicdomain/zero/1.0/",
  "more-info": "http://oracc.org/doc/opendata/",
  "UTC-timestamp": "2019-01-29T00:14:53",
  "textid": "P271509",
  "cdl": [
    {
      "node": "c",
      "type": "text",
      "id": "P271509.U0",
      "cdl": [
        {
          "node": "d",
          "subtype": "tablet",
          "type": "tablet",
          "ref": "P271509.x1465.1",
          "label": "x1465"
        },
        {
          "node": "d",
          "subtype": "obverse",
          "type": "obverse",
          "ref": "P271509.o.2",
          "label": "o"
        },
        {
          "node": "d",
          "type": "nonx",
          "ref": "P271509.3",
          "strict": "1",
          "extent": "n",
          "scope": "line",
          "state": "missing"
        },
        {
          "node": "d",
          "subtype": "reverse",
          "type": "reverse",
          "ref": "P271509.r.4",
          "label": "r"
        },
        {
          "node": "d",
          "type": "nonx",
          "ref": "P271509.5",
          "strict": "0",
          "extent": "beginning",
          "state": "missing"
        },
        {
          "node": "c",
          "type": "discourse",
          "subtype": "body",
          "id": "P271509.U1",
          "cdl": [
            {
              "node": "c",
              "type": "sentence",
              "implicit": "yes",
              "id": "P271509.U2",
              "label": "r 1'",
              "cdl": [
                {
                  "node": "d",
                  "type": "line-start",
                  "ref": "P271509.6",
                  "n": "1'",
                  "label": "r 1'"
                },
                {
                  "node": "d",
                  "type": "cell-start"
                },
                {
                  "node": "d",
                  "type": "field-start",
                  "subtype": "wp"
                },
                {
                  "node": "l",
                  "frag": "[...]",
                  "id": "P271509.l31207",
                  "ref": "P271509.6.1",
                  "inst": "%sux:x=",
                  "f": {
                    "lang": "sux",
                    "form": "x",
                    "gdl": [
                      {
                        "x": "ellipsis",
                        "id": "P271509.6.1.0",
                        "breakStart": "1",
                        "break": "missing",
                        "o": "]",
                        "breakEnd": "P271509.6.1.0"
                      }
                    ]
                  }
                },
                {
                  "node": "d",
                  "type": "field-end",
                  "subtype": "wp"
                },
                {
                  "node": "d",
                  "type": "cell-end"
                },
                {
                  "node": "d",
                  "type": "cell-start"
                },
                {
                  "node": "d",
                  "type": "field-start",
                  "subtype": "eq"
                },
                {
                  "node": "l",
                  "frag": "{<⸢MIN⸣([...])>}",
                  "id": "P271509.l31208",
                  "ref": "P271509.6.2",
                  "inst": "%akk-x-mbperi:x=",
                  "f": {
                    "lang": "akk-x-mbperi",
                    "form": "x",
                    "delim": "",
                    "gdl": [
                      {
                        "surro": "gg",
                        "group": [
                          {
                            "s": "MIN",
                            "id": "P271509.6.2.0",
                            "break": "damaged",
                            "queried": "1",
                            "ho": "1",
                            "hc": "1"
                          },
                          {
                            "gg": "group",
                            "gdl_type": "group",
                            "group": [
                              {
                                "x": "ellipsis",
                                "id": "P271509.6.2.1",
                                "breakStart": "1",
                                "break": "missing",
                                "o": "]",
                                "breakEnd": "P271509.6.2.1",
                                "gdl_surroEnd": "P271509.6.2.0"
                              }
                            ]
                          }
                        ]
                      }
                    ]
                  }
                },
                {
                  "node": "d",
                  "type": "nonw",
                  "ref": ""
                },
                {
                  "node": "d",
                  "type": "field-end",
                  "subtype": "eq"
                },
                {
                  "node": "d",
                  "type": "cell-end"
                }
              ]
            },
            {
              "node": "c",
              "type": "sentence",
              "implicit": "yes",
              "tag": "#auto",
              "id": "P271509.U4",
              "label": "r 2'",
              "cdl": [
                {
                  "node": "d",
                  "type": "line-start",
                  "ref": "P271509.7",
                  "n": "2'",
                  "label": "r 2'"
                },
                {
                  "node": "d",
                  "type": "cell-start"
                },
                {
                  "node": "d",
                  "type": "field-start",
                  "subtype": "wp"
                },
                {
                  "node": "l",
                  "frag": "[ŋuruš]",
                  "id": "P271509.l31209",
                  "ref": "P271509.7.1",
                  "inst": "%sux:ŋuruš=",
                  "f": {
                    "lang": "sux",
                    "form": "ŋuruš",
                    "delim": "",
                    "gdl": [
                      {
                        "v": "ŋuruš",
                        "id": "P271509.7.1.0",
                        "breakStart": "1",
                        "o": "]",
                        "break": "missing",
                        "breakEnd": "P271509.7.1.0"
                      }
                    ]
                  }
                },
                {
                  "node": "l",
                  "frag": "⸢tur⸣",
                  "id": "P271509.l3120a",
                  "ref": "P271509.7.2",
                  "inst": "%sux:tur=",
                  "f": {
                    "lang": "sux",
                    "form": "tur",
                    "gdl": [
                      {
                        "v": "tur",
                        "id": "P271509.7.2.0",
                        "break": "damaged",
                        "queried": "1",
                        "ho": "1",
                        "hc": "1"
                      }
                    ]
                  }
                },
                {
                  "node": "d",
                  "type": "field-end",
                  "subtype": "wp"
                },
                {
                  "node": "d",
                  "type": "cell-end"
                },
                {
                  "node": "d",
                  "type": "cell-start"
                },
                {
                  "node": "d",
                  "type": "field-start",
                  "subtype": "eq"
                },
                {
                  "node": "l",
                  "frag": "ba-tu-lu",
                  "id": "P271509.l3120b",
                  "ref": "P271509.7.3",
                  "inst": "%akk-x-mbperi:ba-tu-lu=",
                  "f": {
                    "lang": "akk-x-mbperi",
                    "form": "ba-tu-lu",
                    "gdl": [
                      {
                        "v": "ba",
                        "id": "P271509.7.3.0",
                        "delim": "-"
                      },
                      {
                        "v": "tu",
                        "id": "P271509.7.3.1",
                        "delim": "-"
                      },
                      {
                        "v": "lu",
                        "id": "P271509.7.3.2"
                      }
                    ]
                  }
                },
                {
                  "node": "d",
                  "type": "field-end",
                  "subtype": "eq"
                },
                {
                  "node": "d",
                  "type": "cell-end"
                }
              ]
            },
            {
              "node": "c",
              "type": "sentence",
              "implicit": "yes",
              "tag": "#auto",
              "id": "P271509.U6",
              "label": "r 3'",
              "cdl": [
                {
                  "node": "d",
                  "type": "line-start",
                  "ref": "P271509.8",
                  "n": "3'",
                  "label": "r 3'"
                },
                {
                  "node": "d",
                  "type": "cell-start"
                },
                {
                  "node": "d",
                  "type": "field-start",
                  "subtype": "wp"
                },
                {
                  "node": "l",
                  "frag": "[ŋuruš]",
                  "id": "P271509.l3120c",
                  "ref": "P271509.8.1",
                  "inst": "%sux:ŋuruš=",
                  "f": {
                    "lang": "sux",
                    "form": "ŋuruš",
                    "delim": "",
                    "gdl": [
                      {
                        "v": "ŋuruš",
                        "id": "P271509.8.1.0",
                        "breakStart": "1",
                        "o": "]",
                        "break": "missing",
                        "breakEnd": "P271509.8.1.0"
                      }
                    ]
                  }
                },
                {
                  "node": "l",
                  "frag": "⸢tab⸣",
                  "id": "P271509.l3120d",
                  "ref": "P271509.8.2",
                  "inst": "%sux:tab=",
                  "f": {
                    "lang": "sux",
                    "form": "tab",
                    "gdl": [
                      {
                        "v": "tab",
                        "id": "P271509.8.2.0",
                        "break": "damaged",
                        "ho": "1",
                        "hc": "1"
                      }
                    ]
                  }
                },
                {
                  "node": "d",
                  "type": "field-end",
                  "subtype": "wp"
                },
                {
                  "node": "d",
                  "type": "cell-end"
                },
                {
                  "node": "d",
                  "type": "cell-start"
                },
                {
                  "node": "d",
                  "type": "field-start",
                  "subtype": "eq"
                },
                {
                  "node": "l",
                  "frag": "{<MIN(ba-tu-lu)>}",
                  "id": "P271509.l3120e",
                  "ref": "P271509.8.3",
                  "inst": "%akk-x-mbperi:ba-tu-lu=",
                  "f": {
                    "lang": "akk-x-mbperi",
                    "form": "ba-tu-lu",
                    "gdl": [
                      {
                        "surro": "gg",
                        "group": [
                          {
                            "s": "MIN",
                            "id": "P271509.8.3.0"
                          },
                          {
                            "gg": "group",
                            "gdl_type": "group",
                            "group": [
                              {
                                "v": "ba",
                                "id": "P271509.8.3.1",
                                "delim": "-"
                              },
                              {
                                "v": "tu",
                                "id": "P271509.8.3.2",
                                "delim": "-"
                              },
                              {
                                "v": "lu",
                                "id": "P271509.8.3.3",
                                "gdl_surroEnd": "P271509.8.3.0"
                              }
                            ]
                          }
                        ]
                      }
                    ]
                  }
                },
                {
                  "node": "d",
                  "type": "field-end",
                  "subtype": "eq"
                },
                {
                  "node": "d",
                  "type": "cell-end"
                }
              ]
            },
            {
              "node": "c",
              "type": "sentence",
              "implicit": "yes",
              "tag": "#auto",
              "id": "P271509.U8",
              "label": "r 4'",
              "cdl": [
                {
                  "node": "d",
                  "type": "line-start",
                  "ref": "P271509.9",
                  "n": "4'",
                  "label": "r 4'"
                },
                {
                  "node": "d",
                  "type": "cell-start"
                },
                {
                  "node": "d",
                  "type": "field-start",
                  "subtype": "wp"
                },
                {
                  "node": "l",
                  "frag": "[ŋuruš",
                  "id": "P271509.l3120f",
                  "ref": "P271509.9.1",
                  "inst": "%sux:ŋuruš=",
                  "f": {
                    "lang": "sux",
                    "form": "ŋuruš",
                    "delim": "",
                    "gdl": [
                      {
                        "v": "ŋuruš",
                        "id": "P271509.9.1.0",
                        "breakStart": "1",
                        "o": "[",
                        "break": "missing"
                      }
                    ]
                  }
                },
                {
                  "node": "l",
                  "frag": "tab]-⸢ba⸣",
                  "id": "P271509.l31210",
                  "ref": "P271509.9.2",
                  "inst": "%sux:tab-ba=",
                  "f": {
                    "lang": "sux",
                    "form": "tab-ba",
                    "gdl": [
                      {
                        "v": "tab",
                        "id": "P271509.9.2.0",
                        "break": "missing",
                        "o": "]",
                        "breakEnd": "P271509.9.1.0",
                        "delim": "-"
                      },
                      {
                        "v": "ba",
                        "id": "P271509.9.2.1",
                        "break": "damaged",
                        "ho": "1",
                        "hc": "1"
                      }
                    ]
                  }
                },
                {
                  "node": "d",
                  "type": "field-end",
                  "subtype": "wp"
                },
                {
                  "node": "d",
                  "type": "cell-end"
                },
                {
                  "node": "d",
                  "type": "cell-start"
                },
                {
                  "node": "d",
                  "type": "field-start",
                  "subtype": "eq"
                },
                {
                  "node": "l",
                  "frag": "{<MIN(ba-tu-lu)>}",
                  "id": "P271509.l31211",
                  "ref": "P271509.9.3",
                  "inst": "%akk-x-mbperi:ba-tu-lu=",
                  "f": {
                    "lang": "akk-x-mbperi",
                    "form": "ba-tu-lu",
                    "gdl": [
                      {
                        "surro": "gg",
                        "group": [
                          {
                            "s": "MIN",
                            "id": "P271509.9.3.0"
                          },
                          {
                            "gg": "group",
                            "gdl_type": "group",
                            "group": [
                              {
                                "v": "ba",
                                "id": "P271509.9.3.1",
                                "delim": "-"
                              },
                              {
                                "v": "tu",
                                "id": "P271509.9.3.2",
                                "delim": "-"
                              },
                              {
                                "v": "lu",
                                "id": "P271509.9.3.3",
                                "gdl_surroEnd": "P271509.9.3.0"
                              }
                            ]
                          }
                        ]
                      }
                    ]
                  }
                },
                {
                  "node": "d",
                  "type": "field-end",
                  "subtype": "eq"
                },
                {
                  "node": "d",
                  "type": "cell-end"
                }
              ]
            },
            {
              "node": "c",
              "type": "sentence",
              "implicit": "yes",
              "tag": "#auto",
              "id": "P271509.U10",
              "label": "r 5'",
              "cdl": [
                {
                  "node": "d",
                  "type": "line-start",
                  "ref": "P271509.10",
                  "n": "5'",
                  "label": "r 5'"
                },
                {
                  "node": "d",
                  "type": "cell-start"
                },
                {
                  "node": "d",
                  "type": "field-start",
                  "subtype": "wp"
                },
                {
                  "node": "l",
                  "frag": "[ŋuruš",
                  "id": "P271509.l31212",
                  "ref": "P271509.10.1",
                  "inst": "%sux:ŋuruš=",
                  "f": {
                    "lang": "sux",
                    "form": "ŋuruš",
                    "delim": "",
                    "gdl": [
                      {
                        "v": "ŋuruš",
                        "id": "P271509.10.1.0",
                        "breakStart": "1",
                        "o": "[",
                        "break": "missing"
                      }
                    ]
                  }
                },
                {
                  "node": "l",
                  "frag": "tab-ba]",
                  "id": "P271509.l31213",
                  "ref": "P271509.10.2",
                  "inst": "%sux:tab-ba=",
                  "f": {
                    "lang": "sux",
                    "form": "tab-ba",
                    "delim": "",
                    "gdl": [
                      {
                        "v": "tab",
                        "id": "P271509.10.2.0",
                        "break": "missing",
                        "delim": "-"
                      },
                      {
                        "v": "ba",
                        "id": "P271509.10.2.1",
                        "break": "missing",
                        "o": "]",
                        "breakEnd": "P271509.10.1.0"
                      }
                    ]
                  }
                },
                {
                  "node": "l",
                  "frag": "⸢nu⸣-zu",
                  "id": "P271509.l31214",
                  "ref": "P271509.10.3",
                  "inst": "%sux:nu-zu=",
                  "f": {
                    "lang": "sux",
                    "form": "nu-zu",
                    "gdl": [
                      {
                        "v": "nu",
                        "id": "P271509.10.3.0",
                        "break": "damaged",
                        "queried": "1",
                        "ho": "1",
                        "delim": "-",
                        "hc": "1"
                      },
                      {
                        "v": "zu",
                        "id": "P271509.10.3.1"
                      }
                    ]
                  }
                },
                {
                  "node": "d",
                  "type": "field-end",
                  "subtype": "wp"
                },
                {
                  "node": "d",
                  "type": "cell-end"
                },
                {
                  "node": "d",
                  "type": "cell-start"
                },
                {
                  "node": "d",
                  "type": "field-start",
                  "subtype": "eq"
                },
                {
                  "node": "l",
                  "frag": "{<MIN(ba-tu-lu)>}",
                  "id": "P271509.l31215",
                  "ref": "P271509.10.4",
                  "inst": "%akk-x-mbperi:ba-tu-lu=",
                  "f": {
                    "lang": "akk-x-mbperi",
                    "form": "ba-tu-lu",
                    "gdl": [
                      {
                        "surro": "gg",
                        "group": [
                          {
                            "s": "MIN",
                            "id": "P271509.10.4.0"
                          },
                          {
                            "gg": "group",
                            "gdl_type": "group",
                            "group": [
                              {
                                "v": "ba",
                                "id": "P271509.10.4.1",
                                "delim": "-"
                              },
                              {
                                "v": "tu",
                                "id": "P271509.10.4.2",
                                "delim": "-"
                              },
                              {
                                "v": "lu",
                                "id": "P271509.10.4.3",
                                "gdl_surroEnd": "P271509.10.4.0"
                              }
                            ]
                          }
                        ]
                      }
                    ]
                  }
                },
                {
                  "node": "d",
                  "type": "field-end",
                  "subtype": "eq"
                },
                {
                  "node": "d",
                  "type": "cell-end"
                },
                {
                  "node": "d",
                  "type": "nonx",
                  "ref": "P271509.11",
                  "strict": "1",
                  "extent": "1",
                  "scope": "line",
                  "state": "ruling"
                }
              ]
            },
            {
              "node": "c",
              "type": "sentence",
              "implicit": "yes",
              "tag": "#auto",
              "id": "P271509.U12",
              "label": "r 6'",
              "cdl": [
                {
                  "node": "d",
                  "type": "line-start",
                  "ref": "P271509.12",
                  "n": "6'",
                  "label": "r 6'"
                },
                {
                  "node": "d",
                  "type": "cell-start"
                },
                {
                  "node": "d",
                  "type": "field-start",
                  "subtype": "wp"
                },
                {
                  "node": "l",
                  "frag": "[...]",
                  "id": "P271509.l31216",
                  "ref": "P271509.12.1",
                  "inst": "%sux:x=",
                  "f": {
                    "lang": "sux",
                    "form": "x",
                    "gdl": [
                      {
                        "x": "ellipsis",
                        "id": "P271509.12.1.0",
                        "breakStart": "1",
                        "break": "missing",
                        "o": "]",
                        "breakEnd": "P271509.12.1.0"
                      }
                    ]
                  }
                },
                {
                  "node": "d",
                  "type": "field-end",
                  "subtype": "wp"
                },
                {
                  "node": "d",
                  "type": "cell-end"
                },
                {
                  "node": "d",
                  "type": "cell-start"
                },
                {
                  "node": "d",
                  "type": "field-start",
                  "subtype": "eq"
                },
                {
                  "node": "l",
                  "frag": "i-du",
                  "id": "P271509.l31217",
                  "ref": "P271509.12.2",
                  "inst": "%akk-x-mbperi:i-du=",
                  "f": {
                    "lang": "akk-x-mbperi",
                    "form": "i-du",
                    "gdl": [
                      {
                        "v": "i",
                        "id": "P271509.12.2.0",
                        "delim": "-"
                      },
                      {
                        "v": "du",
                        "id": "P271509.12.2.1"
                      }
                    ]
                  }
                },
                {
                  "node": "d",
                  "type": "field-end",
                  "subtype": "eq"
                },
                {
                  "node": "d",
                  "type": "cell-end"
                }
              ]
            },
            {
              "node": "c",
              "type": "sentence",
              "implicit": "yes",
              "tag": "#auto",
              "id": "P271509.U14",
              "label": "r 7'",
              "cdl": [
                {
                  "node": "d",
                  "type": "line-start",
                  "ref": "P271509.13",
                  "n": "7'",
                  "label": "r 7'"
                },
                {
                  "node": "d",
                  "type": "cell-start"
                },
                {
                  "node": "d",
                  "type": "field-start",
                  "subtype": "wp"
                },
                {
                  "node": "l",
                  "frag": "[...]",
                  "id": "P271509.l31218",
                  "ref": "P271509.13.1",
                  "inst": "%sux:x=",
                  "f": {
                    "lang": "sux",
                    "form": "x",
                    "gdl": [
                      {
                        "x": "ellipsis",
                        "id": "P271509.13.1.0",
                        "breakStart": "1",
                        "break": "missing",
                        "o": "]",
                        "breakEnd": "P271509.13.1.0"
                      }
                    ]
                  }
                },
                {
                  "node": "d",
                  "type": "field-end",
                  "subtype": "wp"
                },
                {
                  "node": "d",
                  "type": "cell-end"
                },
                {
                  "node": "d",
                  "type": "cell-start"
                },
                {
                  "node": "d",
                  "type": "field-start",
                  "subtype": "eq"
                },
                {
                  "node": "l",
                  "frag": "{<MIN(i-du)>}",
                  "id": "P271509.l31219",
                  "ref": "P271509.13.2",
                  "inst": "%akk-x-mbperi:i-du=",
                  "f": {
                    "lang": "akk-x-mbperi",
                    "form": "i-du",
                    "gdl": [
                      {
                        "surro": "gg",
                        "group": [
                          {
                            "s": "MIN",
                            "id": "P271509.13.2.0"
                          },
                          {
                            "gg": "group",
                            "gdl_type": "group",
                            "group": [
                              {
                                "v": "i",
                                "id": "P271509.13.2.1",
                                "delim": "-"
                              },
                              {
                                "v": "du",
                                "id": "P271509.13.2.2",
                                "gdl_surroEnd": "P271509.13.2.0"
                              }
                            ]
                          }
                        ]
                      }
                    ]
                  }
                },
                {
                  "node": "d",
                  "type": "field-end",
                  "subtype": "eq"
                },
                {
                  "node": "d",
                  "type": "cell-end"
                }
              ]
            },
            {
              "node": "c",
              "type": "sentence",
              "implicit": "yes",
              "tag": "#auto",
              "id": "P271509.U16",
              "label": "r 8'",
              "cdl": [
                {
                  "node": "d",
                  "type": "line-start",
                  "ref": "P271509.14",
                  "n": "8'",
                  "label": "r 8'"
                },
                {
                  "node": "d",
                  "type": "cell-start"
                },
                {
                  "node": "d",
                  "type": "field-start",
                  "subtype": "wp"
                },
                {
                  "node": "l",
                  "frag": "[...]",
                  "id": "P271509.l3121a",
                  "ref": "P271509.14.1",
                  "inst": "%sux:x=",
                  "f": {
                    "lang": "sux",
                    "form": "x",
                    "gdl": [
                      {
                        "x": "ellipsis",
                        "id": "P271509.14.1.0",
                        "breakStart": "1",
                        "break": "missing",
                        "o": "]",
                        "breakEnd": "P271509.14.1.0"
                      }
                    ]
                  }
                },
                {
                  "node": "d",
                  "type": "field-end",
                  "subtype": "wp"
                },
                {
                  "node": "d",
                  "type": "cell-end"
                },
                {
                  "node": "d",
                  "type": "cell-start"
                },
                {
                  "node": "d",
                  "type": "field-start",
                  "subtype": "eq"
                },
                {
                  "node": "l",
                  "frag": "ka-<ia>-ma-nu",
                  "id": "P271509.l3121b",
                  "ref": "P271509.14.2",
                  "inst": "%akk-x-mbperi:ka-ia-ma-nu=",
                  "f": {
                    "lang": "akk-x-mbperi",
                    "form": "ka-ia-ma-nu",
                    "gdl": [
                      {
                        "v": "ka",
                        "id": "P271509.14.2.0",
                        "delim": "-"
                      },
                      {
                        "v": "ia",
                        "id": "P271509.14.2.1",
                        "statusStart": "P271509.14.2.1",
                        "o": ">",
                        "delim": "-"
                      },
                      {
                        "v": "ma",
                        "id": "P271509.14.2.2",
                        "delim": "-"
                      },
                      {
                        "v": "nu",
                        "id": "P271509.14.2.3"
                      }
                    ]
                  }
                },
                {
                  "node": "d",
                  "type": "field-end",
                  "subtype": "eq"
                },
                {
                  "node": "d",
                  "type": "cell-end"
                }
              ]
            },
            {
              "node": "c",
              "type": "sentence",
              "implicit": "yes",
              "tag": "#auto",
              "id": "P271509.U18",
              "label": "r 9'",
              "cdl": [
                {
                  "node": "d",
                  "type": "line-start",
                  "ref": "P271509.15",
                  "n": "9'",
                  "label": "r 9'"
                },
                {
                  "node": "d",
                  "type": "cell-start"
                },
                {
                  "node": "d",
                  "type": "field-start",
                  "subtype": "wp"
                },
                {
                  "node": "l",
                  "frag": "[...]",
                  "id": "P271509.l3121c",
                  "ref": "P271509.15.1",
                  "inst": "%sux:x=",
                  "f": {
                    "lang": "sux",
                    "form": "x",
                    "gdl": [
                      {
                        "x": "ellipsis",
                        "id": "P271509.15.1.0",
                        "breakStart": "1",
                        "break": "missing",
                        "o": "]",
                        "breakEnd": "P271509.15.1.0"
                      }
                    ]
                  }
                },
                {
                  "node": "d",
                  "type": "field-end",
                  "subtype": "wp"
                },
                {
                  "node": "d",
                  "type": "cell-end"
                },
                {
                  "node": "d",
                  "type": "cell-start"
                },
                {
                  "node": "d",
                  "type": "field-start",
                  "subtype": "eq"
                },
                {
                  "node": "l",
                  "frag": "mu-ka-[il",
                  "id": "P271509.l3121d",
                  "ref": "P271509.15.2",
                  "inst": "%akk-x-mbperi:mu-ka-il=",
                  "f": {
                    "lang": "akk-x-mbperi",
                    "form": "mu-ka-il",
                    "delim": "",
                    "gdl": [
                      {
                        "v": "mu",
                        "id": "P271509.15.2.0",
                        "delim": "-"
                      },
                      {
                        "v": "ka",
                        "id": "P271509.15.2.1",
                        "delim": "-"
                      },
                      {
                        "v": "il",
                        "id": "P271509.15.2.2",
                        "breakStart": "1",
                        "o": "[",
                        "queried": "1",
                        "break": "missing"
                      }
                    ]
                  }
                },
                {
                  "node": "l",
                  "frag": "re-ši]",
                  "id": "P271509.l3121e",
                  "ref": "P271509.15.3",
                  "inst": "%akk-x-mbperi:re-ši=",
                  "f": {
                    "lang": "akk-x-mbperi",
                    "form": "re-ši",
                    "gdl": [
                      {
                        "v": "re",
                        "id": "P271509.15.3.0",
                        "break": "missing",
                        "delim": "-"
                      },
                      {
                        "v": "ši",
                        "id": "P271509.15.3.1",
                        "break": "missing",
                        "o": "]",
                        "breakEnd": "P271509.15.2.2"
                      }
                    ]
                  }
                },
                {
                  "node": "d",
                  "type": "field-end",
                  "subtype": "eq"
                },
                {
                  "node": "d",
                  "type": "cell-end"
                },
                {
                  "node": "d",
                  "type": "nonx",
                  "ref": "P271509.16",
                  "strict": "1",
                  "extent": "1",
                  "scope": "line",
                  "state": "ruling"
                }
              ]
            },
            {
              "node": "c",
              "type": "sentence",
              "implicit": "yes",
              "tag": "#auto",
              "id": "P271509.U20",
              "label": "r 10'",
              "cdl": [
                {
                  "node": "d",
                  "type": "line-start",
                  "ref": "P271509.17",
                  "n": "10'",
                  "label": "r 10'"
                },
                {
                  "node": "d",
                  "type": "cell-start"
                },
                {
                  "node": "d",
                  "type": "field-start",
                  "subtype": "wp"
                },
                {
                  "node": "l",
                  "frag": "[...]",
                  "id": "P271509.l3121f",
                  "ref": "P271509.17.1",
                  "inst": "%sux:x=",
                  "f": {
                    "lang": "sux",
                    "form": "x",
                    "gdl": [
                      {
                        "x": "ellipsis",
                        "id": "P271509.17.1.0",
                        "breakStart": "1",
                        "break": "missing",
                        "o": "]",
                        "breakEnd": "P271509.17.1.0"
                      }
                    ]
                  }
                },
                {
                  "node": "d",
                  "type": "field-end",
                  "subtype": "wp"
                },
                {
                  "node": "d",
                  "type": "cell-end"
                },
                {
                  "node": "d",
                  "type": "cell-start"
                },
                {
                  "node": "d",
                  "type": "field-start",
                  "subtype": "eq"
                },
                {
                  "node": "l",
                  "frag": "⸢x-x-x⸣-[...]",
                  "id": "P271509.l31220",
                  "ref": "P271509.17.2",
                  "inst": "%akk-x-mbperi:x-x-x-x=",
                  "f": {
                    "lang": "akk-x-mbperi",
                    "form": "x-x-x-x",
                    "gdl": [
                      {
                        "v": "x",
                        "id": "P271509.17.2.0",
                        "break": "damaged",
                        "ho": "1",
                        "delim": "-"
                      },
                      {
                        "v": "x",
                        "id": "P271509.17.2.1",
                        "break": "damaged",
                        "delim": "-"
                      },
                      {
                        "v": "x",
                        "id": "P271509.17.2.2",
                        "break": "damaged",
                        "delim": "-",
                        "hc": "1"
                      },
                      {
                        "x": "ellipsis",
                        "id": "P271509.17.2.3",
                        "breakStart": "1",
                        "break": "missing",
                        "o": "]",
                        "breakEnd": "P271509.17.2.3"
                      }
                    ]
                  }
                },
                {
                  "node": "d",
                  "type": "field-end",
                  "subtype": "eq"
                },
                {
                  "node": "d",
                  "type": "cell-end"
                },
                {
                  "node": "d",
                  "type": "nonx",
                  "ref": "P271509.18",
                  "strict": "0",
                  "extent": "rest",
                  "state": "missing"
                }
              ]
            }
          ]
        }
      ]
    }
  ]
}
