{
  "type": "cdl",
  "project": "dcclt",
  "source": "http://oracc.org/dcclt",
  "license": "This data is released under the CC0 license",
  "license-url": "https://creativecommons.org/publicdomain/zero/1.0/",
  "more-info": "http://oracc.org/doc/opendata/",
  "UTC-timestamp": "2019-01-29T00:15:18",
  "textid": "P272191",
  "cdl": [
    {
      "node": "c",
      "type": "text",
      "id": "P272191.U0",
      "cdl": [
        {
          "node": "d",
          "subtype": "tablet",
          "type": "tablet",
          "ref": "P272191.x1740.1",
          "label": "x1740"
        },
        {
          "node": "d",
          "subtype": "obverse",
          "type": "obverse",
          "ref": "P272191.o.2",
          "label": "o"
        },
        {
          "node": "c",
          "type": "discourse",
          "subtype": "body",
          "id": "P272191.U1",
          "cdl": [
            {
              "node": "c",
              "type": "sentence",
              "implicit": "yes",
              "id": "P272191.U2",
              "label": "o 1",
              "cdl": [
                {
                  "node": "d",
                  "type": "line-start",
                  "ref": "P272191.3",
                  "n": "1",
                  "label": "o 1"
                },
                {
                  "node": "l",
                  "frag": "{id₂}bal-a-ri",
                  "id": "P272191.l3b9f4",
                  "ref": "P272191.3.1",
                  "inst": "%sux:{id₂}bal-a-ri=",
                  "f": {
                    "lang": "sux",
                    "form": "{id₂}bal-a-ri",
                    "gdl": [
                      {
                        "det": "semantic",
                        "pos": "pre",
                        "seq": [
                          {
                            "v": "id₂",
                            "id": "P272191.3.1.0"
                          }
                        ]
                      },
                      {
                        "v": "bal",
                        "id": "P272191.3.1.1",
                        "delim": "-"
                      },
                      {
                        "v": "a",
                        "id": "P272191.3.1.2",
                        "delim": "-"
                      },
                      {
                        "v": "ri",
                        "id": "P272191.3.1.3"
                      }
                    ]
                  }
                }
              ]
            },
            {
              "node": "c",
              "type": "sentence",
              "implicit": "yes",
              "tag": "#auto",
              "id": "P272191.U4",
              "label": "o 2",
              "cdl": [
                {
                  "node": "d",
                  "type": "line-start",
                  "ref": "P272191.4",
                  "n": "2",
                  "label": "o 2"
                },
                {
                  "node": "l",
                  "frag": "{{<min(id₂)>}}⸢sila₃⸣-kum",
                  "id": "P272191.l3b9f5",
                  "ref": "P272191.4.1",
                  "inst": "%sux:{id₂}sila₃-kum=",
                  "f": {
                    "lang": "sux",
                    "form": "{id₂}sila₃-kum",
                    "gdl": [
                      {
                        "det": "semantic",
                        "pos": "pre",
                        "seq": [
                          {
                            "surro": "gg",
                            "group": [
                              {
                                "s": "MIN",
                                "id": "P272191.4.1.0"
                              },
                              {
                                "gg": "group",
                                "gdl_type": "group",
                                "group": [
                                  {
                                    "v": "id₂",
                                    "id": "P272191.4.1.1",
                                    "gdl_surroEnd": "P272191.4.1.0"
                                  }
                                ]
                              }
                            ]
                          }
                        ]
                      },
                      {
                        "v": "sila₃",
                        "id": "P272191.4.1.2",
                        "break": "damaged",
                        "ho": "1",
                        "delim": "-",
                        "hc": "1"
                      },
                      {
                        "v": "kum",
                        "id": "P272191.4.1.3"
                      }
                    ]
                  }
                }
              ]
            },
            {
              "node": "c",
              "type": "sentence",
              "implicit": "yes",
              "tag": "#auto",
              "id": "P272191.U6",
              "label": "o 3",
              "cdl": [
                {
                  "node": "d",
                  "type": "line-start",
                  "ref": "P272191.5",
                  "n": "3",
                  "label": "o 3"
                },
                {
                  "node": "l",
                  "frag": "{{<min(id₂)>}}an-ne₂-⸢pad₃⸣-da",
                  "id": "P272191.l3b9f6",
                  "ref": "P272191.5.1",
                  "inst": "%sux:{id₂}an-ne₂-pad₃-da=",
                  "f": {
                    "lang": "sux",
                    "form": "{id₂}an-ne₂-pad₃-da",
                    "gdl": [
                      {
                        "det": "semantic",
                        "pos": "pre",
                        "seq": [
                          {
                            "surro": "gg",
                            "group": [
                              {
                                "s": "MIN",
                                "id": "P272191.5.1.0"
                              },
                              {
                                "gg": "group",
                                "gdl_type": "group",
                                "group": [
                                  {
                                    "v": "id₂",
                                    "id": "P272191.5.1.1",
                                    "gdl_surroEnd": "P272191.5.1.0"
                                  }
                                ]
                              }
                            ]
                          }
                        ]
                      },
                      {
                        "v": "an",
                        "id": "P272191.5.1.2",
                        "delim": "-"
                      },
                      {
                        "v": "ne₂",
                        "id": "P272191.5.1.3",
                        "delim": "-"
                      },
                      {
                        "v": "pad₃",
                        "id": "P272191.5.1.4",
                        "break": "damaged",
                        "ho": "1",
                        "delim": "-",
                        "hc": "1"
                      },
                      {
                        "v": "da",
                        "id": "P272191.5.1.5"
                      }
                    ]
                  }
                }
              ]
            },
            {
              "node": "c",
              "type": "sentence",
              "implicit": "yes",
              "tag": "#auto",
              "id": "P272191.U8",
              "label": "o 4",
              "cdl": [
                {
                  "node": "d",
                  "type": "line-start",
                  "ref": "P272191.6",
                  "n": "4",
                  "label": "o 4"
                },
                {
                  "node": "l",
                  "frag": "{{<min(id₂)>}}aš-šir-pad₃-da",
                  "id": "P272191.l3b9f7",
                  "ref": "P272191.6.1",
                  "inst": "%sux:{id₂}aš-šir-pad₃-da=",
                  "f": {
                    "lang": "sux",
                    "form": "{id₂}aš-šir-pad₃-da",
                    "gdl": [
                      {
                        "det": "semantic",
                        "pos": "pre",
                        "seq": [
                          {
                            "surro": "gg",
                            "group": [
                              {
                                "s": "MIN",
                                "id": "P272191.6.1.0"
                              },
                              {
                                "gg": "group",
                                "gdl_type": "group",
                                "group": [
                                  {
                                    "v": "id₂",
                                    "id": "P272191.6.1.1",
                                    "gdl_surroEnd": "P272191.6.1.0"
                                  }
                                ]
                              }
                            ]
                          }
                        ]
                      },
                      {
                        "v": "aš",
                        "id": "P272191.6.1.2",
                        "delim": "-"
                      },
                      {
                        "v": "šir",
                        "id": "P272191.6.1.3",
                        "delim": "-"
                      },
                      {
                        "v": "pad₃",
                        "id": "P272191.6.1.4",
                        "delim": "-"
                      },
                      {
                        "v": "da",
                        "id": "P272191.6.1.5"
                      }
                    ]
                  }
                }
              ]
            },
            {
              "node": "c",
              "type": "sentence",
              "implicit": "yes",
              "tag": "#auto",
              "id": "P272191.U10",
              "label": "o 5",
              "cdl": [
                {
                  "node": "d",
                  "type": "line-start",
                  "ref": "P272191.7",
                  "n": "5",
                  "label": "o 5"
                },
                {
                  "node": "l",
                  "frag": "{{<min(id₂)>}}pad₃-⸢da⸣",
                  "id": "P272191.l3b9f8",
                  "ref": "P272191.7.1",
                  "inst": "%sux:{id₂}pad₃-da=",
                  "f": {
                    "lang": "sux",
                    "form": "{id₂}pad₃-da",
                    "gdl": [
                      {
                        "det": "semantic",
                        "pos": "pre",
                        "seq": [
                          {
                            "surro": "gg",
                            "group": [
                              {
                                "s": "MIN",
                                "id": "P272191.7.1.0"
                              },
                              {
                                "gg": "group",
                                "gdl_type": "group",
                                "group": [
                                  {
                                    "v": "id₂",
                                    "id": "P272191.7.1.1",
                                    "gdl_surroEnd": "P272191.7.1.0"
                                  }
                                ]
                              }
                            ]
                          }
                        ]
                      },
                      {
                        "v": "pad₃",
                        "id": "P272191.7.1.2",
                        "delim": "-"
                      },
                      {
                        "v": "da",
                        "id": "P272191.7.1.3",
                        "break": "damaged",
                        "ho": "1",
                        "hc": "1"
                      }
                    ]
                  }
                }
              ]
            },
            {
              "node": "c",
              "type": "sentence",
              "implicit": "yes",
              "tag": "#auto",
              "id": "P272191.U12",
              "label": "o 6",
              "cdl": [
                {
                  "node": "d",
                  "type": "line-start",
                  "ref": "P272191.8",
                  "n": "6",
                  "label": "o 6"
                },
                {
                  "node": "l",
                  "frag": "{{<min(id₂)>}}⸢šeš₂⸣",
                  "id": "P272191.l3b9f9",
                  "ref": "P272191.8.1",
                  "inst": "%sux:{id₂}šeš₂=",
                  "f": {
                    "lang": "sux",
                    "form": "{id₂}šeš₂",
                    "gdl": [
                      {
                        "det": "semantic",
                        "pos": "pre",
                        "seq": [
                          {
                            "surro": "gg",
                            "group": [
                              {
                                "s": "MIN",
                                "id": "P272191.8.1.0"
                              },
                              {
                                "gg": "group",
                                "gdl_type": "group",
                                "group": [
                                  {
                                    "v": "id₂",
                                    "id": "P272191.8.1.1",
                                    "gdl_surroEnd": "P272191.8.1.0"
                                  }
                                ]
                              }
                            ]
                          }
                        ]
                      },
                      {
                        "v": "šeš₂",
                        "id": "P272191.8.1.2",
                        "break": "damaged",
                        "ho": "1",
                        "hc": "1"
                      }
                    ]
                  }
                },
                {
                  "node": "d",
                  "type": "nonw",
                  "ref": ""
                }
              ]
            },
            {
              "node": "c",
              "type": "sentence",
              "implicit": "yes",
              "tag": "#auto",
              "id": "P272191.U14",
              "label": "o 7",
              "cdl": [
                {
                  "node": "d",
                  "type": "line-start",
                  "ref": "P272191.9",
                  "n": "7",
                  "label": "o 7"
                },
                {
                  "node": "l",
                  "frag": "{{<min(id₂)>}}šur-šum",
                  "id": "P272191.l3b9fa",
                  "ref": "P272191.9.1",
                  "inst": "%sux:{id₂}šur-šum=",
                  "f": {
                    "lang": "sux",
                    "form": "{id₂}šur-šum",
                    "gdl": [
                      {
                        "det": "semantic",
                        "pos": "pre",
                        "seq": [
                          {
                            "surro": "gg",
                            "group": [
                              {
                                "s": "MIN",
                                "id": "P272191.9.1.0"
                              },
                              {
                                "gg": "group",
                                "gdl_type": "group",
                                "group": [
                                  {
                                    "v": "id₂",
                                    "id": "P272191.9.1.1",
                                    "gdl_surroEnd": "P272191.9.1.0"
                                  }
                                ]
                              }
                            ]
                          }
                        ]
                      },
                      {
                        "v": "šur",
                        "id": "P272191.9.1.2",
                        "delim": "-"
                      },
                      {
                        "v": "šum",
                        "id": "P272191.9.1.3"
                      }
                    ]
                  }
                }
              ]
            },
            {
              "node": "c",
              "type": "sentence",
              "implicit": "yes",
              "tag": "#auto",
              "id": "P272191.U16",
              "label": "o 8",
              "cdl": [
                {
                  "node": "d",
                  "type": "line-start",
                  "ref": "P272191.10",
                  "n": "8",
                  "label": "o 8"
                },
                {
                  "node": "l",
                  "frag": "{{<⸢min⸣(id₂)>}}edin-na",
                  "id": "P272191.l3b9fb",
                  "ref": "P272191.10.1",
                  "inst": "%sux:{id₂}edin-na=",
                  "f": {
                    "lang": "sux",
                    "form": "{id₂}edin-na",
                    "gdl": [
                      {
                        "det": "semantic",
                        "pos": "pre",
                        "seq": [
                          {
                            "surro": "gg",
                            "group": [
                              {
                                "s": "MIN",
                                "id": "P272191.10.1.0",
                                "break": "damaged",
                                "ho": "1",
                                "hc": "1"
                              },
                              {
                                "gg": "group",
                                "gdl_type": "group",
                                "group": [
                                  {
                                    "v": "id₂",
                                    "id": "P272191.10.1.1",
                                    "gdl_surroEnd": "P272191.10.1.0"
                                  }
                                ]
                              }
                            ]
                          }
                        ]
                      },
                      {
                        "v": "edin",
                        "id": "P272191.10.1.2",
                        "delim": "-"
                      },
                      {
                        "v": "na",
                        "id": "P272191.10.1.3"
                      }
                    ]
                  }
                }
              ]
            },
            {
              "node": "c",
              "type": "sentence",
              "implicit": "yes",
              "tag": "#auto",
              "id": "P272191.U18",
              "label": "o 9",
              "cdl": [
                {
                  "node": "d",
                  "type": "line-start",
                  "ref": "P272191.11",
                  "n": "9",
                  "label": "o 9"
                },
                {
                  "node": "l",
                  "frag": "{{<⸢min⸣(id₂)>}}hur-saŋ",
                  "id": "P272191.l3b9fc",
                  "ref": "P272191.11.1",
                  "inst": "%sux:{id₂}hur-saŋ=",
                  "f": {
                    "lang": "sux",
                    "form": "{id₂}hur-saŋ",
                    "gdl": [
                      {
                        "det": "semantic",
                        "pos": "pre",
                        "seq": [
                          {
                            "surro": "gg",
                            "group": [
                              {
                                "s": "MIN",
                                "id": "P272191.11.1.0",
                                "break": "damaged",
                                "ho": "1",
                                "hc": "1"
                              },
                              {
                                "gg": "group",
                                "gdl_type": "group",
                                "group": [
                                  {
                                    "v": "id₂",
                                    "id": "P272191.11.1.1",
                                    "gdl_surroEnd": "P272191.11.1.0"
                                  }
                                ]
                              }
                            ]
                          }
                        ]
                      },
                      {
                        "v": "hur",
                        "id": "P272191.11.1.2",
                        "delim": "-"
                      },
                      {
                        "v": "saŋ",
                        "id": "P272191.11.1.3"
                      }
                    ]
                  }
                },
                {
                  "node": "d",
                  "subtype": "bottom",
                  "type": "bottom",
                  "ref": "P272191.b.e..12",
                  "label": "b.e."
                }
              ]
            },
            {
              "node": "c",
              "type": "sentence",
              "implicit": "yes",
              "tag": "#auto",
              "id": "P272191.U20",
              "label": "b.e. 1",
              "cdl": [
                {
                  "node": "d",
                  "type": "line-start",
                  "ref": "P272191.13",
                  "n": "1",
                  "label": "b.e. 1"
                },
                {
                  "node": "l",
                  "frag": "{{<⸢min⸣(id₂)>}}hur-saŋ",
                  "id": "P272191.l3b9fd",
                  "ref": "P272191.13.1",
                  "inst": "%sux:{id₂}hur-saŋ=",
                  "f": {
                    "lang": "sux",
                    "form": "{id₂}hur-saŋ",
                    "delim": "",
                    "gdl": [
                      {
                        "det": "semantic",
                        "pos": "pre",
                        "seq": [
                          {
                            "surro": "gg",
                            "group": [
                              {
                                "s": "MIN",
                                "id": "P272191.13.1.0",
                                "break": "damaged",
                                "ho": "1",
                                "hc": "1"
                              },
                              {
                                "gg": "group",
                                "gdl_type": "group",
                                "group": [
                                  {
                                    "v": "id₂",
                                    "id": "P272191.13.1.1",
                                    "gdl_surroEnd": "P272191.13.1.0"
                                  }
                                ]
                              }
                            ]
                          }
                        ]
                      },
                      {
                        "v": "hur",
                        "id": "P272191.13.1.2",
                        "delim": "-"
                      },
                      {
                        "v": "saŋ",
                        "id": "P272191.13.1.3"
                      }
                    ]
                  }
                },
                {
                  "node": "l",
                  "frag": "⸢galam-ma⸣",
                  "id": "P272191.l3b9fe",
                  "ref": "P272191.13.2",
                  "inst": "%sux:galam-ma=",
                  "f": {
                    "lang": "sux",
                    "form": "galam-ma",
                    "gdl": [
                      {
                        "v": "galam",
                        "id": "P272191.13.2.0",
                        "break": "damaged",
                        "queried": "1",
                        "ho": "1",
                        "delim": "-"
                      },
                      {
                        "v": "ma",
                        "id": "P272191.13.2.1",
                        "break": "damaged",
                        "queried": "1",
                        "hc": "1"
                      }
                    ]
                  }
                },
                {
                  "node": "d",
                  "subtype": "reverse",
                  "type": "reverse",
                  "ref": "P272191.r.14",
                  "label": "r"
                }
              ]
            },
            {
              "node": "c",
              "type": "sentence",
              "implicit": "yes",
              "tag": "#auto",
              "id": "P272191.U22",
              "label": "r 1",
              "cdl": [
                {
                  "node": "d",
                  "type": "line-start",
                  "ref": "P272191.15",
                  "n": "1",
                  "label": "r 1"
                },
                {
                  "node": "l",
                  "frag": "{<MIN(id₂)>}",
                  "id": "P272191.l3b9ff",
                  "ref": "P272191.15.1",
                  "inst": "%sux:id₂=",
                  "f": {
                    "lang": "sux",
                    "form": "id₂",
                    "delim": "",
                    "gdl": [
                      {
                        "surro": "gg",
                        "group": [
                          {
                            "s": "MIN",
                            "id": "P272191.15.1.0"
                          },
                          {
                            "gg": "group",
                            "gdl_type": "group",
                            "group": [
                              {
                                "v": "id₂",
                                "id": "P272191.15.1.1",
                                "gdl_surroEnd": "P272191.15.1.0"
                              }
                            ]
                          }
                        ]
                      }
                    ]
                  }
                },
                {
                  "node": "l",
                  "frag": "pa₅",
                  "id": "P272191.l3ba00",
                  "ref": "P272191.15.2",
                  "inst": "%sux:pa₅=",
                  "f": {
                    "lang": "sux",
                    "form": "pa₅",
                    "delim": "",
                    "gdl": [
                      {
                        "v": "pa₅",
                        "id": "P272191.15.2.0"
                      }
                    ]
                  }
                },
                {
                  "node": "l",
                  "frag": "aš₂-še",
                  "id": "P272191.l3ba01",
                  "ref": "P272191.15.3",
                  "inst": "%sux:aš₂-še=",
                  "f": {
                    "lang": "sux",
                    "form": "aš₂-še",
                    "gdl": [
                      {
                        "v": "aš₂",
                        "id": "P272191.15.3.0",
                        "delim": "-"
                      },
                      {
                        "v": "še",
                        "id": "P272191.15.3.1"
                      }
                    ]
                  }
                },
                {
                  "node": "d",
                  "type": "nonw",
                  "ref": ""
                }
              ]
            },
            {
              "node": "c",
              "type": "sentence",
              "implicit": "yes",
              "tag": "#auto",
              "id": "P272191.U24",
              "label": "r 2",
              "cdl": [
                {
                  "node": "d",
                  "type": "line-start",
                  "ref": "P272191.16",
                  "n": "2",
                  "label": "r 2"
                },
                {
                  "node": "l",
                  "frag": "{<MIN(id₂)>}",
                  "id": "P272191.l3ba02",
                  "ref": "P272191.16.1",
                  "inst": "%sux:id₂=",
                  "f": {
                    "lang": "sux",
                    "form": "id₂",
                    "delim": "",
                    "gdl": [
                      {
                        "surro": "gg",
                        "group": [
                          {
                            "s": "MIN",
                            "id": "P272191.16.1.0"
                          },
                          {
                            "gg": "group",
                            "gdl_type": "group",
                            "group": [
                              {
                                "v": "id₂",
                                "id": "P272191.16.1.1",
                                "gdl_surroEnd": "P272191.16.1.0"
                              }
                            ]
                          }
                        ]
                      }
                    ]
                  }
                },
                {
                  "node": "l",
                  "frag": "ensi₂(|PA.TE.[SI]|)",
                  "id": "P272191.l3ba03",
                  "ref": "P272191.16.2",
                  "inst": "%sux:ensi₂(|PA.TE.SI|)=",
                  "f": {
                    "lang": "sux",
                    "form": "ensi₂(|PA.TE.SI|)",
                    "gdl": [
                      {
                        "q": "ensi₂(|PA.TE.SI|)",
                        "id": "P272191.16.2.0",
                        "qualified": [
                          {
                            "v": "ensi₂"
                          },
                          {
                            "c": "|PA.TE.SI|",
                            "seq": [
                              {
                                "s": "PA"
                              },
                              {
                                "o": "beside"
                              },
                              {
                                "s": "TE",
                                "gdl_remarked": "1"
                              },
                              {
                                "o": "beside"
                              },
                              {
                                "s": "SI",
                                "o": "]"
                              }
                            ]
                          }
                        ]
                      }
                    ]
                  }
                }
              ]
            },
            {
              "node": "c",
              "type": "sentence",
              "implicit": "yes",
              "tag": "#auto",
              "id": "P272191.U26",
              "label": "r 3",
              "cdl": [
                {
                  "node": "d",
                  "type": "line-start",
                  "ref": "P272191.17",
                  "n": "3",
                  "label": "r 3"
                },
                {
                  "node": "l",
                  "frag": "{<MIN(id₂)>}",
                  "id": "P272191.l3ba04",
                  "ref": "P272191.17.1",
                  "inst": "%sux:id₂=",
                  "f": {
                    "lang": "sux",
                    "form": "id₂",
                    "delim": "",
                    "gdl": [
                      {
                        "surro": "gg",
                        "group": [
                          {
                            "s": "MIN",
                            "id": "P272191.17.1.0"
                          },
                          {
                            "gg": "group",
                            "gdl_type": "group",
                            "group": [
                              {
                                "v": "id₂",
                                "id": "P272191.17.1.1",
                                "gdl_surroEnd": "P272191.17.1.0"
                              }
                            ]
                          }
                        ]
                      }
                    ]
                  }
                },
                {
                  "node": "l",
                  "frag": "[saŋŋa]",
                  "id": "P272191.l3ba05",
                  "ref": "P272191.17.2",
                  "inst": "%sux:saŋŋa=",
                  "f": {
                    "lang": "sux",
                    "form": "saŋŋa",
                    "gdl": [
                      {
                        "v": "saŋŋa",
                        "id": "P272191.17.2.0",
                        "breakStart": "1",
                        "o": "]",
                        "break": "missing",
                        "breakEnd": "P272191.17.2.0"
                      }
                    ]
                  }
                }
              ]
            },
            {
              "node": "c",
              "type": "sentence",
              "implicit": "yes",
              "tag": "#auto",
              "id": "P272191.U28",
              "label": "r 4",
              "cdl": [
                {
                  "node": "d",
                  "type": "line-start",
                  "ref": "P272191.18",
                  "n": "4",
                  "label": "r 4"
                },
                {
                  "node": "l",
                  "frag": "{<MIN(id₂)>}",
                  "id": "P272191.l3ba06",
                  "ref": "P272191.18.1",
                  "inst": "%sux:id₂=",
                  "f": {
                    "lang": "sux",
                    "form": "id₂",
                    "delim": "",
                    "gdl": [
                      {
                        "surro": "gg",
                        "group": [
                          {
                            "s": "MIN",
                            "id": "P272191.18.1.0"
                          },
                          {
                            "gg": "group",
                            "gdl_type": "group",
                            "group": [
                              {
                                "v": "id₂",
                                "id": "P272191.18.1.1",
                                "gdl_surroEnd": "P272191.18.1.0"
                              }
                            ]
                          }
                        ]
                      }
                    ]
                  }
                },
                {
                  "node": "l",
                  "frag": "šabra(|PA.[AL]|)",
                  "id": "P272191.l3ba07",
                  "ref": "P272191.18.2",
                  "inst": "%sux:šabra(|PA.AL|)=",
                  "f": {
                    "lang": "sux",
                    "form": "šabra(|PA.AL|)",
                    "gdl": [
                      {
                        "q": "šabra(|PA.AL|)",
                        "id": "P272191.18.2.0",
                        "qualified": [
                          {
                            "v": "šabra"
                          },
                          {
                            "c": "|PA.AL|",
                            "seq": [
                              {
                                "s": "PA"
                              },
                              {
                                "o": "beside"
                              },
                              {
                                "s": "AL",
                                "o": "]"
                              }
                            ]
                          }
                        ]
                      }
                    ]
                  }
                }
              ]
            },
            {
              "node": "c",
              "type": "sentence",
              "implicit": "yes",
              "tag": "#auto",
              "id": "P272191.U30",
              "label": "r 5",
              "cdl": [
                {
                  "node": "d",
                  "type": "line-start",
                  "ref": "P272191.19",
                  "n": "5",
                  "label": "r 5"
                },
                {
                  "node": "l",
                  "frag": "{<MIN(id₂)>}",
                  "id": "P272191.l3ba08",
                  "ref": "P272191.19.1",
                  "inst": "%sux:id₂=",
                  "f": {
                    "lang": "sux",
                    "form": "id₂",
                    "delim": "",
                    "gdl": [
                      {
                        "surro": "gg",
                        "group": [
                          {
                            "s": "MIN",
                            "id": "P272191.19.1.0"
                          },
                          {
                            "gg": "group",
                            "gdl_type": "group",
                            "group": [
                              {
                                "v": "id₂",
                                "id": "P272191.19.1.1",
                                "gdl_surroEnd": "P272191.19.1.0"
                              }
                            ]
                          }
                        ]
                      }
                    ]
                  }
                },
                {
                  "node": "l",
                  "frag": "tum₄-⸢ma⸣-[al]",
                  "id": "P272191.l3ba09",
                  "ref": "P272191.19.2",
                  "inst": "%sux:tum₄-ma-al=",
                  "f": {
                    "lang": "sux",
                    "form": "tum₄-ma-al",
                    "gdl": [
                      {
                        "v": "tum₄",
                        "id": "P272191.19.2.0",
                        "delim": "-"
                      },
                      {
                        "v": "ma",
                        "id": "P272191.19.2.1",
                        "break": "damaged",
                        "queried": "1",
                        "ho": "1",
                        "delim": "-",
                        "hc": "1"
                      },
                      {
                        "v": "al",
                        "id": "P272191.19.2.2",
                        "breakStart": "1",
                        "o": "]",
                        "break": "missing",
                        "breakEnd": "P272191.19.2.2"
                      }
                    ]
                  }
                }
              ]
            },
            {
              "node": "c",
              "type": "sentence",
              "implicit": "yes",
              "tag": "#auto",
              "id": "P272191.U32",
              "label": "r 6",
              "cdl": [
                {
                  "node": "d",
                  "type": "line-start",
                  "ref": "P272191.20",
                  "n": "6",
                  "label": "r 6"
                },
                {
                  "node": "l",
                  "frag": "{<MIN(id₂)>}",
                  "id": "P272191.l3ba0a",
                  "ref": "P272191.20.1",
                  "inst": "%sux:id₂=",
                  "f": {
                    "lang": "sux",
                    "form": "id₂",
                    "delim": "",
                    "gdl": [
                      {
                        "surro": "gg",
                        "group": [
                          {
                            "s": "MIN",
                            "id": "P272191.20.1.0"
                          },
                          {
                            "gg": "group",
                            "gdl_type": "group",
                            "group": [
                              {
                                "v": "id₂",
                                "id": "P272191.20.1.1",
                                "gdl_surroEnd": "P272191.20.1.0"
                              }
                            ]
                          }
                        ]
                      }
                    ]
                  }
                },
                {
                  "node": "l",
                  "frag": "lagaš(|BUR.NU₁₁.[LA]|)",
                  "id": "P272191.l3ba0b",
                  "ref": "P272191.20.2",
                  "inst": "%sux:lagaš(|BUR.NU₁₁.LA|)=",
                  "f": {
                    "lang": "sux",
                    "form": "lagaš(|BUR.NU₁₁.LA|)",
                    "gdl": [
                      {
                        "q": "lagaš(|BUR.NU₁₁.LA|)",
                        "id": "P272191.20.2.0",
                        "qualified": [
                          {
                            "v": "lagaš"
                          },
                          {
                            "c": "|BUR.NU₁₁.LA|",
                            "seq": [
                              {
                                "s": "BUR"
                              },
                              {
                                "o": "beside"
                              },
                              {
                                "s": "NU₁₁"
                              },
                              {
                                "o": "beside"
                              },
                              {
                                "s": "LA",
                                "o": "]",
                                "queried": "1"
                              }
                            ]
                          }
                        ]
                      }
                    ]
                  }
                },
                {
                  "node": "d",
                  "type": "nonw",
                  "ref": ""
                }
              ]
            },
            {
              "node": "c",
              "type": "sentence",
              "implicit": "yes",
              "tag": "#auto",
              "id": "P272191.U34",
              "label": "r 7",
              "cdl": [
                {
                  "node": "d",
                  "type": "line-start",
                  "ref": "P272191.21",
                  "n": "7",
                  "label": "r 7"
                },
                {
                  "node": "d",
                  "type": "cell-start"
                },
                {
                  "node": "d",
                  "type": "field-start",
                  "subtype": "wp"
                },
                {
                  "node": "l",
                  "frag": "{<MIN(id₂)>}",
                  "id": "P272191.l3ba0c",
                  "ref": "P272191.21.1",
                  "inst": "%sux:id₂=",
                  "f": {
                    "lang": "sux",
                    "form": "id₂",
                    "delim": "",
                    "gdl": [
                      {
                        "surro": "gg",
                        "group": [
                          {
                            "s": "MIN",
                            "id": "P272191.21.1.0"
                          },
                          {
                            "gg": "group",
                            "gdl_type": "group",
                            "group": [
                              {
                                "v": "id₂",
                                "id": "P272191.21.1.1",
                                "gdl_surroEnd": "P272191.21.1.0"
                              }
                            ]
                          }
                        ]
                      }
                    ]
                  }
                },
                {
                  "node": "l",
                  "frag": "ka-zal-⸢luh⸣",
                  "id": "P272191.l3ba0d",
                  "ref": "P272191.21.2",
                  "inst": "%sux:ka-zal-luh=",
                  "f": {
                    "lang": "sux",
                    "form": "ka-zal-luh",
                    "gdl": [
                      {
                        "v": "ka",
                        "id": "P272191.21.2.0",
                        "delim": "-"
                      },
                      {
                        "v": "zal",
                        "id": "P272191.21.2.1",
                        "delim": "-"
                      },
                      {
                        "v": "luh",
                        "id": "P272191.21.2.2",
                        "break": "damaged",
                        "ho": "1",
                        "hc": "1"
                      }
                    ]
                  }
                },
                {
                  "node": "d",
                  "type": "field-end",
                  "subtype": "wp"
                },
                {
                  "node": "d",
                  "type": "cell-end"
                },
                {
                  "node": "d",
                  "type": "cell-start"
                },
                {
                  "node": "d",
                  "type": "field-start",
                  "subtype": "eq"
                },
                {
                  "node": "d",
                  "frag": ":\"",
                  "type": "punct",
                  "ref": "P272191.21.3",
                  "lang": "akk-x-mbperi",
                  "delim": ""
                },
                {
                  "node": "l",
                  "frag": "[...]",
                  "id": "P272191.l3ba0e",
                  "ref": "P272191.21.4",
                  "inst": "%akk-x-mbperi:x=",
                  "f": {
                    "lang": "akk-x-mbperi",
                    "form": "x",
                    "gdl": [
                      {
                        "x": "ellipsis",
                        "id": "P272191.21.4.0",
                        "breakStart": "1",
                        "break": "missing",
                        "o": "]",
                        "breakEnd": "P272191.21.4.0"
                      }
                    ]
                  }
                },
                {
                  "node": "d",
                  "type": "nonw",
                  "ref": ""
                },
                {
                  "node": "d",
                  "type": "field-end",
                  "subtype": "eq"
                },
                {
                  "node": "d",
                  "type": "cell-end"
                }
              ]
            },
            {
              "node": "c",
              "type": "sentence",
              "implicit": "yes",
              "tag": "#auto",
              "id": "P272191.U36",
              "label": "r 8",
              "cdl": [
                {
                  "node": "d",
                  "type": "line-start",
                  "ref": "P272191.22",
                  "n": "8",
                  "label": "r 8"
                },
                {
                  "node": "l",
                  "frag": "{<MIN(id₂)>}",
                  "id": "P272191.l3ba0f",
                  "ref": "P272191.22.1",
                  "inst": "%sux:id₂=",
                  "f": {
                    "lang": "sux",
                    "form": "id₂",
                    "delim": "",
                    "gdl": [
                      {
                        "surro": "gg",
                        "group": [
                          {
                            "s": "MIN",
                            "id": "P272191.22.1.0"
                          },
                          {
                            "gg": "group",
                            "gdl_type": "group",
                            "group": [
                              {
                                "v": "id₂",
                                "id": "P272191.22.1.1",
                                "gdl_surroEnd": "P272191.22.1.0"
                              }
                            ]
                          }
                        ]
                      }
                    ]
                  }
                },
                {
                  "node": "l",
                  "frag": "[ku₆]",
                  "id": "P272191.l3ba10",
                  "ref": "P272191.22.2",
                  "inst": "%sux:ku₆=",
                  "f": {
                    "lang": "sux",
                    "form": "ku₆",
                    "gdl": [
                      {
                        "v": "ku₆",
                        "id": "P272191.22.2.0",
                        "breakStart": "1",
                        "o": "]",
                        "break": "missing",
                        "breakEnd": "P272191.22.2.0"
                      }
                    ]
                  }
                }
              ]
            },
            {
              "node": "c",
              "type": "sentence",
              "implicit": "yes",
              "tag": "#auto",
              "id": "P272191.U38",
              "label": "r 9",
              "cdl": [
                {
                  "node": "d",
                  "type": "line-start",
                  "ref": "P272191.23",
                  "n": "9",
                  "label": "r 9"
                },
                {
                  "node": "l",
                  "frag": "{<MIN(id₂)>}",
                  "id": "P272191.l3ba11",
                  "ref": "P272191.23.1",
                  "inst": "%sux:id₂=",
                  "f": {
                    "lang": "sux",
                    "form": "id₂",
                    "delim": "",
                    "gdl": [
                      {
                        "surro": "gg",
                        "group": [
                          {
                            "s": "MIN",
                            "id": "P272191.23.1.0"
                          },
                          {
                            "gg": "group",
                            "gdl_type": "group",
                            "group": [
                              {
                                "v": "id₂",
                                "id": "P272191.23.1.1",
                                "gdl_surroEnd": "P272191.23.1.0"
                              }
                            ]
                          }
                        ]
                      }
                    ]
                  }
                },
                {
                  "node": "l",
                  "frag": "⸢x⸣-[x]",
                  "id": "P272191.l3ba12",
                  "ref": "P272191.23.2",
                  "inst": "%sux:x-x=",
                  "f": {
                    "lang": "sux",
                    "form": "x-x",
                    "gdl": [
                      {
                        "v": "x",
                        "id": "P272191.23.2.0",
                        "break": "damaged",
                        "ho": "1",
                        "delim": "-",
                        "hc": "1"
                      },
                      {
                        "v": "x",
                        "id": "P272191.23.2.1",
                        "breakStart": "1",
                        "o": "]",
                        "queried": "1",
                        "break": "missing",
                        "breakEnd": "P272191.23.2.1"
                      }
                    ]
                  }
                },
                {
                  "node": "d",
                  "type": "nonx",
                  "ref": "P272191.24",
                  "strict": "1",
                  "extent": "1",
                  "scope": "line",
                  "state": "ruling"
                }
              ]
            }
          ]
        }
      ]
    }
  ]
}
