{
  "type": "cdl",
  "project": "dcclt",
  "source": "http://oracc.org/dcclt",
  "license": "This data is released under the CC0 license",
  "license-url": "https://creativecommons.org/publicdomain/zero/1.0/",
  "more-info": "http://oracc.org/doc/opendata/",
  "UTC-timestamp": "2019-01-29T00:15:44",
  "textid": "P279150",
  "cdl": [
    {
      "node": "c",
      "type": "text",
      "id": "P279150.U0",
      "cdl": [
        {
          "node": "d",
          "subtype": "tablet",
          "type": "tablet",
          "ref": "P279150.x1292.1",
          "label": "x1292"
        },
        {
          "node": "d",
          "subtype": "obverse",
          "type": "obverse",
          "ref": "P279150.o.2",
          "label": "o"
        },
        {
          "node": "c",
          "type": "discourse",
          "subtype": "body",
          "id": "P279150.U1",
          "cdl": [
            {
              "node": "c",
              "type": "sentence",
              "implicit": "yes",
              "id": "P279150.U2",
              "label": "o 1",
              "cdl": [
                {
                  "node": "d",
                  "type": "line-start",
                  "ref": "P279150.3",
                  "n": "1",
                  "label": "o 1"
                },
                {
                  "node": "l",
                  "frag": "[a-šag₄]",
                  "id": "P279150.l2772d",
                  "ref": "P279150.3.1",
                  "inst": "%sux:a-šag₄=",
                  "f": {
                    "lang": "sux",
                    "form": "a-šag₄",
                    "delim": "",
                    "gdl": [
                      {
                        "v": "a",
                        "id": "P279150.3.1.0",
                        "breakStart": "1",
                        "o": "[",
                        "break": "missing",
                        "delim": "-"
                      },
                      {
                        "v": "šag₄",
                        "id": "P279150.3.1.1",
                        "break": "missing",
                        "o": "]",
                        "breakEnd": "P279150.3.1.0"
                      }
                    ]
                  }
                },
                {
                  "node": "l",
                  "frag": "⸢gan₂⸣",
                  "id": "P279150.l2772e",
                  "ref": "P279150.3.2",
                  "inst": "%sux:gan₂=",
                  "f": {
                    "lang": "sux",
                    "form": "gan₂",
                    "delim": "",
                    "gdl": [
                      {
                        "v": "gan₂",
                        "id": "P279150.3.2.0",
                        "break": "damaged",
                        "ho": "1",
                        "hc": "1"
                      }
                    ]
                  }
                },
                {
                  "node": "l",
                  "frag": "[...]",
                  "id": "P279150.l2772f",
                  "ref": "P279150.3.3",
                  "inst": "%sux:x=",
                  "f": {
                    "lang": "sux",
                    "form": "x",
                    "gdl": [
                      {
                        "x": "ellipsis",
                        "id": "P279150.3.3.0",
                        "breakStart": "1",
                        "break": "missing",
                        "o": "]",
                        "breakEnd": "P279150.3.3.0"
                      }
                    ]
                  }
                }
              ]
            },
            {
              "node": "c",
              "type": "sentence",
              "implicit": "yes",
              "tag": "#auto",
              "id": "P279150.U4",
              "label": "o 2",
              "cdl": [
                {
                  "node": "d",
                  "type": "line-start",
                  "ref": "P279150.4",
                  "n": "2",
                  "label": "o 2"
                },
                {
                  "node": "l",
                  "frag": "[a]-⸢šag₄",
                  "id": "P279150.l27730",
                  "ref": "P279150.4.1",
                  "inst": "%sux:a-šag₄=",
                  "f": {
                    "lang": "sux",
                    "form": "a-šag₄",
                    "delim": "",
                    "gdl": [
                      {
                        "v": "a",
                        "id": "P279150.4.1.0",
                        "breakStart": "1",
                        "o": "]",
                        "break": "missing",
                        "breakEnd": "P279150.4.1.0",
                        "delim": "-"
                      },
                      {
                        "v": "šag₄",
                        "id": "P279150.4.1.1",
                        "break": "damaged",
                        "ho": "1"
                      }
                    ]
                  }
                },
                {
                  "node": "l",
                  "frag": "apin",
                  "id": "P279150.l27731",
                  "ref": "P279150.4.2",
                  "inst": "%sux:apin=",
                  "f": {
                    "lang": "sux",
                    "form": "apin",
                    "delim": "",
                    "gdl": [
                      {
                        "v": "apin",
                        "id": "P279150.4.2.0",
                        "break": "damaged"
                      }
                    ]
                  }
                },
                {
                  "node": "l",
                  "frag": "nu⸣-[...]",
                  "id": "P279150.l27732",
                  "ref": "P279150.4.3",
                  "inst": "%sux:nu-x=",
                  "f": {
                    "lang": "sux",
                    "form": "nu-x",
                    "gdl": [
                      {
                        "v": "nu",
                        "id": "P279150.4.3.0",
                        "break": "damaged",
                        "delim": "-",
                        "hc": "1"
                      },
                      {
                        "x": "ellipsis",
                        "id": "P279150.4.3.1",
                        "breakStart": "1",
                        "break": "missing",
                        "o": "]",
                        "breakEnd": "P279150.4.3.1"
                      }
                    ]
                  }
                }
              ]
            },
            {
              "node": "c",
              "type": "sentence",
              "implicit": "yes",
              "tag": "#auto",
              "id": "P279150.U6",
              "label": "o 3",
              "cdl": [
                {
                  "node": "d",
                  "type": "line-start",
                  "ref": "P279150.5",
                  "n": "3",
                  "label": "o 3"
                },
                {
                  "node": "l",
                  "frag": "[a]-šag₄",
                  "id": "P279150.l27733",
                  "ref": "P279150.5.1",
                  "inst": "%sux:a-šag₄=",
                  "f": {
                    "lang": "sux",
                    "form": "a-šag₄",
                    "delim": "",
                    "gdl": [
                      {
                        "v": "a",
                        "id": "P279150.5.1.0",
                        "breakStart": "1",
                        "o": "]",
                        "break": "missing",
                        "breakEnd": "P279150.5.1.0",
                        "delim": "-"
                      },
                      {
                        "v": "šag₄",
                        "id": "P279150.5.1.1"
                      }
                    ]
                  }
                },
                {
                  "node": "l",
                  "frag": "e-sir₂",
                  "id": "P279150.l27734",
                  "ref": "P279150.5.2",
                  "inst": "%sux:e-sir₂=",
                  "f": {
                    "lang": "sux",
                    "form": "e-sir₂",
                    "delim": "",
                    "gdl": [
                      {
                        "v": "e",
                        "id": "P279150.5.2.0",
                        "delim": "-"
                      },
                      {
                        "v": "sir₂",
                        "id": "P279150.5.2.1"
                      }
                    ]
                  }
                },
                {
                  "node": "l",
                  "frag": "⸢dub₂⸣-[...]",
                  "id": "P279150.l27735",
                  "ref": "P279150.5.3",
                  "inst": "%sux:dub₂-x=",
                  "f": {
                    "lang": "sux",
                    "form": "dub₂-x",
                    "gdl": [
                      {
                        "v": "dub₂",
                        "id": "P279150.5.3.0",
                        "break": "damaged",
                        "ho": "1",
                        "delim": "-",
                        "hc": "1"
                      },
                      {
                        "x": "ellipsis",
                        "id": "P279150.5.3.1",
                        "breakStart": "1",
                        "break": "missing",
                        "o": "]",
                        "breakEnd": "P279150.5.3.1"
                      }
                    ]
                  }
                }
              ]
            },
            {
              "node": "c",
              "type": "sentence",
              "implicit": "yes",
              "tag": "#auto",
              "id": "P279150.U8",
              "label": "o 4",
              "cdl": [
                {
                  "node": "d",
                  "type": "line-start",
                  "ref": "P279150.6",
                  "n": "4",
                  "label": "o 4"
                },
                {
                  "node": "l",
                  "frag": "[a]-⸢šag₄⸣",
                  "id": "P279150.l27736",
                  "ref": "P279150.6.1",
                  "inst": "%sux:a-šag₄=",
                  "f": {
                    "lang": "sux",
                    "form": "a-šag₄",
                    "delim": "",
                    "gdl": [
                      {
                        "v": "a",
                        "id": "P279150.6.1.0",
                        "breakStart": "1",
                        "o": "]",
                        "break": "missing",
                        "breakEnd": "P279150.6.1.0",
                        "delim": "-"
                      },
                      {
                        "v": "šag₄",
                        "id": "P279150.6.1.1",
                        "break": "damaged",
                        "ho": "1",
                        "hc": "1"
                      }
                    ]
                  }
                },
                {
                  "node": "l",
                  "frag": "i₃-⸢x⸣",
                  "id": "P279150.l27737",
                  "ref": "P279150.6.2",
                  "inst": "%sux:i₃-x=",
                  "f": {
                    "lang": "sux",
                    "form": "i₃-x",
                    "gdl": [
                      {
                        "v": "i₃",
                        "id": "P279150.6.2.0",
                        "delim": "-"
                      },
                      {
                        "v": "x",
                        "id": "P279150.6.2.1",
                        "break": "damaged",
                        "ho": "1",
                        "hc": "1"
                      }
                    ]
                  }
                },
                {
                  "node": "d",
                  "type": "nonx",
                  "ref": "P279150.7",
                  "strict": "0",
                  "state": "missing"
                }
              ]
            }
          ]
        }
      ]
    }
  ]
}
