{
  "type": "cdl",
  "project": "dcclt",
  "source": "http://oracc.org/dcclt",
  "license": "This data is released under the CC0 license",
  "license-url": "https://creativecommons.org/publicdomain/zero/1.0/",
  "more-info": "http://oracc.org/doc/opendata/",
  "UTC-timestamp": "2019-01-29T00:16:04",
  "textid": "P312012",
  "cdl": [
    {
      "node": "c",
      "type": "text",
      "id": "P312012.U0",
      "cdl": [
        {
          "node": "d",
          "type": "object",
          "ref": ""
        },
        {
          "node": "d",
          "type": "surface",
          "ref": ""
        },
        {
          "node": "c",
          "type": "discourse",
          "subtype": "body",
          "id": "P312012.U1",
          "cdl": [
            {
              "node": "c",
              "type": "sentence",
              "implicit": "yes",
              "id": "P312012.U2",
              "label": "1",
              "cdl": [
                {
                  "node": "d",
                  "type": "line-start",
                  "ref": "P312012.1",
                  "n": "1",
                  "label": "1"
                },
                {
                  "node": "l",
                  "frag": "{ŋeš}naŋa₃",
                  "id": "P312012.l1d918",
                  "ref": "P312012.1.1",
                  "inst": "naŋa[mortar]N",
                  "exosig": "@dcclt%sux:{ŋeš}naŋa₃=naŋa[mortar//mortar]N'N$naŋa/{ŋeš}naŋa₃#~",
                  "exoprj": "epsd2",
                  "exolng": "sux",
                  "f": {
                    "lang": "sux",
                    "form": "{ŋeš}naŋa₃",
                    "delim": "",
                    "gdl": [
                      {
                        "det": "semantic",
                        "pos": "pre",
                        "seq": [
                          {
                            "v": "ŋeš",
                            "id": "P312012.1.1.0"
                          }
                        ]
                      },
                      {
                        "v": "naŋa₃",
                        "id": "P312012.1.1.1"
                      }
                    ],
                    "cf": "naŋa",
                    "gw": "mortar",
                    "sense": "mortar",
                    "norm0": "naŋa",
                    "pos": "N",
                    "epos": "N",
                    "base": "{ŋeš}naŋa₃",
                    "morph": "~"
                  }
                },
                {
                  "node": "l",
                  "frag": "še-ŋeš-i₃",
                  "id": "P312012.l1d919",
                  "ref": "P312012.1.2",
                  "inst": "šeŋeši[sesame]N",
                  "exosig": "@dcclt%sux:še-ŋeš-i₃=šeŋeši[sesame//sesame seed]N'N$šeŋeši/še-ŋeš-i₃#~",
                  "exoprj": "epsd2",
                  "exolng": "sux",
                  "f": {
                    "lang": "sux",
                    "form": "še-ŋeš-i₃",
                    "gdl": [
                      {
                        "v": "še",
                        "id": "P312012.1.2.0",
                        "delim": "-"
                      },
                      {
                        "v": "ŋeš",
                        "id": "P312012.1.2.1",
                        "delim": "-"
                      },
                      {
                        "v": "i₃",
                        "id": "P312012.1.2.2"
                      }
                    ],
                    "cf": "šeŋeši",
                    "gw": "sesame",
                    "sense": "sesame seed",
                    "norm0": "šeŋeši",
                    "pos": "N",
                    "epos": "N",
                    "base": "še-ŋeš-i₃",
                    "morph": "~"
                  }
                }
              ]
            },
            {
              "node": "c",
              "type": "sentence",
              "implicit": "yes",
              "tag": "#auto",
              "id": "P312012.U4",
              "label": "2",
              "cdl": [
                {
                  "node": "d",
                  "type": "line-start",
                  "ref": "P312012.2",
                  "n": "2",
                  "label": "2"
                },
                {
                  "node": "l",
                  "frag": "{ŋeš}naŋa₃",
                  "id": "P312012.l1d91a",
                  "ref": "P312012.2.1",
                  "inst": "naŋa[mortar]N",
                  "exosig": "@dcclt%sux:{ŋeš}naŋa₃=naŋa[mortar//mortar]N'N$naŋa/{ŋeš}naŋa₃#~",
                  "exoprj": "epsd2",
                  "exolng": "sux",
                  "f": {
                    "lang": "sux",
                    "form": "{ŋeš}naŋa₃",
                    "delim": "",
                    "gdl": [
                      {
                        "det": "semantic",
                        "pos": "pre",
                        "seq": [
                          {
                            "v": "ŋeš",
                            "id": "P312012.2.1.0"
                          }
                        ]
                      },
                      {
                        "v": "naŋa₃",
                        "id": "P312012.2.1.1"
                      }
                    ],
                    "cf": "naŋa",
                    "gw": "mortar",
                    "sense": "mortar",
                    "norm0": "naŋa",
                    "pos": "N",
                    "epos": "N",
                    "base": "{ŋeš}naŋa₃",
                    "morph": "~"
                  }
                },
                {
                  "node": "l",
                  "frag": "še",
                  "id": "P312012.l1d91b",
                  "ref": "P312012.2.2",
                  "inst": "še[barley]N",
                  "exosig": "@dcclt%sux:še=še[barley//barley]N'N$še/še#~",
                  "exoprj": "epsd2",
                  "exolng": "sux",
                  "f": {
                    "lang": "sux",
                    "form": "še",
                    "gdl": [
                      {
                        "v": "še",
                        "id": "P312012.2.2.0"
                      }
                    ],
                    "cf": "še",
                    "gw": "barley",
                    "sense": "barley",
                    "norm0": "še",
                    "pos": "N",
                    "epos": "N",
                    "base": "še",
                    "morph": "~"
                  }
                }
              ]
            },
            {
              "node": "c",
              "type": "sentence",
              "implicit": "yes",
              "tag": "#auto",
              "id": "P312012.U6",
              "label": "3",
              "cdl": [
                {
                  "node": "d",
                  "type": "line-start",
                  "ref": "P312012.3",
                  "n": "3",
                  "label": "3"
                },
                {
                  "node": "l",
                  "frag": "ŋeš-gan-na",
                  "id": "P312012.l1d91c",
                  "ref": "P312012.3.1",
                  "inst": "ŋešgana[pestle]N",
                  "exosig": "@dcclt%sux:ŋeš-gan-na=ŋešgana[pestle//pestle]N'N$ŋešgana/ŋeš-gan-na#~",
                  "exoprj": "epsd2",
                  "exolng": "sux",
                  "f": {
                    "lang": "sux",
                    "form": "ŋeš-gan-na",
                    "gdl": [
                      {
                        "v": "ŋeš",
                        "id": "P312012.3.1.0",
                        "delim": "-"
                      },
                      {
                        "v": "gan",
                        "id": "P312012.3.1.1",
                        "delim": "-"
                      },
                      {
                        "v": "na",
                        "id": "P312012.3.1.2"
                      }
                    ],
                    "cf": "ŋešgana",
                    "gw": "pestle",
                    "sense": "pestle",
                    "norm0": "ŋešgana",
                    "pos": "N",
                    "epos": "N",
                    "base": "ŋeš-gan-na",
                    "morph": "~"
                  }
                }
              ]
            },
            {
              "node": "c",
              "type": "sentence",
              "implicit": "yes",
              "tag": "#auto",
              "id": "P312012.U8",
              "label": "4",
              "cdl": [
                {
                  "node": "d",
                  "type": "line-start",
                  "ref": "P312012.4",
                  "n": "4",
                  "label": "4"
                },
                {
                  "node": "l",
                  "frag": "{ŋeš}girah(|ŠU.DIM₂|)",
                  "id": "P312012.l1d91d",
                  "ref": "P312012.4.1",
                  "inst": "girah[boat part]N",
                  "exosig": "@dcclt%sux:{ŋeš}girah(|ŠU.DIM₂|)=girah[~boat//a boat part]N'N$girah/{ŋeš}girah#~",
                  "exoprj": "epsd2",
                  "exolng": "sux",
                  "f": {
                    "lang": "sux",
                    "form": "{ŋeš}girah(|ŠU.DIM₂|)",
                    "gdl": [
                      {
                        "det": "semantic",
                        "pos": "pre",
                        "seq": [
                          {
                            "v": "ŋeš",
                            "id": "P312012.4.1.0"
                          }
                        ]
                      },
                      {
                        "q": "girah(|ŠU.DIM₂|)",
                        "id": "P312012.4.1.1",
                        "qualified": [
                          {
                            "v": "girah"
                          },
                          {
                            "c": "|ŠU.DIM₂|",
                            "seq": [
                              {
                                "s": "ŠU"
                              },
                              {
                                "o": "beside"
                              },
                              {
                                "s": "DIM₂"
                              }
                            ]
                          }
                        ]
                      }
                    ],
                    "cf": "girah",
                    "gw": "~boat",
                    "sense": "a boat part",
                    "norm0": "girah",
                    "pos": "N",
                    "epos": "N",
                    "base": "{ŋeš}girah",
                    "morph": "~"
                  }
                }
              ]
            },
            {
              "node": "c",
              "type": "sentence",
              "implicit": "yes",
              "tag": "#auto",
              "id": "P312012.U10",
              "label": "5",
              "cdl": [
                {
                  "node": "d",
                  "type": "line-start",
                  "ref": "P312012.5",
                  "n": "5",
                  "label": "5"
                },
                {
                  "node": "l",
                  "frag": "{ŋeš}e₂-ba-lum-ma",
                  "id": "P312012.l1d91e",
                  "ref": "P312012.5.1",
                  "inst": "X",
                  "f": {
                    "lang": "sux",
                    "form": "{ŋeš}e₂-ba-lum-ma",
                    "gdl": [
                      {
                        "det": "semantic",
                        "pos": "pre",
                        "seq": [
                          {
                            "v": "ŋeš",
                            "id": "P312012.5.1.0"
                          }
                        ]
                      },
                      {
                        "v": "e₂",
                        "id": "P312012.5.1.1",
                        "delim": "-"
                      },
                      {
                        "v": "ba",
                        "id": "P312012.5.1.2",
                        "delim": "-"
                      },
                      {
                        "v": "lum",
                        "id": "P312012.5.1.3",
                        "delim": "-"
                      },
                      {
                        "v": "ma",
                        "id": "P312012.5.1.4"
                      }
                    ],
                    "pos": "X"
                  }
                }
              ]
            },
            {
              "node": "c",
              "type": "sentence",
              "implicit": "yes",
              "tag": "#auto",
              "id": "P312012.U12",
              "label": "6",
              "cdl": [
                {
                  "node": "d",
                  "type": "line-start",
                  "ref": "P312012.6",
                  "n": "6",
                  "label": "6"
                },
                {
                  "node": "l",
                  "frag": "{ŋeš}⸢LAGAB⸣-[...]",
                  "id": "P312012.l1d91f",
                  "ref": "P312012.6.1",
                  "inst": "u",
                  "f": {
                    "lang": "sux",
                    "form": "{ŋeš}LAGAB-x",
                    "gdl": [
                      {
                        "det": "semantic",
                        "pos": "pre",
                        "seq": [
                          {
                            "v": "ŋeš",
                            "id": "P312012.6.1.0"
                          }
                        ]
                      },
                      {
                        "s": "LAGAB",
                        "id": "P312012.6.1.1",
                        "break": "damaged",
                        "ho": "1",
                        "delim": "-",
                        "hc": "1"
                      },
                      {
                        "x": "ellipsis",
                        "id": "P312012.6.1.2",
                        "breakStart": "1",
                        "break": "missing",
                        "o": "]",
                        "breakEnd": "P312012.6.1.2"
                      }
                    ],
                    "pos": "u"
                  }
                }
              ]
            },
            {
              "node": "c",
              "type": "sentence",
              "implicit": "yes",
              "tag": "#auto",
              "id": "P312012.U14",
              "label": "7",
              "cdl": [
                {
                  "node": "d",
                  "type": "line-start",
                  "ref": "P312012.7",
                  "n": "7",
                  "label": "7"
                },
                {
                  "node": "l",
                  "frag": "{ŋeš}⸢LAGAB⸣-[...]",
                  "id": "P312012.l1d920",
                  "ref": "P312012.7.1",
                  "inst": "u",
                  "f": {
                    "lang": "sux",
                    "form": "{ŋeš}LAGAB-x",
                    "gdl": [
                      {
                        "det": "semantic",
                        "pos": "pre",
                        "seq": [
                          {
                            "v": "ŋeš",
                            "id": "P312012.7.1.0"
                          }
                        ]
                      },
                      {
                        "s": "LAGAB",
                        "id": "P312012.7.1.1",
                        "break": "damaged",
                        "ho": "1",
                        "delim": "-",
                        "hc": "1"
                      },
                      {
                        "x": "ellipsis",
                        "id": "P312012.7.1.2",
                        "breakStart": "1",
                        "break": "missing",
                        "o": "]",
                        "breakEnd": "P312012.7.1.2"
                      }
                    ],
                    "pos": "u"
                  }
                }
              ]
            }
          ]
        }
      ]
    }
  ]
}
