{
  "type": "cdl",
  "project": "dcclt",
  "source": "http://oracc.org/dcclt",
  "license": "This data is released under the CC0 license",
  "license-url": "https://creativecommons.org/publicdomain/zero/1.0/",
  "more-info": "http://oracc.org/doc/opendata/",
  "UTC-timestamp": "2019-01-29T00:16:15",
  "textid": "P332890",
  "cdl": [
    {
      "node": "c",
      "type": "text",
      "id": "P332890.U0",
      "cdl": [
        {
          "node": "d",
          "subtype": "tablet",
          "type": "tablet",
          "ref": "P332890.x706.1",
          "label": "x706"
        },
        {
          "node": "d",
          "subtype": "obverse?",
          "type": "obverse",
          "ref": "P332890.o_.2",
          "queried": "1",
          "label": "o?"
        },
        {
          "node": "d",
          "type": "nonx",
          "ref": "P332890.3",
          "strict": "1",
          "extent": "n",
          "scope": "column",
          "state": "missing"
        },
        {
          "node": "d",
          "subtype": "column 1o?",
          "type": "column",
          "ref": "P332890.o_.i.4",
          "n": "1",
          "label": "o? i"
        },
        {
          "node": "d",
          "type": "nonx",
          "ref": "P332890.5",
          "strict": "1",
          "extent": "1",
          "scope": "line",
          "state": "blank"
        },
        {
          "node": "c",
          "type": "discourse",
          "subtype": "body",
          "id": "P332890.U1",
          "cdl": [
            {
              "node": "c",
              "type": "sentence",
              "implicit": "yes",
              "id": "P332890.U2",
              "label": "o? i 2",
              "cdl": [
                {
                  "node": "d",
                  "type": "line-start",
                  "ref": "P332890.6",
                  "n": "2",
                  "label": "o? i 2"
                },
                {
                  "node": "l",
                  "frag": "[...]",
                  "id": "P332890.l1a30f",
                  "ref": "P332890.6.1",
                  "inst": "%sux:x=",
                  "f": {
                    "lang": "sux",
                    "form": "x",
                    "delim": "",
                    "gdl": [
                      {
                        "x": "ellipsis",
                        "id": "P332890.6.1.0",
                        "breakStart": "1",
                        "break": "missing",
                        "o": "]",
                        "breakEnd": "P332890.6.1.0"
                      }
                    ]
                  }
                },
                {
                  "node": "l",
                  "frag": "x",
                  "id": "P332890.l1a310",
                  "ref": "P332890.6.2",
                  "inst": "%sux:x=",
                  "f": {
                    "lang": "sux",
                    "form": "x",
                    "delim": "",
                    "gdl": [
                      {
                        "v": "x",
                        "id": "P332890.6.2.0"
                      }
                    ]
                  }
                },
                {
                  "node": "l",
                  "frag": "BA",
                  "id": "P332890.l1a311",
                  "ref": "P332890.6.3",
                  "inst": "%sux:BA=",
                  "f": {
                    "lang": "sux",
                    "form": "BA",
                    "delim": "",
                    "gdl": [
                      {
                        "s": "BA",
                        "id": "P332890.6.3.0"
                      }
                    ]
                  }
                },
                {
                  "node": "l",
                  "frag": "MU",
                  "id": "P332890.l1a312",
                  "ref": "P332890.6.4",
                  "inst": "%sux:MU=",
                  "f": {
                    "lang": "sux",
                    "form": "MU",
                    "delim": "",
                    "gdl": [
                      {
                        "s": "MU",
                        "id": "P332890.6.4.0"
                      }
                    ]
                  }
                },
                {
                  "node": "l",
                  "frag": "NE",
                  "id": "P332890.l1a313",
                  "ref": "P332890.6.5",
                  "inst": "%sux:NE=",
                  "f": {
                    "lang": "sux",
                    "form": "NE",
                    "delim": "",
                    "gdl": [
                      {
                        "s": "NE",
                        "id": "P332890.6.5.0"
                      }
                    ]
                  }
                },
                {
                  "node": "l",
                  "frag": "[...]",
                  "id": "P332890.l1a314",
                  "ref": "P332890.6.6",
                  "inst": "%sux:x=",
                  "f": {
                    "lang": "sux",
                    "form": "x",
                    "gdl": [
                      {
                        "x": "ellipsis",
                        "id": "P332890.6.6.0",
                        "breakStart": "1",
                        "break": "missing",
                        "o": "]",
                        "breakEnd": "P332890.6.6.0"
                      }
                    ]
                  }
                }
              ]
            },
            {
              "node": "c",
              "type": "sentence",
              "implicit": "yes",
              "tag": "#auto",
              "id": "P332890.U4",
              "label": "o? i 3",
              "cdl": [
                {
                  "node": "d",
                  "type": "line-start",
                  "ref": "P332890.7",
                  "n": "3",
                  "label": "o? i 3"
                },
                {
                  "node": "l",
                  "frag": "[...]",
                  "id": "P332890.l1a315",
                  "ref": "P332890.7.1",
                  "inst": "%sux:x=",
                  "f": {
                    "lang": "sux",
                    "form": "x",
                    "delim": "",
                    "gdl": [
                      {
                        "x": "ellipsis",
                        "id": "P332890.7.1.0",
                        "breakStart": "1",
                        "break": "missing",
                        "o": "]",
                        "breakEnd": "P332890.7.1.0"
                      }
                    ]
                  }
                },
                {
                  "node": "l",
                  "frag": "x",
                  "id": "P332890.l1a316",
                  "ref": "P332890.7.2",
                  "inst": "%sux:x=",
                  "f": {
                    "lang": "sux",
                    "form": "x",
                    "delim": "",
                    "gdl": [
                      {
                        "v": "x",
                        "id": "P332890.7.2.0"
                      }
                    ]
                  }
                },
                {
                  "node": "l",
                  "frag": "x",
                  "id": "P332890.l1a317",
                  "ref": "P332890.7.3",
                  "inst": "%sux:x=",
                  "f": {
                    "lang": "sux",
                    "form": "x",
                    "delim": "",
                    "gdl": [
                      {
                        "v": "x",
                        "id": "P332890.7.3.0"
                      }
                    ]
                  }
                },
                {
                  "node": "l",
                  "frag": "[...]",
                  "id": "P332890.l1a318",
                  "ref": "P332890.7.4",
                  "inst": "%sux:x=",
                  "f": {
                    "lang": "sux",
                    "form": "x",
                    "gdl": [
                      {
                        "x": "ellipsis",
                        "id": "P332890.7.4.0",
                        "breakStart": "1",
                        "break": "missing",
                        "o": "]",
                        "breakEnd": "P332890.7.4.0"
                      }
                    ]
                  }
                },
                {
                  "node": "d",
                  "type": "nonx",
                  "ref": "P332890.8",
                  "strict": "1",
                  "extent": "rest",
                  "scope": "column",
                  "state": "missing"
                },
                {
                  "node": "d",
                  "type": "nonx",
                  "ref": "P332890.9",
                  "strict": "1",
                  "extent": "rest",
                  "scope": "obverse",
                  "state": "missing"
                },
                {
                  "node": "d",
                  "subtype": "reverse?",
                  "type": "reverse",
                  "ref": "P332890.r_.10",
                  "queried": "1",
                  "label": "r?"
                },
                {
                  "node": "d",
                  "type": "nonx",
                  "ref": "P332890.11",
                  "strict": "1",
                  "extent": "n",
                  "scope": "column",
                  "state": "missing"
                },
                {
                  "node": "d",
                  "subtype": "column 1r?",
                  "type": "column",
                  "ref": "P332890.r_.i.12",
                  "n": "1",
                  "label": "r? i"
                },
                {
                  "node": "d",
                  "type": "nonx",
                  "ref": "P332890.13",
                  "strict": "1",
                  "extent": "n",
                  "scope": "line",
                  "state": "missing"
                }
              ]
            },
            {
              "node": "c",
              "type": "sentence",
              "implicit": "yes",
              "tag": "#auto",
              "id": "P332890.U6",
              "label": "r? i 1",
              "cdl": [
                {
                  "node": "d",
                  "type": "line-start",
                  "ref": "P332890.14",
                  "n": "1",
                  "label": "r? i 1"
                },
                {
                  "node": "l",
                  "frag": "[...]",
                  "id": "P332890.l1a319",
                  "ref": "P332890.14.1",
                  "inst": "%sux:x=",
                  "f": {
                    "lang": "sux",
                    "form": "x",
                    "gdl": [
                      {
                        "x": "ellipsis",
                        "id": "P332890.14.1.0",
                        "breakStart": "1",
                        "break": "missing",
                        "o": "]",
                        "breakEnd": "P332890.14.1.0"
                      }
                    ]
                  }
                }
              ]
            },
            {
              "node": "c",
              "type": "sentence",
              "implicit": "yes",
              "tag": "#auto",
              "id": "P332890.U8",
              "label": "r? i 2",
              "cdl": [
                {
                  "node": "d",
                  "type": "line-start",
                  "ref": "P332890.15",
                  "n": "2",
                  "label": "r? i 2"
                },
                {
                  "node": "l",
                  "frag": "SU",
                  "id": "P332890.l1a31a",
                  "ref": "P332890.15.1",
                  "inst": "%sux:SU=",
                  "f": {
                    "lang": "sux",
                    "form": "SU",
                    "delim": "",
                    "gdl": [
                      {
                        "s": "SU",
                        "id": "P332890.15.1.0",
                        "queried": "1"
                      }
                    ]
                  }
                },
                {
                  "node": "l",
                  "frag": "x",
                  "id": "P332890.l1a31b",
                  "ref": "P332890.15.2",
                  "inst": "%sux:x=",
                  "f": {
                    "lang": "sux",
                    "form": "x",
                    "delim": "",
                    "gdl": [
                      {
                        "v": "x",
                        "id": "P332890.15.2.0"
                      }
                    ]
                  }
                },
                {
                  "node": "l",
                  "frag": "x",
                  "id": "P332890.l1a31c",
                  "ref": "P332890.15.3",
                  "inst": "%sux:x=",
                  "f": {
                    "lang": "sux",
                    "form": "x",
                    "delim": "",
                    "gdl": [
                      {
                        "v": "x",
                        "id": "P332890.15.3.0"
                      }
                    ]
                  }
                },
                {
                  "node": "l",
                  "frag": "[...]",
                  "id": "P332890.l1a31d",
                  "ref": "P332890.15.4",
                  "inst": "%sux:x=",
                  "f": {
                    "lang": "sux",
                    "form": "x",
                    "gdl": [
                      {
                        "x": "ellipsis",
                        "id": "P332890.15.4.0",
                        "breakStart": "1",
                        "break": "missing",
                        "o": "]",
                        "breakEnd": "P332890.15.4.0"
                      }
                    ]
                  }
                },
                {
                  "node": "d",
                  "type": "nonx",
                  "ref": "P332890.16",
                  "strict": "1",
                  "extent": "1",
                  "scope": "line",
                  "state": "blank"
                },
                {
                  "node": "d",
                  "subtype": "column 2r?",
                  "type": "column",
                  "ref": "P332890.r_.ii.17",
                  "n": "2",
                  "label": "r? ii"
                },
                {
                  "node": "d",
                  "type": "nonx",
                  "ref": "P332890.18",
                  "strict": "1",
                  "extent": "n",
                  "scope": "line",
                  "state": "missing"
                }
              ]
            },
            {
              "node": "c",
              "type": "sentence",
              "implicit": "yes",
              "tag": "#auto",
              "id": "P332890.U10",
              "label": "r? ii 1",
              "cdl": [
                {
                  "node": "d",
                  "type": "line-start",
                  "ref": "P332890.19",
                  "n": "1",
                  "label": "r? ii 1"
                },
                {
                  "node": "l",
                  "frag": "[...]",
                  "id": "P332890.l1a31e",
                  "ref": "P332890.19.1",
                  "inst": "%sux:x=",
                  "f": {
                    "lang": "sux",
                    "form": "x",
                    "gdl": [
                      {
                        "x": "ellipsis",
                        "id": "P332890.19.1.0",
                        "breakStart": "1",
                        "break": "missing",
                        "o": "]",
                        "breakEnd": "P332890.19.1.0"
                      }
                    ]
                  }
                }
              ]
            },
            {
              "node": "c",
              "type": "sentence",
              "implicit": "yes",
              "tag": "#auto",
              "id": "P332890.U12",
              "label": "r? ii 2",
              "cdl": [
                {
                  "node": "d",
                  "type": "line-start",
                  "ref": "P332890.20",
                  "n": "2",
                  "label": "r? ii 2"
                },
                {
                  "node": "l",
                  "frag": "[...]",
                  "id": "P332890.l1a31f",
                  "ref": "P332890.20.1",
                  "inst": "%sux:x=",
                  "f": {
                    "lang": "sux",
                    "form": "x",
                    "gdl": [
                      {
                        "x": "ellipsis",
                        "id": "P332890.20.1.0",
                        "breakStart": "1",
                        "break": "missing",
                        "o": "]",
                        "breakEnd": "P332890.20.1.0"
                      }
                    ]
                  }
                }
              ]
            },
            {
              "node": "c",
              "type": "sentence",
              "implicit": "yes",
              "tag": "#auto",
              "id": "P332890.U14",
              "label": "r? ii 3",
              "cdl": [
                {
                  "node": "d",
                  "type": "line-start",
                  "ref": "P332890.21",
                  "n": "3",
                  "label": "r? ii 3"
                },
                {
                  "node": "l",
                  "frag": "[...]",
                  "id": "P332890.l1a320",
                  "ref": "P332890.21.1",
                  "inst": "%sux:x=",
                  "f": {
                    "lang": "sux",
                    "form": "x",
                    "gdl": [
                      {
                        "x": "ellipsis",
                        "id": "P332890.21.1.0",
                        "breakStart": "1",
                        "break": "missing",
                        "o": "]",
                        "breakEnd": "P332890.21.1.0"
                      }
                    ]
                  }
                },
                {
                  "node": "d",
                  "type": "nonx",
                  "ref": "P332890.22",
                  "strict": "1",
                  "extent": "rest",
                  "scope": "reverse",
                  "state": "missing"
                }
              ]
            }
          ]
        }
      ]
    }
  ]
}
