{
  "type": "cdl",
  "project": "dcclt",
  "source": "http://oracc.org/dcclt",
  "license": "This data is released under the CC0 license",
  "license-url": "https://creativecommons.org/publicdomain/zero/1.0/",
  "more-info": "http://oracc.org/doc/opendata/",
  "UTC-timestamp": "2019-01-29T00:16:19",
  "textid": "P332921",
  "cdl": [
    {
      "node": "c",
      "type": "text",
      "id": "P332921.U0",
      "cdl": [
        {
          "node": "d",
          "subtype": "tablet",
          "type": "tablet",
          "ref": "P332921.x737.1",
          "label": "x737"
        },
        {
          "node": "d",
          "subtype": "obverse?",
          "type": "obverse",
          "ref": "P332921.o_.2",
          "queried": "1",
          "label": "o?"
        },
        {
          "node": "d",
          "type": "nonx",
          "ref": "P332921.3",
          "strict": "1",
          "extent": "n",
          "scope": "column",
          "state": "missing"
        },
        {
          "node": "d",
          "subtype": "column 1o?",
          "type": "column",
          "ref": "P332921.o_.i.4",
          "n": "1",
          "label": "o? i"
        },
        {
          "node": "d",
          "type": "nonx",
          "ref": "P332921.5",
          "strict": "1",
          "extent": "n",
          "scope": "line",
          "state": "missing"
        },
        {
          "node": "d",
          "type": "nonx",
          "ref": "P332921.6",
          "strict": "1",
          "extent": "n",
          "scope": "line",
          "state": "traces"
        },
        {
          "node": "d",
          "type": "nonx",
          "ref": "P332921.7",
          "strict": "1",
          "extent": "rest",
          "scope": "line",
          "state": "missing"
        },
        {
          "node": "d",
          "subtype": "reverse?",
          "type": "reverse",
          "ref": "P332921.r_.8",
          "queried": "1",
          "label": "r?"
        },
        {
          "node": "d",
          "type": "nonx",
          "ref": "P332921.9",
          "strict": "1",
          "extent": "n",
          "scope": "column",
          "state": "missing"
        },
        {
          "node": "d",
          "subtype": "column 1r?",
          "type": "column",
          "ref": "P332921.r_.i.10",
          "n": "1",
          "label": "r? i"
        },
        {
          "node": "d",
          "type": "nonx",
          "ref": "P332921.11",
          "strict": "1",
          "extent": "n",
          "scope": "line",
          "state": "missing"
        },
        {
          "node": "d",
          "type": "nonx",
          "ref": "P332921.12",
          "strict": "1",
          "extent": "8",
          "scope": "line",
          "state": "traces"
        },
        {
          "node": "d",
          "subtype": "column 2r?",
          "type": "column",
          "ref": "P332921.r_.ii.13",
          "n": "2",
          "label": "r? ii"
        },
        {
          "node": "d",
          "type": "nonx",
          "ref": "P332921.14",
          "strict": "1",
          "extent": "n",
          "scope": "line",
          "state": "missing"
        },
        {
          "node": "d",
          "type": "nonx",
          "ref": "P332921.15",
          "strict": "1",
          "extent": "8",
          "scope": "line",
          "state": "traces"
        },
        {
          "node": "d",
          "type": "nonx",
          "ref": "P332921.16",
          "strict": "1",
          "extent": "rest",
          "scope": "line",
          "state": "missing"
        }
      ]
    }
  ]
}
