{
  "type": "cdl",
  "project": "dcclt",
  "source": "http://oracc.org/dcclt",
  "license": "This data is released under the CC0 license",
  "license-url": "https://creativecommons.org/publicdomain/zero/1.0/",
  "more-info": "http://oracc.org/doc/opendata/",
  "UTC-timestamp": "2019-01-29T00:16:10",
  "textid": "P332859",
  "cdl": [
    {
      "node": "c",
      "type": "text",
      "id": "P332859.U0",
      "cdl": [
        {
          "node": "d",
          "subtype": "tablet",
          "type": "tablet",
          "ref": "P332859.x676.1",
          "label": "x676"
        },
        {
          "node": "d",
          "subtype": "obverse?",
          "type": "obverse",
          "ref": "P332859.o_.2",
          "queried": "1",
          "label": "o?"
        },
        {
          "node": "d",
          "type": "nonx",
          "ref": "P332859.3",
          "strict": "1",
          "extent": "n",
          "scope": "column",
          "state": "missing"
        },
        {
          "node": "d",
          "type": "nonx",
          "ref": "P332859.4",
          "strict": "1",
          "extent": "1",
          "scope": "column",
          "state": "traces"
        },
        {
          "node": "d",
          "type": "nonx",
          "ref": "P332859.5",
          "strict": "1",
          "extent": "rest",
          "scope": "line",
          "state": "missing"
        }
      ]
    }
  ]
}
