{
  "type": "cdl",
  "project": "dcclt",
  "source": "http://oracc.org/dcclt",
  "license": "This data is released under the CC0 license",
  "license-url": "https://creativecommons.org/publicdomain/zero/1.0/",
  "more-info": "http://oracc.org/doc/opendata/",
  "UTC-timestamp": "2019-01-29T00:17:11",
  "textid": "P349776",
  "cdl": [
    {
      "node": "c",
      "type": "text",
      "id": "P349776.U0",
      "cdl": [
        {
          "node": "d",
          "subtype": "tablet",
          "type": "tablet",
          "ref": "P349776.x2340.1",
          "label": "x2340"
        },
        {
          "node": "d",
          "subtype": "obverse",
          "type": "obverse",
          "ref": "P349776.o.2",
          "label": "o"
        },
        {
          "node": "d",
          "type": "nonx",
          "ref": "P349776.3",
          "strict": "0",
          "extent": "beginning",
          "state": "missing"
        },
        {
          "node": "d",
          "type": "nonx",
          "ref": "P349776.4",
          "strict": "0",
          "extent": "6",
          "scope": "line",
          "state": "other"
        },
        {
          "node": "d",
          "type": "nonx",
          "ref": "P349776.5",
          "strict": "1",
          "extent": "2",
          "scope": "line",
          "state": "ruling"
        },
        {
          "node": "d",
          "type": "nonx",
          "ref": "P349776.6",
          "strict": "0",
          "extent": "6",
          "scope": "line",
          "state": "other"
        },
        {
          "node": "d",
          "type": "nonx",
          "ref": "P349776.7",
          "strict": "1",
          "extent": "1",
          "scope": "line",
          "state": "ruling"
        },
        {
          "node": "d",
          "type": "nonx",
          "ref": "P349776.8",
          "strict": "0",
          "state": "traces"
        },
        {
          "node": "d",
          "type": "nonx",
          "ref": "P349776.9",
          "strict": "0",
          "extent": "rest",
          "state": "missing"
        },
        {
          "node": "d",
          "subtype": "reverse",
          "type": "reverse",
          "ref": "P349776.r.10",
          "label": "r"
        },
        {
          "node": "d",
          "type": "nonx",
          "ref": "P349776.11",
          "strict": "0",
          "extent": "beginning",
          "state": "missing"
        },
        {
          "node": "c",
          "type": "discourse",
          "subtype": "body",
          "id": "P349776.U1",
          "cdl": [
            {
              "node": "c",
              "type": "sentence",
              "implicit": "yes",
              "id": "P349776.U2",
              "label": "r 1'",
              "cdl": [
                {
                  "node": "d",
                  "type": "line-start",
                  "ref": "P349776.12",
                  "n": "1'",
                  "label": "r 1'"
                },
                {
                  "node": "d",
                  "type": "cell-start"
                },
                {
                  "node": "d",
                  "type": "field-start",
                  "subtype": "wp"
                },
                {
                  "node": "l",
                  "frag": "[kuš]",
                  "id": "P349776.l52f58",
                  "ref": "P349776.12.1",
                  "inst": "kuš[skin]N",
                  "exosig": "@dcclt%sux:kuš=kuš[skin//skin, hide]N'N$kuš/kuš#~",
                  "exoprj": "epsd2",
                  "exolng": "sux",
                  "f": {
                    "lang": "sux",
                    "form": "kuš",
                    "delim": "",
                    "gdl": [
                      {
                        "v": "kuš",
                        "id": "P349776.12.1.0",
                        "breakStart": "1",
                        "o": "]",
                        "break": "missing",
                        "breakEnd": "P349776.12.1.0"
                      }
                    ],
                    "cf": "kuš",
                    "gw": "skin",
                    "sense": "skin, hide",
                    "norm0": "kuš",
                    "pos": "N",
                    "epos": "N",
                    "base": "kuš",
                    "morph": "~"
                  }
                },
                {
                  "node": "l",
                  "frag": "⸢peš₂-igi⸣-[gun₃]",
                  "id": "P349776.l52f59",
                  "ref": "P349776.12.2",
                  "inst": "pešigigunu[rodent]N",
                  "exosig": "@dcclt%sux:peš₂-igi-gun₃=pešigigunu[rodent//a rodent]N'N$pešigigunu/peš₂-igi-gun₃#~",
                  "exoprj": "epsd2",
                  "exolng": "sux",
                  "f": {
                    "lang": "sux",
                    "form": "peš₂-igi-gun₃",
                    "gdl": [
                      {
                        "v": "peš₂",
                        "id": "P349776.12.2.0",
                        "break": "damaged",
                        "ho": "1",
                        "delim": "-"
                      },
                      {
                        "v": "igi",
                        "id": "P349776.12.2.1",
                        "break": "damaged",
                        "delim": "-",
                        "hc": "1"
                      },
                      {
                        "v": "gun₃",
                        "id": "P349776.12.2.2",
                        "breakStart": "1",
                        "o": "]",
                        "break": "missing",
                        "breakEnd": "P349776.12.2.2"
                      }
                    ],
                    "cf": "pešigigunu",
                    "gw": "rodent",
                    "sense": "a rodent",
                    "norm0": "pešigigunu",
                    "pos": "N",
                    "epos": "N",
                    "base": "peš₂-igi-gun₃",
                    "morph": "~"
                  }
                },
                {
                  "node": "d",
                  "type": "field-end",
                  "subtype": "wp"
                },
                {
                  "node": "d",
                  "type": "cell-end"
                },
                {
                  "node": "d",
                  "type": "cell-start"
                },
                {
                  "node": "d",
                  "type": "field-start",
                  "subtype": "eq"
                },
                {
                  "node": "l",
                  "frag": "[...]",
                  "id": "P349776.l52f5a",
                  "ref": "P349776.12.3",
                  "inst": "u",
                  "f": {
                    "lang": "akk-x-stdbab",
                    "form": "x",
                    "gdl": [
                      {
                        "x": "ellipsis",
                        "id": "P349776.12.3.0",
                        "breakStart": "1",
                        "break": "missing",
                        "o": "]",
                        "breakEnd": "P349776.12.3.0"
                      }
                    ],
                    "pos": "u"
                  }
                },
                {
                  "node": "d",
                  "type": "field-end",
                  "subtype": "eq"
                },
                {
                  "node": "d",
                  "type": "cell-end"
                }
              ]
            },
            {
              "node": "c",
              "type": "sentence",
              "implicit": "yes",
              "tag": "#auto",
              "id": "P349776.U4",
              "label": "r 2'",
              "cdl": [
                {
                  "node": "d",
                  "type": "line-start",
                  "ref": "P349776.13",
                  "n": "2'",
                  "label": "r 2'"
                },
                {
                  "node": "d",
                  "type": "cell-start"
                },
                {
                  "node": "d",
                  "type": "field-start",
                  "subtype": "wp"
                },
                {
                  "node": "l",
                  "frag": "[kuš]",
                  "id": "P349776.l52f5b",
                  "ref": "P349776.13.1",
                  "inst": "kuš[skin]N",
                  "exosig": "@dcclt%sux:kuš=kuš[skin//skin, hide]N'N$kuš/kuš#~",
                  "exoprj": "epsd2",
                  "exolng": "sux",
                  "f": {
                    "lang": "sux",
                    "form": "kuš",
                    "delim": "",
                    "gdl": [
                      {
                        "v": "kuš",
                        "id": "P349776.13.1.0",
                        "breakStart": "1",
                        "o": "]",
                        "break": "missing",
                        "breakEnd": "P349776.13.1.0"
                      }
                    ],
                    "cf": "kuš",
                    "gw": "skin",
                    "sense": "skin, hide",
                    "norm0": "kuš",
                    "pos": "N",
                    "epos": "N",
                    "base": "kuš",
                    "morph": "~"
                  }
                },
                {
                  "node": "l",
                  "frag": "⸢peš₂⸣-niŋ₂-gilim-[ma]",
                  "id": "P349776.l52f5c",
                  "ref": "P349776.13.2",
                  "inst": "pešniŋgilima[rodent]N",
                  "exosig": "@dcclt%sux:peš₂-niŋ₂-gilim-ma=pešniŋgilima[rodent//a rodent]N'N$pešniŋgilima/peš₂-niŋ₂-gilim-ma#~",
                  "exoprj": "epsd2",
                  "exolng": "sux",
                  "f": {
                    "lang": "sux",
                    "form": "peš₂-niŋ₂-gilim-ma",
                    "gdl": [
                      {
                        "v": "peš₂",
                        "id": "P349776.13.2.0",
                        "break": "damaged",
                        "ho": "1",
                        "delim": "-",
                        "hc": "1"
                      },
                      {
                        "v": "niŋ₂",
                        "id": "P349776.13.2.1",
                        "delim": "-"
                      },
                      {
                        "v": "gilim",
                        "id": "P349776.13.2.2",
                        "delim": "-"
                      },
                      {
                        "v": "ma",
                        "id": "P349776.13.2.3",
                        "breakStart": "1",
                        "o": "]",
                        "break": "missing",
                        "breakEnd": "P349776.13.2.3"
                      }
                    ],
                    "cf": "pešniŋgilima",
                    "gw": "rodent",
                    "sense": "a rodent",
                    "norm0": "pešniŋgilima",
                    "pos": "N",
                    "epos": "N",
                    "base": "peš₂-niŋ₂-gilim-ma",
                    "morph": "~"
                  }
                },
                {
                  "node": "d",
                  "type": "field-end",
                  "subtype": "wp"
                },
                {
                  "node": "d",
                  "type": "cell-end"
                },
                {
                  "node": "d",
                  "type": "cell-start"
                },
                {
                  "node": "d",
                  "type": "field-start",
                  "subtype": "eq"
                },
                {
                  "node": "l",
                  "frag": "[...]",
                  "id": "P349776.l52f5d",
                  "ref": "P349776.13.3",
                  "inst": "u",
                  "f": {
                    "lang": "akk-x-stdbab",
                    "form": "x",
                    "gdl": [
                      {
                        "x": "ellipsis",
                        "id": "P349776.13.3.0",
                        "breakStart": "1",
                        "break": "missing",
                        "o": "]",
                        "breakEnd": "P349776.13.3.0"
                      }
                    ],
                    "pos": "u"
                  }
                },
                {
                  "node": "d",
                  "type": "field-end",
                  "subtype": "eq"
                },
                {
                  "node": "d",
                  "type": "cell-end"
                }
              ]
            },
            {
              "node": "c",
              "type": "sentence",
              "implicit": "yes",
              "tag": "#auto",
              "id": "P349776.U6",
              "label": "r 3'",
              "cdl": [
                {
                  "node": "d",
                  "type": "line-start",
                  "ref": "P349776.14",
                  "n": "3'",
                  "label": "r 3'"
                },
                {
                  "node": "d",
                  "type": "cell-start"
                },
                {
                  "node": "d",
                  "type": "field-start",
                  "subtype": "wp"
                },
                {
                  "node": "l",
                  "frag": "[kuš]",
                  "id": "P349776.l52f5e",
                  "ref": "P349776.14.1",
                  "inst": "kuš[skin]N",
                  "exosig": "@dcclt%sux:kuš=kuš[skin//skin, hide]N'N$kuš/kuš#~",
                  "exoprj": "epsd2",
                  "exolng": "sux",
                  "f": {
                    "lang": "sux",
                    "form": "kuš",
                    "delim": "",
                    "gdl": [
                      {
                        "v": "kuš",
                        "id": "P349776.14.1.0",
                        "breakStart": "1",
                        "o": "]",
                        "break": "missing",
                        "breakEnd": "P349776.14.1.0"
                      }
                    ],
                    "cf": "kuš",
                    "gw": "skin",
                    "sense": "skin, hide",
                    "norm0": "kuš",
                    "pos": "N",
                    "epos": "N",
                    "base": "kuš",
                    "morph": "~"
                  }
                },
                {
                  "node": "l",
                  "frag": "⸢peš₂⸣-[ki]-bala",
                  "id": "P349776.l52f5f",
                  "ref": "P349776.14.2",
                  "inst": "peškibala[rodent]N",
                  "exosig": "@dcclt%sux:peš₂-ki-bala=peškibala[rodent//a rodent]N'N$peškibala/peš₂-ki-bala#~",
                  "exoprj": "epsd2",
                  "exolng": "sux",
                  "f": {
                    "lang": "sux",
                    "form": "peš₂-ki-bala",
                    "gdl": [
                      {
                        "v": "peš₂",
                        "id": "P349776.14.2.0",
                        "break": "damaged",
                        "ho": "1",
                        "delim": "-",
                        "hc": "1"
                      },
                      {
                        "v": "ki",
                        "id": "P349776.14.2.1",
                        "breakStart": "1",
                        "o": "]",
                        "break": "missing",
                        "breakEnd": "P349776.14.2.1",
                        "delim": "-"
                      },
                      {
                        "v": "bala",
                        "id": "P349776.14.2.2"
                      }
                    ],
                    "cf": "peškibala",
                    "gw": "rodent",
                    "sense": "a rodent",
                    "norm0": "peškibala",
                    "pos": "N",
                    "epos": "N",
                    "base": "peš₂-ki-bala",
                    "morph": "~"
                  }
                },
                {
                  "node": "d",
                  "type": "field-end",
                  "subtype": "wp"
                },
                {
                  "node": "d",
                  "type": "cell-end"
                },
                {
                  "node": "d",
                  "type": "cell-start"
                },
                {
                  "node": "d",
                  "type": "field-start",
                  "subtype": "eq"
                },
                {
                  "node": "l",
                  "frag": "{<⸢MIN⸣(mašak)>}",
                  "id": "P349776.l52f60",
                  "ref": "P349776.14.3",
                  "inst": "mašak[hide]N",
                  "sig": "@dcclt%akk-x-stdbab-949:*=mašku[skin//hide]N'N$mašak",
                  "f": {
                    "lang": "akk-x-stdbab-949",
                    "form": "*",
                    "cf": "mašku",
                    "gw": "skin",
                    "sense": "hide",
                    "norm": "mašak",
                    "pos": "N",
                    "epos": "N"
                  }
                },
                {
                  "node": "l",
                  "frag": "[...]",
                  "id": "P349776.l52f61",
                  "ref": "P349776.14.4",
                  "inst": "u",
                  "f": {
                    "lang": "akk-x-stdbab",
                    "form": "x",
                    "gdl": [
                      {
                        "x": "ellipsis",
                        "id": "P349776.14.4.0",
                        "breakStart": "1",
                        "break": "missing",
                        "o": "]",
                        "breakEnd": "P349776.14.4.0"
                      }
                    ],
                    "pos": "u"
                  }
                },
                {
                  "node": "d",
                  "type": "field-end",
                  "subtype": "eq"
                },
                {
                  "node": "d",
                  "type": "cell-end"
                },
                {
                  "node": "d",
                  "type": "nonx",
                  "ref": "P349776.15",
                  "strict": "1",
                  "extent": "1",
                  "scope": "line",
                  "state": "ruling"
                }
              ]
            },
            {
              "node": "c",
              "type": "sentence",
              "implicit": "yes",
              "tag": "#auto",
              "id": "P349776.U8",
              "label": "r 4'",
              "cdl": [
                {
                  "node": "d",
                  "type": "line-start",
                  "ref": "P349776.16",
                  "n": "4'",
                  "label": "r 4'"
                },
                {
                  "node": "d",
                  "type": "cell-start"
                },
                {
                  "node": "d",
                  "type": "field-start",
                  "subtype": "wp"
                },
                {
                  "node": "l",
                  "frag": "[ŋiri₂]",
                  "id": "P349776.l52f62",
                  "ref": "P349776.16.1",
                  "inst": "ŋiri[dagger]N",
                  "exosig": "@dcclt%sux:ŋiri₂=ŋiri[dagger//dagger]N'N$ŋiri/ŋiri₂#~",
                  "exoprj": "epsd2",
                  "exolng": "sux",
                  "f": {
                    "lang": "sux",
                    "form": "ŋiri₂",
                    "delim": "",
                    "gdl": [
                      {
                        "v": "ŋiri₂",
                        "id": "P349776.16.1.0",
                        "breakStart": "1",
                        "o": "]",
                        "queried": "1",
                        "break": "missing",
                        "breakEnd": "P349776.16.1.0"
                      }
                    ],
                    "cf": "ŋiri",
                    "gw": "dagger",
                    "sense": "dagger",
                    "norm0": "ŋiri",
                    "pos": "N",
                    "epos": "N",
                    "base": "ŋiri₂",
                    "morph": "~"
                  }
                },
                {
                  "node": "l",
                  "frag": "⸢u₄⸣-sakar{zabar}",
                  "id": "P349776.l52f63",
                  "ref": "P349776.16.2",
                  "inst": "usakar[moon]N",
                  "exosig": "@dcclt%sux:u₄-sakar{zabar}=usakar[moon//crescent moon]N'N$usakar/u₄-sakar{zabar}#~",
                  "exoprj": "epsd2",
                  "exolng": "sux",
                  "f": {
                    "lang": "sux",
                    "form": "u₄-sakar{zabar}",
                    "gdl": [
                      {
                        "v": "u₄",
                        "id": "P349776.16.2.0",
                        "break": "damaged",
                        "ho": "1",
                        "delim": "-",
                        "hc": "1"
                      },
                      {
                        "v": "sakar",
                        "id": "P349776.16.2.1"
                      },
                      {
                        "det": "semantic",
                        "pos": "post",
                        "seq": [
                          {
                            "v": "zabar",
                            "id": "P349776.16.2.2"
                          }
                        ]
                      }
                    ],
                    "cf": "usakar",
                    "gw": "moon",
                    "sense": "crescent moon",
                    "norm0": "usakar",
                    "pos": "N",
                    "epos": "N",
                    "base": "u₄-sakar{zabar}",
                    "morph": "~"
                  }
                },
                {
                  "node": "d",
                  "type": "field-end",
                  "subtype": "wp"
                },
                {
                  "node": "d",
                  "type": "cell-end"
                },
                {
                  "node": "d",
                  "type": "cell-start"
                },
                {
                  "node": "d",
                  "type": "field-start",
                  "subtype": "eq"
                },
                {
                  "node": "l",
                  "frag": "{<⸢MIN⸣(patar)>}",
                  "id": "P349776.l52f64",
                  "ref": "P349776.16.3",
                  "inst": "patar[knife]N",
                  "sig": "@dcclt%akk-x-stdbab-949:*=patru[sword//knife]N'N$patar",
                  "f": {
                    "lang": "akk-x-stdbab-949",
                    "form": "*",
                    "cf": "patru",
                    "gw": "sword",
                    "sense": "knife",
                    "norm": "patar",
                    "pos": "N",
                    "epos": "N"
                  }
                },
                {
                  "node": "l",
                  "frag": "[...]",
                  "id": "P349776.l52f65",
                  "ref": "P349776.16.4",
                  "inst": "u",
                  "f": {
                    "lang": "akk-x-stdbab",
                    "form": "x",
                    "gdl": [
                      {
                        "x": "ellipsis",
                        "id": "P349776.16.4.0",
                        "breakStart": "1",
                        "break": "missing",
                        "o": "]",
                        "breakEnd": "P349776.16.4.0"
                      }
                    ],
                    "pos": "u"
                  }
                },
                {
                  "node": "d",
                  "type": "field-end",
                  "subtype": "eq"
                },
                {
                  "node": "d",
                  "type": "cell-end"
                }
              ]
            },
            {
              "node": "c",
              "type": "sentence",
              "implicit": "yes",
              "tag": "#auto",
              "id": "P349776.U10",
              "label": "r 5'",
              "cdl": [
                {
                  "node": "d",
                  "type": "line-start",
                  "ref": "P349776.17",
                  "n": "5'",
                  "label": "r 5'"
                },
                {
                  "node": "d",
                  "type": "cell-start"
                },
                {
                  "node": "d",
                  "type": "field-start",
                  "subtype": "wp"
                },
                {
                  "node": "l",
                  "frag": "⸢bulug⸣{zabar}",
                  "id": "P349776.l52f66",
                  "ref": "P349776.17.1",
                  "inst": "bulug[needle]N",
                  "exosig": "@dcclt%sux:bulug{zabar}=bulug[needle//needle]N'N$bulug/bulug{zabar}#~",
                  "exoprj": "epsd2",
                  "exolng": "sux",
                  "f": {
                    "lang": "sux",
                    "form": "bulug{zabar}",
                    "gdl": [
                      {
                        "v": "bulug",
                        "id": "P349776.17.1.0",
                        "break": "damaged",
                        "ho": "1",
                        "hc": "1"
                      },
                      {
                        "det": "semantic",
                        "pos": "post",
                        "seq": [
                          {
                            "v": "zabar",
                            "id": "P349776.17.1.1"
                          }
                        ]
                      }
                    ],
                    "cf": "bulug",
                    "gw": "needle",
                    "sense": "needle",
                    "norm0": "bulug",
                    "pos": "N",
                    "epos": "N",
                    "base": "bulug{zabar}",
                    "morph": "~"
                  }
                },
                {
                  "node": "d",
                  "type": "field-end",
                  "subtype": "wp"
                },
                {
                  "node": "d",
                  "type": "cell-end"
                },
                {
                  "node": "d",
                  "type": "cell-start"
                },
                {
                  "node": "d",
                  "type": "field-start",
                  "subtype": "eq"
                },
                {
                  "node": "l",
                  "frag": "[...]",
                  "id": "P349776.l52f67",
                  "ref": "P349776.17.2",
                  "inst": "u",
                  "f": {
                    "lang": "akk-x-stdbab",
                    "form": "x",
                    "gdl": [
                      {
                        "x": "ellipsis",
                        "id": "P349776.17.2.0",
                        "breakStart": "1",
                        "break": "missing",
                        "o": "]",
                        "breakEnd": "P349776.17.2.0"
                      }
                    ],
                    "pos": "u"
                  }
                },
                {
                  "node": "d",
                  "type": "field-end",
                  "subtype": "eq"
                },
                {
                  "node": "d",
                  "type": "cell-end"
                }
              ]
            },
            {
              "node": "c",
              "type": "sentence",
              "implicit": "yes",
              "tag": "#auto",
              "id": "P349776.U12",
              "label": "r 6'",
              "cdl": [
                {
                  "node": "d",
                  "type": "line-start",
                  "ref": "P349776.18",
                  "n": "6'",
                  "label": "r 6'"
                },
                {
                  "node": "d",
                  "type": "cell-start"
                },
                {
                  "node": "d",
                  "type": "field-start",
                  "subtype": "wp"
                },
                {
                  "node": "l",
                  "frag": "[bulug]",
                  "id": "P349776.l52f68",
                  "ref": "P349776.18.1",
                  "inst": "bulug[needle]N",
                  "exosig": "@dcclt%sux:bulug=bulug[needle//needle]N'N$bulug/bulug#~",
                  "exoprj": "epsd2",
                  "exolng": "sux",
                  "f": {
                    "lang": "sux",
                    "form": "bulug",
                    "delim": "",
                    "gdl": [
                      {
                        "v": "bulug",
                        "id": "P349776.18.1.0",
                        "breakStart": "1",
                        "o": "]",
                        "break": "missing",
                        "breakEnd": "P349776.18.1.0"
                      }
                    ],
                    "cf": "bulug",
                    "gw": "needle",
                    "sense": "needle",
                    "norm0": "bulug",
                    "pos": "N",
                    "epos": "N",
                    "base": "bulug",
                    "morph": "~"
                  }
                },
                {
                  "node": "l",
                  "frag": "gal{⸢zabar⸣}",
                  "id": "P349776.l52f69",
                  "ref": "P349776.18.2",
                  "inst": "gal[big]V/i",
                  "exosig": "@dcclt%sux:gal{zabar}=gal[big//(to be) big, great]V/i'V/i$gal/gal{zabar}#~",
                  "exoprj": "epsd2",
                  "exolng": "sux",
                  "f": {
                    "lang": "sux",
                    "form": "gal{zabar}",
                    "gdl": [
                      {
                        "v": "gal",
                        "id": "P349776.18.2.0"
                      },
                      {
                        "det": "semantic",
                        "pos": "post",
                        "seq": [
                          {
                            "v": "zabar",
                            "id": "P349776.18.2.1",
                            "break": "damaged",
                            "ho": "1",
                            "hc": "1"
                          }
                        ]
                      }
                    ],
                    "cf": "gal",
                    "gw": "big",
                    "sense": "(to be) big, great",
                    "norm0": "gal",
                    "pos": "V/i",
                    "epos": "V/i",
                    "base": "gal{zabar}",
                    "morph": "~"
                  }
                },
                {
                  "node": "d",
                  "type": "field-end",
                  "subtype": "wp"
                },
                {
                  "node": "d",
                  "type": "cell-end"
                },
                {
                  "node": "d",
                  "type": "cell-start"
                },
                {
                  "node": "d",
                  "type": "field-start",
                  "subtype": "eq"
                },
                {
                  "node": "l",
                  "frag": "⸢ma⸣-[...]",
                  "id": "P349776.l52f6a",
                  "ref": "P349776.18.3",
                  "inst": "u",
                  "f": {
                    "lang": "akk-x-stdbab",
                    "form": "ma-x",
                    "gdl": [
                      {
                        "v": "ma",
                        "id": "P349776.18.3.0",
                        "break": "damaged",
                        "queried": "1",
                        "ho": "1",
                        "delim": "-",
                        "hc": "1"
                      },
                      {
                        "x": "ellipsis",
                        "id": "P349776.18.3.1",
                        "breakStart": "1",
                        "break": "missing",
                        "o": "]",
                        "breakEnd": "P349776.18.3.1"
                      }
                    ],
                    "pos": "u"
                  }
                },
                {
                  "node": "d",
                  "type": "field-end",
                  "subtype": "eq"
                },
                {
                  "node": "d",
                  "type": "cell-end"
                }
              ]
            },
            {
              "node": "c",
              "type": "sentence",
              "implicit": "yes",
              "tag": "#auto",
              "id": "P349776.U14",
              "label": "r 7'",
              "cdl": [
                {
                  "node": "d",
                  "type": "line-start",
                  "ref": "P349776.19",
                  "n": "7'",
                  "label": "r 7'"
                },
                {
                  "node": "d",
                  "type": "cell-start"
                },
                {
                  "node": "d",
                  "type": "field-start",
                  "subtype": "wp"
                },
                {
                  "node": "l",
                  "frag": "[bulug]",
                  "id": "P349776.l52f6b",
                  "ref": "P349776.19.1",
                  "inst": "bulug[needle]N",
                  "exosig": "@dcclt%sux:bulug=bulug[needle//needle]N'N$bulug/bulug#~",
                  "exoprj": "epsd2",
                  "exolng": "sux",
                  "f": {
                    "lang": "sux",
                    "form": "bulug",
                    "delim": "",
                    "gdl": [
                      {
                        "v": "bulug",
                        "id": "P349776.19.1.0",
                        "breakStart": "1",
                        "o": "]",
                        "break": "missing",
                        "breakEnd": "P349776.19.1.0"
                      }
                    ],
                    "cf": "bulug",
                    "gw": "needle",
                    "sense": "needle",
                    "norm0": "bulug",
                    "pos": "N",
                    "epos": "N",
                    "base": "bulug",
                    "morph": "~"
                  }
                },
                {
                  "node": "l",
                  "frag": "⸢šu⸣{zabar}",
                  "id": "P349776.l52f6c",
                  "ref": "P349776.19.2",
                  "inst": "šu[hand]N",
                  "exosig": "@dcclt%sux:šu{zabar}=šu[hand//hand]N'N$šu/šu{zabar}#~",
                  "exoprj": "epsd2",
                  "exolng": "sux",
                  "f": {
                    "lang": "sux",
                    "form": "šu{zabar}",
                    "gdl": [
                      {
                        "v": "šu",
                        "id": "P349776.19.2.0",
                        "break": "damaged",
                        "queried": "1",
                        "ho": "1",
                        "hc": "1"
                      },
                      {
                        "det": "semantic",
                        "pos": "post",
                        "seq": [
                          {
                            "v": "zabar",
                            "id": "P349776.19.2.1"
                          }
                        ]
                      }
                    ],
                    "cf": "šu",
                    "gw": "hand",
                    "sense": "hand",
                    "norm0": "šu",
                    "pos": "N",
                    "epos": "N",
                    "base": "šu{zabar}",
                    "morph": "~"
                  }
                },
                {
                  "node": "d",
                  "type": "field-end",
                  "subtype": "wp"
                },
                {
                  "node": "d",
                  "type": "cell-end"
                },
                {
                  "node": "d",
                  "type": "cell-start"
                },
                {
                  "node": "d",
                  "type": "field-start",
                  "subtype": "eq"
                },
                {
                  "node": "l",
                  "frag": "⸢x⸣-[...]",
                  "id": "P349776.l52f6d",
                  "ref": "P349776.19.3",
                  "inst": "u",
                  "f": {
                    "lang": "akk-x-stdbab",
                    "form": "x-x",
                    "gdl": [
                      {
                        "v": "x",
                        "id": "P349776.19.3.0",
                        "break": "damaged",
                        "ho": "1",
                        "delim": "-",
                        "hc": "1"
                      },
                      {
                        "x": "ellipsis",
                        "id": "P349776.19.3.1",
                        "breakStart": "1",
                        "break": "missing",
                        "o": "]",
                        "breakEnd": "P349776.19.3.1"
                      }
                    ],
                    "pos": "u"
                  }
                },
                {
                  "node": "d",
                  "type": "field-end",
                  "subtype": "eq"
                },
                {
                  "node": "d",
                  "type": "cell-end"
                }
              ]
            },
            {
              "node": "c",
              "type": "sentence",
              "implicit": "yes",
              "tag": "#auto",
              "id": "P349776.U16",
              "label": "r 8'",
              "cdl": [
                {
                  "node": "d",
                  "type": "line-start",
                  "ref": "P349776.20",
                  "n": "8'",
                  "label": "r 8'"
                },
                {
                  "node": "d",
                  "type": "cell-start"
                },
                {
                  "node": "d",
                  "type": "field-start",
                  "subtype": "wp"
                },
                {
                  "node": "l",
                  "frag": "[bulug]",
                  "id": "P349776.l52f6e",
                  "ref": "P349776.20.1",
                  "inst": "bulug[needle]N",
                  "exosig": "@dcclt%sux:bulug=bulug[needle//needle]N'N$bulug/bulug#~",
                  "exoprj": "epsd2",
                  "exolng": "sux",
                  "f": {
                    "lang": "sux",
                    "form": "bulug",
                    "delim": "",
                    "gdl": [
                      {
                        "v": "bulug",
                        "id": "P349776.20.1.0",
                        "breakStart": "1",
                        "o": "]",
                        "break": "missing",
                        "breakEnd": "P349776.20.1.0"
                      }
                    ],
                    "cf": "bulug",
                    "gw": "needle",
                    "sense": "needle",
                    "norm0": "bulug",
                    "pos": "N",
                    "epos": "N",
                    "base": "bulug",
                    "morph": "~"
                  }
                },
                {
                  "node": "l",
                  "frag": "⸢sal⸣-la{zabar}",
                  "id": "P349776.l52f6f",
                  "ref": "P349776.20.2",
                  "inst": "sal[thin]V/i",
                  "exosig": "@dcclt%sux:sal-la{zabar}=sal[thin//to make thin]V/i'V/t$sal;a{zabar}/sal#~;a{zabar}",
                  "exoprj": "epsd2",
                  "exolng": "sux",
                  "f": {
                    "lang": "sux",
                    "form": "sal-la{zabar}",
                    "gdl": [
                      {
                        "v": "sal",
                        "id": "P349776.20.2.0",
                        "break": "damaged",
                        "ho": "1",
                        "delim": "-",
                        "hc": "1"
                      },
                      {
                        "v": "la",
                        "id": "P349776.20.2.1"
                      },
                      {
                        "det": "semantic",
                        "pos": "post",
                        "seq": [
                          {
                            "v": "zabar",
                            "id": "P349776.20.2.2"
                          }
                        ]
                      }
                    ],
                    "cf": "sal",
                    "gw": "thin",
                    "sense": "to make thin",
                    "norm0": "sal;a{zabar}",
                    "pos": "V/i",
                    "epos": "V/t",
                    "base": "sal",
                    "morph": "~;a{zabar}"
                  }
                },
                {
                  "node": "d",
                  "type": "field-end",
                  "subtype": "wp"
                },
                {
                  "node": "d",
                  "type": "cell-end"
                },
                {
                  "node": "d",
                  "type": "cell-start"
                },
                {
                  "node": "d",
                  "type": "field-start",
                  "subtype": "eq"
                },
                {
                  "node": "l",
                  "frag": "⸢x⸣-[...]",
                  "id": "P349776.l52f70",
                  "ref": "P349776.20.3",
                  "inst": "u",
                  "f": {
                    "lang": "akk-x-stdbab",
                    "form": "x-x",
                    "gdl": [
                      {
                        "v": "x",
                        "id": "P349776.20.3.0",
                        "break": "damaged",
                        "ho": "1",
                        "delim": "-",
                        "hc": "1"
                      },
                      {
                        "x": "ellipsis",
                        "id": "P349776.20.3.1",
                        "breakStart": "1",
                        "break": "missing",
                        "o": "]",
                        "breakEnd": "P349776.20.3.1"
                      }
                    ],
                    "pos": "u"
                  }
                },
                {
                  "node": "d",
                  "type": "field-end",
                  "subtype": "eq"
                },
                {
                  "node": "d",
                  "type": "cell-end"
                },
                {
                  "node": "d",
                  "type": "nonx",
                  "ref": "P349776.21",
                  "strict": "1",
                  "extent": "1",
                  "scope": "line",
                  "state": "ruling"
                }
              ]
            },
            {
              "node": "c",
              "type": "sentence",
              "implicit": "yes",
              "tag": "#auto",
              "id": "P349776.U18",
              "label": "r 9'",
              "cdl": [
                {
                  "node": "d",
                  "type": "line-start",
                  "ref": "P349776.22",
                  "n": "9'",
                  "label": "r 9'"
                },
                {
                  "node": "d",
                  "type": "cell-start"
                },
                {
                  "node": "d",
                  "type": "field-start",
                  "subtype": "wp"
                },
                {
                  "node": "l",
                  "frag": "[udu]",
                  "id": "P349776.l52f71",
                  "ref": "P349776.22.1",
                  "inst": "udu[sheep]N",
                  "exosig": "@dcclt%sux:udu=udu[sheep//sheep]N'N$udu/udu#~",
                  "exoprj": "epsd2",
                  "exolng": "sux",
                  "f": {
                    "lang": "sux",
                    "form": "udu",
                    "delim": "",
                    "gdl": [
                      {
                        "v": "udu",
                        "id": "P349776.22.1.0",
                        "breakStart": "1",
                        "o": "]",
                        "break": "missing",
                        "breakEnd": "P349776.22.1.0"
                      }
                    ],
                    "cf": "udu",
                    "gw": "sheep",
                    "sense": "sheep",
                    "norm0": "udu",
                    "pos": "N",
                    "epos": "N",
                    "base": "udu",
                    "morph": "~"
                  }
                },
                {
                  "node": "l",
                  "frag": "⸢šir⸣",
                  "id": "P349776.l52f72",
                  "ref": "P349776.22.2",
                  "inst": "šir[testicle]N",
                  "exosig": "@dcclt%sux:šir=šir[testicle//testicle]N'N$šir/šir#~",
                  "exoprj": "epsd2",
                  "exolng": "sux",
                  "f": {
                    "lang": "sux",
                    "form": "šir",
                    "delim": "",
                    "gdl": [
                      {
                        "v": "šir",
                        "id": "P349776.22.2.0",
                        "break": "damaged",
                        "queried": "1",
                        "ho": "1",
                        "hc": "1"
                      }
                    ],
                    "cf": "šir",
                    "gw": "testicle",
                    "sense": "testicle",
                    "norm0": "šir",
                    "pos": "N",
                    "epos": "N",
                    "base": "šir",
                    "morph": "~"
                  }
                },
                {
                  "node": "l",
                  "frag": "dili",
                  "id": "P349776.l52f73",
                  "ref": "P349776.22.3",
                  "inst": "dili[single]V/i",
                  "sig": "@dcclt%sux:dili=dili[single//single]V/i'V/i$dili/dili#~",
                  "f": {
                    "lang": "sux",
                    "form": "dili",
                    "gdl": [
                      {
                        "v": "dili",
                        "id": "P349776.22.3.0"
                      }
                    ],
                    "cf": "dili",
                    "gw": "single",
                    "sense": "single",
                    "norm0": "dili",
                    "pos": "V/i",
                    "epos": "V/i",
                    "base": "dili",
                    "morph": "~"
                  }
                },
                {
                  "node": "d",
                  "type": "field-end",
                  "subtype": "wp"
                },
                {
                  "node": "d",
                  "type": "cell-end"
                },
                {
                  "node": "d",
                  "type": "cell-start"
                },
                {
                  "node": "d",
                  "type": "field-start",
                  "subtype": "eq"
                },
                {
                  "node": "l",
                  "frag": "⸢ia⸣-[di-nu]",
                  "id": "P349776.l52f74",
                  "ref": "P349776.22.4",
                  "inst": "iādēnu[alone]AJ",
                  "sig": "@dcclt%akk-x-stdbab:ia-di-nu=ēdēnu[alone//single]AJ'AJ$iādēnu",
                  "f": {
                    "lang": "akk-x-stdbab",
                    "form": "ia-di-nu",
                    "gdl": [
                      {
                        "v": "ia",
                        "id": "P349776.22.4.0",
                        "break": "damaged",
                        "ho": "1",
                        "delim": "-",
                        "hc": "1"
                      },
                      {
                        "v": "di",
                        "id": "P349776.22.4.1",
                        "breakStart": "1",
                        "o": "[",
                        "break": "missing",
                        "delim": "-"
                      },
                      {
                        "v": "nu",
                        "id": "P349776.22.4.2",
                        "break": "missing",
                        "o": "]",
                        "breakEnd": "P349776.22.4.1"
                      }
                    ],
                    "cf": "ēdēnu",
                    "gw": "alone",
                    "sense": "single",
                    "norm": "iādēnu",
                    "pos": "AJ",
                    "epos": "AJ"
                  }
                },
                {
                  "node": "d",
                  "type": "field-end",
                  "subtype": "eq"
                },
                {
                  "node": "d",
                  "type": "cell-end"
                }
              ]
            },
            {
              "node": "c",
              "type": "sentence",
              "implicit": "yes",
              "tag": "#auto",
              "id": "P349776.U20",
              "label": "r 10'",
              "cdl": [
                {
                  "node": "d",
                  "type": "line-start",
                  "ref": "P349776.23",
                  "n": "10'",
                  "label": "r 10'"
                },
                {
                  "node": "d",
                  "type": "cell-start"
                },
                {
                  "node": "d",
                  "type": "field-start",
                  "subtype": "wp"
                },
                {
                  "node": "l",
                  "frag": "[udu]",
                  "id": "P349776.l52f75",
                  "ref": "P349776.23.1",
                  "inst": "udu[sheep]N",
                  "exosig": "@dcclt%sux:udu=udu[sheep//sheep]N'N$udu/udu#~",
                  "exoprj": "epsd2",
                  "exolng": "sux",
                  "f": {
                    "lang": "sux",
                    "form": "udu",
                    "delim": "",
                    "gdl": [
                      {
                        "v": "udu",
                        "id": "P349776.23.1.0",
                        "breakStart": "1",
                        "o": "]",
                        "break": "missing",
                        "breakEnd": "P349776.23.1.0"
                      }
                    ],
                    "cf": "udu",
                    "gw": "sheep",
                    "sense": "sheep",
                    "norm0": "udu",
                    "pos": "N",
                    "epos": "N",
                    "base": "udu",
                    "morph": "~"
                  }
                },
                {
                  "node": "l",
                  "frag": "⸢im⸣",
                  "id": "P349776.l52f76",
                  "ref": "P349776.23.2",
                  "inst": "im[clay]N",
                  "exosig": "@dcclt%sux:im=im[clay//clay, mud]N'N$im/im#~",
                  "exoprj": "epsd2",
                  "exolng": "sux",
                  "f": {
                    "lang": "sux",
                    "form": "im",
                    "delim": "",
                    "gdl": [
                      {
                        "v": "im",
                        "id": "P349776.23.2.0",
                        "break": "damaged",
                        "ho": "1",
                        "hc": "1"
                      }
                    ],
                    "cf": "im",
                    "gw": "clay",
                    "sense": "clay, mud",
                    "norm0": "im",
                    "pos": "N",
                    "epos": "N",
                    "base": "im",
                    "morph": "~"
                  }
                },
                {
                  "node": "l",
                  "frag": "kur-ra",
                  "id": "P349776.l52f77",
                  "ref": "P349776.23.3",
                  "inst": "kur[mountain]N",
                  "exosig": "@dcclt%sux:kur-ra=kur[mountain//mountain(s)]N'N$kur,ak/kur+-ra=r.a#~,ak",
                  "exoprj": "epsd2",
                  "exolng": "sux",
                  "f": {
                    "lang": "sux",
                    "form": "kur-ra",
                    "gdl": [
                      {
                        "v": "kur",
                        "id": "P349776.23.3.0",
                        "delim": "-"
                      },
                      {
                        "v": "ra",
                        "id": "P349776.23.3.1"
                      }
                    ],
                    "cf": "kur",
                    "gw": "mountain",
                    "sense": "mountain(s)",
                    "norm0": "kur,ak",
                    "pos": "N",
                    "epos": "N",
                    "base": "kur",
                    "cont": "-ra=r.a",
                    "morph": "~,ak"
                  }
                },
                {
                  "node": "d",
                  "type": "field-end",
                  "subtype": "wp"
                },
                {
                  "node": "d",
                  "type": "cell-end"
                },
                {
                  "node": "d",
                  "type": "cell-start"
                },
                {
                  "node": "d",
                  "type": "field-start",
                  "subtype": "eq"
                },
                {
                  "node": "l",
                  "frag": "⸢qu⸣-[um-ma-nu]",
                  "id": "P349776.l52f78",
                  "ref": "P349776.23.4",
                  "inst": "qummānu[a sheep]N$",
                  "sig": "@dcclt%akk-x-stdbab:qu-um-ma-nu=qummānu[a sheep//a sheep]N'N$qummānu",
                  "f": {
                    "lang": "akk-x-stdbab",
                    "form": "qu-um-ma-nu",
                    "gdl": [
                      {
                        "v": "qu",
                        "id": "P349776.23.4.0",
                        "break": "damaged",
                        "ho": "1",
                        "delim": "-",
                        "hc": "1"
                      },
                      {
                        "v": "um",
                        "id": "P349776.23.4.1",
                        "breakStart": "1",
                        "o": "[",
                        "break": "missing",
                        "delim": "-"
                      },
                      {
                        "v": "ma",
                        "id": "P349776.23.4.2",
                        "break": "missing",
                        "delim": "-"
                      },
                      {
                        "v": "nu",
                        "id": "P349776.23.4.3",
                        "break": "missing",
                        "o": "]",
                        "breakEnd": "P349776.23.4.1"
                      }
                    ],
                    "cf": "qummānu",
                    "gw": "a sheep",
                    "sense": "a sheep",
                    "norm": "qummānu",
                    "pos": "N",
                    "epos": "N"
                  }
                },
                {
                  "node": "d",
                  "type": "field-end",
                  "subtype": "eq"
                },
                {
                  "node": "d",
                  "type": "cell-end"
                }
              ]
            },
            {
              "node": "c",
              "type": "sentence",
              "implicit": "yes",
              "tag": "#auto",
              "id": "P349776.U22",
              "label": "r 11'",
              "cdl": [
                {
                  "node": "d",
                  "type": "line-start",
                  "ref": "P349776.24",
                  "n": "11'",
                  "label": "r 11'"
                },
                {
                  "node": "d",
                  "type": "cell-start"
                },
                {
                  "node": "d",
                  "type": "field-start",
                  "subtype": "wp"
                },
                {
                  "node": "l",
                  "frag": "[udu]",
                  "id": "P349776.l52f79",
                  "ref": "P349776.24.1",
                  "inst": "udu[sheep]N",
                  "exosig": "@dcclt%sux:udu=udu[sheep//sheep]N'N$udu/udu#~",
                  "exoprj": "epsd2",
                  "exolng": "sux",
                  "f": {
                    "lang": "sux",
                    "form": "udu",
                    "delim": "",
                    "gdl": [
                      {
                        "v": "udu",
                        "id": "P349776.24.1.0",
                        "breakStart": "1",
                        "o": "]",
                        "break": "missing",
                        "breakEnd": "P349776.24.1.0"
                      }
                    ],
                    "cf": "udu",
                    "gw": "sheep",
                    "sense": "sheep",
                    "norm0": "udu",
                    "pos": "N",
                    "epos": "N",
                    "base": "udu",
                    "morph": "~"
                  }
                },
                {
                  "node": "l",
                  "frag": "⸢kur⸣-ra",
                  "id": "P349776.l52f7a",
                  "ref": "P349776.24.2",
                  "inst": "kur[mountain]N",
                  "exosig": "@dcclt%sux:kur-ra=kur[mountain//mountain(s)]N'N$kur,ak/kur+-ra=r.a#~,ak",
                  "exoprj": "epsd2",
                  "exolng": "sux",
                  "f": {
                    "lang": "sux",
                    "form": "kur-ra",
                    "gdl": [
                      {
                        "v": "kur",
                        "id": "P349776.24.2.0",
                        "break": "damaged",
                        "queried": "1",
                        "ho": "1",
                        "delim": "-",
                        "hc": "1"
                      },
                      {
                        "v": "ra",
                        "id": "P349776.24.2.1"
                      }
                    ],
                    "cf": "kur",
                    "gw": "mountain",
                    "sense": "mountain(s)",
                    "norm0": "kur,ak",
                    "pos": "N",
                    "epos": "N",
                    "base": "kur",
                    "cont": "-ra=r.a",
                    "morph": "~,ak"
                  }
                },
                {
                  "node": "d",
                  "type": "field-end",
                  "subtype": "wp"
                },
                {
                  "node": "d",
                  "type": "cell-end"
                },
                {
                  "node": "d",
                  "type": "cell-start"
                },
                {
                  "node": "d",
                  "type": "field-start",
                  "subtype": "eq"
                },
                {
                  "node": "l",
                  "frag": "[...]",
                  "id": "P349776.l52f7b",
                  "ref": "P349776.24.3",
                  "inst": "u",
                  "f": {
                    "lang": "akk-x-stdbab",
                    "form": "x",
                    "gdl": [
                      {
                        "x": "ellipsis",
                        "id": "P349776.24.3.0",
                        "breakStart": "1",
                        "break": "missing",
                        "o": "]",
                        "breakEnd": "P349776.24.3.0"
                      }
                    ],
                    "pos": "u"
                  }
                },
                {
                  "node": "d",
                  "type": "field-end",
                  "subtype": "eq"
                },
                {
                  "node": "d",
                  "type": "cell-end"
                }
              ]
            },
            {
              "node": "c",
              "type": "sentence",
              "implicit": "yes",
              "tag": "#auto",
              "id": "P349776.U24",
              "label": "r 12'",
              "cdl": [
                {
                  "node": "d",
                  "type": "line-start",
                  "ref": "P349776.25",
                  "n": "12'",
                  "label": "r 12'"
                },
                {
                  "node": "d",
                  "type": "cell-start"
                },
                {
                  "node": "d",
                  "type": "field-start",
                  "subtype": "wp"
                },
                {
                  "node": "l",
                  "frag": "[udu",
                  "id": "P349776.l52f7c",
                  "ref": "P349776.25.1",
                  "inst": "udu[sheep]N",
                  "exosig": "@dcclt%sux:udu=udu[sheep//sheep]N'N$udu/udu#~",
                  "exoprj": "epsd2",
                  "exolng": "sux",
                  "f": {
                    "lang": "sux",
                    "form": "udu",
                    "delim": "",
                    "gdl": [
                      {
                        "v": "udu",
                        "id": "P349776.25.1.0",
                        "breakStart": "1",
                        "o": "[",
                        "break": "missing"
                      }
                    ],
                    "cf": "udu",
                    "gw": "sheep",
                    "sense": "sheep",
                    "norm0": "udu",
                    "pos": "N",
                    "epos": "N",
                    "base": "udu",
                    "morph": "~"
                  }
                },
                {
                  "node": "l",
                  "frag": "diŋir]-ra",
                  "id": "P349776.l52f7d",
                  "ref": "P349776.25.2",
                  "inst": "diŋir[god]N",
                  "exosig": "@dcclt%sux:diŋir-ra=diŋir[deity//deity, god, goddess]N'N$diŋir,ak/diŋir+-ra=r.a#~,ak",
                  "exoprj": "epsd2",
                  "exolng": "sux",
                  "f": {
                    "lang": "sux",
                    "form": "diŋir-ra",
                    "gdl": [
                      {
                        "v": "diŋir",
                        "id": "P349776.25.2.0",
                        "queried": "1",
                        "break": "missing",
                        "o": "]",
                        "breakEnd": "P349776.25.1.0",
                        "delim": "-"
                      },
                      {
                        "v": "ra",
                        "id": "P349776.25.2.1"
                      }
                    ],
                    "cf": "diŋir",
                    "gw": "deity",
                    "sense": "deity, god, goddess",
                    "norm0": "diŋir,ak",
                    "pos": "N",
                    "epos": "N",
                    "base": "diŋir",
                    "cont": "-ra=r.a",
                    "morph": "~,ak"
                  }
                },
                {
                  "node": "d",
                  "type": "field-end",
                  "subtype": "wp"
                },
                {
                  "node": "d",
                  "type": "cell-end"
                },
                {
                  "node": "d",
                  "type": "cell-start"
                },
                {
                  "node": "d",
                  "type": "field-start",
                  "subtype": "eq"
                },
                {
                  "node": "l",
                  "frag": "[...]",
                  "id": "P349776.l52f7e",
                  "ref": "P349776.25.3",
                  "inst": "u",
                  "f": {
                    "lang": "akk-x-stdbab",
                    "form": "x",
                    "gdl": [
                      {
                        "x": "ellipsis",
                        "id": "P349776.25.3.0",
                        "breakStart": "1",
                        "break": "missing",
                        "o": "]",
                        "breakEnd": "P349776.25.3.0"
                      }
                    ],
                    "pos": "u"
                  }
                },
                {
                  "node": "d",
                  "type": "field-end",
                  "subtype": "eq"
                },
                {
                  "node": "d",
                  "type": "cell-end"
                },
                {
                  "node": "d",
                  "type": "nonx",
                  "ref": "P349776.26",
                  "strict": "0",
                  "extent": "rest",
                  "state": "missing"
                }
              ]
            }
          ]
        }
      ]
    }
  ]
}
