{
  "type": "cdl",
  "project": "dcclt",
  "source": "http://oracc.org/dcclt",
  "license": "This data is released under the CC0 license",
  "license-url": "https://creativecommons.org/publicdomain/zero/1.0/",
  "more-info": "http://oracc.org/doc/opendata/",
  "UTC-timestamp": "2019-01-29T00:17:30",
  "textid": "P368872",
  "cdl": [
    {
      "node": "c",
      "type": "text",
      "id": "P368872.U0",
      "cdl": [
        {
          "node": "d",
          "subtype": "tablet",
          "type": "tablet",
          "ref": "P368872.x658.1",
          "label": "x658"
        },
        {
          "node": "d",
          "subtype": "obverse",
          "type": "obverse",
          "ref": "P368872.o.2",
          "label": "o"
        },
        {
          "node": "c",
          "type": "discourse",
          "subtype": "body",
          "id": "P368872.U1",
          "cdl": [
            {
              "node": "c",
              "type": "sentence",
              "implicit": "yes",
              "id": "P368872.U2",
              "label": "o 1",
              "cdl": [
                {
                  "node": "d",
                  "type": "line-start",
                  "ref": "P368872.3",
                  "n": "1",
                  "label": "o 1"
                },
                {
                  "node": "l",
                  "frag": "men",
                  "id": "P368872.l18fbc",
                  "ref": "P368872.3.1",
                  "inst": "%sux:men=",
                  "f": {
                    "lang": "sux",
                    "form": "men",
                    "gdl": [
                      {
                        "v": "men",
                        "id": "P368872.3.1.0"
                      }
                    ]
                  }
                }
              ]
            },
            {
              "node": "c",
              "type": "sentence",
              "implicit": "yes",
              "tag": "#auto",
              "id": "P368872.U4",
              "label": "o 2",
              "cdl": [
                {
                  "node": "d",
                  "type": "line-start",
                  "ref": "P368872.4",
                  "n": "2",
                  "label": "o 2"
                },
                {
                  "node": "l",
                  "frag": "[...]-PA",
                  "id": "P368872.l18fbd",
                  "ref": "P368872.4.1",
                  "inst": "%sux:x-PA=",
                  "f": {
                    "lang": "sux",
                    "form": "x-PA",
                    "gdl": [
                      {
                        "x": "ellipsis",
                        "id": "P368872.4.1.0",
                        "breakStart": "1",
                        "break": "missing",
                        "o": "]",
                        "breakEnd": "P368872.4.1.0",
                        "delim": "-"
                      },
                      {
                        "s": "PA",
                        "id": "P368872.4.1.1"
                      }
                    ]
                  }
                }
              ]
            },
            {
              "node": "c",
              "type": "sentence",
              "implicit": "yes",
              "tag": "#auto",
              "id": "P368872.U6",
              "label": "o 3",
              "cdl": [
                {
                  "node": "d",
                  "type": "line-start",
                  "ref": "P368872.5",
                  "n": "3",
                  "label": "o 3"
                },
                {
                  "node": "l",
                  "frag": "pad",
                  "id": "P368872.l18fbe",
                  "ref": "P368872.5.1",
                  "inst": "%sux:pad=",
                  "f": {
                    "lang": "sux",
                    "form": "pad",
                    "gdl": [
                      {
                        "v": "pad",
                        "id": "P368872.5.1.0"
                      }
                    ]
                  }
                }
              ]
            },
            {
              "node": "c",
              "type": "sentence",
              "implicit": "yes",
              "tag": "#auto",
              "id": "P368872.U8",
              "label": "o 4",
              "cdl": [
                {
                  "node": "d",
                  "type": "line-start",
                  "ref": "P368872.6",
                  "n": "4",
                  "label": "o 4"
                },
                {
                  "node": "l",
                  "frag": "⸢x⸣-RI",
                  "id": "P368872.l18fbf",
                  "ref": "P368872.6.1",
                  "inst": "%sux:x-RI=",
                  "f": {
                    "lang": "sux",
                    "form": "x-RI",
                    "gdl": [
                      {
                        "v": "x",
                        "id": "P368872.6.1.0",
                        "break": "damaged",
                        "ho": "1",
                        "delim": "-",
                        "hc": "1"
                      },
                      {
                        "s": "RI",
                        "id": "P368872.6.1.1"
                      }
                    ]
                  }
                }
              ]
            },
            {
              "node": "c",
              "type": "sentence",
              "implicit": "yes",
              "tag": "#auto",
              "id": "P368872.U10",
              "label": "o 5",
              "cdl": [
                {
                  "node": "d",
                  "type": "line-start",
                  "ref": "P368872.7",
                  "n": "5",
                  "label": "o 5"
                },
                {
                  "node": "l",
                  "frag": "⸢an⸣-RI",
                  "id": "P368872.l18fc0",
                  "ref": "P368872.7.1",
                  "inst": "%sux:an-RI=",
                  "f": {
                    "lang": "sux",
                    "form": "an-RI",
                    "gdl": [
                      {
                        "v": "an",
                        "id": "P368872.7.1.0",
                        "break": "damaged",
                        "ho": "1",
                        "delim": "-",
                        "hc": "1"
                      },
                      {
                        "s": "RI",
                        "id": "P368872.7.1.1"
                      }
                    ]
                  }
                }
              ]
            },
            {
              "node": "c",
              "type": "sentence",
              "implicit": "yes",
              "tag": "#auto",
              "id": "P368872.U12",
              "label": "o 6",
              "cdl": [
                {
                  "node": "d",
                  "type": "line-start",
                  "ref": "P368872.8",
                  "n": "6",
                  "label": "o 6"
                },
                {
                  "node": "l",
                  "frag": "[...]",
                  "id": "P368872.l18fc1",
                  "ref": "P368872.8.1",
                  "inst": "%sux:x=",
                  "f": {
                    "lang": "sux",
                    "form": "x",
                    "delim": "",
                    "gdl": [
                      {
                        "x": "ellipsis",
                        "id": "P368872.8.1.0",
                        "breakStart": "1",
                        "break": "missing",
                        "o": "]",
                        "breakEnd": "P368872.8.1.0"
                      }
                    ]
                  }
                },
                {
                  "node": "l",
                  "frag": "su₃-su₃",
                  "id": "P368872.l18fc2",
                  "ref": "P368872.8.2",
                  "inst": "%sux:su₃-su₃=",
                  "f": {
                    "lang": "sux",
                    "form": "su₃-su₃",
                    "gdl": [
                      {
                        "v": "su₃",
                        "id": "P368872.8.2.0",
                        "delim": "-"
                      },
                      {
                        "v": "su₃",
                        "id": "P368872.8.2.1"
                      }
                    ]
                  }
                }
              ]
            },
            {
              "node": "c",
              "type": "sentence",
              "implicit": "yes",
              "tag": "#auto",
              "id": "P368872.U14",
              "label": "o 7",
              "cdl": [
                {
                  "node": "d",
                  "type": "line-start",
                  "ref": "P368872.9",
                  "n": "7",
                  "label": "o 7"
                },
                {
                  "node": "l",
                  "frag": "[...]-bi",
                  "id": "P368872.l18fc3",
                  "ref": "P368872.9.1",
                  "inst": "%sux:x-bi=",
                  "f": {
                    "lang": "sux",
                    "form": "x-bi",
                    "gdl": [
                      {
                        "x": "ellipsis",
                        "id": "P368872.9.1.0",
                        "breakStart": "1",
                        "break": "missing",
                        "o": "]",
                        "breakEnd": "P368872.9.1.0",
                        "delim": "-"
                      },
                      {
                        "v": "bi",
                        "id": "P368872.9.1.1"
                      }
                    ]
                  }
                }
              ]
            },
            {
              "node": "c",
              "type": "sentence",
              "implicit": "yes",
              "tag": "#auto",
              "id": "P368872.U16",
              "label": "o 8",
              "cdl": [
                {
                  "node": "d",
                  "type": "line-start",
                  "ref": "P368872.10",
                  "n": "8",
                  "label": "o 8"
                },
                {
                  "node": "l",
                  "frag": "[...]",
                  "id": "P368872.l18fc4",
                  "ref": "P368872.10.1",
                  "inst": "%sux:x=",
                  "f": {
                    "lang": "sux",
                    "form": "x",
                    "delim": "",
                    "gdl": [
                      {
                        "x": "ellipsis",
                        "id": "P368872.10.1.0",
                        "breakStart": "1",
                        "break": "missing",
                        "o": "]",
                        "breakEnd": "P368872.10.1.0"
                      }
                    ]
                  }
                },
                {
                  "node": "l",
                  "frag": "de₂-a",
                  "id": "P368872.l18fc5",
                  "ref": "P368872.10.2",
                  "inst": "%sux:de₂-a=",
                  "f": {
                    "lang": "sux",
                    "form": "de₂-a",
                    "gdl": [
                      {
                        "v": "de₂",
                        "id": "P368872.10.2.0",
                        "delim": "-"
                      },
                      {
                        "v": "a",
                        "id": "P368872.10.2.1"
                      }
                    ]
                  }
                }
              ]
            },
            {
              "node": "c",
              "type": "sentence",
              "implicit": "yes",
              "tag": "#auto",
              "id": "P368872.U18",
              "label": "o 9",
              "cdl": [
                {
                  "node": "d",
                  "type": "line-start",
                  "ref": "P368872.11",
                  "n": "9",
                  "label": "o 9"
                },
                {
                  "node": "l",
                  "frag": "[...]",
                  "id": "P368872.l18fc6",
                  "ref": "P368872.11.1",
                  "inst": "%sux:x=",
                  "f": {
                    "lang": "sux",
                    "form": "x",
                    "delim": "",
                    "gdl": [
                      {
                        "x": "ellipsis",
                        "id": "P368872.11.1.0",
                        "breakStart": "1",
                        "break": "missing",
                        "o": "]",
                        "breakEnd": "P368872.11.1.0"
                      }
                    ]
                  }
                },
                {
                  "node": "l",
                  "frag": "de₂-a",
                  "id": "P368872.l18fc7",
                  "ref": "P368872.11.2",
                  "inst": "%sux:de₂-a=",
                  "f": {
                    "lang": "sux",
                    "form": "de₂-a",
                    "gdl": [
                      {
                        "v": "de₂",
                        "id": "P368872.11.2.0",
                        "delim": "-"
                      },
                      {
                        "v": "a",
                        "id": "P368872.11.2.1"
                      }
                    ]
                  }
                }
              ]
            },
            {
              "node": "c",
              "type": "sentence",
              "implicit": "yes",
              "tag": "#auto",
              "id": "P368872.U20",
              "label": "o 10",
              "cdl": [
                {
                  "node": "d",
                  "type": "line-start",
                  "ref": "P368872.12",
                  "n": "10",
                  "label": "o 10"
                },
                {
                  "node": "l",
                  "frag": "[...]",
                  "id": "P368872.l18fc8",
                  "ref": "P368872.12.1",
                  "inst": "%sux:x=",
                  "f": {
                    "lang": "sux",
                    "form": "x",
                    "delim": "",
                    "gdl": [
                      {
                        "x": "ellipsis",
                        "id": "P368872.12.1.0",
                        "breakStart": "1",
                        "break": "missing",
                        "o": "]",
                        "breakEnd": "P368872.12.1.0"
                      }
                    ]
                  }
                },
                {
                  "node": "l",
                  "frag": "gi₄-⸢a⸣",
                  "id": "P368872.l18fc9",
                  "ref": "P368872.12.2",
                  "inst": "%sux:gi₄-a=",
                  "f": {
                    "lang": "sux",
                    "form": "gi₄-a",
                    "gdl": [
                      {
                        "v": "gi₄",
                        "id": "P368872.12.2.0",
                        "delim": "-"
                      },
                      {
                        "v": "a",
                        "id": "P368872.12.2.1",
                        "break": "damaged",
                        "ho": "1",
                        "hc": "1"
                      }
                    ]
                  }
                }
              ]
            },
            {
              "node": "c",
              "type": "sentence",
              "implicit": "yes",
              "tag": "#auto",
              "id": "P368872.U22",
              "label": "o 11",
              "cdl": [
                {
                  "node": "d",
                  "type": "line-start",
                  "ref": "P368872.13",
                  "n": "11",
                  "label": "o 11"
                },
                {
                  "node": "l",
                  "frag": "[...]-gi₄-[...]",
                  "id": "P368872.l18fca",
                  "ref": "P368872.13.1",
                  "inst": "%sux:x-gi₄-x=",
                  "f": {
                    "lang": "sux",
                    "form": "x-gi₄-x",
                    "gdl": [
                      {
                        "x": "ellipsis",
                        "id": "P368872.13.1.0",
                        "breakStart": "1",
                        "break": "missing",
                        "o": "]",
                        "breakEnd": "P368872.13.1.0",
                        "delim": "-"
                      },
                      {
                        "v": "gi₄",
                        "id": "P368872.13.1.1",
                        "delim": "-"
                      },
                      {
                        "x": "ellipsis",
                        "id": "P368872.13.1.2",
                        "breakStart": "1",
                        "break": "missing",
                        "o": "]",
                        "breakEnd": "P368872.13.1.2"
                      }
                    ]
                  }
                },
                {
                  "node": "d",
                  "type": "nonx",
                  "ref": "P368872.14",
                  "strict": "1",
                  "extent": "n",
                  "scope": "line",
                  "state": "missing"
                },
                {
                  "node": "d",
                  "subtype": "reverse",
                  "type": "reverse",
                  "ref": "P368872.r.15",
                  "label": "r"
                },
                {
                  "node": "d",
                  "subtype": "column 1r '",
                  "type": "column",
                  "ref": "P368872.r.i_.16",
                  "n": "1",
                  "label": "r i'"
                },
                {
                  "node": "d",
                  "type": "nonx",
                  "ref": "P368872.17",
                  "strict": "1",
                  "extent": "n",
                  "scope": "line",
                  "state": "missing"
                }
              ]
            },
            {
              "node": "c",
              "type": "sentence",
              "implicit": "yes",
              "tag": "#auto",
              "id": "P368872.U24",
              "label": "r i' 1'",
              "cdl": [
                {
                  "node": "d",
                  "type": "line-start",
                  "ref": "P368872.18",
                  "n": "1'",
                  "label": "r i' 1'"
                },
                {
                  "node": "l",
                  "frag": "1(AŠ)",
                  "id": "P368872.l18fcb",
                  "ref": "P368872.18.1",
                  "inst": "%sux:1(AŠ)=",
                  "f": {
                    "lang": "sux",
                    "form": "1(AŠ)",
                    "delim": "",
                    "gdl": [
                      {
                        "n": "n",
                        "form": "1(AŠ)",
                        "id": "P368872.18.1.0",
                        "seq": [
                          {
                            "r": "1"
                          },
                          {
                            "s": "AŠ"
                          }
                        ]
                      }
                    ]
                  }
                },
                {
                  "node": "l",
                  "frag": "3(BARIG)",
                  "id": "P368872.l18fcc",
                  "ref": "P368872.18.2",
                  "inst": "%sux:3(BARIG)=",
                  "f": {
                    "lang": "sux",
                    "form": "3(BARIG)",
                    "delim": "",
                    "gdl": [
                      {
                        "n": "n",
                        "form": "3(BARIG)",
                        "id": "P368872.18.2.0",
                        "break": "damaged",
                        "ho": "1",
                        "hc": "1",
                        "seq": [
                          {
                            "r": "3"
                          },
                          {
                            "s": "BARIG"
                          }
                        ]
                      }
                    ]
                  }
                },
                {
                  "node": "l",
                  "frag": "[gur",
                  "id": "P368872.l18fcd",
                  "ref": "P368872.18.3",
                  "inst": "%sux:gur=",
                  "f": {
                    "lang": "sux",
                    "form": "gur",
                    "delim": "",
                    "gdl": [
                      {
                        "v": "gur",
                        "id": "P368872.18.3.0",
                        "breakStart": "1",
                        "o": "[",
                        "break": "missing"
                      }
                    ]
                  }
                },
                {
                  "node": "l",
                  "frag": "...]",
                  "id": "P368872.l18fce",
                  "ref": "P368872.18.4",
                  "inst": "%sux:x=",
                  "f": {
                    "lang": "sux",
                    "form": "x",
                    "gdl": [
                      {
                        "x": "ellipsis",
                        "id": "P368872.18.4.0",
                        "break": "missing",
                        "o": "]",
                        "breakEnd": "P368872.18.3.0"
                      }
                    ]
                  }
                }
              ]
            },
            {
              "node": "c",
              "type": "sentence",
              "implicit": "yes",
              "tag": "#auto",
              "id": "P368872.U26",
              "label": "r i' 2'",
              "cdl": [
                {
                  "node": "d",
                  "type": "line-start",
                  "ref": "P368872.19",
                  "n": "2'",
                  "label": "r i' 2'"
                },
                {
                  "node": "l",
                  "frag": "1(AŠ)",
                  "id": "P368872.l18fcf",
                  "ref": "P368872.19.1",
                  "inst": "%sux:1(AŠ)=",
                  "f": {
                    "lang": "sux",
                    "form": "1(AŠ)",
                    "delim": "",
                    "gdl": [
                      {
                        "n": "n",
                        "form": "1(AŠ)",
                        "id": "P368872.19.1.0",
                        "seq": [
                          {
                            "r": "1"
                          },
                          {
                            "s": "AŠ"
                          }
                        ]
                      }
                    ]
                  }
                },
                {
                  "node": "l",
                  "frag": "4(BARIG)",
                  "id": "P368872.l18fd0",
                  "ref": "P368872.19.2",
                  "inst": "%sux:4(BARIG)=",
                  "f": {
                    "lang": "sux",
                    "form": "4(BARIG)",
                    "delim": "",
                    "gdl": [
                      {
                        "n": "n",
                        "form": "4(BARIG)",
                        "id": "P368872.19.2.0",
                        "break": "damaged",
                        "ho": "1",
                        "seq": [
                          {
                            "r": "4"
                          },
                          {
                            "s": "BARIG"
                          }
                        ]
                      }
                    ]
                  }
                },
                {
                  "node": "l",
                  "frag": "gur⸣",
                  "id": "P368872.l18fd1",
                  "ref": "P368872.19.3",
                  "inst": "%sux:gur=",
                  "f": {
                    "lang": "sux",
                    "form": "gur",
                    "delim": "",
                    "gdl": [
                      {
                        "v": "gur",
                        "id": "P368872.19.3.0",
                        "break": "damaged",
                        "hc": "1"
                      }
                    ]
                  }
                },
                {
                  "node": "l",
                  "frag": "[...]",
                  "id": "P368872.l18fd2",
                  "ref": "P368872.19.4",
                  "inst": "%sux:x=",
                  "f": {
                    "lang": "sux",
                    "form": "x",
                    "gdl": [
                      {
                        "x": "ellipsis",
                        "id": "P368872.19.4.0",
                        "breakStart": "1",
                        "break": "missing",
                        "o": "]",
                        "breakEnd": "P368872.19.4.0"
                      }
                    ]
                  }
                }
              ]
            },
            {
              "node": "c",
              "type": "sentence",
              "implicit": "yes",
              "tag": "#auto",
              "id": "P368872.U28",
              "label": "r i' 3'",
              "cdl": [
                {
                  "node": "d",
                  "type": "line-start",
                  "ref": "P368872.20",
                  "n": "3'",
                  "label": "r i' 3'"
                },
                {
                  "node": "l",
                  "frag": "2(AŠ)",
                  "id": "P368872.l18fd3",
                  "ref": "P368872.20.1",
                  "inst": "%sux:2(AŠ)=",
                  "f": {
                    "lang": "sux",
                    "form": "2(AŠ)",
                    "delim": "",
                    "gdl": [
                      {
                        "n": "n",
                        "form": "2(AŠ)",
                        "id": "P368872.20.1.0",
                        "seq": [
                          {
                            "r": "2"
                          },
                          {
                            "s": "AŠ"
                          }
                        ]
                      }
                    ]
                  }
                },
                {
                  "node": "l",
                  "frag": "gur",
                  "id": "P368872.l18fd4",
                  "ref": "P368872.20.2",
                  "inst": "%sux:gur=",
                  "f": {
                    "lang": "sux",
                    "form": "gur",
                    "delim": "",
                    "gdl": [
                      {
                        "v": "gur",
                        "id": "P368872.20.2.0"
                      }
                    ]
                  }
                },
                {
                  "node": "l",
                  "frag": "[...]",
                  "id": "P368872.l18fd5",
                  "ref": "P368872.20.3",
                  "inst": "%sux:x=",
                  "f": {
                    "lang": "sux",
                    "form": "x",
                    "gdl": [
                      {
                        "x": "ellipsis",
                        "id": "P368872.20.3.0",
                        "breakStart": "1",
                        "break": "missing",
                        "o": "]",
                        "breakEnd": "P368872.20.3.0"
                      }
                    ]
                  }
                }
              ]
            },
            {
              "node": "c",
              "type": "sentence",
              "implicit": "yes",
              "tag": "#auto",
              "id": "P368872.U30",
              "label": "r i' 4'",
              "cdl": [
                {
                  "node": "d",
                  "type": "line-start",
                  "ref": "P368872.21",
                  "n": "4'",
                  "label": "r i' 4'"
                },
                {
                  "node": "l",
                  "frag": "3(AŠ)",
                  "id": "P368872.l18fd6",
                  "ref": "P368872.21.1",
                  "inst": "%sux:3(AŠ)=",
                  "f": {
                    "lang": "sux",
                    "form": "3(AŠ)",
                    "delim": "",
                    "gdl": [
                      {
                        "n": "n",
                        "form": "3(AŠ)",
                        "id": "P368872.21.1.0",
                        "seq": [
                          {
                            "r": "3"
                          },
                          {
                            "s": "AŠ"
                          }
                        ]
                      }
                    ]
                  }
                },
                {
                  "node": "l",
                  "frag": "gur",
                  "id": "P368872.l18fd7",
                  "ref": "P368872.21.2",
                  "inst": "%sux:gur=",
                  "f": {
                    "lang": "sux",
                    "form": "gur",
                    "delim": "",
                    "gdl": [
                      {
                        "v": "gur",
                        "id": "P368872.21.2.0"
                      }
                    ]
                  }
                },
                {
                  "node": "l",
                  "frag": "[...]",
                  "id": "P368872.l18fd8",
                  "ref": "P368872.21.3",
                  "inst": "%sux:x=",
                  "f": {
                    "lang": "sux",
                    "form": "x",
                    "gdl": [
                      {
                        "x": "ellipsis",
                        "id": "P368872.21.3.0",
                        "breakStart": "1",
                        "break": "missing",
                        "o": "]",
                        "breakEnd": "P368872.21.3.0"
                      }
                    ]
                  }
                }
              ]
            },
            {
              "node": "c",
              "type": "sentence",
              "implicit": "yes",
              "tag": "#auto",
              "id": "P368872.U32",
              "label": "r i' 5'",
              "cdl": [
                {
                  "node": "d",
                  "type": "line-start",
                  "ref": "P368872.22",
                  "n": "5'",
                  "label": "r i' 5'"
                },
                {
                  "node": "l",
                  "frag": "4(AŠ)",
                  "id": "P368872.l18fd9",
                  "ref": "P368872.22.1",
                  "inst": "%sux:4(AŠ)=",
                  "f": {
                    "lang": "sux",
                    "form": "4(AŠ)",
                    "delim": "",
                    "gdl": [
                      {
                        "n": "n",
                        "form": "4(AŠ)",
                        "id": "P368872.22.1.0",
                        "seq": [
                          {
                            "r": "4"
                          },
                          {
                            "s": "AŠ"
                          }
                        ]
                      }
                    ]
                  }
                },
                {
                  "node": "l",
                  "frag": "gur",
                  "id": "P368872.l18fda",
                  "ref": "P368872.22.2",
                  "inst": "%sux:gur=",
                  "f": {
                    "lang": "sux",
                    "form": "gur",
                    "delim": "",
                    "gdl": [
                      {
                        "v": "gur",
                        "id": "P368872.22.2.0"
                      }
                    ]
                  }
                },
                {
                  "node": "l",
                  "frag": "[...]",
                  "id": "P368872.l18fdb",
                  "ref": "P368872.22.3",
                  "inst": "%sux:x=",
                  "f": {
                    "lang": "sux",
                    "form": "x",
                    "gdl": [
                      {
                        "x": "ellipsis",
                        "id": "P368872.22.3.0",
                        "breakStart": "1",
                        "break": "missing",
                        "o": "]",
                        "breakEnd": "P368872.22.3.0"
                      }
                    ]
                  }
                }
              ]
            },
            {
              "node": "c",
              "type": "sentence",
              "implicit": "yes",
              "tag": "#auto",
              "id": "P368872.U34",
              "label": "r i' 6'",
              "cdl": [
                {
                  "node": "d",
                  "type": "line-start",
                  "ref": "P368872.23",
                  "n": "6'",
                  "label": "r i' 6'"
                },
                {
                  "node": "l",
                  "frag": "5(AŠ)",
                  "id": "P368872.l18fdc",
                  "ref": "P368872.23.1",
                  "inst": "%sux:5(AŠ)=",
                  "f": {
                    "lang": "sux",
                    "form": "5(AŠ)",
                    "delim": "",
                    "gdl": [
                      {
                        "n": "n",
                        "form": "5(AŠ)",
                        "id": "P368872.23.1.0",
                        "seq": [
                          {
                            "r": "5"
                          },
                          {
                            "s": "AŠ"
                          }
                        ]
                      }
                    ]
                  }
                },
                {
                  "node": "l",
                  "frag": "gur",
                  "id": "P368872.l18fdd",
                  "ref": "P368872.23.2",
                  "inst": "%sux:gur=",
                  "f": {
                    "lang": "sux",
                    "form": "gur",
                    "delim": "",
                    "gdl": [
                      {
                        "v": "gur",
                        "id": "P368872.23.2.0"
                      }
                    ]
                  }
                },
                {
                  "node": "l",
                  "frag": "[...]",
                  "id": "P368872.l18fde",
                  "ref": "P368872.23.3",
                  "inst": "%sux:x=",
                  "f": {
                    "lang": "sux",
                    "form": "x",
                    "gdl": [
                      {
                        "x": "ellipsis",
                        "id": "P368872.23.3.0",
                        "breakStart": "1",
                        "break": "missing",
                        "o": "]",
                        "breakEnd": "P368872.23.3.0"
                      }
                    ]
                  }
                }
              ]
            },
            {
              "node": "c",
              "type": "sentence",
              "implicit": "yes",
              "tag": "#auto",
              "id": "P368872.U36",
              "label": "r i' 7'",
              "cdl": [
                {
                  "node": "d",
                  "type": "line-start",
                  "ref": "P368872.24",
                  "n": "7'",
                  "label": "r i' 7'"
                },
                {
                  "node": "l",
                  "frag": "6(AŠ)",
                  "id": "P368872.l18fdf",
                  "ref": "P368872.24.1",
                  "inst": "%sux:6(AŠ)=",
                  "f": {
                    "lang": "sux",
                    "form": "6(AŠ)",
                    "delim": "",
                    "gdl": [
                      {
                        "n": "n",
                        "form": "6(AŠ)",
                        "id": "P368872.24.1.0",
                        "seq": [
                          {
                            "r": "6"
                          },
                          {
                            "s": "AŠ"
                          }
                        ]
                      }
                    ]
                  }
                },
                {
                  "node": "l",
                  "frag": "gur",
                  "id": "P368872.l18fe0",
                  "ref": "P368872.24.2",
                  "inst": "%sux:gur=",
                  "f": {
                    "lang": "sux",
                    "form": "gur",
                    "delim": "",
                    "gdl": [
                      {
                        "v": "gur",
                        "id": "P368872.24.2.0"
                      }
                    ]
                  }
                },
                {
                  "node": "l",
                  "frag": "[...]",
                  "id": "P368872.l18fe1",
                  "ref": "P368872.24.3",
                  "inst": "%sux:x=",
                  "f": {
                    "lang": "sux",
                    "form": "x",
                    "gdl": [
                      {
                        "x": "ellipsis",
                        "id": "P368872.24.3.0",
                        "breakStart": "1",
                        "break": "missing",
                        "o": "]",
                        "breakEnd": "P368872.24.3.0"
                      }
                    ]
                  }
                }
              ]
            },
            {
              "node": "c",
              "type": "sentence",
              "implicit": "yes",
              "tag": "#auto",
              "id": "P368872.U38",
              "label": "r i' 8'",
              "cdl": [
                {
                  "node": "d",
                  "type": "line-start",
                  "ref": "P368872.25",
                  "n": "8'",
                  "label": "r i' 8'"
                },
                {
                  "node": "l",
                  "frag": "7(AŠ)",
                  "id": "P368872.l18fe2",
                  "ref": "P368872.25.1",
                  "inst": "%sux:7(AŠ)=",
                  "f": {
                    "lang": "sux",
                    "form": "7(AŠ)",
                    "delim": "",
                    "gdl": [
                      {
                        "n": "n",
                        "form": "7(AŠ)",
                        "id": "P368872.25.1.0",
                        "break": "damaged",
                        "ho": "1",
                        "hc": "1",
                        "seq": [
                          {
                            "r": "7"
                          },
                          {
                            "s": "AŠ"
                          }
                        ]
                      }
                    ]
                  }
                },
                {
                  "node": "l",
                  "frag": "[...]",
                  "id": "P368872.l18fe3",
                  "ref": "P368872.25.2",
                  "inst": "%sux:x=",
                  "f": {
                    "lang": "sux",
                    "form": "x",
                    "gdl": [
                      {
                        "x": "ellipsis",
                        "id": "P368872.25.2.0",
                        "breakStart": "1",
                        "break": "missing",
                        "o": "]",
                        "breakEnd": "P368872.25.2.0"
                      }
                    ]
                  }
                },
                {
                  "node": "d",
                  "type": "nonx",
                  "ref": "P368872.26",
                  "strict": "1",
                  "extent": "n",
                  "scope": "line",
                  "state": "missing"
                },
                {
                  "node": "d",
                  "subtype": "column 2r '",
                  "type": "column",
                  "ref": "P368872.r.ii_.27",
                  "n": "2",
                  "label": "r ii'"
                },
                {
                  "node": "d",
                  "type": "nonx",
                  "ref": "P368872.28",
                  "strict": "1",
                  "extent": "n",
                  "scope": "line",
                  "state": "missing"
                }
              ]
            },
            {
              "node": "c",
              "type": "sentence",
              "implicit": "yes",
              "tag": "#auto",
              "id": "P368872.U40",
              "label": "r ii' 1'",
              "cdl": [
                {
                  "node": "d",
                  "type": "line-start",
                  "ref": "P368872.29",
                  "n": "1'",
                  "label": "r ii' 1'"
                },
                {
                  "node": "l",
                  "frag": "[...]",
                  "id": "P368872.l18fe4",
                  "ref": "P368872.29.1",
                  "inst": "%sux:x=",
                  "f": {
                    "lang": "sux",
                    "form": "x",
                    "delim": "",
                    "gdl": [
                      {
                        "x": "ellipsis",
                        "id": "P368872.29.1.0",
                        "breakStart": "1",
                        "break": "missing",
                        "o": "]",
                        "breakEnd": "P368872.29.1.0"
                      }
                    ]
                  }
                },
                {
                  "node": "l",
                  "frag": "⸢gur",
                  "id": "P368872.l18fe5",
                  "ref": "P368872.29.2",
                  "inst": "%sux:gur=",
                  "f": {
                    "lang": "sux",
                    "form": "gur",
                    "delim": "",
                    "gdl": [
                      {
                        "v": "gur",
                        "id": "P368872.29.2.0",
                        "break": "damaged",
                        "ho": "1"
                      }
                    ]
                  }
                },
                {
                  "node": "l",
                  "frag": "6(DIŠ)",
                  "id": "P368872.l18fe6",
                  "ref": "P368872.29.3",
                  "inst": "%sux:6(DIŠ)=",
                  "f": {
                    "lang": "sux",
                    "form": "6(DIŠ)",
                    "delim": "",
                    "gdl": [
                      {
                        "n": "n",
                        "form": "6(DIŠ)",
                        "id": "P368872.29.3.0",
                        "break": "damaged",
                        "seq": [
                          {
                            "r": "6"
                          },
                          {
                            "s": "DIŠ"
                          }
                        ]
                      }
                    ]
                  }
                },
                {
                  "node": "l",
                  "frag": "4(U)",
                  "id": "P368872.l18fe7",
                  "ref": "P368872.29.4",
                  "inst": "%sux:4(U)=",
                  "f": {
                    "lang": "sux",
                    "form": "4(U)",
                    "gdl": [
                      {
                        "n": "n",
                        "form": "4(U)",
                        "id": "P368872.29.4.0",
                        "break": "damaged",
                        "hc": "1",
                        "seq": [
                          {
                            "r": "4"
                          },
                          {
                            "s": "U"
                          }
                        ]
                      }
                    ]
                  }
                }
              ]
            },
            {
              "node": "c",
              "type": "sentence",
              "implicit": "yes",
              "tag": "#auto",
              "id": "P368872.U42",
              "label": "r ii' 2'",
              "cdl": [
                {
                  "node": "d",
                  "type": "line-start",
                  "ref": "P368872.30",
                  "n": "2'",
                  "label": "r ii' 2'"
                },
                {
                  "node": "l",
                  "frag": "[...]",
                  "id": "P368872.l18fe8",
                  "ref": "P368872.30.1",
                  "inst": "%sux:x=",
                  "f": {
                    "lang": "sux",
                    "form": "x",
                    "delim": "",
                    "gdl": [
                      {
                        "x": "ellipsis",
                        "id": "P368872.30.1.0",
                        "breakStart": "1",
                        "break": "missing",
                        "o": "]",
                        "breakEnd": "P368872.30.1.0"
                      }
                    ]
                  }
                },
                {
                  "node": "l",
                  "frag": "⸢gur⸣",
                  "id": "P368872.l18fe9",
                  "ref": "P368872.30.2",
                  "inst": "%sux:gur=",
                  "f": {
                    "lang": "sux",
                    "form": "gur",
                    "delim": "",
                    "gdl": [
                      {
                        "v": "gur",
                        "id": "P368872.30.2.0",
                        "break": "damaged",
                        "ho": "1",
                        "hc": "1"
                      }
                    ]
                  }
                },
                {
                  "node": "l",
                  "frag": "7(DIŠ)",
                  "id": "P368872.l18fea",
                  "ref": "P368872.30.3",
                  "inst": "%sux:7(DIŠ)=",
                  "f": {
                    "lang": "sux",
                    "form": "7(DIŠ)",
                    "delim": "",
                    "gdl": [
                      {
                        "n": "n",
                        "form": "7(DIŠ)",
                        "id": "P368872.30.3.0",
                        "seq": [
                          {
                            "r": "7"
                          },
                          {
                            "s": "DIŠ"
                          }
                        ]
                      }
                    ]
                  }
                },
                {
                  "node": "l",
                  "frag": "3(U)",
                  "id": "P368872.l18feb",
                  "ref": "P368872.30.4",
                  "inst": "%sux:3(U)=",
                  "f": {
                    "lang": "sux",
                    "form": "3(U)",
                    "gdl": [
                      {
                        "n": "n",
                        "form": "3(U)",
                        "id": "P368872.30.4.0",
                        "seq": [
                          {
                            "r": "3"
                          },
                          {
                            "s": "U"
                          }
                        ]
                      }
                    ]
                  }
                }
              ]
            },
            {
              "node": "c",
              "type": "sentence",
              "implicit": "yes",
              "tag": "#auto",
              "id": "P368872.U44",
              "label": "r ii' 3'",
              "cdl": [
                {
                  "node": "d",
                  "type": "line-start",
                  "ref": "P368872.31",
                  "n": "3'",
                  "label": "r ii' 3'"
                },
                {
                  "node": "l",
                  "frag": "[...]",
                  "id": "P368872.l18fec",
                  "ref": "P368872.31.1",
                  "inst": "%sux:x=",
                  "f": {
                    "lang": "sux",
                    "form": "x",
                    "delim": "",
                    "gdl": [
                      {
                        "x": "ellipsis",
                        "id": "P368872.31.1.0",
                        "breakStart": "1",
                        "break": "missing",
                        "o": "]",
                        "breakEnd": "P368872.31.1.0"
                      }
                    ]
                  }
                },
                {
                  "node": "l",
                  "frag": "⸢gur⸣",
                  "id": "P368872.l18fed",
                  "ref": "P368872.31.2",
                  "inst": "%sux:gur=",
                  "f": {
                    "lang": "sux",
                    "form": "gur",
                    "delim": "",
                    "gdl": [
                      {
                        "v": "gur",
                        "id": "P368872.31.2.0",
                        "break": "damaged",
                        "ho": "1",
                        "hc": "1"
                      }
                    ]
                  }
                },
                {
                  "node": "l",
                  "frag": "8(DIŠ)",
                  "id": "P368872.l18fee",
                  "ref": "P368872.31.3",
                  "inst": "%sux:8(DIŠ)=",
                  "f": {
                    "lang": "sux",
                    "form": "8(DIŠ)",
                    "delim": "",
                    "gdl": [
                      {
                        "n": "n",
                        "form": "8(DIŠ)",
                        "id": "P368872.31.3.0",
                        "seq": [
                          {
                            "r": "8"
                          },
                          {
                            "s": "DIŠ"
                          }
                        ]
                      }
                    ]
                  }
                },
                {
                  "node": "l",
                  "frag": "2(U)",
                  "id": "P368872.l18fef",
                  "ref": "P368872.31.4",
                  "inst": "%sux:2(U)=",
                  "f": {
                    "lang": "sux",
                    "form": "2(U)",
                    "gdl": [
                      {
                        "n": "n",
                        "form": "2(U)",
                        "id": "P368872.31.4.0",
                        "seq": [
                          {
                            "r": "2"
                          },
                          {
                            "s": "U"
                          }
                        ]
                      }
                    ]
                  }
                }
              ]
            },
            {
              "node": "c",
              "type": "sentence",
              "implicit": "yes",
              "tag": "#auto",
              "id": "P368872.U46",
              "label": "r ii' 4'",
              "cdl": [
                {
                  "node": "d",
                  "type": "line-start",
                  "ref": "P368872.32",
                  "n": "4'",
                  "label": "r ii' 4'"
                },
                {
                  "node": "l",
                  "frag": "[...]",
                  "id": "P368872.l18ff0",
                  "ref": "P368872.32.1",
                  "inst": "%sux:x=",
                  "f": {
                    "lang": "sux",
                    "form": "x",
                    "delim": "",
                    "gdl": [
                      {
                        "x": "ellipsis",
                        "id": "P368872.32.1.0",
                        "breakStart": "1",
                        "break": "missing",
                        "o": "]",
                        "breakEnd": "P368872.32.1.0"
                      }
                    ]
                  }
                },
                {
                  "node": "l",
                  "frag": "⸢gur⸣",
                  "id": "P368872.l18ff1",
                  "ref": "P368872.32.2",
                  "inst": "%sux:gur=",
                  "f": {
                    "lang": "sux",
                    "form": "gur",
                    "delim": "",
                    "gdl": [
                      {
                        "v": "gur",
                        "id": "P368872.32.2.0",
                        "break": "damaged",
                        "ho": "1",
                        "hc": "1"
                      }
                    ]
                  }
                },
                {
                  "node": "l",
                  "frag": "9(DIŠ)",
                  "id": "P368872.l18ff2",
                  "ref": "P368872.32.3",
                  "inst": "%sux:9(DIŠ)=",
                  "f": {
                    "lang": "sux",
                    "form": "9(DIŠ)",
                    "delim": "",
                    "gdl": [
                      {
                        "n": "n",
                        "form": "9(DIŠ)",
                        "id": "P368872.32.3.0",
                        "seq": [
                          {
                            "r": "9"
                          },
                          {
                            "s": "DIŠ"
                          }
                        ]
                      }
                    ]
                  }
                },
                {
                  "node": "l",
                  "frag": "1(U)",
                  "id": "P368872.l18ff3",
                  "ref": "P368872.32.4",
                  "inst": "%sux:1(U)=",
                  "f": {
                    "lang": "sux",
                    "form": "1(U)",
                    "gdl": [
                      {
                        "n": "n",
                        "form": "1(U)",
                        "id": "P368872.32.4.0",
                        "seq": [
                          {
                            "r": "1"
                          },
                          {
                            "s": "U"
                          }
                        ]
                      }
                    ]
                  }
                }
              ]
            },
            {
              "node": "c",
              "type": "sentence",
              "implicit": "yes",
              "tag": "#auto",
              "id": "P368872.U48",
              "label": "r ii' 5'",
              "cdl": [
                {
                  "node": "d",
                  "type": "line-start",
                  "ref": "P368872.33",
                  "n": "5'",
                  "label": "r ii' 5'"
                },
                {
                  "node": "l",
                  "frag": "[...]",
                  "id": "P368872.l18ff4",
                  "ref": "P368872.33.1",
                  "inst": "%sux:x=",
                  "f": {
                    "lang": "sux",
                    "form": "x",
                    "delim": "",
                    "gdl": [
                      {
                        "x": "ellipsis",
                        "id": "P368872.33.1.0",
                        "breakStart": "1",
                        "break": "missing",
                        "o": "]",
                        "breakEnd": "P368872.33.1.0"
                      }
                    ]
                  }
                },
                {
                  "node": "l",
                  "frag": "1(U)",
                  "id": "P368872.l18ff5",
                  "ref": "P368872.33.2",
                  "inst": "%sux:1(U)=",
                  "f": {
                    "lang": "sux",
                    "form": "1(U)",
                    "gdl": [
                      {
                        "n": "n",
                        "form": "1(U)",
                        "id": "P368872.33.2.0",
                        "seq": [
                          {
                            "r": "1"
                          },
                          {
                            "s": "U"
                          }
                        ]
                      }
                    ]
                  }
                }
              ]
            },
            {
              "node": "c",
              "type": "sentence",
              "implicit": "yes",
              "tag": "#auto",
              "id": "P368872.U50",
              "label": "r ii' 6'",
              "cdl": [
                {
                  "node": "d",
                  "type": "line-start",
                  "ref": "P368872.34",
                  "n": "6'",
                  "label": "r ii' 6'"
                },
                {
                  "node": "l",
                  "frag": "[...]",
                  "id": "P368872.l18ff6",
                  "ref": "P368872.34.1",
                  "inst": "%sux:x=",
                  "f": {
                    "lang": "sux",
                    "form": "x",
                    "delim": "",
                    "gdl": [
                      {
                        "x": "ellipsis",
                        "id": "P368872.34.1.0",
                        "breakStart": "1",
                        "break": "missing",
                        "o": "]",
                        "breakEnd": "P368872.34.1.0"
                      }
                    ]
                  }
                },
                {
                  "node": "l",
                  "frag": "⸢x⸣",
                  "id": "P368872.l18ff7",
                  "ref": "P368872.34.2",
                  "inst": "%sux:x=",
                  "f": {
                    "lang": "sux",
                    "form": "x",
                    "gdl": [
                      {
                        "v": "x",
                        "id": "P368872.34.2.0",
                        "break": "damaged",
                        "ho": "1",
                        "hc": "1"
                      }
                    ]
                  }
                },
                {
                  "node": "d",
                  "type": "nonx",
                  "ref": "P368872.35",
                  "strict": "1",
                  "extent": "n",
                  "scope": "line",
                  "state": "missing"
                }
              ]
            }
          ]
        }
      ]
    }
  ]
}
