{
  "type": "cdl",
  "project": "dcclt",
  "source": "http://oracc.org/dcclt",
  "license": "This data is released under the CC0 license",
  "license-url": "https://creativecommons.org/publicdomain/zero/1.0/",
  "more-info": "http://oracc.org/doc/opendata/",
  "UTC-timestamp": "2019-01-29T00:17:36",
  "textid": "P370336",
  "cdl": [
    {
      "node": "c",
      "type": "text",
      "id": "P370336.U0",
      "cdl": [
        {
          "node": "d",
          "subtype": "tablet",
          "type": "tablet",
          "ref": "P370336.x1804.1",
          "label": "x1804"
        },
        {
          "node": "d",
          "subtype": "obverse",
          "type": "obverse",
          "ref": "P370336.o.2",
          "label": "o"
        },
        {
          "node": "d",
          "subtype": "column 1o '",
          "type": "column",
          "ref": "P370336.o.i_.3",
          "n": "1",
          "label": "o i'"
        },
        {
          "node": "d",
          "type": "nonx",
          "ref": "P370336.4",
          "strict": "0",
          "extent": "beginning",
          "state": "missing"
        },
        {
          "node": "c",
          "type": "discourse",
          "subtype": "body",
          "id": "P370336.U1",
          "cdl": [
            {
              "node": "c",
              "type": "sentence",
              "implicit": "yes",
              "id": "P370336.U2",
              "label": "o i' 1'",
              "cdl": [
                {
                  "node": "d",
                  "type": "line-start",
                  "ref": "P370336.5",
                  "n": "1'",
                  "label": "o i' 1'"
                },
                {
                  "node": "d",
                  "type": "cell-start"
                },
                {
                  "node": "d",
                  "type": "field-start",
                  "subtype": "wp"
                },
                {
                  "node": "l",
                  "frag": "[...]",
                  "id": "P370336.l3edb5",
                  "ref": "P370336.5.1",
                  "inst": "%sux:x=",
                  "f": {
                    "lang": "sux",
                    "form": "x",
                    "gdl": [
                      {
                        "x": "ellipsis",
                        "id": "P370336.5.1.0",
                        "breakStart": "1",
                        "break": "missing",
                        "o": "]",
                        "breakEnd": "P370336.5.1.0"
                      }
                    ]
                  }
                },
                {
                  "node": "d",
                  "type": "field-end",
                  "subtype": "wp"
                },
                {
                  "node": "d",
                  "type": "cell-end"
                },
                {
                  "node": "d",
                  "type": "cell-start"
                },
                {
                  "node": "d",
                  "type": "field-start",
                  "subtype": "eq"
                },
                {
                  "node": "l",
                  "frag": "[...]-⸢x⸣",
                  "id": "P370336.l3edb6",
                  "ref": "P370336.5.2",
                  "inst": "%akk-x-stdbab:x-x=",
                  "f": {
                    "lang": "akk-x-stdbab",
                    "form": "x-x",
                    "gdl": [
                      {
                        "x": "ellipsis",
                        "id": "P370336.5.2.0",
                        "breakStart": "1",
                        "break": "missing",
                        "o": "]",
                        "breakEnd": "P370336.5.2.0",
                        "delim": "-"
                      },
                      {
                        "v": "x",
                        "id": "P370336.5.2.1",
                        "break": "damaged",
                        "ho": "1",
                        "hc": "1"
                      }
                    ]
                  }
                },
                {
                  "node": "d",
                  "type": "field-end",
                  "subtype": "eq"
                },
                {
                  "node": "d",
                  "type": "cell-end"
                }
              ]
            },
            {
              "node": "c",
              "type": "sentence",
              "implicit": "yes",
              "tag": "#auto",
              "id": "P370336.U4",
              "label": "o i' 2'",
              "cdl": [
                {
                  "node": "d",
                  "type": "line-start",
                  "ref": "P370336.6",
                  "n": "2'",
                  "label": "o i' 2'"
                },
                {
                  "node": "d",
                  "type": "cell-start"
                },
                {
                  "node": "d",
                  "type": "field-start",
                  "subtype": "wp"
                },
                {
                  "node": "l",
                  "frag": "[...]",
                  "id": "P370336.l3edb7",
                  "ref": "P370336.6.1",
                  "inst": "%sux:x=",
                  "f": {
                    "lang": "sux",
                    "form": "x",
                    "gdl": [
                      {
                        "x": "ellipsis",
                        "id": "P370336.6.1.0",
                        "breakStart": "1",
                        "break": "missing",
                        "o": "]",
                        "breakEnd": "P370336.6.1.0"
                      }
                    ]
                  }
                },
                {
                  "node": "d",
                  "type": "field-end",
                  "subtype": "wp"
                },
                {
                  "node": "d",
                  "type": "cell-end"
                },
                {
                  "node": "d",
                  "type": "cell-start"
                },
                {
                  "node": "d",
                  "type": "field-start",
                  "subtype": "eq"
                },
                {
                  "node": "l",
                  "frag": "[...",
                  "id": "P370336.l3edb8",
                  "ref": "P370336.6.2",
                  "inst": "%akk-x-stdbab:x=",
                  "f": {
                    "lang": "akk-x-stdbab",
                    "form": "x",
                    "delim": "",
                    "gdl": [
                      {
                        "x": "ellipsis",
                        "id": "P370336.6.2.0",
                        "breakStart": "1",
                        "break": "missing",
                        "o": "["
                      }
                    ]
                  }
                },
                {
                  "node": "l",
                  "frag": "gur]-⸢gur⸣-ri",
                  "id": "P370336.l3edb9",
                  "ref": "P370336.6.3",
                  "inst": "%akk-x-stdbab:gur-gur-ri=",
                  "f": {
                    "lang": "akk-x-stdbab",
                    "form": "gur-gur-ri",
                    "gdl": [
                      {
                        "v": "gur",
                        "id": "P370336.6.3.0",
                        "break": "missing",
                        "o": "]",
                        "breakEnd": "P370336.6.2.0",
                        "delim": "-"
                      },
                      {
                        "v": "gur",
                        "id": "P370336.6.3.1",
                        "break": "damaged",
                        "ho": "1",
                        "delim": "-",
                        "hc": "1"
                      },
                      {
                        "v": "ri",
                        "id": "P370336.6.3.2"
                      }
                    ]
                  }
                },
                {
                  "node": "d",
                  "type": "field-end",
                  "subtype": "eq"
                },
                {
                  "node": "d",
                  "type": "cell-end"
                }
              ]
            },
            {
              "node": "c",
              "type": "sentence",
              "implicit": "yes",
              "tag": "#auto",
              "id": "P370336.U6",
              "label": "o i' 3'",
              "cdl": [
                {
                  "node": "d",
                  "type": "line-start",
                  "ref": "P370336.7",
                  "n": "3'",
                  "label": "o i' 3'"
                },
                {
                  "node": "d",
                  "type": "cell-start"
                },
                {
                  "node": "d",
                  "type": "field-start",
                  "subtype": "wp"
                },
                {
                  "node": "l",
                  "frag": "[...]",
                  "id": "P370336.l3edba",
                  "ref": "P370336.7.1",
                  "inst": "%sux:x=",
                  "f": {
                    "lang": "sux",
                    "form": "x",
                    "gdl": [
                      {
                        "x": "ellipsis",
                        "id": "P370336.7.1.0",
                        "breakStart": "1",
                        "break": "missing",
                        "o": "]",
                        "breakEnd": "P370336.7.1.0"
                      }
                    ]
                  }
                },
                {
                  "node": "d",
                  "type": "field-end",
                  "subtype": "wp"
                },
                {
                  "node": "d",
                  "type": "cell-end"
                },
                {
                  "node": "d",
                  "type": "cell-start"
                },
                {
                  "node": "d",
                  "type": "field-start",
                  "subtype": "eq"
                },
                {
                  "node": "l",
                  "frag": "[...",
                  "id": "P370336.l3edbb",
                  "ref": "P370336.7.2",
                  "inst": "%akk-x-stdbab:x=",
                  "f": {
                    "lang": "akk-x-stdbab",
                    "form": "x",
                    "delim": "",
                    "gdl": [
                      {
                        "x": "ellipsis",
                        "id": "P370336.7.2.0",
                        "breakStart": "1",
                        "break": "missing",
                        "o": "["
                      }
                    ]
                  }
                },
                {
                  "node": "l",
                  "frag": "nam-za]-qi",
                  "id": "P370336.l3edbc",
                  "ref": "P370336.7.3",
                  "inst": "%akk-x-stdbab:nam-za-qi=",
                  "f": {
                    "lang": "akk-x-stdbab",
                    "form": "nam-za-qi",
                    "gdl": [
                      {
                        "v": "nam",
                        "id": "P370336.7.3.0",
                        "break": "missing",
                        "delim": "-"
                      },
                      {
                        "v": "za",
                        "id": "P370336.7.3.1",
                        "break": "missing",
                        "o": "]",
                        "breakEnd": "P370336.7.2.0",
                        "delim": "-"
                      },
                      {
                        "v": "qi",
                        "id": "P370336.7.3.2"
                      }
                    ]
                  }
                },
                {
                  "node": "d",
                  "type": "field-end",
                  "subtype": "eq"
                },
                {
                  "node": "d",
                  "type": "cell-end"
                }
              ]
            },
            {
              "node": "c",
              "type": "sentence",
              "implicit": "yes",
              "tag": "#auto",
              "id": "P370336.U8",
              "label": "o i' 4'",
              "cdl": [
                {
                  "node": "d",
                  "type": "line-start",
                  "ref": "P370336.8",
                  "n": "4'",
                  "label": "o i' 4'"
                },
                {
                  "node": "d",
                  "type": "cell-start"
                },
                {
                  "node": "d",
                  "type": "field-start",
                  "subtype": "wp"
                },
                {
                  "node": "l",
                  "frag": "[...]",
                  "id": "P370336.l3edbd",
                  "ref": "P370336.8.1",
                  "inst": "%sux:x=",
                  "f": {
                    "lang": "sux",
                    "form": "x",
                    "gdl": [
                      {
                        "x": "ellipsis",
                        "id": "P370336.8.1.0",
                        "breakStart": "1",
                        "break": "missing",
                        "o": "]",
                        "breakEnd": "P370336.8.1.0"
                      }
                    ]
                  }
                },
                {
                  "node": "d",
                  "type": "field-end",
                  "subtype": "wp"
                },
                {
                  "node": "d",
                  "type": "cell-end"
                },
                {
                  "node": "d",
                  "type": "cell-start"
                },
                {
                  "node": "d",
                  "type": "field-start",
                  "subtype": "eq"
                },
                {
                  "node": "l",
                  "frag": "[...",
                  "id": "P370336.l3edbe",
                  "ref": "P370336.8.2",
                  "inst": "%akk-x-stdbab:x=",
                  "f": {
                    "lang": "akk-x-stdbab",
                    "form": "x",
                    "delim": "",
                    "gdl": [
                      {
                        "x": "ellipsis",
                        "id": "P370336.8.2.0",
                        "breakStart": "1",
                        "break": "missing",
                        "o": "["
                      }
                    ]
                  }
                },
                {
                  "node": "l",
                  "frag": "riq]-⸢di⸣",
                  "id": "P370336.l3edbf",
                  "ref": "P370336.8.3",
                  "inst": "%akk-x-stdbab:riq-di=",
                  "f": {
                    "lang": "akk-x-stdbab",
                    "form": "riq-di",
                    "gdl": [
                      {
                        "v": "riq",
                        "id": "P370336.8.3.0",
                        "break": "missing",
                        "o": "]",
                        "breakEnd": "P370336.8.2.0",
                        "delim": "-"
                      },
                      {
                        "v": "di",
                        "id": "P370336.8.3.1",
                        "break": "damaged",
                        "ho": "1",
                        "hc": "1"
                      }
                    ]
                  }
                },
                {
                  "node": "d",
                  "type": "field-end",
                  "subtype": "eq"
                },
                {
                  "node": "d",
                  "type": "cell-end"
                }
              ]
            },
            {
              "node": "c",
              "type": "sentence",
              "implicit": "yes",
              "tag": "#auto",
              "id": "P370336.U10",
              "label": "o i' 5'",
              "cdl": [
                {
                  "node": "d",
                  "type": "line-start",
                  "ref": "P370336.9",
                  "n": "5'",
                  "label": "o i' 5'"
                },
                {
                  "node": "d",
                  "type": "cell-start"
                },
                {
                  "node": "d",
                  "type": "field-start",
                  "subtype": "wp"
                },
                {
                  "node": "l",
                  "frag": "[...]",
                  "id": "P370336.l3edc0",
                  "ref": "P370336.9.1",
                  "inst": "%sux:x=",
                  "f": {
                    "lang": "sux",
                    "form": "x",
                    "gdl": [
                      {
                        "x": "ellipsis",
                        "id": "P370336.9.1.0",
                        "breakStart": "1",
                        "break": "missing",
                        "o": "]",
                        "breakEnd": "P370336.9.1.0"
                      }
                    ]
                  }
                },
                {
                  "node": "d",
                  "type": "field-end",
                  "subtype": "wp"
                },
                {
                  "node": "d",
                  "type": "cell-end"
                },
                {
                  "node": "d",
                  "type": "cell-start"
                },
                {
                  "node": "d",
                  "type": "field-start",
                  "subtype": "eq"
                },
                {
                  "node": "l",
                  "frag": "[...",
                  "id": "P370336.l3edc1",
                  "ref": "P370336.9.2",
                  "inst": "%akk-x-stdbab:x=",
                  "f": {
                    "lang": "akk-x-stdbab",
                    "form": "x",
                    "delim": "",
                    "gdl": [
                      {
                        "x": "ellipsis",
                        "id": "P370336.9.2.0",
                        "breakStart": "1",
                        "break": "missing",
                        "o": "["
                      }
                    ]
                  }
                },
                {
                  "node": "l",
                  "frag": "ka]-⸢li⸣-i",
                  "id": "P370336.l3edc2",
                  "ref": "P370336.9.3",
                  "inst": "%akk-x-stdbab:ka-li-i=",
                  "f": {
                    "lang": "akk-x-stdbab",
                    "form": "ka-li-i",
                    "gdl": [
                      {
                        "v": "ka",
                        "id": "P370336.9.3.0",
                        "break": "missing",
                        "o": "]",
                        "breakEnd": "P370336.9.2.0",
                        "delim": "-"
                      },
                      {
                        "v": "li",
                        "id": "P370336.9.3.1",
                        "break": "damaged",
                        "queried": "1",
                        "ho": "1",
                        "delim": "-",
                        "hc": "1"
                      },
                      {
                        "v": "i",
                        "id": "P370336.9.3.2"
                      }
                    ]
                  }
                },
                {
                  "node": "d",
                  "type": "field-end",
                  "subtype": "eq"
                },
                {
                  "node": "d",
                  "type": "cell-end"
                }
              ]
            },
            {
              "node": "c",
              "type": "sentence",
              "implicit": "yes",
              "tag": "#auto",
              "id": "P370336.U12",
              "label": "o i' 6'",
              "cdl": [
                {
                  "node": "d",
                  "type": "line-start",
                  "ref": "P370336.10",
                  "n": "6'",
                  "label": "o i' 6'"
                },
                {
                  "node": "d",
                  "type": "cell-start"
                },
                {
                  "node": "d",
                  "type": "field-start",
                  "subtype": "wp"
                },
                {
                  "node": "l",
                  "frag": "[...]",
                  "id": "P370336.l3edc3",
                  "ref": "P370336.10.1",
                  "inst": "%sux:x=",
                  "f": {
                    "lang": "sux",
                    "form": "x",
                    "gdl": [
                      {
                        "x": "ellipsis",
                        "id": "P370336.10.1.0",
                        "breakStart": "1",
                        "break": "missing",
                        "o": "]",
                        "breakEnd": "P370336.10.1.0"
                      }
                    ]
                  }
                },
                {
                  "node": "d",
                  "type": "field-end",
                  "subtype": "wp"
                },
                {
                  "node": "d",
                  "type": "cell-end"
                },
                {
                  "node": "d",
                  "type": "cell-start"
                },
                {
                  "node": "d",
                  "type": "field-start",
                  "subtype": "eq"
                },
                {
                  "node": "l",
                  "frag": "[...",
                  "id": "P370336.l3edc4",
                  "ref": "P370336.10.2",
                  "inst": "%akk-x-stdbab:x=",
                  "f": {
                    "lang": "akk-x-stdbab",
                    "form": "x",
                    "delim": "",
                    "gdl": [
                      {
                        "x": "ellipsis",
                        "id": "P370336.10.2.0",
                        "breakStart": "1",
                        "break": "missing",
                        "o": "["
                      }
                    ]
                  }
                },
                {
                  "node": "l",
                  "frag": "gal]-⸢ma⸣-hi",
                  "id": "P370336.l3edc5",
                  "ref": "P370336.10.3",
                  "inst": "%akk-x-stdbab:gal-ma-hi=",
                  "f": {
                    "lang": "akk-x-stdbab",
                    "form": "gal-ma-hi",
                    "gdl": [
                      {
                        "v": "gal",
                        "id": "P370336.10.3.0",
                        "break": "missing",
                        "o": "]",
                        "breakEnd": "P370336.10.2.0",
                        "delim": "-"
                      },
                      {
                        "v": "ma",
                        "id": "P370336.10.3.1",
                        "break": "damaged",
                        "ho": "1",
                        "delim": "-",
                        "hc": "1"
                      },
                      {
                        "v": "hi",
                        "id": "P370336.10.3.2"
                      }
                    ]
                  }
                },
                {
                  "node": "d",
                  "type": "field-end",
                  "subtype": "eq"
                },
                {
                  "node": "d",
                  "type": "cell-end"
                }
              ]
            },
            {
              "node": "c",
              "type": "sentence",
              "implicit": "yes",
              "tag": "#auto",
              "id": "P370336.U14",
              "label": "o i' 7'",
              "cdl": [
                {
                  "node": "d",
                  "type": "line-start",
                  "ref": "P370336.11",
                  "n": "7'",
                  "label": "o i' 7'"
                },
                {
                  "node": "d",
                  "type": "cell-start"
                },
                {
                  "node": "d",
                  "type": "field-start",
                  "subtype": "wp"
                },
                {
                  "node": "l",
                  "frag": "[...]",
                  "id": "P370336.l3edc6",
                  "ref": "P370336.11.1",
                  "inst": "%sux:x=",
                  "f": {
                    "lang": "sux",
                    "form": "x",
                    "gdl": [
                      {
                        "x": "ellipsis",
                        "id": "P370336.11.1.0",
                        "breakStart": "1",
                        "break": "missing",
                        "o": "]",
                        "breakEnd": "P370336.11.1.0"
                      }
                    ]
                  }
                },
                {
                  "node": "d",
                  "type": "field-end",
                  "subtype": "wp"
                },
                {
                  "node": "d",
                  "type": "cell-end"
                },
                {
                  "node": "d",
                  "type": "cell-start"
                },
                {
                  "node": "d",
                  "type": "field-start",
                  "subtype": "eq"
                },
                {
                  "node": "l",
                  "frag": "[...]-⸢x⸣",
                  "id": "P370336.l3edc7",
                  "ref": "P370336.11.2",
                  "inst": "%akk-x-stdbab:x-x=",
                  "f": {
                    "lang": "akk-x-stdbab",
                    "form": "x-x",
                    "gdl": [
                      {
                        "x": "ellipsis",
                        "id": "P370336.11.2.0",
                        "breakStart": "1",
                        "break": "missing",
                        "o": "]",
                        "breakEnd": "P370336.11.2.0",
                        "delim": "-"
                      },
                      {
                        "v": "x",
                        "id": "P370336.11.2.1",
                        "break": "damaged",
                        "queried": "1",
                        "ho": "1",
                        "hc": "1"
                      }
                    ]
                  }
                },
                {
                  "node": "d",
                  "type": "field-end",
                  "subtype": "eq"
                },
                {
                  "node": "d",
                  "type": "cell-end"
                },
                {
                  "node": "d",
                  "type": "nonx",
                  "ref": "P370336.12",
                  "strict": "0",
                  "state": "missing"
                },
                {
                  "node": "d",
                  "subtype": "column 2o '",
                  "type": "column",
                  "ref": "P370336.o.ii_.13",
                  "n": "2",
                  "label": "o ii'"
                },
                {
                  "node": "d",
                  "type": "nonx",
                  "ref": "P370336.14",
                  "strict": "0",
                  "extent": "beginning",
                  "state": "missing"
                }
              ]
            },
            {
              "node": "c",
              "type": "sentence",
              "implicit": "yes",
              "tag": "#auto",
              "id": "P370336.U16",
              "label": "o ii' 1'",
              "cdl": [
                {
                  "node": "d",
                  "type": "line-start",
                  "ref": "P370336.15",
                  "n": "1'",
                  "label": "o ii' 1'"
                },
                {
                  "node": "d",
                  "type": "cell-start"
                },
                {
                  "node": "d",
                  "type": "field-start",
                  "subtype": "wp"
                },
                {
                  "node": "l",
                  "frag": "{⸢ŋeš}MIN-MIN",
                  "id": "P370336.l3edc8",
                  "ref": "P370336.15.1",
                  "inst": "%sux:{ŋeš}MIN-MIN=",
                  "f": {
                    "lang": "sux",
                    "form": "{ŋeš}MIN-MIN",
                    "delim": "",
                    "gdl": [
                      {
                        "det": "semantic",
                        "pos": "pre",
                        "seq": [
                          {
                            "v": "ŋeš",
                            "id": "P370336.15.1.0",
                            "break": "damaged",
                            "ho": "1"
                          }
                        ]
                      },
                      {
                        "s": "MIN",
                        "id": "P370336.15.1.1",
                        "break": "damaged",
                        "delim": "-"
                      },
                      {
                        "s": "MIN",
                        "id": "P370336.15.1.2",
                        "break": "damaged"
                      }
                    ]
                  }
                },
                {
                  "node": "l",
                  "frag": "si⸣-ga",
                  "id": "P370336.l3edc9",
                  "ref": "P370336.15.2",
                  "inst": "%sux:si-ga=",
                  "f": {
                    "lang": "sux",
                    "form": "si-ga",
                    "gdl": [
                      {
                        "v": "si",
                        "id": "P370336.15.2.0",
                        "break": "damaged",
                        "delim": "-",
                        "hc": "1"
                      },
                      {
                        "v": "ga",
                        "id": "P370336.15.2.1"
                      }
                    ]
                  }
                },
                {
                  "node": "d",
                  "type": "field-end",
                  "subtype": "wp"
                },
                {
                  "node": "d",
                  "type": "cell-end"
                },
                {
                  "node": "d",
                  "type": "cell-start"
                },
                {
                  "node": "d",
                  "type": "field-start",
                  "subtype": "eq"
                },
                {
                  "node": "l",
                  "frag": "[...]",
                  "id": "P370336.l3edca",
                  "ref": "P370336.15.3",
                  "inst": "%akk-x-stdbab:x=",
                  "f": {
                    "lang": "akk-x-stdbab",
                    "form": "x",
                    "gdl": [
                      {
                        "x": "ellipsis",
                        "id": "P370336.15.3.0",
                        "breakStart": "1",
                        "break": "missing",
                        "o": "]",
                        "breakEnd": "P370336.15.3.0"
                      }
                    ]
                  }
                },
                {
                  "node": "d",
                  "type": "field-end",
                  "subtype": "eq"
                },
                {
                  "node": "d",
                  "type": "cell-end"
                }
              ]
            },
            {
              "node": "c",
              "type": "sentence",
              "implicit": "yes",
              "tag": "#auto",
              "id": "P370336.U18",
              "label": "o ii' 2'",
              "cdl": [
                {
                  "node": "d",
                  "type": "line-start",
                  "ref": "P370336.16",
                  "n": "2'",
                  "label": "o ii' 2'"
                },
                {
                  "node": "d",
                  "type": "cell-start"
                },
                {
                  "node": "d",
                  "type": "field-start",
                  "subtype": "wp"
                },
                {
                  "node": "l",
                  "frag": "{ŋeš}|UD.SAL.KAB|",
                  "id": "P370336.l3edcb",
                  "ref": "P370336.16.1",
                  "inst": "%sux:{ŋeš}|UD.SAL.KAB|=",
                  "f": {
                    "lang": "sux",
                    "form": "{ŋeš}|UD.SAL.KAB|",
                    "gdl": [
                      {
                        "det": "semantic",
                        "pos": "pre",
                        "seq": [
                          {
                            "v": "ŋeš",
                            "id": "P370336.16.1.0"
                          }
                        ]
                      },
                      {
                        "c": "|UD.SAL.KAB|",
                        "id": "P370336.16.1.1",
                        "seq": [
                          {
                            "s": "UD"
                          },
                          {
                            "o": "beside"
                          },
                          {
                            "s": "SAL",
                            "break": "damaged"
                          },
                          {
                            "o": "beside"
                          },
                          {
                            "s": "KAB"
                          }
                        ]
                      }
                    ]
                  }
                },
                {
                  "node": "d",
                  "type": "field-end",
                  "subtype": "wp"
                },
                {
                  "node": "d",
                  "type": "cell-end"
                },
                {
                  "node": "d",
                  "type": "cell-start"
                },
                {
                  "node": "d",
                  "type": "field-start",
                  "subtype": "eq"
                },
                {
                  "node": "l",
                  "frag": "[...]",
                  "id": "P370336.l3edcc",
                  "ref": "P370336.16.2",
                  "inst": "%akk-x-stdbab:x=",
                  "f": {
                    "lang": "akk-x-stdbab",
                    "form": "x",
                    "gdl": [
                      {
                        "x": "ellipsis",
                        "id": "P370336.16.2.0",
                        "breakStart": "1",
                        "break": "missing",
                        "o": "]",
                        "breakEnd": "P370336.16.2.0"
                      }
                    ]
                  }
                },
                {
                  "node": "d",
                  "type": "field-end",
                  "subtype": "eq"
                },
                {
                  "node": "d",
                  "type": "cell-end"
                }
              ]
            },
            {
              "node": "c",
              "type": "sentence",
              "implicit": "yes",
              "tag": "#auto",
              "id": "P370336.U20",
              "label": "o ii' 3'",
              "cdl": [
                {
                  "node": "d",
                  "type": "line-start",
                  "ref": "P370336.17",
                  "n": "3'",
                  "label": "o ii' 3'"
                },
                {
                  "node": "d",
                  "type": "cell-start"
                },
                {
                  "node": "d",
                  "type": "field-start",
                  "subtype": "wp"
                },
                {
                  "node": "l",
                  "frag": "{⸢ŋeš⸣}|UD.SAL.KAB|",
                  "id": "P370336.l3edcd",
                  "ref": "P370336.17.1",
                  "inst": "%sux:{ŋeš}|UD.SAL.KAB|=",
                  "f": {
                    "lang": "sux",
                    "form": "{ŋeš}|UD.SAL.KAB|",
                    "delim": "",
                    "gdl": [
                      {
                        "det": "semantic",
                        "pos": "pre",
                        "seq": [
                          {
                            "v": "ŋeš",
                            "id": "P370336.17.1.0",
                            "break": "damaged",
                            "ho": "1",
                            "hc": "1"
                          }
                        ]
                      },
                      {
                        "c": "|UD.SAL.KAB|",
                        "id": "P370336.17.1.1",
                        "seq": [
                          {
                            "s": "UD"
                          },
                          {
                            "o": "beside"
                          },
                          {
                            "s": "SAL"
                          },
                          {
                            "o": "beside"
                          },
                          {
                            "s": "KAB"
                          }
                        ]
                      }
                    ]
                  }
                },
                {
                  "node": "l",
                  "frag": "gal",
                  "id": "P370336.l3edce",
                  "ref": "P370336.17.2",
                  "inst": "%sux:gal=",
                  "f": {
                    "lang": "sux",
                    "form": "gal",
                    "gdl": [
                      {
                        "v": "gal",
                        "id": "P370336.17.2.0"
                      }
                    ]
                  }
                },
                {
                  "node": "d",
                  "type": "field-end",
                  "subtype": "wp"
                },
                {
                  "node": "d",
                  "type": "cell-end"
                },
                {
                  "node": "d",
                  "type": "cell-start"
                },
                {
                  "node": "d",
                  "type": "field-start",
                  "subtype": "eq"
                },
                {
                  "node": "l",
                  "frag": "[...]",
                  "id": "P370336.l3edcf",
                  "ref": "P370336.17.3",
                  "inst": "%akk-x-stdbab:x=",
                  "f": {
                    "lang": "akk-x-stdbab",
                    "form": "x",
                    "gdl": [
                      {
                        "x": "ellipsis",
                        "id": "P370336.17.3.0",
                        "breakStart": "1",
                        "break": "missing",
                        "o": "]",
                        "breakEnd": "P370336.17.3.0"
                      }
                    ]
                  }
                },
                {
                  "node": "d",
                  "type": "field-end",
                  "subtype": "eq"
                },
                {
                  "node": "d",
                  "type": "cell-end"
                }
              ]
            },
            {
              "node": "c",
              "type": "sentence",
              "implicit": "yes",
              "tag": "#auto",
              "id": "P370336.U22",
              "label": "o ii' 4'",
              "cdl": [
                {
                  "node": "d",
                  "type": "line-start",
                  "ref": "P370336.18",
                  "n": "4'",
                  "label": "o ii' 4'"
                },
                {
                  "node": "d",
                  "type": "cell-start"
                },
                {
                  "node": "d",
                  "type": "field-start",
                  "subtype": "wp"
                },
                {
                  "node": "l",
                  "frag": "{⸢ŋeš⸣}|UD.SAL.KAB|",
                  "id": "P370336.l3edd0",
                  "ref": "P370336.18.1",
                  "inst": "%sux:{ŋeš}|UD.SAL.KAB|=",
                  "f": {
                    "lang": "sux",
                    "form": "{ŋeš}|UD.SAL.KAB|",
                    "delim": "",
                    "gdl": [
                      {
                        "det": "semantic",
                        "pos": "pre",
                        "seq": [
                          {
                            "v": "ŋeš",
                            "id": "P370336.18.1.0",
                            "break": "damaged",
                            "ho": "1",
                            "hc": "1"
                          }
                        ]
                      },
                      {
                        "c": "|UD.SAL.KAB|",
                        "id": "P370336.18.1.1",
                        "seq": [
                          {
                            "s": "UD"
                          },
                          {
                            "o": "beside"
                          },
                          {
                            "s": "SAL"
                          },
                          {
                            "o": "beside"
                          },
                          {
                            "s": "KAB"
                          }
                        ]
                      }
                    ]
                  }
                },
                {
                  "node": "l",
                  "frag": "tur",
                  "id": "P370336.l3edd1",
                  "ref": "P370336.18.2",
                  "inst": "%sux:tur=",
                  "f": {
                    "lang": "sux",
                    "form": "tur",
                    "gdl": [
                      {
                        "v": "tur",
                        "id": "P370336.18.2.0"
                      }
                    ]
                  }
                },
                {
                  "node": "d",
                  "type": "field-end",
                  "subtype": "wp"
                },
                {
                  "node": "d",
                  "type": "cell-end"
                },
                {
                  "node": "d",
                  "type": "cell-start"
                },
                {
                  "node": "d",
                  "type": "field-start",
                  "subtype": "eq"
                },
                {
                  "node": "l",
                  "frag": "⸢x⸣-[...]",
                  "id": "P370336.l3edd2",
                  "ref": "P370336.18.3",
                  "inst": "%akk-x-stdbab:x-x=",
                  "f": {
                    "lang": "akk-x-stdbab",
                    "form": "x-x",
                    "gdl": [
                      {
                        "v": "x",
                        "id": "P370336.18.3.0",
                        "break": "damaged",
                        "queried": "1",
                        "ho": "1",
                        "delim": "-",
                        "hc": "1"
                      },
                      {
                        "x": "ellipsis",
                        "id": "P370336.18.3.1",
                        "breakStart": "1",
                        "break": "missing",
                        "o": "]",
                        "breakEnd": "P370336.18.3.1"
                      }
                    ]
                  }
                },
                {
                  "node": "d",
                  "type": "field-end",
                  "subtype": "eq"
                },
                {
                  "node": "d",
                  "type": "cell-end"
                }
              ]
            },
            {
              "node": "c",
              "type": "sentence",
              "implicit": "yes",
              "tag": "#auto",
              "id": "P370336.U24",
              "label": "o ii' 5'",
              "cdl": [
                {
                  "node": "d",
                  "type": "line-start",
                  "ref": "P370336.19",
                  "n": "5'",
                  "label": "o ii' 5'"
                },
                {
                  "node": "d",
                  "type": "cell-start"
                },
                {
                  "node": "d",
                  "type": "field-start",
                  "subtype": "wp"
                },
                {
                  "node": "l",
                  "frag": "{⸢ŋeš⸣}|UD.SAL.KAB|",
                  "id": "P370336.l3edd3",
                  "ref": "P370336.19.1",
                  "inst": "%sux:{ŋeš}|UD.SAL.KAB|=",
                  "f": {
                    "lang": "sux",
                    "form": "{ŋeš}|UD.SAL.KAB|",
                    "delim": "",
                    "gdl": [
                      {
                        "det": "semantic",
                        "pos": "pre",
                        "seq": [
                          {
                            "v": "ŋeš",
                            "id": "P370336.19.1.0",
                            "break": "damaged",
                            "ho": "1",
                            "hc": "1"
                          }
                        ]
                      },
                      {
                        "c": "|UD.SAL.KAB|",
                        "id": "P370336.19.1.1",
                        "seq": [
                          {
                            "s": "UD"
                          },
                          {
                            "o": "beside"
                          },
                          {
                            "s": "SAL"
                          },
                          {
                            "o": "beside"
                          },
                          {
                            "s": "KAB"
                          }
                        ]
                      }
                    ]
                  }
                },
                {
                  "node": "l",
                  "frag": "⸢tur⸣",
                  "id": "P370336.l3edd4",
                  "ref": "P370336.19.2",
                  "inst": "%sux:tur=",
                  "f": {
                    "lang": "sux",
                    "form": "tur",
                    "gdl": [
                      {
                        "v": "tur",
                        "id": "P370336.19.2.0",
                        "break": "damaged",
                        "ho": "1",
                        "hc": "1"
                      }
                    ]
                  }
                },
                {
                  "node": "d",
                  "type": "field-end",
                  "subtype": "wp"
                },
                {
                  "node": "d",
                  "type": "cell-end"
                },
                {
                  "node": "d",
                  "type": "cell-start"
                },
                {
                  "node": "d",
                  "type": "field-start",
                  "subtype": "eq"
                },
                {
                  "node": "l",
                  "frag": "[...]",
                  "id": "P370336.l3edd5",
                  "ref": "P370336.19.3",
                  "inst": "%akk-x-stdbab:x=",
                  "f": {
                    "lang": "akk-x-stdbab",
                    "form": "x",
                    "gdl": [
                      {
                        "x": "ellipsis",
                        "id": "P370336.19.3.0",
                        "breakStart": "1",
                        "break": "missing",
                        "o": "]",
                        "breakEnd": "P370336.19.3.0"
                      }
                    ]
                  }
                },
                {
                  "node": "d",
                  "type": "field-end",
                  "subtype": "eq"
                },
                {
                  "node": "d",
                  "type": "cell-end"
                }
              ]
            },
            {
              "node": "c",
              "type": "sentence",
              "implicit": "yes",
              "tag": "#auto",
              "id": "P370336.U26",
              "label": "o ii' 6'",
              "cdl": [
                {
                  "node": "d",
                  "type": "line-start",
                  "ref": "P370336.20",
                  "n": "6'",
                  "label": "o ii' 6'"
                },
                {
                  "node": "d",
                  "type": "cell-start"
                },
                {
                  "node": "d",
                  "type": "field-start",
                  "subtype": "wp"
                },
                {
                  "node": "l",
                  "frag": "{ŋeš}|UD.SAL.KAB|",
                  "id": "P370336.l3edd6",
                  "ref": "P370336.20.1",
                  "inst": "%sux:{ŋeš}|UD.SAL.KAB|=",
                  "f": {
                    "lang": "sux",
                    "form": "{ŋeš}|UD.SAL.KAB|",
                    "delim": "",
                    "gdl": [
                      {
                        "det": "semantic",
                        "pos": "pre",
                        "seq": [
                          {
                            "v": "ŋeš",
                            "id": "P370336.20.1.0"
                          }
                        ]
                      },
                      {
                        "c": "|UD.SAL.KAB|",
                        "id": "P370336.20.1.1",
                        "seq": [
                          {
                            "s": "UD"
                          },
                          {
                            "o": "beside"
                          },
                          {
                            "s": "SAL",
                            "break": "damaged"
                          },
                          {
                            "o": "beside"
                          },
                          {
                            "s": "KAB",
                            "break": "damaged"
                          }
                        ]
                      }
                    ]
                  }
                },
                {
                  "node": "l",
                  "frag": "⸢i₃⸣",
                  "id": "P370336.l3edd7",
                  "ref": "P370336.20.2",
                  "inst": "%sux:i₃=",
                  "f": {
                    "lang": "sux",
                    "form": "i₃",
                    "gdl": [
                      {
                        "v": "i₃",
                        "id": "P370336.20.2.0",
                        "break": "damaged",
                        "ho": "1",
                        "hc": "1"
                      }
                    ]
                  }
                },
                {
                  "node": "d",
                  "type": "field-end",
                  "subtype": "wp"
                },
                {
                  "node": "d",
                  "type": "cell-end"
                },
                {
                  "node": "d",
                  "type": "cell-start"
                },
                {
                  "node": "d",
                  "type": "field-start",
                  "subtype": "eq"
                },
                {
                  "node": "l",
                  "frag": "[...]",
                  "id": "P370336.l3edd8",
                  "ref": "P370336.20.3",
                  "inst": "%akk-x-stdbab:x=",
                  "f": {
                    "lang": "akk-x-stdbab",
                    "form": "x",
                    "gdl": [
                      {
                        "x": "ellipsis",
                        "id": "P370336.20.3.0",
                        "breakStart": "1",
                        "break": "missing",
                        "o": "]",
                        "breakEnd": "P370336.20.3.0"
                      }
                    ]
                  }
                },
                {
                  "node": "d",
                  "type": "field-end",
                  "subtype": "eq"
                },
                {
                  "node": "d",
                  "type": "cell-end"
                }
              ]
            },
            {
              "node": "c",
              "type": "sentence",
              "implicit": "yes",
              "tag": "#auto",
              "id": "P370336.U28",
              "label": "o ii' 7'",
              "cdl": [
                {
                  "node": "d",
                  "type": "line-start",
                  "ref": "P370336.21",
                  "n": "7'",
                  "label": "o ii' 7'"
                },
                {
                  "node": "d",
                  "type": "cell-start"
                },
                {
                  "node": "d",
                  "type": "field-start",
                  "subtype": "wp"
                },
                {
                  "node": "l",
                  "frag": "{ŋeš}|UD.SAL.KAB|",
                  "id": "P370336.l3edd9",
                  "ref": "P370336.21.1",
                  "inst": "%sux:{ŋeš}|UD.SAL.KAB|=",
                  "f": {
                    "lang": "sux",
                    "form": "{ŋeš}|UD.SAL.KAB|",
                    "delim": "",
                    "gdl": [
                      {
                        "det": "semantic",
                        "pos": "pre",
                        "seq": [
                          {
                            "v": "ŋeš",
                            "id": "P370336.21.1.0"
                          }
                        ]
                      },
                      {
                        "c": "|UD.SAL.KAB|",
                        "id": "P370336.21.1.1",
                        "seq": [
                          {
                            "s": "UD"
                          },
                          {
                            "o": "beside"
                          },
                          {
                            "s": "SAL",
                            "break": "damaged"
                          },
                          {
                            "o": "beside"
                          },
                          {
                            "s": "KAB",
                            "break": "damaged"
                          }
                        ]
                      }
                    ]
                  }
                },
                {
                  "node": "l",
                  "frag": "⸢i₃⸣",
                  "id": "P370336.l3edda",
                  "ref": "P370336.21.2",
                  "inst": "%sux:i₃=",
                  "f": {
                    "lang": "sux",
                    "form": "i₃",
                    "gdl": [
                      {
                        "v": "i₃",
                        "id": "P370336.21.2.0",
                        "break": "damaged",
                        "queried": "1",
                        "ho": "1",
                        "hc": "1"
                      }
                    ]
                  }
                },
                {
                  "node": "d",
                  "type": "field-end",
                  "subtype": "wp"
                },
                {
                  "node": "d",
                  "type": "cell-end"
                },
                {
                  "node": "d",
                  "type": "cell-start"
                },
                {
                  "node": "d",
                  "type": "field-start",
                  "subtype": "eq"
                },
                {
                  "node": "l",
                  "frag": "[...]",
                  "id": "P370336.l3eddb",
                  "ref": "P370336.21.3",
                  "inst": "%akk-x-stdbab:x=",
                  "f": {
                    "lang": "akk-x-stdbab",
                    "form": "x",
                    "gdl": [
                      {
                        "x": "ellipsis",
                        "id": "P370336.21.3.0",
                        "breakStart": "1",
                        "break": "missing",
                        "o": "]",
                        "breakEnd": "P370336.21.3.0"
                      }
                    ]
                  }
                },
                {
                  "node": "d",
                  "type": "field-end",
                  "subtype": "eq"
                },
                {
                  "node": "d",
                  "type": "cell-end"
                }
              ]
            },
            {
              "node": "c",
              "type": "sentence",
              "implicit": "yes",
              "tag": "#auto",
              "id": "P370336.U30",
              "label": "o ii' 8'",
              "cdl": [
                {
                  "node": "d",
                  "type": "line-start",
                  "ref": "P370336.22",
                  "n": "8'",
                  "label": "o ii' 8'"
                },
                {
                  "node": "d",
                  "type": "cell-start"
                },
                {
                  "node": "d",
                  "type": "field-start",
                  "subtype": "wp"
                },
                {
                  "node": "l",
                  "frag": "{ŋeš}|UD.SAL.KAB|",
                  "id": "P370336.l3eddc",
                  "ref": "P370336.22.1",
                  "inst": "%sux:{ŋeš}|UD.SAL.KAB|=",
                  "f": {
                    "lang": "sux",
                    "form": "{ŋeš}|UD.SAL.KAB|",
                    "delim": "",
                    "gdl": [
                      {
                        "det": "semantic",
                        "pos": "pre",
                        "seq": [
                          {
                            "v": "ŋeš",
                            "id": "P370336.22.1.0"
                          }
                        ]
                      },
                      {
                        "c": "|UD.SAL.KAB|",
                        "id": "P370336.22.1.1",
                        "seq": [
                          {
                            "s": "UD"
                          },
                          {
                            "o": "beside"
                          },
                          {
                            "s": "SAL"
                          },
                          {
                            "o": "beside"
                          },
                          {
                            "s": "KAB"
                          }
                        ]
                      }
                    ]
                  }
                },
                {
                  "node": "l",
                  "frag": "⸢si⸣",
                  "id": "P370336.l3eddd",
                  "ref": "P370336.22.2",
                  "inst": "%sux:si=",
                  "f": {
                    "lang": "sux",
                    "form": "si",
                    "gdl": [
                      {
                        "v": "si",
                        "id": "P370336.22.2.0",
                        "break": "damaged",
                        "queried": "1",
                        "ho": "1",
                        "hc": "1"
                      }
                    ]
                  }
                },
                {
                  "node": "d",
                  "type": "field-end",
                  "subtype": "wp"
                },
                {
                  "node": "d",
                  "type": "cell-end"
                },
                {
                  "node": "d",
                  "type": "cell-start"
                },
                {
                  "node": "d",
                  "type": "field-start",
                  "subtype": "eq"
                },
                {
                  "node": "l",
                  "frag": "{<⸢MIN⸣(kūt)>}",
                  "id": "P370336.l3edde",
                  "ref": "P370336.22.3",
                  "inst": "%akk-x-stdbab-949:*=",
                  "f": {
                    "lang": "akk-x-stdbab-949",
                    "form": "*",
                    "norm": "kūt"
                  }
                },
                {
                  "node": "l",
                  "frag": "[...]",
                  "id": "P370336.l3eddf",
                  "ref": "P370336.22.4",
                  "inst": "%akk-x-stdbab:x=",
                  "f": {
                    "lang": "akk-x-stdbab",
                    "form": "x",
                    "gdl": [
                      {
                        "x": "ellipsis",
                        "id": "P370336.22.4.0",
                        "breakStart": "1",
                        "break": "missing",
                        "o": "]",
                        "breakEnd": "P370336.22.4.0"
                      }
                    ]
                  }
                },
                {
                  "node": "d",
                  "type": "field-end",
                  "subtype": "eq"
                },
                {
                  "node": "d",
                  "type": "cell-end"
                }
              ]
            },
            {
              "node": "c",
              "type": "sentence",
              "implicit": "yes",
              "tag": "#auto",
              "id": "P370336.U32",
              "label": "o ii' 9'",
              "cdl": [
                {
                  "node": "d",
                  "type": "line-start",
                  "ref": "P370336.23",
                  "n": "9'",
                  "label": "o ii' 9'"
                },
                {
                  "node": "d",
                  "type": "cell-start"
                },
                {
                  "node": "d",
                  "type": "field-start",
                  "subtype": "wp"
                },
                {
                  "node": "l",
                  "frag": "{ŋeš}|UD.SAL.KAB|",
                  "id": "P370336.l3ede0",
                  "ref": "P370336.23.1",
                  "inst": "%sux:{ŋeš}|UD.SAL.KAB|=",
                  "f": {
                    "lang": "sux",
                    "form": "{ŋeš}|UD.SAL.KAB|",
                    "delim": "",
                    "gdl": [
                      {
                        "det": "semantic",
                        "pos": "pre",
                        "seq": [
                          {
                            "v": "ŋeš",
                            "id": "P370336.23.1.0"
                          }
                        ]
                      },
                      {
                        "c": "|UD.SAL.KAB|",
                        "id": "P370336.23.1.1",
                        "seq": [
                          {
                            "s": "UD"
                          },
                          {
                            "o": "beside"
                          },
                          {
                            "s": "SAL"
                          },
                          {
                            "o": "beside"
                          },
                          {
                            "s": "KAB"
                          }
                        ]
                      }
                    ]
                  }
                },
                {
                  "node": "l",
                  "frag": "⸢ŋeštug⸣",
                  "id": "P370336.l3ede1",
                  "ref": "P370336.23.2",
                  "inst": "%sux:ŋeštug=",
                  "f": {
                    "lang": "sux",
                    "form": "ŋeštug",
                    "gdl": [
                      {
                        "v": "ŋeštug",
                        "id": "P370336.23.2.0",
                        "break": "damaged",
                        "ho": "1",
                        "hc": "1"
                      }
                    ]
                  }
                },
                {
                  "node": "d",
                  "type": "field-end",
                  "subtype": "wp"
                },
                {
                  "node": "d",
                  "type": "cell-end"
                },
                {
                  "node": "d",
                  "type": "cell-start"
                },
                {
                  "node": "d",
                  "type": "field-start",
                  "subtype": "eq"
                },
                {
                  "node": "l",
                  "frag": "{<⸢MIN⸣(kūt)>}",
                  "id": "P370336.l3ede2",
                  "ref": "P370336.23.3",
                  "inst": "%akk-x-stdbab-949:*=",
                  "f": {
                    "lang": "akk-x-stdbab-949",
                    "form": "*",
                    "norm": "kūt"
                  }
                },
                {
                  "node": "l",
                  "frag": "[...]",
                  "id": "P370336.l3ede3",
                  "ref": "P370336.23.4",
                  "inst": "%akk-x-stdbab:x=",
                  "f": {
                    "lang": "akk-x-stdbab",
                    "form": "x",
                    "gdl": [
                      {
                        "x": "ellipsis",
                        "id": "P370336.23.4.0",
                        "breakStart": "1",
                        "break": "missing",
                        "o": "]",
                        "breakEnd": "P370336.23.4.0"
                      }
                    ]
                  }
                },
                {
                  "node": "d",
                  "type": "field-end",
                  "subtype": "eq"
                },
                {
                  "node": "d",
                  "type": "cell-end"
                }
              ]
            },
            {
              "node": "c",
              "type": "sentence",
              "implicit": "yes",
              "tag": "#auto",
              "id": "P370336.U34",
              "label": "o ii' 10'",
              "cdl": [
                {
                  "node": "d",
                  "type": "line-start",
                  "ref": "P370336.24",
                  "n": "10'",
                  "label": "o ii' 10'"
                },
                {
                  "node": "d",
                  "type": "cell-start"
                },
                {
                  "node": "d",
                  "type": "field-start",
                  "subtype": "wp"
                },
                {
                  "node": "l",
                  "frag": "{⸢ŋeš⸣}|UD.SAL.KAB|",
                  "id": "P370336.l3ede4",
                  "ref": "P370336.24.1",
                  "inst": "%sux:{ŋeš}|UD.SAL.KAB|=",
                  "f": {
                    "lang": "sux",
                    "form": "{ŋeš}|UD.SAL.KAB|",
                    "delim": "",
                    "gdl": [
                      {
                        "det": "semantic",
                        "pos": "pre",
                        "seq": [
                          {
                            "v": "ŋeš",
                            "id": "P370336.24.1.0",
                            "break": "damaged",
                            "ho": "1",
                            "hc": "1"
                          }
                        ]
                      },
                      {
                        "c": "|UD.SAL.KAB|",
                        "id": "P370336.24.1.1",
                        "seq": [
                          {
                            "s": "UD",
                            "break": "damaged"
                          },
                          {
                            "o": "beside"
                          },
                          {
                            "s": "SAL",
                            "break": "damaged"
                          },
                          {
                            "o": "beside"
                          },
                          {
                            "s": "KAB",
                            "break": "damaged"
                          }
                        ]
                      }
                    ]
                  }
                },
                {
                  "node": "l",
                  "frag": "ga",
                  "id": "P370336.l3ede5",
                  "ref": "P370336.24.2",
                  "inst": "%sux:ga=",
                  "f": {
                    "lang": "sux",
                    "form": "ga",
                    "gdl": [
                      {
                        "v": "ga",
                        "id": "P370336.24.2.0"
                      }
                    ]
                  }
                },
                {
                  "node": "d",
                  "type": "field-end",
                  "subtype": "wp"
                },
                {
                  "node": "d",
                  "type": "cell-end"
                },
                {
                  "node": "d",
                  "type": "cell-start"
                },
                {
                  "node": "d",
                  "type": "field-start",
                  "subtype": "eq"
                },
                {
                  "node": "l",
                  "frag": "{<⸢MIN⸣(kūt)>}",
                  "id": "P370336.l3ede6",
                  "ref": "P370336.24.3",
                  "inst": "%akk-x-stdbab-949:*=",
                  "f": {
                    "lang": "akk-x-stdbab-949",
                    "form": "*",
                    "norm": "kūt"
                  }
                },
                {
                  "node": "l",
                  "frag": "[...]",
                  "id": "P370336.l3ede7",
                  "ref": "P370336.24.4",
                  "inst": "%akk-x-stdbab:x=",
                  "f": {
                    "lang": "akk-x-stdbab",
                    "form": "x",
                    "gdl": [
                      {
                        "x": "ellipsis",
                        "id": "P370336.24.4.0",
                        "breakStart": "1",
                        "break": "missing",
                        "o": "]",
                        "breakEnd": "P370336.24.4.0"
                      }
                    ]
                  }
                },
                {
                  "node": "d",
                  "type": "field-end",
                  "subtype": "eq"
                },
                {
                  "node": "d",
                  "type": "cell-end"
                }
              ]
            },
            {
              "node": "c",
              "type": "sentence",
              "implicit": "yes",
              "tag": "#auto",
              "id": "P370336.U36",
              "label": "o ii' 11'",
              "cdl": [
                {
                  "node": "d",
                  "type": "line-start",
                  "ref": "P370336.25",
                  "n": "11'",
                  "label": "o ii' 11'"
                },
                {
                  "node": "d",
                  "type": "cell-start"
                },
                {
                  "node": "d",
                  "type": "field-start",
                  "subtype": "wp"
                },
                {
                  "node": "l",
                  "frag": "{[ŋeš]}|[UD.SAL].KAB|",
                  "id": "P370336.l3ede8",
                  "ref": "P370336.25.1",
                  "inst": "%sux:{ŋeš}|UD.SAL.KAB|=",
                  "f": {
                    "lang": "sux",
                    "form": "{ŋeš}|UD.SAL.KAB|",
                    "delim": "",
                    "gdl": [
                      {
                        "det": "semantic",
                        "pos": "pre",
                        "seq": [
                          {
                            "v": "ŋeš",
                            "id": "P370336.25.1.0",
                            "breakStart": "1",
                            "o": "]",
                            "break": "missing",
                            "breakEnd": "P370336.25.1.0"
                          }
                        ]
                      },
                      {
                        "c": "|UD.SAL.KAB|",
                        "id": "P370336.25.1.1",
                        "seq": [
                          {
                            "s": "UD",
                            "o": "["
                          },
                          {
                            "o": "beside"
                          },
                          {
                            "s": "SAL",
                            "o": "]"
                          },
                          {
                            "o": "beside"
                          },
                          {
                            "s": "KAB",
                            "break": "damaged"
                          }
                        ]
                      }
                    ]
                  }
                },
                {
                  "node": "l",
                  "frag": "⸢kaš⸣",
                  "id": "P370336.l3ede9",
                  "ref": "P370336.25.2",
                  "inst": "%sux:kaš=",
                  "f": {
                    "lang": "sux",
                    "form": "kaš",
                    "gdl": [
                      {
                        "v": "kaš",
                        "id": "P370336.25.2.0",
                        "break": "damaged",
                        "ho": "1",
                        "hc": "1"
                      }
                    ]
                  }
                },
                {
                  "node": "d",
                  "type": "field-end",
                  "subtype": "wp"
                },
                {
                  "node": "d",
                  "type": "cell-end"
                },
                {
                  "node": "d",
                  "type": "cell-start"
                },
                {
                  "node": "d",
                  "type": "field-start",
                  "subtype": "eq"
                },
                {
                  "node": "l",
                  "frag": "[...]",
                  "id": "P370336.l3edea",
                  "ref": "P370336.25.3",
                  "inst": "%akk-x-stdbab:x=",
                  "f": {
                    "lang": "akk-x-stdbab",
                    "form": "x",
                    "gdl": [
                      {
                        "x": "ellipsis",
                        "id": "P370336.25.3.0",
                        "breakStart": "1",
                        "break": "missing",
                        "o": "]",
                        "breakEnd": "P370336.25.3.0"
                      }
                    ]
                  }
                },
                {
                  "node": "d",
                  "type": "field-end",
                  "subtype": "eq"
                },
                {
                  "node": "d",
                  "type": "cell-end"
                }
              ]
            },
            {
              "node": "c",
              "type": "sentence",
              "implicit": "yes",
              "tag": "#auto",
              "id": "P370336.U38",
              "label": "o ii' 12'",
              "cdl": [
                {
                  "node": "d",
                  "type": "line-start",
                  "ref": "P370336.26",
                  "n": "12'",
                  "label": "o ii' 12'"
                },
                {
                  "node": "d",
                  "type": "cell-start"
                },
                {
                  "node": "d",
                  "type": "field-start",
                  "subtype": "wp"
                },
                {
                  "node": "l",
                  "frag": "{[ŋeš]}|[UD.SAL].KAB|",
                  "id": "P370336.l3edeb",
                  "ref": "P370336.26.1",
                  "inst": "%sux:{ŋeš}|UD.SAL.KAB|=",
                  "f": {
                    "lang": "sux",
                    "form": "{ŋeš}|UD.SAL.KAB|",
                    "delim": "",
                    "gdl": [
                      {
                        "det": "semantic",
                        "pos": "pre",
                        "seq": [
                          {
                            "v": "ŋeš",
                            "id": "P370336.26.1.0",
                            "breakStart": "1",
                            "o": "]",
                            "break": "missing",
                            "breakEnd": "P370336.26.1.0"
                          }
                        ]
                      },
                      {
                        "c": "|UD.SAL.KAB|",
                        "id": "P370336.26.1.1",
                        "seq": [
                          {
                            "s": "UD",
                            "o": "["
                          },
                          {
                            "o": "beside"
                          },
                          {
                            "s": "SAL",
                            "o": "]"
                          },
                          {
                            "o": "beside"
                          },
                          {
                            "s": "KAB",
                            "break": "damaged"
                          }
                        ]
                      }
                    ]
                  }
                },
                {
                  "node": "l",
                  "frag": "⸢tu₇⸣",
                  "id": "P370336.l3edec",
                  "ref": "P370336.26.2",
                  "inst": "%sux:tu₇=",
                  "f": {
                    "lang": "sux",
                    "form": "tu₇",
                    "gdl": [
                      {
                        "v": "tu₇",
                        "id": "P370336.26.2.0",
                        "break": "damaged",
                        "ho": "1",
                        "hc": "1"
                      }
                    ]
                  }
                },
                {
                  "node": "d",
                  "type": "field-end",
                  "subtype": "wp"
                },
                {
                  "node": "d",
                  "type": "cell-end"
                },
                {
                  "node": "d",
                  "type": "cell-start"
                },
                {
                  "node": "d",
                  "type": "field-start",
                  "subtype": "eq"
                },
                {
                  "node": "l",
                  "frag": "[...]",
                  "id": "P370336.l3eded",
                  "ref": "P370336.26.3",
                  "inst": "%akk-x-stdbab:x=",
                  "f": {
                    "lang": "akk-x-stdbab",
                    "form": "x",
                    "gdl": [
                      {
                        "x": "ellipsis",
                        "id": "P370336.26.3.0",
                        "breakStart": "1",
                        "break": "missing",
                        "o": "]",
                        "breakEnd": "P370336.26.3.0"
                      }
                    ]
                  }
                },
                {
                  "node": "d",
                  "type": "field-end",
                  "subtype": "eq"
                },
                {
                  "node": "d",
                  "type": "cell-end"
                },
                {
                  "node": "d",
                  "type": "nonx",
                  "ref": "P370336.27",
                  "strict": "0",
                  "state": "missing"
                },
                {
                  "node": "d",
                  "subtype": "reverse",
                  "type": "reverse",
                  "ref": "P370336.r.28",
                  "label": "r"
                },
                {
                  "node": "d",
                  "type": "nonx",
                  "ref": "P370336.29",
                  "strict": "1",
                  "extent": "n",
                  "scope": "line",
                  "state": "missing"
                }
              ]
            }
          ]
        }
      ]
    }
  ]
}
