{
  "type": "cdl",
  "project": "dcclt",
  "source": "http://oracc.org/dcclt",
  "license": "This data is released under the CC0 license",
  "license-url": "https://creativecommons.org/publicdomain/zero/1.0/",
  "more-info": "http://oracc.org/doc/opendata/",
  "UTC-timestamp": "2019-01-29T00:18:32",
  "textid": "P388553",
  "cdl": [
    {
      "node": "c",
      "type": "text",
      "id": "P388553.U0",
      "cdl": [
        {
          "node": "d",
          "type": "object",
          "ref": ""
        },
        {
          "node": "d",
          "subtype": "obverse",
          "type": "obverse",
          "ref": "P388553.o.1",
          "label": "o"
        },
        {
          "node": "c",
          "type": "discourse",
          "subtype": "body",
          "id": "P388553.U1",
          "cdl": [
            {
              "node": "c",
              "type": "sentence",
              "implicit": "yes",
              "id": "P388553.U2",
              "label": "o 1",
              "cdl": [
                {
                  "node": "d",
                  "type": "line-start",
                  "ref": "P388553.2",
                  "n": "1",
                  "label": "o 1"
                },
                {
                  "node": "l",
                  "frag": "igi",
                  "id": "P388553.l57168",
                  "ref": "P388553.2.1",
                  "inst": "%sux:igi=",
                  "f": {
                    "lang": "sux",
                    "form": "igi",
                    "delim": "",
                    "gdl": [
                      {
                        "v": "igi",
                        "id": "P388553.2.1.0"
                      }
                    ]
                  }
                },
                {
                  "node": "l",
                  "frag": "ŋar",
                  "id": "P388553.l57169",
                  "ref": "P388553.2.2",
                  "inst": "%sux:ŋar=",
                  "f": {
                    "lang": "sux",
                    "form": "ŋar",
                    "gdl": [
                      {
                        "v": "ŋar",
                        "id": "P388553.2.2.0"
                      }
                    ]
                  }
                }
              ]
            },
            {
              "node": "c",
              "type": "sentence",
              "implicit": "yes",
              "tag": "#auto",
              "id": "P388553.U4",
              "label": "o 2",
              "cdl": [
                {
                  "node": "d",
                  "type": "line-start",
                  "ref": "P388553.3",
                  "n": "2",
                  "label": "o 2"
                },
                {
                  "node": "l",
                  "frag": "igi-za",
                  "id": "P388553.l5716a",
                  "ref": "P388553.3.1",
                  "inst": "%sux:igi-za=",
                  "f": {
                    "lang": "sux",
                    "form": "igi-za",
                    "delim": "",
                    "gdl": [
                      {
                        "v": "igi",
                        "id": "P388553.3.1.0",
                        "delim": "-"
                      },
                      {
                        "v": "za",
                        "id": "P388553.3.1.1"
                      }
                    ]
                  }
                },
                {
                  "node": "l",
                  "frag": "x",
                  "id": "P388553.l5716b",
                  "ref": "P388553.3.2",
                  "inst": "%sux:x=",
                  "f": {
                    "lang": "sux",
                    "form": "x",
                    "delim": "",
                    "gdl": [
                      {
                        "v": "x",
                        "id": "P388553.3.2.0"
                      }
                    ]
                  }
                },
                {
                  "node": "l",
                  "frag": "x",
                  "id": "P388553.l5716c",
                  "ref": "P388553.3.3",
                  "inst": "%sux:x=",
                  "f": {
                    "lang": "sux",
                    "form": "x",
                    "delim": "",
                    "gdl": [
                      {
                        "v": "x",
                        "id": "P388553.3.3.0"
                      }
                    ]
                  }
                },
                {
                  "node": "l",
                  "frag": "hub₂-zu",
                  "id": "P388553.l5716d",
                  "ref": "P388553.3.4",
                  "inst": "%sux:hub₂-zu=",
                  "f": {
                    "lang": "sux",
                    "form": "hub₂-zu",
                    "gdl": [
                      {
                        "v": "hub₂",
                        "id": "P388553.3.4.0",
                        "delim": "-"
                      },
                      {
                        "v": "zu",
                        "id": "P388553.3.4.1"
                      }
                    ]
                  }
                }
              ]
            }
          ]
        }
      ]
    }
  ]
}
