{
  "type": "cdl",
  "project": "dcclt",
  "source": "http://oracc.org/dcclt",
  "license": "This data is released under the CC0 license",
  "license-url": "https://creativecommons.org/publicdomain/zero/1.0/",
  "more-info": "http://oracc.org/doc/opendata/",
  "UTC-timestamp": "2019-01-29T00:19:31",
  "textid": "P451222",
  "cdl": [
    {
      "node": "c",
      "type": "text",
      "id": "P451222.U0",
      "cdl": [
        {
          "node": "d",
          "subtype": "tablet",
          "type": "tablet",
          "ref": "P451222.x2181.1",
          "label": "x2181"
        },
        {
          "node": "d",
          "subtype": "obverse",
          "type": "obverse",
          "ref": "P451222.o.2",
          "label": "o"
        },
        {
          "node": "d",
          "type": "nonx",
          "ref": "P451222.3",
          "strict": "1",
          "extent": "beginning",
          "scope": "line",
          "state": "missing"
        },
        {
          "node": "c",
          "type": "discourse",
          "subtype": "body",
          "id": "P451222.U1",
          "cdl": [
            {
              "node": "c",
              "type": "sentence",
              "implicit": "yes",
              "id": "P451222.U2",
              "label": "o 1'",
              "cdl": [
                {
                  "node": "d",
                  "type": "line-start",
                  "ref": "P451222.4",
                  "n": "1'",
                  "label": "o 1'"
                },
                {
                  "node": "d",
                  "type": "cell-start"
                },
                {
                  "node": "d",
                  "type": "field-start",
                  "subtype": "wp"
                },
                {
                  "node": "l",
                  "frag": "[...]-⸢e⸣",
                  "id": "P451222.l50073",
                  "ref": "P451222.4.1",
                  "inst": "u",
                  "f": {
                    "lang": "sux",
                    "form": "x-e",
                    "gdl": [
                      {
                        "x": "ellipsis",
                        "id": "P451222.4.1.0",
                        "breakStart": "1",
                        "break": "missing",
                        "o": "]",
                        "breakEnd": "P451222.4.1.0",
                        "delim": "-"
                      },
                      {
                        "v": "e",
                        "id": "P451222.4.1.1",
                        "break": "damaged",
                        "ho": "1",
                        "hc": "1"
                      }
                    ],
                    "pos": "u"
                  }
                },
                {
                  "node": "d",
                  "type": "field-end",
                  "subtype": "wp"
                },
                {
                  "node": "d",
                  "type": "cell-end"
                },
                {
                  "node": "d",
                  "type": "cell-start"
                },
                {
                  "node": "d",
                  "type": "field-start",
                  "subtype": "eq"
                },
                {
                  "node": "l",
                  "frag": "[...]",
                  "id": "P451222.l50074",
                  "ref": "P451222.4.2",
                  "inst": "u",
                  "f": {
                    "lang": "akk",
                    "form": "x",
                    "gdl": [
                      {
                        "x": "ellipsis",
                        "id": "P451222.4.2.0",
                        "breakStart": "1",
                        "break": "missing",
                        "o": "]",
                        "breakEnd": "P451222.4.2.0"
                      }
                    ],
                    "pos": "u"
                  }
                },
                {
                  "node": "d",
                  "type": "field-end",
                  "subtype": "eq"
                },
                {
                  "node": "d",
                  "type": "cell-end"
                }
              ]
            },
            {
              "node": "c",
              "type": "sentence",
              "implicit": "yes",
              "tag": "#auto",
              "id": "P451222.U4",
              "label": "o 2'",
              "cdl": [
                {
                  "node": "d",
                  "type": "line-start",
                  "ref": "P451222.5",
                  "n": "2'",
                  "label": "o 2'"
                },
                {
                  "node": "d",
                  "type": "cell-start"
                },
                {
                  "node": "d",
                  "type": "field-start",
                  "subtype": "wp"
                },
                {
                  "node": "l",
                  "frag": "[...]-⸢meš⸣",
                  "id": "P451222.l50075",
                  "ref": "P451222.5.1",
                  "inst": "u",
                  "f": {
                    "lang": "sux",
                    "form": "x-meš",
                    "gdl": [
                      {
                        "x": "ellipsis",
                        "id": "P451222.5.1.0",
                        "breakStart": "1",
                        "break": "missing",
                        "o": "]",
                        "breakEnd": "P451222.5.1.0",
                        "delim": "-"
                      },
                      {
                        "v": "meš",
                        "id": "P451222.5.1.1",
                        "break": "damaged",
                        "ho": "1",
                        "hc": "1"
                      }
                    ],
                    "pos": "u"
                  }
                },
                {
                  "node": "d",
                  "type": "field-end",
                  "subtype": "wp"
                },
                {
                  "node": "d",
                  "type": "cell-end"
                },
                {
                  "node": "d",
                  "type": "cell-start"
                },
                {
                  "node": "d",
                  "type": "field-start",
                  "subtype": "eq"
                },
                {
                  "node": "l",
                  "frag": "⸢i-ma⸣-[...]",
                  "id": "P451222.l50076",
                  "ref": "P451222.5.2",
                  "inst": "u",
                  "f": {
                    "lang": "akk",
                    "form": "i-ma-x",
                    "gdl": [
                      {
                        "v": "i",
                        "id": "P451222.5.2.0",
                        "break": "damaged",
                        "ho": "1",
                        "delim": "-"
                      },
                      {
                        "v": "ma",
                        "id": "P451222.5.2.1",
                        "break": "damaged",
                        "queried": "1",
                        "delim": "-",
                        "hc": "1"
                      },
                      {
                        "x": "ellipsis",
                        "id": "P451222.5.2.2",
                        "breakStart": "1",
                        "break": "missing",
                        "o": "]",
                        "breakEnd": "P451222.5.2.2"
                      }
                    ],
                    "pos": "u"
                  }
                },
                {
                  "node": "d",
                  "type": "field-end",
                  "subtype": "eq"
                },
                {
                  "node": "d",
                  "type": "cell-end"
                }
              ]
            },
            {
              "node": "c",
              "type": "sentence",
              "implicit": "yes",
              "tag": "#auto",
              "id": "P451222.U6",
              "label": "o 3'",
              "cdl": [
                {
                  "node": "d",
                  "type": "line-start",
                  "ref": "P451222.6",
                  "n": "3'",
                  "label": "o 3'"
                },
                {
                  "node": "d",
                  "type": "cell-start"
                },
                {
                  "node": "d",
                  "type": "field-start",
                  "subtype": "wp"
                },
                {
                  "node": "l",
                  "frag": "[...]-⸢ŋa₂⸣",
                  "id": "P451222.l50077",
                  "ref": "P451222.6.1",
                  "inst": "u",
                  "f": {
                    "lang": "sux",
                    "form": "x-ŋa₂",
                    "gdl": [
                      {
                        "x": "ellipsis",
                        "id": "P451222.6.1.0",
                        "breakStart": "1",
                        "break": "missing",
                        "o": "]",
                        "breakEnd": "P451222.6.1.0",
                        "delim": "-"
                      },
                      {
                        "v": "ŋa₂",
                        "id": "P451222.6.1.1",
                        "break": "damaged",
                        "ho": "1",
                        "hc": "1"
                      }
                    ],
                    "pos": "u"
                  }
                },
                {
                  "node": "d",
                  "type": "field-end",
                  "subtype": "wp"
                },
                {
                  "node": "d",
                  "type": "cell-end"
                },
                {
                  "node": "d",
                  "type": "cell-start"
                },
                {
                  "node": "d",
                  "type": "field-start",
                  "subtype": "eq"
                },
                {
                  "node": "l",
                  "frag": "še-um",
                  "id": "P451222.l50078",
                  "ref": "P451222.6.2",
                  "inst": "šeʾum[barley]N",
                  "sig": "@dcclt%akk:še-um=šeʾu[barley//barley]N'N$šeʾum",
                  "f": {
                    "lang": "akk",
                    "form": "še-um",
                    "delim": "",
                    "gdl": [
                      {
                        "v": "še",
                        "id": "P451222.6.2.0",
                        "delim": "-"
                      },
                      {
                        "v": "um",
                        "id": "P451222.6.2.1",
                        "gdl_remarked": "1"
                      }
                    ],
                    "cf": "šeʾu",
                    "gw": "barley",
                    "sense": "barley",
                    "norm": "šeʾum",
                    "pos": "N",
                    "epos": "N"
                  }
                },
                {
                  "node": "l",
                  "frag": "[...]",
                  "id": "P451222.l50079",
                  "ref": "P451222.6.3",
                  "inst": "u",
                  "f": {
                    "lang": "akk",
                    "form": "x",
                    "gdl": [
                      {
                        "x": "ellipsis",
                        "id": "P451222.6.3.0",
                        "breakStart": "1",
                        "break": "missing",
                        "o": "]",
                        "breakEnd": "P451222.6.3.0"
                      }
                    ],
                    "pos": "u"
                  }
                },
                {
                  "node": "d",
                  "type": "field-end",
                  "subtype": "eq"
                },
                {
                  "node": "d",
                  "type": "cell-end"
                },
                {
                  "node": "d",
                  "type": "nonx",
                  "ref": "P451222.7",
                  "strict": "1",
                  "extent": "1",
                  "scope": "line",
                  "state": "ruling"
                }
              ]
            },
            {
              "node": "c",
              "type": "sentence",
              "implicit": "yes",
              "tag": "#auto",
              "id": "P451222.U8",
              "label": "o 4'",
              "cdl": [
                {
                  "node": "d",
                  "type": "line-start",
                  "ref": "P451222.8",
                  "n": "4'",
                  "label": "o 4'"
                },
                {
                  "node": "d",
                  "type": "cell-start"
                },
                {
                  "node": "d",
                  "type": "field-start",
                  "subtype": "wp"
                },
                {
                  "node": "l",
                  "frag": "[i₃]-⸢la₂⸣",
                  "id": "P451222.l5007a",
                  "ref": "P451222.8.1",
                  "inst": "la[to weigh, weigh (out), pay]",
                  "exosig": "@dcclt%sux:i₃-la₂=la[hang//to weigh, weigh (out), pay]V/t'V/t$V:la/la₂#V:~",
                  "exoprj": "epsd2",
                  "exolng": "sux",
                  "f": {
                    "lang": "sux",
                    "form": "i₃-la₂",
                    "gdl": [
                      {
                        "v": "i₃",
                        "id": "P451222.8.1.0",
                        "breakStart": "1",
                        "o": "]",
                        "break": "missing",
                        "breakEnd": "P451222.8.1.0",
                        "delim": "-"
                      },
                      {
                        "v": "la₂",
                        "id": "P451222.8.1.1",
                        "break": "damaged",
                        "ho": "1",
                        "hc": "1"
                      }
                    ],
                    "cf": "la",
                    "gw": "hang",
                    "sense": "to weigh, weigh (out), pay",
                    "norm0": "V:la",
                    "pos": "V/t",
                    "epos": "V/t",
                    "base": "la₂",
                    "morph": "V:~"
                  }
                },
                {
                  "node": "d",
                  "type": "field-end",
                  "subtype": "wp"
                },
                {
                  "node": "d",
                  "type": "cell-end"
                },
                {
                  "node": "d",
                  "type": "cell-start"
                },
                {
                  "node": "d",
                  "type": "field-start",
                  "subtype": "eq"
                },
                {
                  "node": "l",
                  "frag": "iš-[qul]",
                  "id": "P451222.l5007b",
                  "ref": "P451222.8.2",
                  "inst": "išqul[weigh]V",
                  "sig": "@dcclt%akk:iš-qul=šaqālu[weigh//weigh]V'V$išqul",
                  "f": {
                    "lang": "akk",
                    "form": "iš-qul",
                    "gdl": [
                      {
                        "v": "iš",
                        "id": "P451222.8.2.0",
                        "delim": "-"
                      },
                      {
                        "v": "qul",
                        "id": "P451222.8.2.1",
                        "breakStart": "1",
                        "o": "]",
                        "break": "missing",
                        "breakEnd": "P451222.8.2.1"
                      }
                    ],
                    "cf": "šaqālu",
                    "gw": "weigh",
                    "sense": "weigh",
                    "norm": "išqul",
                    "pos": "V",
                    "epos": "V"
                  }
                },
                {
                  "node": "d",
                  "type": "field-end",
                  "subtype": "eq"
                },
                {
                  "node": "d",
                  "type": "cell-end"
                }
              ]
            },
            {
              "node": "c",
              "type": "sentence",
              "implicit": "yes",
              "tag": "#auto",
              "id": "P451222.U10",
              "label": "o 5'",
              "cdl": [
                {
                  "node": "d",
                  "type": "line-start",
                  "ref": "P451222.9",
                  "n": "5'",
                  "label": "o 5'"
                },
                {
                  "node": "d",
                  "type": "cell-start"
                },
                {
                  "node": "d",
                  "type": "field-start",
                  "subtype": "wp"
                },
                {
                  "node": "l",
                  "frag": "[i₃-la₂]-⸢e⸣",
                  "id": "P451222.l5007c",
                  "ref": "P451222.9.1",
                  "inst": "la[hang]",
                  "exosig": "@dcclt%sux:i₃-la₂-e=la[hang//to hang, balance, suspend,]V/t'V/t$V:la;e/la₂#V:~;e",
                  "exoprj": "epsd2",
                  "exolng": "sux",
                  "f": {
                    "lang": "sux",
                    "form": "i₃-la₂-e",
                    "gdl": [
                      {
                        "v": "i₃",
                        "id": "P451222.9.1.0",
                        "breakStart": "1",
                        "o": "[",
                        "break": "missing",
                        "delim": "-"
                      },
                      {
                        "v": "la₂",
                        "id": "P451222.9.1.1",
                        "break": "missing",
                        "o": "]",
                        "breakEnd": "P451222.9.1.0",
                        "delim": "-"
                      },
                      {
                        "v": "e",
                        "id": "P451222.9.1.2",
                        "break": "damaged",
                        "ho": "1",
                        "hc": "1"
                      }
                    ],
                    "cf": "la",
                    "gw": "hang",
                    "sense": "to hang, balance, suspend,",
                    "norm0": "V:la;e",
                    "pos": "V/t",
                    "epos": "V/t",
                    "base": "la₂",
                    "morph": "V:~;e"
                  }
                },
                {
                  "node": "d",
                  "type": "field-end",
                  "subtype": "wp"
                },
                {
                  "node": "d",
                  "type": "cell-end"
                },
                {
                  "node": "d",
                  "type": "cell-start"
                },
                {
                  "node": "d",
                  "type": "field-start",
                  "subtype": "eq"
                },
                {
                  "node": "l",
                  "frag": "i-⸢šaq⸣-[qal]",
                  "id": "P451222.l5007d",
                  "ref": "P451222.9.2",
                  "inst": "išaqqal[weigh]V",
                  "sig": "@dcclt%akk:i-šaq-qal=šaqālu[weigh//weigh]V'V$išaqqal",
                  "f": {
                    "lang": "akk",
                    "form": "i-šaq-qal",
                    "gdl": [
                      {
                        "v": "i",
                        "id": "P451222.9.2.0",
                        "delim": "-"
                      },
                      {
                        "v": "šaq",
                        "id": "P451222.9.2.1",
                        "break": "damaged",
                        "ho": "1",
                        "delim": "-",
                        "hc": "1"
                      },
                      {
                        "v": "qal",
                        "id": "P451222.9.2.2",
                        "breakStart": "1",
                        "o": "]",
                        "break": "missing",
                        "breakEnd": "P451222.9.2.2"
                      }
                    ],
                    "cf": "šaqālu",
                    "gw": "weigh",
                    "sense": "weigh",
                    "norm": "išaqqal",
                    "pos": "V",
                    "epos": "V"
                  }
                },
                {
                  "node": "d",
                  "type": "field-end",
                  "subtype": "eq"
                },
                {
                  "node": "d",
                  "type": "cell-end"
                }
              ]
            },
            {
              "node": "c",
              "type": "sentence",
              "implicit": "yes",
              "tag": "#auto",
              "id": "P451222.U12",
              "label": "o 6'",
              "cdl": [
                {
                  "node": "d",
                  "type": "line-start",
                  "ref": "P451222.10",
                  "n": "6'",
                  "label": "o 6'"
                },
                {
                  "node": "d",
                  "type": "cell-start"
                },
                {
                  "node": "d",
                  "type": "field-start",
                  "subtype": "wp"
                },
                {
                  "node": "l",
                  "frag": "[i₃-la₂-e]-⸢meš⸣",
                  "id": "P451222.l5007e",
                  "ref": "P451222.10.1",
                  "inst": "la[to weigh, weigh (out), pay]",
                  "exosig": "@dcclt%sux:i₃-la₂-e-meš=la[hang//to weigh, weigh (out), pay]V/t'V/t$V:la;e.meš/la₂#V:~;e.meš",
                  "exoprj": "epsd2",
                  "exolng": "sux",
                  "f": {
                    "lang": "sux",
                    "form": "i₃-la₂-e-meš",
                    "gdl": [
                      {
                        "v": "i₃",
                        "id": "P451222.10.1.0",
                        "breakStart": "1",
                        "o": "[",
                        "break": "missing",
                        "delim": "-"
                      },
                      {
                        "v": "la₂",
                        "id": "P451222.10.1.1",
                        "break": "missing",
                        "delim": "-"
                      },
                      {
                        "v": "e",
                        "id": "P451222.10.1.2",
                        "break": "missing",
                        "o": "]",
                        "breakEnd": "P451222.10.1.0",
                        "delim": "-"
                      },
                      {
                        "v": "meš",
                        "id": "P451222.10.1.3",
                        "break": "damaged",
                        "ho": "1",
                        "hc": "1"
                      }
                    ],
                    "cf": "la",
                    "gw": "hang",
                    "sense": "to weigh, weigh (out), pay",
                    "norm0": "V:la;e.meš",
                    "pos": "V/t",
                    "epos": "V/t",
                    "base": "la₂",
                    "morph": "V:~;e.meš"
                  }
                },
                {
                  "node": "d",
                  "type": "field-end",
                  "subtype": "wp"
                },
                {
                  "node": "d",
                  "type": "cell-end"
                },
                {
                  "node": "d",
                  "type": "cell-start"
                },
                {
                  "node": "d",
                  "type": "field-start",
                  "subtype": "eq"
                },
                {
                  "node": "l",
                  "frag": "i-⸢šaq⸣-[qa-lu]",
                  "id": "P451222.l5007f",
                  "ref": "P451222.10.2",
                  "inst": "išaqqalū[weigh]V",
                  "sig": "@dcclt%akk:i-šaq-qa-lu=šaqālu[weigh//weigh]V'V$išaqqalū",
                  "f": {
                    "lang": "akk",
                    "form": "i-šaq-qa-lu",
                    "gdl": [
                      {
                        "v": "i",
                        "id": "P451222.10.2.0",
                        "delim": "-"
                      },
                      {
                        "v": "šaq",
                        "id": "P451222.10.2.1",
                        "break": "damaged",
                        "ho": "1",
                        "delim": "-",
                        "hc": "1"
                      },
                      {
                        "v": "qa",
                        "id": "P451222.10.2.2",
                        "breakStart": "1",
                        "o": "[",
                        "break": "missing",
                        "delim": "-"
                      },
                      {
                        "v": "lu",
                        "id": "P451222.10.2.3",
                        "break": "missing",
                        "o": "]",
                        "breakEnd": "P451222.10.2.2"
                      }
                    ],
                    "cf": "šaqālu",
                    "gw": "weigh",
                    "sense": "weigh",
                    "norm": "išaqqalū",
                    "pos": "V",
                    "epos": "V"
                  }
                },
                {
                  "node": "d",
                  "type": "field-end",
                  "subtype": "eq"
                },
                {
                  "node": "d",
                  "type": "cell-end"
                }
              ]
            },
            {
              "node": "c",
              "type": "sentence",
              "implicit": "yes",
              "tag": "#auto",
              "id": "P451222.U14",
              "label": "o 7'",
              "cdl": [
                {
                  "node": "d",
                  "type": "line-start",
                  "ref": "P451222.11",
                  "n": "7'",
                  "label": "o 7'"
                },
                {
                  "node": "d",
                  "type": "cell-start"
                },
                {
                  "node": "d",
                  "type": "field-start",
                  "subtype": "wp"
                },
                {
                  "node": "l",
                  "frag": "[...]-⸢x⸣",
                  "id": "P451222.l50080",
                  "ref": "P451222.11.1",
                  "inst": "u",
                  "f": {
                    "lang": "sux",
                    "form": "x-x",
                    "gdl": [
                      {
                        "x": "ellipsis",
                        "id": "P451222.11.1.0",
                        "breakStart": "1",
                        "break": "missing",
                        "o": "]",
                        "breakEnd": "P451222.11.1.0",
                        "delim": "-"
                      },
                      {
                        "v": "x",
                        "id": "P451222.11.1.1",
                        "break": "damaged",
                        "ho": "1",
                        "hc": "1"
                      }
                    ],
                    "pos": "u"
                  }
                },
                {
                  "node": "d",
                  "type": "field-end",
                  "subtype": "wp"
                },
                {
                  "node": "d",
                  "type": "cell-end"
                },
                {
                  "node": "d",
                  "type": "cell-start"
                },
                {
                  "node": "d",
                  "type": "field-start",
                  "subtype": "eq"
                },
                {
                  "node": "l",
                  "frag": "⸢im-du⸣-[ud]",
                  "id": "P451222.l50081",
                  "ref": "P451222.11.2",
                  "inst": "imdud[measure]V",
                  "sig": "@dcclt%akk:im-du-ud=madādu[measure//measure]V'V$imdud",
                  "f": {
                    "lang": "akk",
                    "form": "im-du-ud",
                    "gdl": [
                      {
                        "v": "im",
                        "id": "P451222.11.2.0",
                        "break": "damaged",
                        "ho": "1",
                        "delim": "-"
                      },
                      {
                        "v": "du",
                        "id": "P451222.11.2.1",
                        "break": "damaged",
                        "queried": "1",
                        "delim": "-",
                        "hc": "1"
                      },
                      {
                        "v": "ud",
                        "id": "P451222.11.2.2",
                        "breakStart": "1",
                        "o": "]",
                        "break": "missing",
                        "breakEnd": "P451222.11.2.2"
                      }
                    ],
                    "cf": "madādu",
                    "gw": "measure",
                    "sense": "measure",
                    "norm": "imdud",
                    "pos": "V",
                    "epos": "V"
                  }
                },
                {
                  "node": "d",
                  "type": "field-end",
                  "subtype": "eq"
                },
                {
                  "node": "d",
                  "type": "cell-end"
                }
              ]
            },
            {
              "node": "c",
              "type": "sentence",
              "implicit": "yes",
              "tag": "#auto",
              "id": "P451222.U16",
              "label": "o 8'",
              "cdl": [
                {
                  "node": "d",
                  "type": "line-start",
                  "ref": "P451222.12",
                  "n": "8'",
                  "label": "o 8'"
                },
                {
                  "node": "d",
                  "type": "cell-start"
                },
                {
                  "node": "d",
                  "type": "field-start",
                  "subtype": "wp"
                },
                {
                  "node": "l",
                  "frag": "[...]-⸢e⸣",
                  "id": "P451222.l50082",
                  "ref": "P451222.12.1",
                  "inst": "u",
                  "f": {
                    "lang": "sux",
                    "form": "x-e",
                    "gdl": [
                      {
                        "x": "ellipsis",
                        "id": "P451222.12.1.0",
                        "breakStart": "1",
                        "break": "missing",
                        "o": "]",
                        "breakEnd": "P451222.12.1.0",
                        "delim": "-"
                      },
                      {
                        "v": "e",
                        "id": "P451222.12.1.1",
                        "break": "damaged",
                        "ho": "1",
                        "hc": "1"
                      }
                    ],
                    "pos": "u"
                  }
                },
                {
                  "node": "d",
                  "type": "field-end",
                  "subtype": "wp"
                },
                {
                  "node": "d",
                  "type": "cell-end"
                },
                {
                  "node": "d",
                  "type": "cell-start"
                },
                {
                  "node": "d",
                  "type": "field-start",
                  "subtype": "eq"
                },
                {
                  "node": "l",
                  "frag": "⸢i-x-x⸣-[...]",
                  "id": "P451222.l50083",
                  "ref": "P451222.12.2",
                  "inst": "u",
                  "f": {
                    "lang": "akk",
                    "form": "i-x-x-x",
                    "gdl": [
                      {
                        "v": "i",
                        "id": "P451222.12.2.0",
                        "break": "damaged",
                        "ho": "1",
                        "delim": "-"
                      },
                      {
                        "v": "x",
                        "id": "P451222.12.2.1",
                        "break": "damaged",
                        "delim": "-"
                      },
                      {
                        "v": "x",
                        "id": "P451222.12.2.2",
                        "break": "damaged",
                        "delim": "-",
                        "hc": "1"
                      },
                      {
                        "x": "ellipsis",
                        "id": "P451222.12.2.3",
                        "breakStart": "1",
                        "break": "missing",
                        "o": "]",
                        "breakEnd": "P451222.12.2.3"
                      }
                    ],
                    "pos": "u"
                  }
                },
                {
                  "node": "d",
                  "type": "field-end",
                  "subtype": "eq"
                },
                {
                  "node": "d",
                  "type": "cell-end"
                }
              ]
            },
            {
              "node": "c",
              "type": "sentence",
              "implicit": "yes",
              "tag": "#auto",
              "id": "P451222.U18",
              "label": "o 9'",
              "cdl": [
                {
                  "node": "d",
                  "type": "line-start",
                  "ref": "P451222.13",
                  "n": "9'",
                  "label": "o 9'"
                },
                {
                  "node": "d",
                  "type": "cell-start"
                },
                {
                  "node": "d",
                  "type": "field-start",
                  "subtype": "wp"
                },
                {
                  "node": "l",
                  "frag": "[...]-⸢meš⸣",
                  "id": "P451222.l50084",
                  "ref": "P451222.13.1",
                  "inst": "u",
                  "f": {
                    "lang": "sux",
                    "form": "x-meš",
                    "gdl": [
                      {
                        "x": "ellipsis",
                        "id": "P451222.13.1.0",
                        "breakStart": "1",
                        "break": "missing",
                        "o": "]",
                        "breakEnd": "P451222.13.1.0",
                        "delim": "-"
                      },
                      {
                        "v": "meš",
                        "id": "P451222.13.1.1",
                        "break": "damaged",
                        "ho": "1",
                        "hc": "1"
                      }
                    ],
                    "pos": "u"
                  }
                },
                {
                  "node": "d",
                  "type": "field-end",
                  "subtype": "wp"
                },
                {
                  "node": "d",
                  "type": "cell-end"
                },
                {
                  "node": "d",
                  "type": "cell-start"
                },
                {
                  "node": "d",
                  "type": "field-start",
                  "subtype": "eq"
                },
                {
                  "node": "l",
                  "frag": "⸢i⸣-[x]-⸢x⸣-[...]",
                  "id": "P451222.l50085",
                  "ref": "P451222.13.2",
                  "inst": "u",
                  "f": {
                    "lang": "akk",
                    "form": "i-x-x-x",
                    "gdl": [
                      {
                        "v": "i",
                        "id": "P451222.13.2.0",
                        "break": "damaged",
                        "ho": "1",
                        "delim": "-",
                        "hc": "1"
                      },
                      {
                        "v": "x",
                        "id": "P451222.13.2.1",
                        "breakStart": "1",
                        "o": "]",
                        "break": "missing",
                        "breakEnd": "P451222.13.2.1",
                        "delim": "-"
                      },
                      {
                        "v": "x",
                        "id": "P451222.13.2.2",
                        "break": "damaged",
                        "ho": "1",
                        "delim": "-",
                        "hc": "1"
                      },
                      {
                        "x": "ellipsis",
                        "id": "P451222.13.2.3",
                        "breakStart": "1",
                        "break": "missing",
                        "o": "]",
                        "breakEnd": "P451222.13.2.3"
                      }
                    ],
                    "pos": "u"
                  }
                },
                {
                  "node": "d",
                  "type": "field-end",
                  "subtype": "eq"
                },
                {
                  "node": "d",
                  "type": "cell-end"
                }
              ]
            },
            {
              "node": "c",
              "type": "sentence",
              "implicit": "yes",
              "tag": "#auto",
              "id": "P451222.U20",
              "label": "o 10",
              "cdl": [
                {
                  "node": "d",
                  "type": "line-start",
                  "ref": "P451222.14",
                  "n": "10",
                  "label": "o 10"
                },
                {
                  "node": "d",
                  "type": "cell-start"
                },
                {
                  "node": "d",
                  "type": "field-start",
                  "subtype": "wp"
                },
                {
                  "node": "l",
                  "frag": "[...]-⸢ŋa₂⸣",
                  "id": "P451222.l50086",
                  "ref": "P451222.14.1",
                  "inst": "u",
                  "f": {
                    "lang": "sux",
                    "form": "x-ŋa₂",
                    "gdl": [
                      {
                        "x": "ellipsis",
                        "id": "P451222.14.1.0",
                        "breakStart": "1",
                        "break": "missing",
                        "o": "]",
                        "breakEnd": "P451222.14.1.0",
                        "delim": "-"
                      },
                      {
                        "v": "ŋa₂",
                        "id": "P451222.14.1.1",
                        "break": "damaged",
                        "queried": "1",
                        "ho": "1",
                        "hc": "1"
                      }
                    ],
                    "pos": "u"
                  }
                },
                {
                  "node": "d",
                  "type": "field-end",
                  "subtype": "wp"
                },
                {
                  "node": "d",
                  "type": "cell-end"
                },
                {
                  "node": "d",
                  "type": "cell-start"
                },
                {
                  "node": "d",
                  "type": "field-start",
                  "subtype": "eq"
                },
                {
                  "node": "l",
                  "frag": "⸢še⸣-[um",
                  "id": "P451222.l50087",
                  "ref": "P451222.14.2",
                  "inst": "šeʾum[barley]N",
                  "sig": "@dcclt%akk:še-um=šeʾu[barley//barley]N'N$šeʾum",
                  "f": {
                    "lang": "akk",
                    "form": "še-um",
                    "delim": "",
                    "gdl": [
                      {
                        "v": "še",
                        "id": "P451222.14.2.0",
                        "break": "damaged",
                        "ho": "1",
                        "delim": "-",
                        "hc": "1"
                      },
                      {
                        "v": "um",
                        "id": "P451222.14.2.1",
                        "breakStart": "1",
                        "o": "[",
                        "break": "missing"
                      }
                    ],
                    "cf": "šeʾu",
                    "gw": "barley",
                    "sense": "barley",
                    "norm": "šeʾum",
                    "pos": "N",
                    "epos": "N"
                  }
                },
                {
                  "node": "l",
                  "frag": "...]",
                  "id": "P451222.l50088",
                  "ref": "P451222.14.3",
                  "inst": "u",
                  "f": {
                    "lang": "akk",
                    "form": "x",
                    "gdl": [
                      {
                        "x": "ellipsis",
                        "id": "P451222.14.3.0",
                        "break": "missing",
                        "o": "]",
                        "breakEnd": "P451222.14.2.1"
                      }
                    ],
                    "pos": "u"
                  }
                },
                {
                  "node": "d",
                  "type": "field-end",
                  "subtype": "eq"
                },
                {
                  "node": "d",
                  "type": "cell-end"
                },
                {
                  "node": "d",
                  "type": "nonx",
                  "ref": "P451222.15",
                  "strict": "1",
                  "extent": "rest",
                  "scope": "line",
                  "state": "missing"
                },
                {
                  "node": "d",
                  "subtype": "reverse",
                  "type": "reverse",
                  "ref": "P451222.r.16",
                  "label": "r"
                },
                {
                  "node": "d",
                  "type": "nonx",
                  "ref": "P451222.17",
                  "strict": "1",
                  "extent": "n",
                  "scope": "line",
                  "state": "missing"
                }
              ]
            }
          ]
        }
      ]
    }
  ]
}
