{
  "type": "cdl",
  "project": "dcclt",
  "source": "http://oracc.org/dcclt",
  "license": "This data is released under the CC0 license",
  "license-url": "https://creativecommons.org/publicdomain/zero/1.0/",
  "more-info": "http://oracc.org/doc/opendata/",
  "UTC-timestamp": "2019-01-29T00:19:42",
  "textid": "P460882",
  "cdl": [
    {
      "node": "c",
      "type": "text",
      "id": "P460882.U0",
      "cdl": [
        {
          "node": "d",
          "type": "object",
          "ref": ""
        },
        {
          "node": "d",
          "subtype": "obverse",
          "type": "obverse",
          "ref": "P460882.o.1",
          "label": "o"
        },
        {
          "node": "c",
          "type": "discourse",
          "subtype": "body",
          "id": "P460882.U1",
          "cdl": [
            {
              "node": "c",
              "type": "sentence",
              "implicit": "yes",
              "id": "P460882.U2",
              "label": "o 1",
              "cdl": [
                {
                  "node": "d",
                  "type": "line-start",
                  "ref": "P460882.2",
                  "n": "1",
                  "label": "o 1"
                },
                {
                  "node": "l",
                  "frag": "{iti}barag-zag-ŋar",
                  "id": "P460882.l572fd",
                  "ref": "P460882.2.1",
                  "inst": "Baragzagŋar[1]",
                  "exosig": "@dcclt%sux:{iti}barag-zag-ŋar=Baragzagŋar[1//1]MN'MN$Baragzagŋar/{iti}barag-zag-ŋar#~",
                  "exoprj": "epsd2",
                  "exolng": "sux",
                  "f": {
                    "lang": "sux",
                    "form": "{iti}barag-zag-ŋar",
                    "gdl": [
                      {
                        "det": "semantic",
                        "pos": "pre",
                        "seq": [
                          {
                            "v": "iti",
                            "id": "P460882.2.1.0"
                          }
                        ]
                      },
                      {
                        "v": "barag",
                        "id": "P460882.2.1.1",
                        "delim": "-"
                      },
                      {
                        "v": "zag",
                        "id": "P460882.2.1.2",
                        "delim": "-"
                      },
                      {
                        "v": "ŋar",
                        "id": "P460882.2.1.3"
                      }
                    ],
                    "cf": "Baragzagŋar",
                    "gw": "1",
                    "sense": "1",
                    "norm0": "Baragzagŋar",
                    "pos": "MN",
                    "epos": "MN",
                    "base": "{iti}barag-zag-ŋar",
                    "morph": "~"
                  }
                }
              ]
            },
            {
              "node": "c",
              "type": "sentence",
              "implicit": "yes",
              "tag": "#auto",
              "id": "P460882.U4",
              "label": "o 2",
              "cdl": [
                {
                  "node": "d",
                  "type": "line-start",
                  "ref": "P460882.3",
                  "n": "2",
                  "label": "o 2"
                },
                {
                  "node": "l",
                  "frag": "{iti}gud-si-sa₂",
                  "id": "P460882.l572fe",
                  "ref": "P460882.3.1",
                  "inst": "Gud-sisa[1]MN",
                  "exosig": "@dcclt%sux:{iti}gud-si-sa₂=Gud-sisa[1//1]MN'MN$Gud-sisa/{iti}gud-si-sa₂#~",
                  "exoprj": "epsd2",
                  "exolng": "sux",
                  "f": {
                    "lang": "sux",
                    "form": "{iti}gud-si-sa₂",
                    "gdl": [
                      {
                        "det": "semantic",
                        "pos": "pre",
                        "seq": [
                          {
                            "v": "iti",
                            "id": "P460882.3.1.0"
                          }
                        ]
                      },
                      {
                        "v": "gud",
                        "id": "P460882.3.1.1",
                        "delim": "-"
                      },
                      {
                        "v": "si",
                        "id": "P460882.3.1.2",
                        "delim": "-"
                      },
                      {
                        "v": "sa₂",
                        "id": "P460882.3.1.3"
                      }
                    ],
                    "cf": "Gud-sisa",
                    "gw": "1",
                    "sense": "1",
                    "norm0": "Gud-sisa",
                    "pos": "MN",
                    "epos": "MN",
                    "base": "{iti}gud-si-sa₂",
                    "morph": "~"
                  }
                }
              ]
            },
            {
              "node": "c",
              "type": "sentence",
              "implicit": "yes",
              "tag": "#auto",
              "id": "P460882.U6",
              "label": "o 3",
              "cdl": [
                {
                  "node": "d",
                  "type": "line-start",
                  "ref": "P460882.4",
                  "n": "3",
                  "label": "o 3"
                },
                {
                  "node": "l",
                  "frag": "{iti}šeg₁₂-a",
                  "id": "P460882.l572ff",
                  "ref": "P460882.4.1",
                  "inst": "Šega[1]MN",
                  "exosig": "@dcclt%sux:{iti}šeg₁₂-a=Šega[1//1]MN'MN$Šega/{iti}šeg₁₂-a#~",
                  "exoprj": "epsd2",
                  "exolng": "sux",
                  "f": {
                    "lang": "sux",
                    "form": "{iti}šeg₁₂-a",
                    "gdl": [
                      {
                        "det": "semantic",
                        "pos": "pre",
                        "seq": [
                          {
                            "v": "iti",
                            "id": "P460882.4.1.0"
                          }
                        ]
                      },
                      {
                        "v": "šeg₁₂",
                        "id": "P460882.4.1.1",
                        "delim": "-"
                      },
                      {
                        "v": "a",
                        "id": "P460882.4.1.2"
                      }
                    ],
                    "cf": "Šega",
                    "gw": "1",
                    "sense": "1",
                    "norm0": "Šega",
                    "pos": "MN",
                    "epos": "MN",
                    "base": "{iti}šeg₁₂-a",
                    "morph": "~"
                  }
                }
              ]
            },
            {
              "node": "c",
              "type": "sentence",
              "implicit": "yes",
              "tag": "#auto",
              "id": "P460882.U8",
              "label": "o 4",
              "cdl": [
                {
                  "node": "d",
                  "type": "line-start",
                  "ref": "P460882.5",
                  "n": "4",
                  "label": "o 4"
                },
                {
                  "node": "l",
                  "frag": "{iti}šu-numun-a",
                  "id": "P460882.l57300",
                  "ref": "P460882.5.1",
                  "inst": "Šunumuna[1]MN",
                  "exosig": "@dcclt%sux:{iti}šu-numun-a=Šunumuna[1//1]MN'MN$Šunumuna/{iti}šu-numun-a#~",
                  "exoprj": "epsd2",
                  "exolng": "sux",
                  "f": {
                    "lang": "sux",
                    "form": "{iti}šu-numun-a",
                    "gdl": [
                      {
                        "det": "semantic",
                        "pos": "pre",
                        "seq": [
                          {
                            "v": "iti",
                            "id": "P460882.5.1.0"
                          }
                        ]
                      },
                      {
                        "v": "šu",
                        "id": "P460882.5.1.1",
                        "delim": "-"
                      },
                      {
                        "v": "numun",
                        "id": "P460882.5.1.2",
                        "delim": "-"
                      },
                      {
                        "v": "a",
                        "id": "P460882.5.1.3"
                      }
                    ],
                    "cf": "Šunumuna",
                    "gw": "1",
                    "sense": "1",
                    "norm0": "Šunumuna",
                    "pos": "MN",
                    "epos": "MN",
                    "base": "{iti}šu-numun-a",
                    "morph": "~"
                  }
                }
              ]
            },
            {
              "node": "c",
              "type": "sentence",
              "implicit": "yes",
              "tag": "#auto",
              "id": "P460882.U10",
              "label": "o 5",
              "cdl": [
                {
                  "node": "d",
                  "type": "line-start",
                  "ref": "P460882.6",
                  "n": "5",
                  "label": "o 5"
                },
                {
                  "node": "l",
                  "frag": "{iti}NE-NE-ŋar",
                  "id": "P460882.l57301",
                  "ref": "P460882.6.1",
                  "inst": "NE.NE.ŋar[]MN",
                  "exosig": "@dcclt%sux:{iti}NE-NE-ŋar=NE.NE.ŋar[1//1]MN'MN$NE.NE.ŋar/{iti}NE-NE-ŋar#~",
                  "exoprj": "epsd2",
                  "exolng": "sux",
                  "f": {
                    "lang": "sux",
                    "form": "{iti}NE-NE-ŋar",
                    "gdl": [
                      {
                        "det": "semantic",
                        "pos": "pre",
                        "seq": [
                          {
                            "v": "iti",
                            "id": "P460882.6.1.0"
                          }
                        ]
                      },
                      {
                        "s": "NE",
                        "id": "P460882.6.1.1",
                        "delim": "-"
                      },
                      {
                        "s": "NE",
                        "id": "P460882.6.1.2",
                        "delim": "-"
                      },
                      {
                        "v": "ŋar",
                        "id": "P460882.6.1.3"
                      }
                    ],
                    "cf": "NE.NE.ŋar",
                    "gw": "1",
                    "sense": "1",
                    "norm0": "NE.NE.ŋar",
                    "pos": "MN",
                    "epos": "MN",
                    "base": "{iti}NE-NE-ŋar",
                    "morph": "~"
                  }
                }
              ]
            },
            {
              "node": "c",
              "type": "sentence",
              "implicit": "yes",
              "tag": "#auto",
              "id": "P460882.U12",
              "label": "o 6",
              "cdl": [
                {
                  "node": "d",
                  "type": "line-start",
                  "ref": "P460882.7",
                  "n": "6",
                  "label": "o 6"
                },
                {
                  "node": "l",
                  "frag": "{iti}kiŋ₂-{d}inana",
                  "id": "P460882.l57302",
                  "ref": "P460882.7.1",
                  "inst": "Kiŋ-Inana[1]MN",
                  "exosig": "@dcclt%sux:{iti}kiŋ₂-{d}inana=Kiŋ-Inana[1//1]MN'MN$Kiŋ-Inana/{iti}kiŋ₂-{d}inana#~",
                  "exoprj": "epsd2",
                  "exolng": "sux",
                  "f": {
                    "lang": "sux",
                    "form": "{iti}kiŋ₂-{d}inana",
                    "gdl": [
                      {
                        "det": "semantic",
                        "pos": "pre",
                        "seq": [
                          {
                            "v": "iti",
                            "id": "P460882.7.1.0"
                          }
                        ]
                      },
                      {
                        "v": "kiŋ₂",
                        "id": "P460882.7.1.1",
                        "delim": "-"
                      },
                      {
                        "det": "semantic",
                        "pos": "pre",
                        "seq": [
                          {
                            "v": "d",
                            "id": "P460882.7.1.2"
                          }
                        ]
                      },
                      {
                        "v": "inana",
                        "id": "P460882.7.1.3"
                      }
                    ],
                    "cf": "Kiŋ-Inana",
                    "gw": "1",
                    "sense": "1",
                    "norm0": "Kiŋ-Inana",
                    "pos": "MN",
                    "epos": "MN",
                    "base": "{iti}kiŋ₂-{d}inana",
                    "morph": "~"
                  }
                }
              ]
            },
            {
              "node": "c",
              "type": "sentence",
              "implicit": "yes",
              "tag": "#auto",
              "id": "P460882.U14",
              "label": "o 7",
              "cdl": [
                {
                  "node": "d",
                  "type": "line-start",
                  "ref": "P460882.8",
                  "n": "7",
                  "label": "o 7"
                },
                {
                  "node": "l",
                  "frag": "{iti}du₆-kug",
                  "id": "P460882.l57303",
                  "ref": "P460882.8.1",
                  "inst": "Dukug[]MN",
                  "exosig": "@dcclt%sux:{iti}du₆-kug=Dukug[1//1]MN'MN$Dukug/{itud}du₆-kug#~",
                  "exoprj": "epsd2",
                  "exolng": "sux",
                  "f": {
                    "lang": "sux",
                    "form": "{iti}du₆-kug",
                    "gdl": [
                      {
                        "det": "semantic",
                        "pos": "pre",
                        "seq": [
                          {
                            "v": "iti",
                            "id": "P460882.8.1.0"
                          }
                        ]
                      },
                      {
                        "v": "du₆",
                        "id": "P460882.8.1.1",
                        "delim": "-"
                      },
                      {
                        "v": "kug",
                        "id": "P460882.8.1.2"
                      }
                    ],
                    "cf": "Dukug",
                    "gw": "1",
                    "sense": "1",
                    "norm0": "Dukug",
                    "pos": "MN",
                    "epos": "MN",
                    "base": "{itud}du₆-kug",
                    "morph": "~"
                  }
                }
              ]
            },
            {
              "node": "c",
              "type": "sentence",
              "implicit": "yes",
              "tag": "#auto",
              "id": "P460882.U16",
              "label": "o 8",
              "cdl": [
                {
                  "node": "d",
                  "type": "line-start",
                  "ref": "P460882.9",
                  "n": "8",
                  "label": "o 8"
                },
                {
                  "node": "l",
                  "frag": "{iti}{ŋeš}apin-du₈-a",
                  "id": "P460882.l57304",
                  "ref": "P460882.9.1",
                  "inst": "Apinduʾa[]MN",
                  "exosig": "@dcclt%sux:{iti}{ŋeš}apin-du₈-a=Apinduʾa[1//1]MN'MN$Apinduʾa/{itud}{ŋeš}apin-du₈-a#~",
                  "exoprj": "epsd2",
                  "exolng": "sux",
                  "f": {
                    "lang": "sux",
                    "form": "{iti}{ŋeš}apin-du₈-a",
                    "gdl": [
                      {
                        "det": "semantic",
                        "pos": "pre",
                        "seq": [
                          {
                            "v": "iti",
                            "id": "P460882.9.1.0"
                          }
                        ]
                      },
                      {
                        "det": "semantic",
                        "pos": "pre",
                        "seq": [
                          {
                            "v": "ŋeš",
                            "id": "P460882.9.1.1"
                          }
                        ]
                      },
                      {
                        "v": "apin",
                        "id": "P460882.9.1.2",
                        "delim": "-"
                      },
                      {
                        "v": "du₈",
                        "id": "P460882.9.1.3",
                        "delim": "-"
                      },
                      {
                        "v": "a",
                        "id": "P460882.9.1.4"
                      }
                    ],
                    "cf": "Apinduʾa",
                    "gw": "1",
                    "sense": "1",
                    "norm0": "Apinduʾa",
                    "pos": "MN",
                    "epos": "MN",
                    "base": "{itud}{ŋeš}apin-du₈-a",
                    "morph": "~"
                  }
                }
              ]
            },
            {
              "node": "c",
              "type": "sentence",
              "implicit": "yes",
              "tag": "#auto",
              "id": "P460882.U18",
              "label": "o 9",
              "cdl": [
                {
                  "node": "d",
                  "type": "line-start",
                  "ref": "P460882.10",
                  "n": "9",
                  "label": "o 9"
                },
                {
                  "node": "l",
                  "frag": "{iti}gan-gan-e₃-a",
                  "id": "P460882.l57305",
                  "ref": "P460882.10.1",
                  "inst": "Ganganea[1]",
                  "exosig": "@dcclt%sux:{iti}gan-gan-e₃-a=Ganganea[1//1]MN'MN$Ganganea/{iti}gan-gan-e₃-a#~",
                  "exoprj": "epsd2",
                  "exolng": "sux",
                  "f": {
                    "lang": "sux",
                    "form": "{iti}gan-gan-e₃-a",
                    "gdl": [
                      {
                        "det": "semantic",
                        "pos": "pre",
                        "seq": [
                          {
                            "v": "iti",
                            "id": "P460882.10.1.0"
                          }
                        ]
                      },
                      {
                        "v": "gan",
                        "id": "P460882.10.1.1",
                        "delim": "-"
                      },
                      {
                        "v": "gan",
                        "id": "P460882.10.1.2",
                        "delim": "-"
                      },
                      {
                        "v": "e₃",
                        "id": "P460882.10.1.3",
                        "delim": "-"
                      },
                      {
                        "v": "a",
                        "id": "P460882.10.1.4"
                      }
                    ],
                    "cf": "Ganganea",
                    "gw": "1",
                    "sense": "1",
                    "norm0": "Ganganea",
                    "pos": "MN",
                    "epos": "MN",
                    "base": "{iti}gan-gan-e₃-a",
                    "morph": "~"
                  }
                }
              ]
            },
            {
              "node": "c",
              "type": "sentence",
              "implicit": "yes",
              "tag": "#auto",
              "id": "P460882.U20",
              "label": "o 10",
              "cdl": [
                {
                  "node": "d",
                  "type": "line-start",
                  "ref": "P460882.11",
                  "n": "10",
                  "label": "o 10"
                },
                {
                  "node": "l",
                  "frag": "{iti}ab-e₃-a",
                  "id": "P460882.l57306",
                  "ref": "P460882.11.1",
                  "inst": "Abbaʾe[]MN",
                  "exosig": "@dcclt%sux:{iti}ab-e₃-a=Abbaʾe[1//1]MN'MN$Abbaʾe/{iti}ab-e₃-a#~",
                  "exoprj": "epsd2",
                  "exolng": "sux",
                  "f": {
                    "lang": "sux",
                    "form": "{iti}ab-e₃-a",
                    "gdl": [
                      {
                        "det": "semantic",
                        "pos": "pre",
                        "seq": [
                          {
                            "v": "iti",
                            "id": "P460882.11.1.0"
                          }
                        ]
                      },
                      {
                        "v": "ab",
                        "id": "P460882.11.1.1",
                        "delim": "-"
                      },
                      {
                        "v": "e₃",
                        "id": "P460882.11.1.2",
                        "delim": "-"
                      },
                      {
                        "v": "a",
                        "id": "P460882.11.1.3"
                      }
                    ],
                    "cf": "Abbaʾe",
                    "gw": "1",
                    "sense": "1",
                    "norm0": "Abbaʾe",
                    "pos": "MN",
                    "epos": "MN",
                    "base": "{iti}ab-e₃-a",
                    "morph": "~"
                  }
                }
              ]
            },
            {
              "node": "c",
              "type": "sentence",
              "implicit": "yes",
              "tag": "#auto",
              "id": "P460882.U22",
              "label": "o 11",
              "cdl": [
                {
                  "node": "d",
                  "type": "line-start",
                  "ref": "P460882.12",
                  "n": "11",
                  "label": "o 11"
                },
                {
                  "node": "l",
                  "frag": "{iti}ud₂-duru₅",
                  "id": "P460882.l57307",
                  "ref": "P460882.12.1",
                  "inst": "Udduru[1]MN",
                  "exosig": "@dcclt%sux:{iti}ud₂-duru₅=Udduru[1//1]MN'MN$Udduru/{iti}ud₂-duru₅#~",
                  "exoprj": "epsd2",
                  "exolng": "sux",
                  "f": {
                    "lang": "sux",
                    "form": "{iti}ud₂-duru₅",
                    "gdl": [
                      {
                        "det": "semantic",
                        "pos": "pre",
                        "seq": [
                          {
                            "v": "iti",
                            "id": "P460882.12.1.0"
                          }
                        ]
                      },
                      {
                        "v": "ud₂",
                        "id": "P460882.12.1.1",
                        "delim": "-"
                      },
                      {
                        "v": "duru₅",
                        "id": "P460882.12.1.2"
                      }
                    ],
                    "cf": "Udduru",
                    "gw": "1",
                    "sense": "1",
                    "norm0": "Udduru",
                    "pos": "MN",
                    "epos": "MN",
                    "base": "{iti}ud₂-duru₅",
                    "morph": "~"
                  }
                }
              ]
            },
            {
              "node": "c",
              "type": "sentence",
              "implicit": "yes",
              "tag": "#auto",
              "id": "P460882.U24",
              "label": "o 12",
              "cdl": [
                {
                  "node": "d",
                  "type": "line-start",
                  "ref": "P460882.13",
                  "n": "12",
                  "label": "o 12"
                },
                {
                  "node": "l",
                  "frag": "{iti}še-gur₁₀-kud",
                  "id": "P460882.l57308",
                  "ref": "P460882.13.1",
                  "inst": "Šegurkud[1]MN",
                  "exosig": "@dcclt%sux:{iti}še-gur₁₀-kud=Šegurkud[1//1]MN'MN$Šegurkud/{itud}še-gur₁₀-kud#~",
                  "exoprj": "epsd2",
                  "exolng": "sux",
                  "f": {
                    "lang": "sux",
                    "form": "{iti}še-gur₁₀-kud",
                    "gdl": [
                      {
                        "det": "semantic",
                        "pos": "pre",
                        "seq": [
                          {
                            "v": "iti",
                            "id": "P460882.13.1.0"
                          }
                        ]
                      },
                      {
                        "v": "še",
                        "id": "P460882.13.1.1",
                        "delim": "-"
                      },
                      {
                        "v": "gur₁₀",
                        "id": "P460882.13.1.2",
                        "delim": "-"
                      },
                      {
                        "v": "kud",
                        "id": "P460882.13.1.3"
                      }
                    ],
                    "cf": "Šegurkud",
                    "gw": "1",
                    "sense": "1",
                    "norm0": "Šegurkud",
                    "pos": "MN",
                    "epos": "MN",
                    "base": "{itud}še-gur₁₀-kud",
                    "morph": "~"
                  }
                }
              ]
            },
            {
              "node": "c",
              "type": "sentence",
              "implicit": "yes",
              "tag": "#auto",
              "id": "P460882.U26",
              "label": "o 13",
              "cdl": [
                {
                  "node": "d",
                  "type": "line-start",
                  "ref": "P460882.14",
                  "n": "13",
                  "label": "o 13"
                },
                {
                  "node": "l",
                  "frag": "{iti}dirig",
                  "id": "P460882.l57309",
                  "ref": "P460882.14.1",
                  "inst": "dirig[excess//intercalary month]",
                  "exosig": "@dcclt%sux:{iti}dirig=dirig[excess//intercalary month]N'N$dirig/{iti}dirig#~",
                  "exoprj": "epsd2",
                  "exolng": "sux",
                  "f": {
                    "lang": "sux",
                    "form": "{iti}dirig",
                    "delim": "",
                    "gdl": [
                      {
                        "det": "semantic",
                        "pos": "pre",
                        "seq": [
                          {
                            "v": "iti",
                            "id": "P460882.14.1.0"
                          }
                        ]
                      },
                      {
                        "v": "dirig",
                        "id": "P460882.14.1.1"
                      }
                    ],
                    "cf": "dirig",
                    "gw": "excess",
                    "sense": "intercalary month",
                    "norm0": "dirig",
                    "pos": "N",
                    "epos": "N",
                    "base": "{iti}dirig",
                    "morph": "~"
                  }
                },
                {
                  "node": "l",
                  "frag": "še-gur₁₀-kud",
                  "id": "P460882.l5730a",
                  "ref": "P460882.14.2",
                  "inst": "Šegurkud[1]MN",
                  "exosig": "@dcclt%sux:še-gur₁₀-kud=Šegurkud[1//1]MN'MN$Šegurkud/še-gur₁₀-kud#~",
                  "exoprj": "epsd2",
                  "exolng": "sux",
                  "f": {
                    "lang": "sux",
                    "form": "še-gur₁₀-kud",
                    "gdl": [
                      {
                        "v": "še",
                        "id": "P460882.14.2.0",
                        "delim": "-"
                      },
                      {
                        "v": "gur₁₀",
                        "id": "P460882.14.2.1",
                        "delim": "-"
                      },
                      {
                        "v": "kud",
                        "id": "P460882.14.2.2"
                      }
                    ],
                    "cf": "Šegurkud",
                    "gw": "1",
                    "sense": "1",
                    "norm0": "Šegurkud",
                    "pos": "MN",
                    "epos": "MN",
                    "base": "še-gur₁₀-kud",
                    "morph": "~"
                  }
                }
              ]
            },
            {
              "node": "c",
              "type": "sentence",
              "implicit": "yes",
              "tag": "#auto",
              "id": "P460882.U28",
              "label": "o 14",
              "cdl": [
                {
                  "node": "d",
                  "type": "line-start",
                  "ref": "P460882.15",
                  "n": "14",
                  "label": "o 14"
                },
                {
                  "node": "l",
                  "frag": "mu-kam",
                  "id": "P460882.l5730b",
                  "ref": "P460882.15.1",
                  "inst": "mu[year]N",
                  "exosig": "@dcclt%sux:mu-kam=mu[year//year]N'N$mu,ak.am/mu#~,ak.am",
                  "exoprj": "epsd2",
                  "exolng": "sux",
                  "f": {
                    "lang": "sux",
                    "form": "mu-kam",
                    "gdl": [
                      {
                        "v": "mu",
                        "id": "P460882.15.1.0",
                        "delim": "-"
                      },
                      {
                        "v": "kam",
                        "id": "P460882.15.1.1"
                      }
                    ],
                    "cf": "mu",
                    "gw": "year",
                    "sense": "year",
                    "norm0": "mu,ak.am",
                    "pos": "N",
                    "epos": "N",
                    "base": "mu",
                    "morph": "~,ak.am"
                  }
                },
                {
                  "node": "d",
                  "type": "nonx",
                  "ref": "P460882.16",
                  "strict": "1",
                  "extent": "2",
                  "scope": "line",
                  "state": "ruling"
                },
                {
                  "node": "d",
                  "subtype": "reverse",
                  "type": "reverse",
                  "ref": "P460882.r.17",
                  "label": "r"
                },
                {
                  "node": "d",
                  "type": "nonx",
                  "ref": "P460882.18",
                  "strict": "0",
                  "state": "other"
                }
              ]
            }
          ]
        }
      ]
    }
  ]
}
