{
  "type": "cdl",
  "project": "dcclt",
  "source": "http://oracc.org/dcclt",
  "license": "This data is released under the CC0 license",
  "license-url": "https://creativecommons.org/publicdomain/zero/1.0/",
  "more-info": "http://oracc.org/doc/opendata/",
  "UTC-timestamp": "2019-01-29T00:19:43",
  "textid": "P467603",
  "cdl": [
    {
      "node": "c",
      "type": "text",
      "id": "P467603.U0",
      "cdl": [
        {
          "node": "d",
          "subtype": "tablet",
          "type": "tablet",
          "ref": "P467603.x212.1",
          "label": "x212"
        },
        {
          "node": "d",
          "subtype": "obverse",
          "type": "obverse",
          "ref": "P467603.o.2",
          "label": "o"
        },
        {
          "node": "d",
          "subtype": "column 1o",
          "type": "column",
          "ref": "P467603.o.i.3",
          "n": "1",
          "label": "o i"
        },
        {
          "node": "c",
          "type": "discourse",
          "subtype": "body",
          "id": "P467603.U1",
          "cdl": [
            {
              "node": "c",
              "type": "sentence",
              "implicit": "yes",
              "id": "P467603.U2",
              "label": "o i 1",
              "cdl": [
                {
                  "node": "d",
                  "type": "line-start",
                  "ref": "P467603.4",
                  "n": "1",
                  "label": "o i 1"
                },
                {
                  "node": "l",
                  "frag": "ib₂-ta-ba-ba-e",
                  "id": "P467603.l0b0c0",
                  "ref": "P467603.4.1",
                  "inst": "ba[allot]",
                  "exosig": "@dcclt%sux:ib₂-ta-ba-ba-e=ba[allot//to allot]V/t'V/t$V.b.ta:ba;e/ba-ba#V.b.ta:~;e",
                  "exoprj": "epsd2",
                  "exolng": "sux",
                  "f": {
                    "lang": "sux",
                    "form": "ib₂-ta-ba-ba-e",
                    "gdl": [
                      {
                        "v": "ib₂",
                        "id": "P467603.4.1.0",
                        "delim": "-"
                      },
                      {
                        "v": "ta",
                        "id": "P467603.4.1.1",
                        "delim": "-"
                      },
                      {
                        "v": "ba",
                        "id": "P467603.4.1.2",
                        "delim": "-"
                      },
                      {
                        "v": "ba",
                        "id": "P467603.4.1.3",
                        "delim": "-"
                      },
                      {
                        "v": "e",
                        "id": "P467603.4.1.4"
                      }
                    ],
                    "cf": "ba",
                    "gw": "allot",
                    "sense": "to allot",
                    "norm0": "V.b.ta:ba;e",
                    "pos": "V/t",
                    "epos": "V/t",
                    "base": "ba-ba",
                    "morph": "V.b.ta:~;e"
                  }
                }
              ]
            },
            {
              "node": "c",
              "type": "sentence",
              "implicit": "yes",
              "tag": "#auto",
              "id": "P467603.U4",
              "label": "o i 2",
              "cdl": [
                {
                  "node": "d",
                  "type": "line-start",
                  "ref": "P467603.5",
                  "n": "2",
                  "label": "o i 2"
                },
                {
                  "node": "l",
                  "frag": "ib₂-ta-tur-tur-re",
                  "id": "P467603.l0b0c1",
                  "ref": "P467603.5.1",
                  "inst": "tur[small]",
                  "exosig": "@dcclt%sux:ib₂-ta-tur-tur-re=tur[small//(to be) small]V/i'V/i$V.b.ta:tur;e/tur-tur+-re=r.e#V.b.ta:~;e",
                  "exoprj": "epsd2",
                  "exolng": "sux",
                  "f": {
                    "lang": "sux",
                    "form": "ib₂-ta-tur-tur-re",
                    "gdl": [
                      {
                        "v": "ib₂",
                        "id": "P467603.5.1.0",
                        "delim": "-"
                      },
                      {
                        "v": "ta",
                        "id": "P467603.5.1.1",
                        "delim": "-"
                      },
                      {
                        "v": "tur",
                        "id": "P467603.5.1.2",
                        "delim": "-"
                      },
                      {
                        "v": "tur",
                        "id": "P467603.5.1.3",
                        "delim": "-"
                      },
                      {
                        "v": "re",
                        "id": "P467603.5.1.4"
                      }
                    ],
                    "cf": "tur",
                    "gw": "small",
                    "sense": "(to be) small",
                    "norm0": "V.b.ta:tur;e",
                    "pos": "V/i",
                    "epos": "V/i",
                    "base": "tur-tur",
                    "cont": "-re=r.e",
                    "morph": "V.b.ta:~;e"
                  }
                }
              ]
            },
            {
              "node": "c",
              "type": "sentence",
              "implicit": "yes",
              "tag": "#auto",
              "id": "P467603.U6",
              "label": "o i 3",
              "cdl": [
                {
                  "node": "d",
                  "type": "line-start",
                  "ref": "P467603.6",
                  "n": "3",
                  "label": "o i 3"
                },
                {
                  "node": "l",
                  "frag": "ku₃-ku₃-da",
                  "id": "P467603.l0b0c2",
                  "ref": "P467603.6.1",
                  "inst": "kug[pure]",
                  "exosig": "@dcclt%sux:ku₃-ku₃-da=kug[pure//(to be) pure]V/i'V/i$kug/ku₃-ku₃-da#~",
                  "exoprj": "epsd2",
                  "exolng": "sux",
                  "f": {
                    "lang": "sux",
                    "form": "ku₃-ku₃-da",
                    "gdl": [
                      {
                        "v": "ku₃",
                        "id": "P467603.6.1.0",
                        "delim": "-"
                      },
                      {
                        "v": "ku₃",
                        "id": "P467603.6.1.1",
                        "delim": "-"
                      },
                      {
                        "v": "da",
                        "id": "P467603.6.1.2"
                      }
                    ],
                    "cf": "kug",
                    "gw": "pure",
                    "sense": "(to be) pure",
                    "norm0": "kug",
                    "pos": "V/i",
                    "epos": "V/i",
                    "base": "ku₃-ku₃-da",
                    "morph": "~"
                  }
                }
              ]
            }
          ]
        }
      ]
    }
  ]
}
