{
  "type": "cdl",
  "project": "dcclt",
  "source": "http://oracc.org/dcclt",
  "license": "This data is released under the CC0 license",
  "license-url": "https://creativecommons.org/publicdomain/zero/1.0/",
  "more-info": "http://oracc.org/doc/opendata/",
  "UTC-timestamp": "2019-01-29T00:20:53",
  "textid": "X800044",
  "cdl": [
    {
      "node": "c",
      "type": "text",
      "id": "X800044.U0",
      "cdl": [
        {
          "node": "d",
          "subtype": "tablet",
          "type": "tablet",
          "ref": "X800044.x2315.1",
          "label": "x2315"
        },
        {
          "node": "d",
          "subtype": "obverse",
          "type": "obverse",
          "ref": "X800044.o.2",
          "label": "o"
        },
        {
          "node": "d",
          "type": "nonx",
          "ref": "X800044.3",
          "strict": "0",
          "extent": "beginning",
          "state": "missing"
        },
        {
          "node": "c",
          "type": "discourse",
          "subtype": "body",
          "id": "X800044.U1",
          "cdl": [
            {
              "node": "c",
              "type": "sentence",
              "implicit": "yes",
              "id": "X800044.U2",
              "label": "o 1'",
              "cdl": [
                {
                  "node": "d",
                  "type": "line-start",
                  "ref": "X800044.4",
                  "n": "1'",
                  "label": "o 1'"
                },
                {
                  "node": "d",
                  "type": "cell-start"
                },
                {
                  "node": "d",
                  "type": "field-start",
                  "subtype": "wp"
                },
                {
                  "node": "l",
                  "frag": "[...]",
                  "id": "X800044.l5241e",
                  "ref": "X800044.4.1",
                  "inst": "u",
                  "f": {
                    "lang": "sux",
                    "form": "x",
                    "gdl": [
                      {
                        "x": "ellipsis",
                        "id": "X800044.4.1.0",
                        "breakStart": "1",
                        "break": "missing",
                        "o": "]",
                        "breakEnd": "X800044.4.1.0"
                      }
                    ],
                    "pos": "u"
                  }
                },
                {
                  "node": "d",
                  "type": "field-end",
                  "subtype": "wp"
                },
                {
                  "node": "d",
                  "type": "cell-end"
                },
                {
                  "node": "d",
                  "type": "cell-start"
                },
                {
                  "node": "d",
                  "type": "field-start",
                  "subtype": "eq"
                },
                {
                  "node": "l",
                  "frag": "[ha]-⸢ṣi₂-in⸣-nu",
                  "id": "X800044.l5241f",
                  "ref": "X800044.4.2",
                  "inst": "haṣṣinnu[axe]N$",
                  "sig": "@dcclt%akk-x-stdbab:ha-ṣi₂-in-nu=haṣṣinnu[axe//axe]N'N$haṣṣinnu",
                  "f": {
                    "lang": "akk-x-stdbab",
                    "form": "ha-ṣi₂-in-nu",
                    "gdl": [
                      {
                        "v": "ha",
                        "id": "X800044.4.2.0",
                        "breakStart": "1",
                        "o": "]",
                        "break": "missing",
                        "breakEnd": "X800044.4.2.0",
                        "delim": "-"
                      },
                      {
                        "v": "ṣi₂",
                        "id": "X800044.4.2.1",
                        "break": "damaged",
                        "ho": "1",
                        "delim": "-"
                      },
                      {
                        "v": "in",
                        "id": "X800044.4.2.2",
                        "break": "damaged",
                        "delim": "-",
                        "hc": "1"
                      },
                      {
                        "v": "nu",
                        "id": "X800044.4.2.3"
                      }
                    ],
                    "cf": "haṣṣinnu",
                    "gw": "axe",
                    "sense": "axe",
                    "norm": "haṣṣinnu",
                    "pos": "N",
                    "epos": "N"
                  }
                },
                {
                  "node": "d",
                  "type": "field-end",
                  "subtype": "eq"
                },
                {
                  "node": "d",
                  "type": "cell-end"
                }
              ]
            },
            {
              "node": "c",
              "type": "sentence",
              "implicit": "yes",
              "tag": "#auto",
              "id": "X800044.U4",
              "label": "o 2'",
              "cdl": [
                {
                  "node": "d",
                  "type": "line-start",
                  "ref": "X800044.5",
                  "n": "2'",
                  "label": "o 2'"
                },
                {
                  "node": "d",
                  "type": "cell-start"
                },
                {
                  "node": "d",
                  "type": "field-start",
                  "subtype": "wp"
                },
                {
                  "node": "l",
                  "frag": "[...]",
                  "id": "X800044.l52420",
                  "ref": "X800044.5.1",
                  "inst": "u",
                  "f": {
                    "lang": "sux",
                    "form": "x",
                    "gdl": [
                      {
                        "x": "ellipsis",
                        "id": "X800044.5.1.0",
                        "breakStart": "1",
                        "break": "missing",
                        "o": "]",
                        "breakEnd": "X800044.5.1.0"
                      }
                    ],
                    "pos": "u"
                  }
                },
                {
                  "node": "d",
                  "type": "field-end",
                  "subtype": "wp"
                },
                {
                  "node": "d",
                  "type": "cell-end"
                },
                {
                  "node": "d",
                  "type": "cell-start"
                },
                {
                  "node": "d",
                  "type": "field-start",
                  "subtype": "eq"
                },
                {
                  "node": "l",
                  "frag": "⸢ru⸣-uq-qu",
                  "id": "X800044.l52421",
                  "ref": "X800044.5.2",
                  "inst": "ruqqu[cauldron]N$",
                  "sig": "@dcclt%akk-x-stdbab:ru-uq-qu=ruqqu[cauldron//cauldron]N'N$ruqqu",
                  "f": {
                    "lang": "akk-x-stdbab",
                    "form": "ru-uq-qu",
                    "gdl": [
                      {
                        "v": "ru",
                        "id": "X800044.5.2.0",
                        "break": "damaged",
                        "queried": "1",
                        "ho": "1",
                        "delim": "-",
                        "hc": "1"
                      },
                      {
                        "v": "uq",
                        "id": "X800044.5.2.1",
                        "gdl_remarked": "1",
                        "delim": "-"
                      },
                      {
                        "v": "qu",
                        "id": "X800044.5.2.2"
                      }
                    ],
                    "cf": "ruqqu",
                    "gw": "cauldron",
                    "sense": "cauldron",
                    "norm": "ruqqu",
                    "pos": "N",
                    "epos": "N"
                  }
                },
                {
                  "node": "d",
                  "type": "field-end",
                  "subtype": "eq"
                },
                {
                  "node": "d",
                  "type": "cell-end"
                }
              ]
            },
            {
              "node": "c",
              "type": "sentence",
              "implicit": "yes",
              "tag": "#auto",
              "id": "X800044.U6",
              "label": "o 3'",
              "cdl": [
                {
                  "node": "d",
                  "type": "line-start",
                  "ref": "X800044.6",
                  "n": "3'",
                  "label": "o 3'"
                },
                {
                  "node": "d",
                  "type": "cell-start"
                },
                {
                  "node": "d",
                  "type": "field-start",
                  "subtype": "wp"
                },
                {
                  "node": "l",
                  "frag": "[...]",
                  "id": "X800044.l52422",
                  "ref": "X800044.6.1",
                  "inst": "u",
                  "f": {
                    "lang": "sux",
                    "form": "x",
                    "gdl": [
                      {
                        "x": "ellipsis",
                        "id": "X800044.6.1.0",
                        "breakStart": "1",
                        "break": "missing",
                        "o": "]",
                        "breakEnd": "X800044.6.1.0"
                      }
                    ],
                    "pos": "u"
                  }
                },
                {
                  "node": "d",
                  "type": "field-end",
                  "subtype": "wp"
                },
                {
                  "node": "d",
                  "type": "cell-end"
                },
                {
                  "node": "d",
                  "type": "cell-start"
                },
                {
                  "node": "d",
                  "type": "field-start",
                  "subtype": "eq"
                },
                {
                  "node": "l",
                  "frag": "⸢tam₂⸣-ku-us-su",
                  "id": "X800044.l52423",
                  "ref": "X800044.6.2",
                  "inst": "tangussu[(a cooking vessel)]N$tamkussu",
                  "sig": "@dcclt%akk-x-stdbab:tam₂-ku-us-su=tangussu[(a cooking vessel)//(a cooking vessel)]N'N$tamkussu",
                  "f": {
                    "lang": "akk-x-stdbab",
                    "form": "tam₂-ku-us-su",
                    "gdl": [
                      {
                        "v": "tam₂",
                        "id": "X800044.6.2.0",
                        "break": "damaged",
                        "queried": "1",
                        "ho": "1",
                        "delim": "-",
                        "hc": "1"
                      },
                      {
                        "v": "ku",
                        "id": "X800044.6.2.1",
                        "delim": "-"
                      },
                      {
                        "v": "us",
                        "id": "X800044.6.2.2",
                        "delim": "-"
                      },
                      {
                        "v": "su",
                        "id": "X800044.6.2.3"
                      }
                    ],
                    "cf": "tangussu",
                    "gw": "(a cooking vessel)",
                    "sense": "(a cooking vessel)",
                    "norm": "tamkussu",
                    "pos": "N",
                    "epos": "N"
                  }
                },
                {
                  "node": "d",
                  "type": "field-end",
                  "subtype": "eq"
                },
                {
                  "node": "d",
                  "type": "cell-end"
                }
              ]
            },
            {
              "node": "c",
              "type": "sentence",
              "implicit": "yes",
              "tag": "#auto",
              "id": "X800044.U8",
              "label": "o 4'",
              "cdl": [
                {
                  "node": "d",
                  "type": "line-start",
                  "ref": "X800044.7",
                  "n": "4'",
                  "label": "o 4'"
                },
                {
                  "node": "d",
                  "type": "cell-start"
                },
                {
                  "node": "d",
                  "type": "field-start",
                  "subtype": "wp"
                },
                {
                  "node": "l",
                  "frag": "[...]",
                  "id": "X800044.l52424",
                  "ref": "X800044.7.1",
                  "inst": "u",
                  "f": {
                    "lang": "sux",
                    "form": "x",
                    "gdl": [
                      {
                        "x": "ellipsis",
                        "id": "X800044.7.1.0",
                        "breakStart": "1",
                        "break": "missing",
                        "o": "]",
                        "breakEnd": "X800044.7.1.0"
                      }
                    ],
                    "pos": "u"
                  }
                },
                {
                  "node": "d",
                  "type": "field-end",
                  "subtype": "wp"
                },
                {
                  "node": "d",
                  "type": "cell-end"
                },
                {
                  "node": "d",
                  "type": "cell-start"
                },
                {
                  "node": "d",
                  "type": "field-start",
                  "subtype": "eq"
                },
                {
                  "node": "l",
                  "frag": "⸢šu⸣-un-nu",
                  "id": "X800044.l52425",
                  "ref": "X800044.7.2",
                  "inst": "šunnu[(a metal kettle or cauldron)]N",
                  "sig": "@dcclt%akk-x-stdbab:šu-un-nu=šannu[(a metal kettle or cauldron)//(a metal kettle or cauldron)]N'N$šunnu",
                  "f": {
                    "lang": "akk-x-stdbab",
                    "form": "šu-un-nu",
                    "gdl": [
                      {
                        "v": "šu",
                        "id": "X800044.7.2.0",
                        "break": "damaged",
                        "ho": "1",
                        "delim": "-",
                        "hc": "1"
                      },
                      {
                        "v": "un",
                        "id": "X800044.7.2.1",
                        "delim": "-"
                      },
                      {
                        "v": "nu",
                        "id": "X800044.7.2.2"
                      }
                    ],
                    "cf": "šannu",
                    "gw": "(a metal kettle or cauldron)",
                    "sense": "(a metal kettle or cauldron)",
                    "norm": "šunnu",
                    "pos": "N",
                    "epos": "N"
                  }
                },
                {
                  "node": "d",
                  "type": "field-end",
                  "subtype": "eq"
                },
                {
                  "node": "d",
                  "type": "cell-end"
                }
              ]
            },
            {
              "node": "c",
              "type": "sentence",
              "implicit": "yes",
              "tag": "#auto",
              "id": "X800044.U10",
              "label": "o 5'",
              "cdl": [
                {
                  "node": "d",
                  "type": "line-start",
                  "ref": "X800044.8",
                  "n": "5'",
                  "label": "o 5'"
                },
                {
                  "node": "d",
                  "type": "cell-start"
                },
                {
                  "node": "d",
                  "type": "field-start",
                  "subtype": "wp"
                },
                {
                  "node": "l",
                  "frag": "[...]",
                  "id": "X800044.l52426",
                  "ref": "X800044.8.1",
                  "inst": "u",
                  "f": {
                    "lang": "sux",
                    "form": "x",
                    "gdl": [
                      {
                        "x": "ellipsis",
                        "id": "X800044.8.1.0",
                        "breakStart": "1",
                        "break": "missing",
                        "o": "]",
                        "breakEnd": "X800044.8.1.0"
                      }
                    ],
                    "pos": "u"
                  }
                },
                {
                  "node": "d",
                  "type": "field-end",
                  "subtype": "wp"
                },
                {
                  "node": "d",
                  "type": "cell-end"
                },
                {
                  "node": "d",
                  "type": "cell-start"
                },
                {
                  "node": "d",
                  "type": "field-start",
                  "subtype": "eq"
                },
                {
                  "node": "l",
                  "frag": "[mu]-⸢šah⸣-hi-in-nu",
                  "id": "X800044.l52427",
                  "ref": "X800044.8.2",
                  "inst": "mušahhinu[brazier]N$mušahhinnu",
                  "sig": "@dcclt%akk-x-stdbab:mu-šah-hi-in-nu=mušahhinu[brazier//brazier]N'N$mušahhinnu",
                  "f": {
                    "lang": "akk-x-stdbab",
                    "form": "mu-šah-hi-in-nu",
                    "gdl": [
                      {
                        "v": "mu",
                        "id": "X800044.8.2.0",
                        "breakStart": "1",
                        "o": "]",
                        "break": "missing",
                        "breakEnd": "X800044.8.2.0",
                        "delim": "-"
                      },
                      {
                        "v": "šah",
                        "id": "X800044.8.2.1",
                        "break": "damaged",
                        "ho": "1",
                        "delim": "-",
                        "hc": "1"
                      },
                      {
                        "v": "hi",
                        "id": "X800044.8.2.2",
                        "delim": "-"
                      },
                      {
                        "v": "in",
                        "id": "X800044.8.2.3",
                        "delim": "-"
                      },
                      {
                        "v": "nu",
                        "id": "X800044.8.2.4"
                      }
                    ],
                    "cf": "mušahhinu",
                    "gw": "brazier",
                    "sense": "brazier",
                    "norm": "mušahhinnu",
                    "pos": "N",
                    "epos": "N"
                  }
                },
                {
                  "node": "d",
                  "type": "field-end",
                  "subtype": "eq"
                },
                {
                  "node": "d",
                  "type": "cell-end"
                }
              ]
            },
            {
              "node": "c",
              "type": "sentence",
              "implicit": "yes",
              "tag": "#auto",
              "id": "X800044.U12",
              "label": "o 6'",
              "cdl": [
                {
                  "node": "d",
                  "type": "line-start",
                  "ref": "X800044.9",
                  "n": "6'",
                  "label": "o 6'"
                },
                {
                  "node": "d",
                  "type": "cell-start"
                },
                {
                  "node": "d",
                  "type": "field-start",
                  "subtype": "wp"
                },
                {
                  "node": "l",
                  "frag": "[...]",
                  "id": "X800044.l52428",
                  "ref": "X800044.9.1",
                  "inst": "u",
                  "f": {
                    "lang": "sux",
                    "form": "x",
                    "gdl": [
                      {
                        "x": "ellipsis",
                        "id": "X800044.9.1.0",
                        "breakStart": "1",
                        "break": "missing",
                        "o": "]",
                        "breakEnd": "X800044.9.1.0"
                      }
                    ],
                    "pos": "u"
                  }
                },
                {
                  "node": "d",
                  "type": "field-end",
                  "subtype": "wp"
                },
                {
                  "node": "d",
                  "type": "cell-end"
                },
                {
                  "node": "d",
                  "type": "cell-start"
                },
                {
                  "node": "d",
                  "type": "field-start",
                  "subtype": "eq"
                },
                {
                  "node": "l",
                  "frag": "[mu]-⸢ṣar⸣-riš-[tum]",
                  "id": "X800044.l52429",
                  "ref": "X800044.9.2",
                  "inst": "muṣarrištum[(a libation vessel)]N",
                  "sig": "@dcclt%akk-x-stdbab:mu-ṣar-riš-tum=muṣarrirtu[(a libation vessel)//(a libation vessel)]N'N$muṣarrištum",
                  "f": {
                    "lang": "akk-x-stdbab",
                    "form": "mu-ṣar-riš-tum",
                    "gdl": [
                      {
                        "v": "mu",
                        "id": "X800044.9.2.0",
                        "breakStart": "1",
                        "o": "]",
                        "break": "missing",
                        "breakEnd": "X800044.9.2.0",
                        "delim": "-"
                      },
                      {
                        "v": "ṣar",
                        "id": "X800044.9.2.1",
                        "break": "damaged",
                        "ho": "1",
                        "delim": "-",
                        "hc": "1"
                      },
                      {
                        "v": "riš",
                        "id": "X800044.9.2.2",
                        "delim": "-"
                      },
                      {
                        "v": "tum",
                        "id": "X800044.9.2.3",
                        "breakStart": "1",
                        "o": "]",
                        "queried": "1",
                        "break": "missing",
                        "breakEnd": "X800044.9.2.3"
                      }
                    ],
                    "cf": "muṣarrirtu",
                    "gw": "(a libation vessel)",
                    "sense": "(a libation vessel)",
                    "norm": "muṣarrištum",
                    "pos": "N",
                    "epos": "N"
                  }
                },
                {
                  "node": "d",
                  "type": "field-end",
                  "subtype": "eq"
                },
                {
                  "node": "d",
                  "type": "cell-end"
                }
              ]
            },
            {
              "node": "c",
              "type": "sentence",
              "implicit": "yes",
              "tag": "#auto",
              "id": "X800044.U14",
              "label": "o 7'",
              "cdl": [
                {
                  "node": "d",
                  "type": "line-start",
                  "ref": "X800044.10",
                  "n": "7'",
                  "label": "o 7'"
                },
                {
                  "node": "d",
                  "type": "cell-start"
                },
                {
                  "node": "d",
                  "type": "field-start",
                  "subtype": "wp"
                },
                {
                  "node": "l",
                  "frag": "[...]",
                  "id": "X800044.l5242a",
                  "ref": "X800044.10.1",
                  "inst": "u",
                  "f": {
                    "lang": "sux",
                    "form": "x",
                    "gdl": [
                      {
                        "x": "ellipsis",
                        "id": "X800044.10.1.0",
                        "breakStart": "1",
                        "break": "missing",
                        "o": "]",
                        "breakEnd": "X800044.10.1.0"
                      }
                    ],
                    "pos": "u"
                  }
                },
                {
                  "node": "d",
                  "type": "field-end",
                  "subtype": "wp"
                },
                {
                  "node": "d",
                  "type": "cell-end"
                },
                {
                  "node": "d",
                  "type": "cell-start"
                },
                {
                  "node": "d",
                  "type": "field-start",
                  "subtype": "eq"
                },
                {
                  "node": "l",
                  "frag": "[nam]-⸢su⸣-[u₂]",
                  "id": "X800044.l5242b",
                  "ref": "X800044.10.2",
                  "inst": "namsû[wash-basin]N",
                  "sig": "@dcclt%akk-x-stdbab:nam-su-u₂=nemsû[wash-basin//wash-basin]N'N$namsû",
                  "f": {
                    "lang": "akk-x-stdbab",
                    "form": "nam-su-u₂",
                    "gdl": [
                      {
                        "v": "nam",
                        "id": "X800044.10.2.0",
                        "breakStart": "1",
                        "o": "]",
                        "queried": "1",
                        "break": "missing",
                        "breakEnd": "X800044.10.2.0",
                        "delim": "-"
                      },
                      {
                        "v": "su",
                        "id": "X800044.10.2.1",
                        "break": "damaged",
                        "ho": "1",
                        "delim": "-",
                        "hc": "1"
                      },
                      {
                        "v": "u₂",
                        "id": "X800044.10.2.2",
                        "breakStart": "1",
                        "o": "]",
                        "queried": "1",
                        "break": "missing",
                        "breakEnd": "X800044.10.2.2"
                      }
                    ],
                    "cf": "nemsû",
                    "gw": "wash-basin",
                    "sense": "wash-basin",
                    "norm": "namsû",
                    "pos": "N",
                    "epos": "N"
                  }
                },
                {
                  "node": "d",
                  "type": "field-end",
                  "subtype": "eq"
                },
                {
                  "node": "d",
                  "type": "cell-end"
                },
                {
                  "node": "d",
                  "type": "nonx",
                  "ref": "X800044.11",
                  "strict": "0",
                  "extent": "rest",
                  "state": "missing"
                },
                {
                  "node": "d",
                  "subtype": "reverse",
                  "type": "reverse",
                  "ref": "X800044.r.12",
                  "label": "r"
                },
                {
                  "node": "d",
                  "type": "nonx",
                  "ref": "X800044.13",
                  "strict": "0",
                  "state": "traces"
                }
              ]
            }
          ]
        }
      ]
    }
  ]
}
