{
  "type": "index",
  "project": "dcclt",
  "source": "http://oracc.org/dcclt",
  "license": "This data is released under the CC0 license",
  "license-url": "https://creativecommons.org/publicdomain/zero/1.0/",
  "more-info": "http://oracc.org/doc/opendata/",
  "UTC-timestamp": "2019-01-29T00:31:40",
  "name": "cbd/qpn-x-lineage",
  "keys": [
    {
      "key": "#",
      "count": "2",
      "instances": [
        "qpn-x-lineage.x000000",
        "qpn-x-lineage.x000000"
      ]
    },
    {
      "key": "1",
      "count": "2",
      "instances": [
        "qpn-x-lineage.x000000",
        "qpn-x-lineage.x000000"
      ]
    },
    {
      "key": "m",
      "count": "2",
      "instances": [
        "qpn-x-lineage.x000000",
        "qpn-x-lineage.x000000"
      ]
    },
    {
      "key": "kir",
      "count": "2",
      "instances": [
        "qpn-x-lineage.x000000",
        "qpn-x-lineage.x000000"
      ]
    },
    {
      "key": "za",
      "count": "2",
      "instances": [
        "qpn-x-lineage.x000000",
        "qpn-x-lineage.x000000"
      ]
    },
    {
      "key": "zakir",
      "count": "2",
      "instances": [
        "qpn-x-lineage.x000000",
        "qpn-x-lineage.x000000"
      ]
    },
    {
      "key": "ekur",
      "count": "2",
      "instances": [
        "qpn-x-lineage.x000000",
        "qpn-x-lineage.x000000"
      ]
    },
    {
      "key": "e₂kur",
      "count": "2",
      "instances": [
        "qpn-x-lineage.x000000",
        "qpn-x-lineage.x000000"
      ]
    },
    {
      "key": "Ekur-zakir[1]",
      "count": "1",
      "instances": [
        "qpn-x-lineage.x000000"
      ]
    }
  ],
  "map": {
    "Ekur": "ekur",
    "E₂.KUR": "e₂kur"
  }
}
